model,run,movement,frame_id,date,time,datetime_iso,timestamp_s,detected,confidence,inference_ms,total_processing_ms,cpu_percent,ram_mb,gpu_percent,vram_mb
yolo11n.pt,1,static,1,2026-09-09,21:37:23.094,2026-09-09T21:37:23.094,0.03261133499972857,1,0.43035638332366943,5.721228000311385,41.09427299999879,2.4,4822.67578125,3.0,1264.875
yolo11n.pt,1,static,2,2026-09-09,21:37:23.127,2026-09-09T21:37:23.127,0.06852010799957498,1,0.3896438479423523,4.73024200027794,29.617366999900696,1.8,4822.62109375,2.0,1264.875
yolo11n.pt,1,static,3,2026-09-09,21:37:23.158,2026-09-09T21:37:23.158,0.10067275499977768,1,0.38421106338500977,4.216184000142675,28.58208999987255,4.0,4822.62109375,2.0,1264.875
yolo11n.pt,1,static,4,2026-09-09,21:37:23.191,2026-09-09T21:37:23.191,0.13196915499975148,1,0.3160562515258789,4.316873999869131,29.62646700007099,2.0,4822.62109375,2.0,1264.875
yolo11n.pt,1,static,5,2026-09-09,21:37:23.226,2026-09-09T21:37:23.226,0.16892203399993377,1,0.4585513770580292,4.158933999860892,32.609524999770656,3.4,4822.59765625,2.0,1264.875
yolo11n.pt,1,static,6,2026-09-09,21:37:23.257,2026-09-09T21:37:23.257,0.19971662599982665,1,0.37597203254699707,4.288683000140736,27.90200299978096,2.1,4822.59765625,2.0,1264.875
yolo11n.pt,1,static,7,2026-09-09,21:37:23.289,2026-09-09T21:37:23.289,0.23195804199986014,1,0.41789862513542175,4.253953999977966,29.12649900008546,1.9,4822.59765625,2.0,1264.875
yolo11n.pt,1,static,8,2026-09-09,21:37:23.325,2026-09-09T21:37:23.325,0.2679590949996964,1,0.34511324763298035,4.226933000154531,32.97497399989879,1.8,4822.59765625,2.0,1264.875
yolo11n.pt,1,static,9,2026-09-09,21:37:23.357,2026-09-09T21:37:23.357,0.3000214519997826,1,0.4612407088279724,4.197814000235667,29.03964899996936,5.8,4823.81640625,2.0,1264.875
yolo11n.pt,1,static,10,2026-09-09,21:37:23.389,2026-09-09T21:37:23.389,0.3320268689999466,1,0.36156198382377625,4.2104939998353075,29.02629899972453,2.0,4823.81640625,2.0,1264.875
yolo11n.pt,1,static,11,2026-09-09,21:37:23.425,2026-09-09T21:37:23.425,0.36802394199958144,1,0.38441890478134155,4.186362999917037,32.896464000259584,1.8,4823.81640625,2.0,1264.875
yolo11n.pt,1,static,12,2026-09-09,21:37:23.457,2026-09-09T21:37:23.457,0.3999173989996052,1,0.4256817102432251,4.238073999658809,28.894929999751184,2.0,4823.81640625,2.0,1264.875
yolo11n.pt,1,static,13,2026-09-09,21:37:23.489,2026-09-09T21:37:23.489,0.4320329459997083,1,0.38075825572013855,4.172353999820189,29.102108999722986,3.9,4823.81640625,2.0,1264.875
yolo11n.pt,1,static,14,2026-09-09,21:37:23.525,2026-09-09T21:37:23.525,0.4678921189997709,1,0.36890020966529846,4.3090939998364775,33.04196299995965,1.8,4819.546875,2.0,1264.5
yolo11n.pt,1,static,15,2026-09-09,21:37:23.557,2026-09-09T21:37:23.557,0.4998855669996374,1,0.42826542258262634,4.2131440000048315,28.932569000062358,2.0,4818.32421875,2.0,1264.1875
yolo11n.pt,1,static,16,2026-09-09,21:37:23.590,2026-09-09T21:37:23.590,0.5320595439998215,1,0.33519676327705383,4.224642999815842,29.375398000411224,2.0,4818.32421875,2.0,1264.1875
yolo11n.pt,1,static,17,2026-09-09,21:37:23.625,2026-09-09T21:37:23.625,0.5679955359996711,1,0.3973497450351715,4.205944000204909,32.680425999842555,1.8,4817.88671875,8.0,1264.1875
yolo11n.pt,1,static,18,2026-09-09,21:37:23.658,2026-09-09T21:37:23.658,0.5997867639998731,1,0.4258315861225128,4.5037129998490855,29.197848999956477,2.0,4817.88671875,8.0,1264.1875
yolo11n.pt,1,static,19,2026-09-09,21:37:23.689,2026-09-09T21:37:23.689,0.6320395909997387,1,0.496192067861557,4.1651040000942885,28.943689000243467,3.9,4817.88671875,8.0,1264.1875
yolo11n.pt,1,static,20,2026-09-09,21:37:23.725,2026-09-09T21:37:23.725,0.668021772999964,1,0.37102624773979187,4.185864000191941,33.05913399981364,3.4,4817.88671875,8.0,1264.1875
yolo11n.pt,1,static,21,2026-09-09,21:37:23.757,2026-09-09T21:37:23.757,0.6999835109995729,1,0.46477845311164856,4.232843999943725,29.058839000299486,2.0,4817.88671875,8.0,1264.1875
yolo11n.pt,1,static,22,2026-09-09,21:37:23.789,2026-09-09T21:37:23.789,0.7320502679999663,1,0.48099738359451294,4.181373999927018,29.087147999689478,2.0,4817.88671875,8.0,1264.1875
yolo11n.pt,1,static,23,2026-09-09,21:37:23.826,2026-09-09T21:37:23.826,0.7681083799998305,1,0.34498414397239685,4.155974000241258,33.09658300031515,3.5,4818.12109375,8.0,1264.1875
yolo11n.pt,1,static,24,2026-09-09,21:37:23.857,2026-09-09T21:37:23.857,0.8000308679997943,1,0.40435653924942017,4.232013000091683,29.02835899976708,3.9,4818.12109375,8.0,1264.1875
yolo11n.pt,1,static,25,2026-09-09,21:37:23.889,2026-09-09T21:37:23.889,0.8320431049996841,1,0.3924393653869629,4.203623999728734,29.0262490002533,2.0,4818.12109375,8.0,1264.1875
yolo11n.pt,1,static,26,2026-09-09,21:37:23.925,2026-09-09T21:37:23.925,0.8680337979999422,1,0.44550690054893494,4.200043999844638,33.034633999704965,1.8,4818.12109375,8.0,1264.1875
yolo11n.pt,1,static,27,2026-09-09,21:37:23.957,2026-09-09T21:37:23.957,0.9000194749996808,1,0.3892522156238556,4.17046400025356,28.979900000194903,2.0,4818.12109375,8.0,1264.1875
yolo11n.pt,1,static,28,2026-09-09,21:37:23.989,2026-09-09T21:37:23.989,0.9320151319998331,1,0.499468058347702,4.193134000161081,28.953238999747555,3.9,4818.12109375,8.0,1264.1875
yolo11n.pt,1,static,29,2026-09-09,21:37:24.025,2026-09-09T21:37:24.025,0.9679012549995605,1,0.374871164560318,4.269323999778862,32.87788400029967,1.7,4817.875,8.0,1264.1875
yolo11n.pt,1,static,30,2026-09-09,21:37:24.057,2026-09-09T21:37:24.057,0.9998014829998283,1,0.28718098998069763,4.2492840002523735,28.958669000076043,2.0,4817.875,8.0,1264.1875
yolo11n.pt,1,static,31,2026-09-09,21:37:24.089,2026-09-09T21:37:24.089,1.0318701099999998,1,0.3828701376914978,4.228543999943213,29.083199000069726,3.8,4817.875,8.0,1264.1875
yolo11n.pt,1,static,32,2026-09-09,21:37:24.125,2026-09-09T21:37:24.125,1.0678678819999732,1,0.37885379791259766,4.389573000025848,33.23978200023703,1.8,4817.875,8.0,1264.1875
yolo11n.pt,1,static,33,2026-09-09,21:37:24.157,2026-09-09T21:37:24.157,1.0998789399995985,1,0.40548455715179443,4.251462999945943,28.88761899976089,2.0,4817.875,8.0,1264.1875
yolo11n.pt,1,static,34,2026-09-09,21:37:24.193,2026-09-09T21:37:24.193,1.1358276219998515,1,0.43446505069732666,4.23287400008121,32.96295299969643,1.8,4817.875,8.0,1264.1875
yolo11n.pt,1,static,35,2026-09-09,21:37:24.225,2026-09-09T21:37:24.225,1.1678364199997304,1,0.37471094727516174,4.212563000237424,29.034739000053378,3.9,4818.1171875,8.0,1264.1875
yolo11n.pt,1,static,36,2026-09-09,21:37:24.257,2026-09-09T21:37:24.257,1.2000327259997903,1,0.3387422263622284,4.16209400009393,29.18100799979584,2.0,4818.1171875,8.0,1264.1875
yolo11n.pt,1,static,37,2026-09-09,21:37:24.293,2026-09-09T21:37:24.293,1.23583865899991,1,0.5285089612007141,4.26917400000093,32.87021400001322,1.8,4818.1171875,8.0,1264.1875
yolo11n.pt,1,static,38,2026-09-09,21:37:24.325,2026-09-09T21:37:24.325,1.2677627869998105,1,0.4602704346179962,4.286354000214487,28.743410000060976,3.8,4818.1171875,8.0,1264.1875
yolo11n.pt,1,static,39,2026-09-09,21:37:24.357,2026-09-09T21:37:24.357,1.2998471939999945,1,0.4736170172691345,4.290314000172657,29.128528000001097,2.0,4818.1171875,8.0,1264.1875
yolo11n.pt,1,static,40,2026-09-09,21:37:24.393,2026-09-09T21:37:24.393,1.3357750569998643,1,0.42055031657218933,4.190963999917585,32.6710849999472,1.8,4818.1171875,8.0,1264.1875
yolo11n.pt,1,static,41,2026-09-09,21:37:24.425,2026-09-09T21:37:24.425,1.3677879539995956,1,0.4716947376728058,4.168543999639951,29.052789000161283,3.9,4818.1171875,8.0,1264.1875
yolo11n.pt,1,static,42,2026-09-09,21:37:24.457,2026-09-09T21:37:24.457,1.3997719319995667,1,0.23899739980697632,4.219472999920981,29.101698999966175,3.8,4818.1171875,8.0,1264.1875
yolo11n.pt,1,static,43,2026-09-09,21:37:24.493,2026-09-09T21:37:24.493,1.4358575339997515,1,0.43240272998809814,4.247623000082967,33.14087299986568,1.8,4818.1171875,8.0,1264.1875
yolo11n.pt,1,static,44,2026-09-09,21:37:24.525,2026-09-09T21:37:24.525,1.467861960999926,1,0.3322024941444397,4.33634399996663,29.06378899979245,3.8,4821.78515625,8.0,1266.1875
yolo11n.pt,1,static,45,2026-09-09,21:37:24.558,2026-09-09T21:37:24.558,1.5001853969997683,1,0.338762104511261,4.245843999797216,29.17419899995366,2.0,4818.109375,8.0,1266.1875
yolo11n.pt,1,static,46,2026-09-09,21:37:24.594,2026-09-09T21:37:24.594,1.53585362099966,1,0.3345949947834015,4.691352000008919,33.16331300038655,1.7,4817.015625,8.0,1266.1875
yolo11n.pt,1,static,47,2026-09-09,21:37:24.626,2026-09-09T21:37:24.626,1.56778119899991,1,0.3677031993865967,4.679241999838268,28.924139000082505,2.0,4817.015625,9.0,1266.1875
yolo11n.pt,1,static,48,2026-09-09,21:37:24.658,2026-09-09T21:37:24.658,1.5997587459996794,1,0.22498247027397156,4.716672000085964,29.075918999751593,3.9,4816.76953125,9.0,1266.1875
yolo11n.pt,1,static,49,2026-09-09,21:37:24.693,2026-09-09T21:37:24.693,1.6357777579996764,1,0.47579941153526306,4.251574000136316,32.63317499977347,3.4,4816.76953125,9.0,1266.1875
yolo11n.pt,1,static,50,2026-09-09,21:37:24.725,2026-09-09T21:37:24.725,1.6678583149996484,1,0.30649664998054504,4.338184000062029,29.251337999994576,2.0,4816.76953125,9.0,1266.1875
yolo11n.pt,1,static,51,2026-09-09,21:37:24.757,2026-09-09T21:37:24.757,1.6999060229995848,1,0.44377464056015015,4.291632999866124,29.075979000026564,2.0,4816.76953125,9.0,1266.1875
yolo11n.pt,1,static,52,2026-09-09,21:37:24.793,2026-09-09T21:37:24.793,1.7357658649998484,1,0.36361512541770935,4.488272999878973,33.166163000259985,1.8,4816.76953125,9.0,1266.1875
yolo11n.pt,1,static,53,2026-09-09,21:37:24.825,2026-09-09T21:37:24.825,1.7678688829996645,1,0.4034348428249359,4.255413999999291,28.847190000306,3.9,4817.01171875,9.0,1266.1875
yolo11n.pt,1,static,54,2026-09-09,21:37:24.857,2026-09-09T21:37:24.857,1.79983884999956,1,0.3346385061740875,4.24661399983961,28.948089000095933,2.0,4816.76171875,9.0,1266.1875
yolo11n.pt,1,static,55,2026-09-09,21:37:24.893,2026-09-09T21:37:24.893,1.835805801999868,1,0.3041574954986572,4.225194000355259,32.8553340000326,1.8,4816.76171875,9.0,1266.1875
yolo11n.pt,1,static,56,2026-09-09,21:37:24.925,2026-09-09T21:37:24.925,1.8678433199997926,1,0.46025192737579346,4.224453000006179,28.96955899996101,1.9,4816.76171875,9.0,1266.1875
yolo11n.pt,1,static,57,2026-09-09,21:37:24.957,2026-09-09T21:37:24.957,1.8998263869998482,1,0.31506675481796265,4.22515399986878,28.917229999933625,2.0,4816.76171875,9.0,1266.1875
yolo11n.pt,1,static,58,2026-09-09,21:37:24.993,2026-09-09T21:37:24.993,1.935740420000002,1,0.3214949369430542,4.228404000059527,32.85071400023298,1.8,4817.00390625,9.0,1266.1875
yolo11n.pt,1,static,59,2026-09-09,21:37:25.025,2026-09-09T21:37:25.025,1.9678673969997362,1,0.36099928617477417,4.309713000111515,29.200638000020263,7.5,4817.00390625,9.0,1266.1875
yolo11n.pt,1,static,60,2026-09-09,21:37:25.057,2026-09-09T21:37:25.057,1.9998740940000062,1,0.36146625876426697,4.258944000412157,28.862468999705015,2.0,4813.3984375,9.0,1266.5
yolo11n.pt,1,static,61,2026-09-09,21:37:25.093,2026-09-09T21:37:25.093,2.035762376999628,1,0.3537139594554901,4.312762999688857,32.90452400005961,1.8,4813.3984375,9.0,1266.5
yolo11n.pt,1,static,62,2026-09-09,21:37:25.125,2026-09-09T21:37:25.125,2.06786231399974,1,0.4475899934768677,4.286293999939517,29.15543799963416,2.0,4813.3984375,9.0,1266.5
yolo11n.pt,1,static,63,2026-09-09,21:37:25.158,2026-09-09T21:37:25.158,2.1000686109996423,1,0.4220088720321655,4.2519629996604635,28.98629900028027,3.8,4813.3984375,9.0,1266.5
yolo11n.pt,1,static,64,2026-09-09,21:37:25.194,2026-09-09T21:37:25.194,2.1357284439995965,1,0.34222087264060974,4.780062000008911,33.20141199992577,1.8,4813.3984375,9.0,1266.5
yolo11n.pt,1,static,65,2026-09-09,21:37:25.225,2026-09-09T21:37:25.225,2.1677953720000005,1,0.4469769597053528,4.243023999606521,28.523750999738695,3.9,4813.3984375,9.0,1266.5
yolo11n.pt,1,static,66,2026-09-09,21:37:25.257,2026-09-09T21:37:25.257,2.199770098999579,1,0.40213528275489807,4.2427440002938965,29.05033899969567,2.0,4813.3984375,9.0,1266.5
yolo11n.pt,1,static,67,2026-09-09,21:37:25.293,2026-09-09T21:37:25.293,2.2357105709997995,1,0.36734962463378906,4.230273999837664,32.98454400010087,3.4,4813.3984375,9.0,1266.5
yolo11n.pt,1,static,68,2026-09-09,21:37:25.325,2026-09-09T21:37:25.325,2.2679508279998117,1,0.4589354693889618,4.324113000166108,29.354698000133794,2.0,4813.3984375,9.0,1266.5
yolo11n.pt,1,static,69,2026-09-09,21:37:25.358,2026-09-09T21:37:25.358,2.300068364999788,1,0.3006080090999603,4.208243999983097,29.023408999819367,3.9,4813.640625,9.0,1266.5
yolo11n.pt,1,static,70,2026-09-09,21:37:25.394,2026-09-09T21:37:25.394,2.335956067999632,1,0.37484613060951233,4.3908130001000245,33.02314299980935,1.8,4813.640625,9.0,1266.5
yolo11n.pt,1,static,71,2026-09-09,21:37:25.427,2026-09-09T21:37:25.427,2.3677390459997696,1,0.33280912041664124,5.832257999827561,30.29655399996045,3.8,4813.640625,9.0,1266.625
yolo11n.pt,1,static,72,2026-09-09,21:37:25.461,2026-09-09T21:37:25.461,2.4037680379997255,1,0.2479275017976761,4.241923999870778,31.474849000005634,3.6,4813.6328125,9.0,1266.625
yolo11n.pt,1,static,73,2026-09-09,21:37:25.493,2026-09-09T21:37:25.493,2.43579633499985,1,0.30324456095695496,4.2895740002677485,29.146178000246437,2.0,4813.6328125,9.0,1266.625
yolo11n.pt,1,static,74,2026-09-09,21:37:25.526,2026-09-09T21:37:25.526,2.467882312999791,1,0.4374134838581085,5.066260000148759,29.975364999700105,3.8,4812.375,9.0,1266.625
yolo11n.pt,1,static,75,2026-09-09,21:37:25.561,2026-09-09T21:37:25.561,2.5038201349998417,1,0.42435702681541443,4.270302999884734,32.15532700005497,1.8,4812.375,9.0,1266.625
yolo11n.pt,1,static,76,2026-09-09,21:37:25.593,2026-09-09T21:37:25.593,2.535800432999622,1,0.4028811752796173,4.29537399986657,29.04405900017082,2.0,4806.41015625,9.0,1266.625
yolo11n.pt,1,static,77,2026-09-09,21:37:25.625,2026-09-09T21:37:25.625,2.5677263999996285,1,0.38493067026138306,4.278234000139491,28.879108999717573,2.0,4806.1640625,9.0,1266.625
yolo11n.pt,1,static,78,2026-09-09,21:37:25.661,2026-09-09T21:37:25.661,2.603851181999744,1,0.3256623148918152,4.366163000213419,33.1925229997978,3.4,4806.40625,9.0,1266.625
yolo11n.pt,1,static,79,2026-09-09,21:37:25.693,2026-09-09T21:37:25.693,2.6358201899997766,1,0.41785016655921936,4.288183000426216,28.961738999896625,2.0,4806.40625,9.0,1266.625
yolo11n.pt,1,static,80,2026-09-09,21:37:25.726,2026-09-09T21:37:25.726,2.6679213969996454,1,0.34980231523513794,4.465743000309885,29.333838000184187,2.0,4806.40625,9.0,1266.625
yolo11n.pt,1,static,81,2026-09-09,21:37:25.761,2026-09-09T21:37:25.761,2.7037754099997073,1,0.4427202641963959,4.2649239999263955,32.645625000441214,3.5,4806.40625,9.0,1266.625
yolo11n.pt,1,static,82,2026-09-09,21:37:25.793,2026-09-09T21:37:25.793,2.735795766999672,1,0.23751547932624817,4.281572999843775,29.08816899980593,2.0,4806.40625,9.0,1266.625
yolo11n.pt,1,static,83,2026-09-09,21:37:25.825,2026-09-09T21:37:25.825,2.7677460549998614,1,0.17749682068824768,4.308192999815219,28.971278999961214,4.0,4806.6484375,9.0,1266.625
yolo11n.pt,1,static,84,2026-09-09,21:37:25.861,2026-09-09T21:37:25.861,2.8037057369997456,1,0.403637558221817,4.263862999778212,32.96751400011999,1.8,4806.390625,9.0,1266.625
yolo11n.pt,1,static,85,2026-09-09,21:37:25.893,2026-09-09T21:37:25.893,2.835712773999603,1,0.28608062863349915,4.263774000264675,28.965409999727854,2.0,4806.390625,9.0,1266.625
yolo11n.pt,1,static,86,2026-09-09,21:37:25.925,2026-09-09T21:37:25.925,2.867740741999569,1,0.3423973619937897,4.28755299981276,29.06003900034193,3.8,4806.390625,9.0,1266.625
yolo11n.pt,1,static,87,2026-09-09,21:37:25.962,2026-09-09T21:37:25.962,2.903789613999834,1,0.39800262451171875,4.598171999987244,33.42206199977227,1.8,4806.390625,9.0,1266.625
yolo11n.pt,1,static,88,2026-09-09,21:37:25.993,2026-09-09T21:37:25.993,2.935763401999793,1,0.3312211334705353,4.242244000124629,28.679041000032157,3.8,4806.390625,9.0,1266.625
yolo11n.pt,1,static,89,2026-09-09,21:37:26.026,2026-09-09T21:37:26.026,2.9677652389996183,1,0.45874956250190735,4.518423000263283,29.31922800007669,2.0,4806.390625,9.0,1266.625
yolo11n.pt,1,static,90,2026-09-09,21:37:26.061,2026-09-09T21:37:26.061,3.0037828709996575,1,0.4055691957473755,4.2726639999273175,32.813293999879534,1.8,4806.390625,9.0,1266.625
yolo11n.pt,1,static,91,2026-09-09,21:37:26.093,2026-09-09T21:37:26.093,3.0357843979995778,1,0.313446044921875,4.252283999903739,29.003339000155393,3.9,4806.390625,9.0,1266.625
yolo11n.pt,1,static,92,2026-09-09,21:37:26.125,2026-09-09T21:37:26.125,3.0677770259999306,1,0.41536638140678406,4.257333999703405,29.037549000349827,2.0,4806.390625,9.0,1266.625
yolo11n.pt,1,static,93,2026-09-09,21:37:26.161,2026-09-09T21:37:26.161,3.1038394879997213,1,0.3943922519683838,4.261764000148105,33.108863000052224,1.8,4806.390625,9.0,1266.625
yolo11n.pt,1,static,94,2026-09-09,21:37:26.193,2026-09-09T21:37:26.193,3.13577003599994,1,0.42471882700920105,4.288782999992691,29.024119000041537,5.8,4806.390625,9.0,1266.625
yolo11n.pt,1,static,95,2026-09-09,21:37:26.225,2026-09-09T21:37:26.225,3.1677665129996058,1,0.42490315437316895,4.272694000064803,29.02814799972475,2.0,4806.390625,9.0,1266.625
yolo11n.pt,1,static,96,2026-09-09,21:37:26.261,2026-09-09T21:37:26.261,3.2038332449997142,1,0.3837917447090149,4.226013999868883,33.062684000015,1.8,4806.390625,9.0,1266.625
yolo11n.pt,1,static,97,2026-09-09,21:37:26.293,2026-09-09T21:37:26.293,3.2358804729997246,1,0.4444096088409424,4.246913000315544,29.103598999881797,1.9,4806.390625,9.0,1266.625
yolo11n.pt,1,static,98,2026-09-09,21:37:26.326,2026-09-09T21:37:26.326,3.268139138999686,1,0.39882364869117737,4.257143999893742,29.303927999990265,3.9,4806.6328125,9.0,1266.625
yolo11n.pt,1,static,99,2026-09-09,21:37:26.361,2026-09-09T21:37:26.361,3.303778742999839,1,0.42508354783058167,4.236493000007613,32.68172499974753,1.8,4806.6328125,9.0,1266.625
yolo11n.pt,1,static,100,2026-09-09,21:37:26.393,2026-09-09T21:37:26.393,3.335879549999845,1,0.49070799350738525,4.330783000114025,29.193047999797272,3.9,4805.58984375,9.0,1266.625
yolo11n.pt,1,static,101,2026-09-09,21:37:26.425,2026-09-09T21:37:26.425,3.3677259579999372,1,0.3862023949623108,4.222164000111661,28.78830999998172,3.9,4805.58984375,9.0,1266.625
yolo11n.pt,1,static,102,2026-09-09,21:37:26.461,2026-09-09T21:37:26.461,3.4037781399997584,1,0.49787309765815735,4.33094300024095,33.10607399998844,1.8,4805.58984375,9.0,1266.625
yolo11n.pt,1,static,103,2026-09-09,21:37:26.493,2026-09-09T21:37:26.493,3.4357729669995933,1,0.4115833044052124,4.254064000178914,28.97024000003512,2.0,4805.58984375,9.0,1266.625
yolo11n.pt,1,static,104,2026-09-09,21:37:26.525,2026-09-09T21:37:26.525,3.467799164999633,1,0.3702409565448761,4.276793000371981,29.082879000270623,2.0,4805.58984375,9.0,1265.1875
yolo11n.pt,1,static,105,2026-09-09,21:37:26.561,2026-09-09T21:37:26.561,3.503820416999588,1,0.4835805594921112,4.239324000081979,32.91230400009226,3.4,4804.43359375,9.0,1265.1875
yolo11n.pt,1,static,106,2026-09-09,21:37:26.593,2026-09-09T21:37:26.593,3.535843253999701,1,0.30229613184928894,4.239653999775328,28.974268000183656,2.0,4798.5390625,9.0,1265.1875
yolo11n.pt,1,static,107,2026-09-09,21:37:26.626,2026-09-09T21:37:26.626,3.5681404609999845,1,0.4292583465576172,4.242112999691017,29.210757999862835,3.9,4798.5390625,8.0,1265.1875
yolo11n.pt,1,static,108,2026-09-09,21:37:26.661,2026-09-09T21:37:26.661,3.6038256539995928,1,0.27416229248046875,4.239643999881082,32.61353500010955,1.8,4798.5390625,8.0,1265.1875
yolo11n.pt,1,static,109,2026-09-09,21:37:26.693,2026-09-09T21:37:26.693,3.6358352609995563,1,0.45242297649383545,4.284503999770095,28.723989999889454,3.8,4798.5390625,8.0,1265.1875
yolo11n.pt,1,static,110,2026-09-09,21:37:26.729,2026-09-09T21:37:26.729,3.6718386539996573,1,0.3434339463710785,4.28270300017175,33.10993300010523,3.5,4798.29296875,8.0,1265.1875
yolo11n.pt,1,static,111,2026-09-09,21:37:26.761,2026-09-09T21:37:26.761,3.703861670999686,1,0.39858976006507874,4.259464000369917,28.909758999816404,3.8,4795.328125,8.0,1265.1875
yolo11n.pt,1,static,112,2026-09-09,21:37:26.793,2026-09-09T21:37:26.793,3.73584708899989,1,0.3550896942615509,4.222684000069421,28.997018999689317,2.0,4795.328125,8.0,1265.1875
yolo11n.pt,1,static,113,2026-09-09,21:37:26.829,2026-09-09T21:37:26.829,3.7718443309995564,1,0.39784085750579834,4.226554000069882,33.04090299980089,3.5,4795.0625,8.0,1265.1875
yolo11n.pt,1,static,114,2026-09-09,21:37:26.861,2026-09-09T21:37:26.861,3.8040458579998813,1,0.35454392433166504,4.196364000108588,29.218818000117608,1.9,4795.0625,8.0,1265.1875
yolo11n.pt,1,static,115,2026-09-09,21:37:26.893,2026-09-09T21:37:26.893,3.8357931559999088,1,0.33323341608047485,4.246424000029947,28.842458999861265,2.0,4795.0625,8.0,1265.1875
yolo11n.pt,1,static,116,2026-09-09,21:37:26.929,2026-09-09T21:37:26.929,3.8717657379997945,1,0.42639458179473877,4.298254000332236,33.09005300025092,3.5,4795.015625,8.0,1265.1875
yolo11n.pt,1,static,117,2026-09-09,21:37:26.961,2026-09-09T21:37:26.961,3.9037606659999255,1,0.4313521087169647,4.3790730001092015,29.127789000085613,2.0,4795.015625,8.0,1265.1875
yolo11n.pt,1,static,118,2026-09-09,21:37:26.993,2026-09-09T21:37:26.993,3.935871032999785,1,0.4086276590824127,4.2924630001834885,29.104728000220348,2.0,4795.015625,8.0,1265.1875
yolo11n.pt,1,static,119,2026-09-09,21:37:27.029,2026-09-09T21:37:27.029,3.971801714999856,1,0.47232359647750854,4.295514000205003,32.982833000005485,1.8,4795.015625,8.0,1265.1875
yolo11n.pt,1,static,120,2026-09-09,21:37:27.061,2026-09-09T21:37:27.061,4.004087691999757,1,0.38826414942741394,4.157473999839567,29.240198000024975,3.9,4795.015625,8.0,1265.1875
yolo11n.pt,1,static,121,2026-09-09,21:37:27.093,2026-09-09T21:37:27.093,4.035863769999651,1,0.5025241374969482,4.231084000366536,28.834090000145807,2.0,4795.015625,8.0,1265.1875
yolo11n.pt,1,static,122,2026-09-09,21:37:27.129,2026-09-09T21:37:27.129,4.0717970829996375,1,0.22307030856609344,4.233742999986134,32.96581399990828,1.8,4795.015625,8.0,1265.1875
yolo11n.pt,1,static,123,2026-09-09,21:37:27.161,2026-09-09T21:37:27.161,4.103975338999589,1,0.44536441564559937,4.208964000099513,29.06683899982454,5.8,4795.015625,8.0,1265.1875
yolo11n.pt,1,static,124,2026-09-09,21:37:27.193,2026-09-09T21:37:27.193,4.135773298000004,1,0.5084337592124939,4.249722999702499,28.812159999688447,2.0,4795.2578125,8.0,1265.1875
yolo11n.pt,1,static,125,2026-09-09,21:37:27.230,2026-09-09T21:37:27.230,4.17197441899998,1,0.41431042551994324,4.4024429998898995,33.42422200012152,3.5,4795.2578125,8.0,1265.1875
yolo11n.pt,1,static,126,2026-09-09,21:37:27.262,2026-09-09T21:37:27.262,4.20376112699978,1,0.29199597239494324,4.629182999906334,28.920728999764833,5.7,4795.2578125,8.0,1265.1875
yolo11n.pt,1,static,127,2026-09-09,21:37:27.293,2026-09-09T21:37:27.293,4.23586723399967,1,0.3298852741718292,4.406604000450898,28.846098999565584,2.0,4795.2578125,8.0,1265.1875
yolo11n.pt,1,static,128,2026-09-09,21:37:27.329,2026-09-09T21:37:27.329,4.271881416999804,1,0.430447518825531,4.35089299980973,32.999133999965125,1.8,4795.25,8.0,1265.1875
yolo11n.pt,1,static,129,2026-09-09,21:37:27.361,2026-09-09T21:37:27.361,4.303882063999936,1,0.3489930331707001,4.250984000009339,28.9268589999665,3.9,4795.25,8.0,1265.1875
yolo11n.pt,1,static,130,2026-09-09,21:37:27.393,2026-09-09T21:37:27.393,4.335848831999556,1,0.34387755393981934,4.2465239998819015,28.979769000216038,2.0,4795.21484375,8.0,1265.1875
yolo11n.pt,1,static,131,2026-09-09,21:37:27.430,2026-09-09T21:37:27.430,4.37204450299987,1,0.32955607771873474,4.345884000031219,33.30932200015013,3.4,4795.21484375,8.0,1265.1875
yolo11n.pt,1,static,132,2026-09-09,21:37:27.461,2026-09-09T21:37:27.461,4.403860090999842,1,0.3116534948348999,4.250873999808391,28.74667000014597,2.0,4795.21484375,8.0,1265.1875
yolo11n.pt,1,static,133,2026-09-09,21:37:27.493,2026-09-09T21:37:27.493,4.435851538999941,1,0.4853099584579468,4.2742129999169265,29.06514899996182,2.0,4795.21484375,8.0,1265.1875
yolo11n.pt,1,static,134,2026-09-09,21:37:27.529,2026-09-09T21:37:27.529,4.4718474909996075,1,0.3871217966079712,4.212744000142266,32.97201399982441,1.8,4795.21484375,8.0,1264.5
yolo11n.pt,1,static,135,2026-09-09,21:37:27.561,2026-09-09T21:37:27.561,4.503777718999572,1,0.31755998730659485,4.372592999970948,29.145308999886765,3.8,4791.08203125,8.0,1264.5
yolo11n.pt,1,static,136,2026-09-09,21:37:27.593,2026-09-09T21:37:27.593,4.535762025999702,1,0.2092745453119278,4.2741140000543965,28.917699999965407,2.0,4790.1796875,8.0,1264.5
yolo11n.pt,1,static,137,2026-09-09,21:37:27.629,2026-09-09T21:37:27.629,4.571887657999923,1,0.34590664505958557,4.29407399997217,33.12148299983164,1.8,4790.1796875,8.0,1264.5
yolo11n.pt,1,static,138,2026-09-09,21:37:27.662,2026-09-09T21:37:27.662,4.604083464999803,1,0.5630790591239929,4.2131539998990775,29.107767999903444,2.0,4790.1796875,8.0,1264.5
yolo11n.pt,1,static,139,2026-09-09,21:37:27.693,2026-09-09T21:37:27.693,4.63603040299995,1,0.3648803234100342,4.215043999920454,29.19138800007204,2.0,4790.1796875,8.0,1264.5
yolo11n.pt,1,static,140,2026-09-09,21:37:27.729,2026-09-09T21:37:27.729,4.6718452559998696,1,0.36343881487846375,4.256783000073483,32.893304000026546,5.3,4790.421875,8.0,1264.5
yolo11n.pt,1,static,141,2026-09-09,21:37:27.761,2026-09-09T21:37:27.761,4.703872952999973,0,0.0,4.067443999701936,28.769618999831437,2.0,4790.421875,8.0,1264.5
yolo11n.pt,1,static,142,2026-09-09,21:37:27.793,2026-09-09T21:37:27.793,4.735856240999965,1,0.32061871886253357,4.250382999998692,29.330278000088583,2.0,4790.6015625,8.0,1263.1875
yolo11n.pt,1,static,143,2026-09-09,21:37:27.829,2026-09-09T21:37:27.829,4.771822392999638,1,0.3134497404098511,4.234104000261141,32.98947399980534,3.5,4790.640625,8.0,1263.1875
yolo11n.pt,1,static,144,2026-09-09,21:37:27.861,2026-09-09T21:37:27.861,4.80391752999958,1,0.45886367559432983,4.241524000008212,29.1614079997089,2.0,4790.640625,8.0,1263.1875
yolo11n.pt,1,static,145,2026-09-09,21:37:27.893,2026-09-09T21:37:27.893,4.8358102379997945,1,0.5106187462806702,4.279932999907032,28.96910899971772,3.9,4790.640625,8.0,1263.1875
yolo11n.pt,1,static,146,2026-09-09,21:37:27.929,2026-09-09T21:37:27.929,4.871861649999573,1,0.37187010049819946,4.2466240001886035,32.99625299996478,1.8,4790.640625,8.0,1263.1875
yolo11n.pt,1,static,147,2026-09-09,21:37:27.961,2026-09-09T21:37:27.961,4.903794117999951,1,0.34677672386169434,4.24024299991288,28.848349999861966,2.0,4790.640625,8.0,1263.1875
yolo11n.pt,1,static,148,2026-09-09,21:37:27.993,2026-09-09T21:37:27.993,4.935792724999828,1,0.4385358393192291,4.286844000034762,29.013268999733555,2.0,4790.640625,8.0,1263.1875
yolo11n.pt,1,static,149,2026-09-09,21:37:28.030,2026-09-09T21:37:28.030,4.972134875999927,1,0.2932833135128021,4.701482000200485,33.74788100018122,3.3,4790.640625,8.0,1263.1875
yolo11n.pt,1,static,150,2026-09-09,21:37:28.061,2026-09-09T21:37:28.061,5.004044203999911,0,0.0,4.082043999915186,28.24393199989572,4.0,4790.640625,8.0,1263.1875
yolo11n.pt,1,static,151,2026-09-09,21:37:28.097,2026-09-09T21:37:28.097,5.039893006999591,1,0.3311558663845062,4.240842999934102,33.14088300021467,1.8,4790.640625,8.0,1263.1875
yolo11n.pt,1,static,152,2026-09-09,21:37:28.129,2026-09-09T21:37:28.129,5.07185118399957,1,0.3977825939655304,4.31053400006931,29.098468000029243,2.0,4790.640625,9.0,1263.1875
yolo11n.pt,1,static,153,2026-09-09,21:37:28.161,2026-09-09T21:37:28.161,5.103892131999601,1,0.3635197877883911,4.293362999760575,29.082398999889847,3.9,4790.640625,9.0,1263.1875
yolo11n.pt,1,static,154,2026-09-09,21:37:28.197,2026-09-09T21:37:28.197,5.1398217939999995,0,0.0,4.084684000190464,32.70393399998284,1.8,4788.1328125,9.0,1263.1875
yolo11n.pt,1,static,155,2026-09-09,21:37:28.229,2026-09-09T21:37:28.229,5.171762561999913,0,0.0,4.098183999758476,28.98118900020563,3.8,4787.88671875,9.0,1263.1875
yolo11n.pt,1,static,156,2026-09-09,21:37:28.261,2026-09-09T21:37:28.261,5.2038753189999625,1,0.5023770332336426,4.289033999612002,29.406456999822694,3.8,4787.88671875,9.0,1263.1875
yolo11n.pt,1,static,157,2026-09-09,21:37:28.297,2026-09-09T21:37:28.297,5.239791901999979,1,0.35878515243530273,4.1845939999802795,32.89295400008996,1.8,4788.12890625,9.0,1263.1875
yolo11n.pt,1,static,158,2026-09-09,21:37:28.329,2026-09-09T21:37:28.329,5.271814148999965,1,0.35121023654937744,4.282113000044774,29.15125800018359,2.0,4788.12890625,9.0,1263.1875
yolo11n.pt,1,static,159,2026-09-09,21:37:28.361,2026-09-09T21:37:28.361,5.303783205999935,1,0.34166398644447327,4.179584000212344,28.97647899999356,2.0,4788.12890625,9.0,1263.1875
yolo11n.pt,1,static,160,2026-09-09,21:37:28.397,2026-09-09T21:37:28.397,5.339883767999709,1,0.476767361164093,4.274974000054499,33.18699200008268,3.5,4788.12890625,9.0,1263.1875
yolo11n.pt,1,static,161,2026-09-09,21:37:28.429,2026-09-09T21:37:28.429,5.371865335999701,1,0.5497484803199768,4.254324000157794,28.95787899979041,3.8,4788.12890625,9.0,1263.1875
yolo11n.pt,1,static,162,2026-09-09,21:37:28.461,2026-09-09T21:37:28.461,5.403860072999578,1,0.3982073664665222,4.239544000029127,29.008878999775334,2.0,4788.12890625,9.0,1263.1875
yolo11n.pt,1,static,163,2026-09-09,21:37:28.497,2026-09-09T21:37:28.497,5.439819365999938,1,0.542884111404419,4.2575229999783915,32.92429400016772,3.5,4788.12890625,9.0,1263.1875
yolo11n.pt,1,static,164,2026-09-09,21:37:28.529,2026-09-09T21:37:28.529,5.4718499629998405,1,0.34954336285591125,4.242384000008315,29.026598000200465,2.0,4786.078125,9.0,1262.875
yolo11n.pt,1,static,165,2026-09-09,21:37:28.561,2026-09-09T21:37:28.561,5.503880100999595,1,0.45579132437705994,4.24822300010419,28.960479000033956,2.0,4786.078125,9.0,1262.875
yolo11n.pt,1,static,166,2026-09-09,21:37:28.597,2026-09-09T21:37:28.597,5.539896832999602,1,0.30631566047668457,4.234673000155453,33.03282399974705,1.8,4786.078125,9.0,1262.875
yolo11n.pt,1,static,167,2026-09-09,21:37:28.629,2026-09-09T21:37:28.629,5.5718072499998925,1,0.6327033638954163,4.270334000011644,28.877050000119198,2.0,4781.66015625,9.0,1262.875
yolo11n.pt,1,static,168,2026-09-09,21:37:28.661,2026-09-09T21:37:28.661,5.603882877999695,1,0.3964601457118988,4.233722999742895,29.0320890003386,2.0,4781.66015625,9.0,1262.875
yolo11n.pt,1,static,169,2026-09-09,21:37:28.697,2026-09-09T21:37:28.697,5.639788299999964,1,0.4376300871372223,4.308563999984472,33.01226299981863,3.4,4781.1015625,9.0,1262.875
yolo11n.pt,1,static,170,2026-09-09,21:37:28.729,2026-09-09T21:37:28.729,5.6718029579997165,1,0.46213001012802124,4.2649930001061875,29.06101899998248,2.0,4781.09765625,9.0,1262.875
yolo11n.pt,1,static,171,2026-09-09,21:37:28.761,2026-09-09T21:37:28.761,5.703890144999605,1,0.37681683897972107,4.257383999629383,29.122947999894677,2.0,4781.09765625,9.0,1262.875
yolo11n.pt,1,static,172,2026-09-09,21:37:28.797,2026-09-09T21:37:28.797,5.739787936999619,1,0.5823182463645935,4.3232240000179445,33.008122999945044,1.8,4781.33984375,9.0,1262.875
yolo11n.pt,1,static,173,2026-09-09,21:37:28.830,2026-09-09T21:37:28.830,5.772429961999933,1,0.38654085993766785,4.5413329999064445,29.871395000100165,5.7,4781.56640625,9.0,1262.875
yolo11n.pt,1,static,174,2026-09-09,21:37:28.861,2026-09-09T21:37:28.861,5.803866551999818,1,0.4246295690536499,4.322032999880321,28.17847200003598,2.0,4781.56640625,9.0,1262.875
yolo11n.pt,1,static,175,2026-09-09,21:37:28.897,2026-09-09T21:37:28.897,5.839873883999644,1,0.4714938998222351,4.262743999788654,33.006464000209235,1.7,4781.56640625,9.0,1262.875
yolo11n.pt,1,static,176,2026-09-09,21:37:28.929,2026-09-09T21:37:28.929,5.87192233199994,1,0.2941078543663025,4.242662999786262,29.10507900014636,2.0,4781.56640625,9.0,1262.875
yolo11n.pt,1,static,177,2026-09-09,21:37:28.962,2026-09-09T21:37:28.962,5.904153427999972,1,0.41793254017829895,4.27819400010776,29.329656999834697,3.8,4781.56640625,9.0,1262.875
yolo11n.pt,1,static,178,2026-09-09,21:37:28.997,2026-09-09T21:37:28.997,5.9398429319999195,1,0.38459134101867676,4.338203999850521,32.78656400016189,3.4,4781.56640625,9.0,1262.875
yolo11n.pt,1,static,179,2026-09-09,21:37:29.030,2026-09-09T21:37:29.030,5.971953588999895,1,0.4395814836025238,4.267932999937329,29.061659000035434,2.0,4781.56640625,9.0,1262.875
yolo11n.pt,1,static,180,2026-09-09,21:37:29.061,2026-09-09T21:37:29.061,6.003811026999756,1,0.4851020574569702,4.309422999995149,28.663641000093776,3.8,4781.56640625,9.0,1262.875
yolo11n.pt,1,static,181,2026-09-09,21:37:29.098,2026-09-09T21:37:29.098,6.039864208999916,1,0.4586813747882843,4.549002000203473,33.33708199988905,1.8,4781.56640625,9.0,1262.875
yolo11n.pt,1,static,182,2026-09-09,21:37:29.129,2026-09-09T21:37:29.129,6.0718484059998445,1,0.41075098514556885,4.24220399963815,28.73779999981707,2.0,4781.56640625,9.0,1262.875
yolo11n.pt,1,static,183,2026-09-09,21:37:29.161,2026-09-09T21:37:29.161,6.104048302999672,1,0.34471505880355835,4.217314000015904,29.342296999857354,3.8,4781.56640625,9.0,1262.875
yolo11n.pt,1,static,184,2026-09-09,21:37:29.197,2026-09-09T21:37:29.197,6.139876685999752,1,0.49197715520858765,4.272963999937929,32.927834000020084,1.8,4781.56640625,9.0,1262.875
yolo11n.pt,1,static,185,2026-09-09,21:37:29.229,2026-09-09T21:37:29.229,6.171931052999753,1,0.22152858972549438,4.274963999705506,29.08153799990032,2.0,4781.56640625,9.0,1262.875
yolo11n.pt,1,static,186,2026-09-09,21:37:29.261,2026-09-09T21:37:29.261,6.203920150999693,1,0.3935784697532654,4.260382999746071,29.00832899968009,2.0,4781.56640625,9.0,1262.875
yolo11n.pt,1,static,187,2026-09-09,21:37:29.297,2026-09-09T21:37:29.297,6.239866092999819,1,0.40950119495391846,4.30729399977281,32.92877400008365,3.4,4781.80859375,9.0,1262.875
yolo11n.pt,1,static,188,2026-09-09,21:37:29.329,2026-09-09T21:37:29.329,6.271866260999559,1,0.4630444645881653,4.331592999733402,28.970549999939976,2.0,4781.80859375,9.0,1262.875
yolo11n.pt,1,static,189,2026-09-09,21:37:29.365,2026-09-09T21:37:29.365,6.307880512999873,1,0.4393790066242218,4.255064000062703,32.98577399982605,3.4,4781.80859375,9.0,1262.875
yolo11n.pt,1,static,190,2026-09-09,21:37:29.397,2026-09-09T21:37:29.397,6.339886179999667,1,0.5135738849639893,4.235324000092078,29.055809000055888,2.0,4781.80859375,9.0,1262.875
yolo11n.pt,1,static,191,2026-09-09,21:37:29.429,2026-09-09T21:37:29.429,6.37188550799965,1,0.23858536779880524,4.3634730000121635,29.19965899991439,2.0,4781.80859375,9.0,1262.875
yolo11n.pt,1,static,192,2026-09-09,21:37:29.465,2026-09-09T21:37:29.465,6.407755709999947,1,0.3183814585208893,4.214413999761746,32.79448500006765,1.8,4781.80859375,9.0,1262.875
yolo11n.pt,1,static,193,2026-09-09,21:37:29.497,2026-09-09T21:37:29.497,6.439783387999796,1,0.29556596279144287,4.244843999913428,29.058568999971612,3.8,4781.80859375,9.0,1262.875
yolo11n.pt,1,static,194,2026-09-09,21:37:29.529,2026-09-09T21:37:29.529,6.4719604749998325,1,0.32118383049964905,4.232412999954249,29.090339000049426,2.0,4781.80859375,9.0,1262.875
yolo11n.pt,1,static,195,2026-09-09,21:37:29.565,2026-09-09T21:37:29.565,6.507834356999865,1,0.5109952688217163,4.328863999944588,33.01373300018895,1.8,4777.48828125,9.0,1262.875
yolo11n.pt,1,static,196,2026-09-09,21:37:29.598,2026-09-09T21:37:29.598,6.5398497449996285,1,0.4819352924823761,4.529431999799272,29.22489799993855,2.0,4777.48828125,9.0,1262.875
yolo11n.pt,1,static,197,2026-09-09,21:37:29.629,2026-09-09T21:37:29.629,6.571895091999977,1,0.32265999913215637,4.368472999885853,28.86729000010746,5.8,4774.42578125,9.0,1262.875
yolo11n.pt,1,static,198,2026-09-09,21:37:29.665,2026-09-09T21:37:29.665,6.607889143999728,1,0.29401281476020813,4.263413999979093,32.96903399996154,1.8,4774.42578125,9.0,1262.875
yolo11n.pt,1,static,199,2026-09-09,21:37:29.698,2026-09-09T21:37:29.698,6.639901751999787,1,0.3478263318538666,4.476022999824636,29.121838000264688,2.0,4774.42578125,9.0,1262.875
yolo11n.pt,1,static,200,2026-09-09,21:37:29.729,2026-09-09T21:37:29.729,6.672001658999761,1,0.43386200070381165,4.229323999879853,28.82660900013434,3.8,4774.1796875,9.0,1262.875
yolo11n.pt,1,static,201,2026-09-09,21:37:29.765,2026-09-09T21:37:29.765,6.707846051999695,1,0.38816359639167786,4.262363000179903,32.92903400006253,1.8,4774.1796875,9.0,1262.875
yolo11n.pt,1,static,202,2026-09-09,21:37:29.798,2026-09-09T21:37:29.798,6.740123497999775,1,0.3980524241924286,4.304313999909937,29.417298000225856,6.0,4778.9609375,9.0,1269.25
yolo11n.pt,1,static,203,2026-09-09,21:37:29.830,2026-09-09T21:37:29.830,6.772015135999936,1,0.278453528881073,4.269374000159587,28.776590000234137,3.9,4778.671875,9.0,1269.25
yolo11n.pt,1,static,204,2026-09-09,21:37:29.865,2026-09-09T21:37:29.865,6.807857168999817,1,0.3221628963947296,4.278622999663639,32.87581399990813,1.8,4778.671875,9.0,1269.25
yolo11n.pt,1,static,205,2026-09-09,21:37:29.897,2026-09-09T21:37:29.897,6.839895195999816,1,0.2032926380634308,4.2454340000404045,29.04968800021379,2.0,4778.671875,9.0,1269.25
yolo11n.pt,1,static,206,2026-09-09,21:37:29.930,2026-09-09T21:37:29.930,6.871984382999926,1,0.3464544713497162,4.421253000145953,29.323258000204078,5.7,4778.17578125,9.0,1269.25
yolo11n.pt,1,static,207,2026-09-09,21:37:29.965,2026-09-09T21:37:29.965,6.907907025999975,1,0.38760659098625183,4.2402639996907965,32.77777499988588,1.8,4778.17578125,9.0,1269.25
yolo11n.pt,1,static,208,2026-09-09,21:37:29.997,2026-09-09T21:37:29.997,6.939817043999938,1,0.4658074975013733,4.265213000053336,28.972018999866123,3.8,4778.17578125,9.0,1269.25
yolo11n.pt,1,static,209,2026-09-09,21:37:30.030,2026-09-09T21:37:30.030,6.971921480999754,1,0.4392598569393158,4.360122999969462,29.26756699980615,3.9,4778.17578125,9.0,1269.1875
yolo11n.pt,1,static,210,2026-09-09,21:37:30.065,2026-09-09T21:37:30.065,7.007866212999943,1,0.33346420526504517,4.357353000159492,32.98038399998404,3.5,4775.671875,9.0,1269.1875
yolo11n.pt,1,static,211,2026-09-09,21:37:30.098,2026-09-09T21:37:30.098,7.039972229999876,1,0.34536096453666687,4.376763999971445,29.074728999603394,2.0,4775.671875,9.0,1269.1875
yolo11n.pt,1,static,212,2026-09-09,21:37:30.129,2026-09-09T21:37:30.129,7.071865567999794,1,0.32368189096450806,4.251734000263241,28.70398999993995,2.0,4775.671875,9.0,1269.1875
yolo11n.pt,1,static,213,2026-09-09,21:37:30.165,2026-09-09T21:37:30.165,7.107864999999947,0,0.0,4.026194999823929,32.67756500008545,3.5,4775.9140625,9.0,1269.1875
yolo11n.pt,1,static,214,2026-09-09,21:37:30.197,2026-09-09T21:37:30.197,7.139980986999944,1,0.42510494589805603,4.269313999884616,29.519376999814995,2.0,4775.9140625,9.0,1269.1875
yolo11n.pt,1,static,215,2026-09-09,21:37:30.230,2026-09-09T21:37:30.230,7.171887484999843,1,0.3622925281524658,4.864192000241019,29.70326600006956,13.0,4776.6171875,9.0,1269.3125
yolo11n.pt,1,static,216,2026-09-09,21:37:30.266,2026-09-09T21:37:30.266,7.2079030569998395,1,0.32675230503082275,4.341514000316238,32.2821859999749,1.8,4776.64453125,9.0,1269.3125
yolo11n.pt,1,static,217,2026-09-09,21:37:30.297,2026-09-09T21:37:30.297,7.239802424999652,1,0.40259599685668945,4.262963999735803,28.800520000004326,2.0,4776.64453125,9.0,1269.3125
yolo11n.pt,1,static,218,2026-09-09,21:37:30.329,2026-09-09T21:37:30.329,7.271688002999781,1,0.3440503478050232,4.289063999749487,28.966468999897188,3.9,4776.64453125,9.0,1269.3125
yolo11n.pt,1,static,219,2026-09-09,21:37:30.365,2026-09-09T21:37:30.365,7.307900614999653,1,0.3309214413166046,4.286063999643375,33.271602999775496,1.8,4776.64453125,9.0,1269.3125
yolo11n.pt,1,static,220,2026-09-09,21:37:30.397,2026-09-09T21:37:30.397,7.339896771999975,0,0.0,4.197463999844331,28.878989999611804,4.0,4776.64453125,9.0,1271.5
yolo11n.pt,1,static,221,2026-09-09,21:37:30.429,2026-09-09T21:37:30.429,7.371865209999669,1,0.5012340545654297,4.286122999928921,29.204278999714006,2.0,4776.64453125,9.0,1271.5
yolo11n.pt,1,static,222,2026-09-09,21:37:30.465,2026-09-09T21:37:30.465,7.407875671999591,1,0.3771393597126007,4.230173999985709,32.97531299995171,3.4,4776.64453125,9.0,1271.5
yolo11n.pt,1,static,223,2026-09-09,21:37:30.497,2026-09-09T21:37:30.497,7.439889958999629,1,0.41224634647369385,4.259563999767124,29.065099000035843,2.0,4776.64453125,9.0,1271.5
yolo11n.pt,1,static,224,2026-09-09,21:37:30.529,2026-09-09T21:37:30.529,7.471863826999652,1,0.42294052243232727,4.265074000159075,28.99520900018615,3.9,4776.64453125,9.0,1271.5
yolo11n.pt,1,static,225,2026-09-09,21:37:30.565,2026-09-09T21:37:30.565,7.507892798999819,1,0.3571240305900574,4.291113999897789,33.127143000001524,1.8,4776.64453125,9.0,1271.5
yolo11n.pt,1,static,226,2026-09-09,21:37:30.597,2026-09-09T21:37:30.597,7.539798736999728,1,0.18883472681045532,4.29315300016242,28.95298899966292,2.0,4771.59375,9.0,1271.5
yolo11n.pt,1,static,227,2026-09-09,21:37:30.633,2026-09-09T21:37:30.633,7.575800488999903,1,0.34742748737335205,4.224263999731193,33.0324529995778,1.8,4771.46484375,9.0,1271.5
yolo11n.pt,1,static,228,2026-09-09,21:37:30.665,2026-09-09T21:37:30.665,7.607805835999898,1,0.4382232427597046,4.191074000118533,29.0516690001823,3.9,4771.46484375,9.0,1271.5
yolo11n.pt,1,static,229,2026-09-09,21:37:30.697,2026-09-09T21:37:30.697,7.639811563999956,1,0.42439454793930054,4.198233999886725,29.076008000174625,2.0,4771.46484375,9.0,1271.5
yolo11n.pt,1,static,230,2026-09-09,21:37:30.733,2026-09-09T21:37:30.733,7.675823955999931,1,0.3670320510864258,4.3178640003134205,33.183253000061086,3.5,4771.70703125,9.0,1271.5
yolo11n.pt,1,static,231,2026-09-09,21:37:30.766,2026-09-09T21:37:30.766,7.708025862999875,1,0.46960386633872986,4.260634000274877,29.183957999975974,5.8,4771.70703125,9.0,1271.5
yolo11n.pt,1,static,232,2026-09-09,21:37:30.797,2026-09-09T21:37:30.797,7.73991807099992,1,0.4706993103027344,4.302533000100084,28.951419000350143,2.0,4771.70703125,9.0,1271.5
yolo11n.pt,1,static,233,2026-09-09,21:37:30.834,2026-09-09T21:37:30.834,7.776276231999873,1,0.37210381031036377,4.3077029999949445,33.328013000300416,3.5,4771.4609375,9.0,1271.5
yolo11n.pt,1,static,234,2026-09-09,21:37:30.866,2026-09-09T21:37:30.866,7.807880710999598,1,0.4182877242565155,4.499141999986023,28.84461999974519,2.0,4771.4609375,9.0,1271.5
yolo11n.pt,1,static,235,2026-09-09,21:37:30.897,2026-09-09T21:37:30.897,7.839880357999846,1,0.4199557304382324,4.3148839999958,28.80005999986679,2.0,4771.4609375,9.0,1271.5
yolo11n.pt,1,static,236,2026-09-09,21:37:30.933,2026-09-09T21:37:30.933,7.875896759999705,1,0.2678695023059845,4.249494000305276,33.02740399976756,5.1,4771.4609375,9.0,1271.5
yolo11n.pt,1,static,237,2026-09-09,21:37:30.965,2026-09-09T21:37:30.965,7.907801137999741,1,0.44531163573265076,4.275964000044041,28.977289000067685,2.0,4771.703125,9.0,1271.5
yolo11n.pt,1,static,238,2026-09-09,21:37:30.997,2026-09-09T21:37:30.997,7.939920014999643,1,0.2924024760723114,4.2491640001571795,29.056977999971423,2.0,4771.703125,9.0,1271.5
yolo11n.pt,1,static,239,2026-09-09,21:37:31.033,2026-09-09T21:37:31.033,7.975734347999605,1,0.5495594143867493,4.18671399984305,32.773455000096874,3.4,4771.703125,9.0,1271.5
yolo11n.pt,1,static,240,2026-09-09,21:37:31.065,2026-09-09T21:37:31.065,8.007763544999762,1,0.3269948661327362,4.202153999813163,29.085819000101765,2.0,4771.703125,9.0,1271.5
yolo11n.pt,1,static,241,2026-09-09,21:37:31.097,2026-09-09T21:37:31.097,8.039710142999866,1,0.30695921182632446,4.231534000155079,29.007588000240503,3.8,4771.703125,9.0,1271.5
yolo11n.pt,1,static,242,2026-09-09,21:37:31.133,2026-09-09T21:37:31.133,8.075851074999719,1,0.4316471219062805,4.326833000050101,33.24904300006892,3.4,4771.703125,9.0,1271.5
yolo11n.pt,1,static,243,2026-09-09,21:37:31.165,2026-09-09T21:37:31.165,8.107835881999563,1,0.31183212995529175,4.362414000297576,29.085848000249825,2.0,4771.703125,9.0,1271.5
yolo11n.pt,1,static,244,2026-09-09,21:37:31.197,2026-09-09T21:37:31.197,8.139839739999843,1,0.3251977562904358,4.359332999683829,29.062929000247095,2.0,4771.703125,9.0,1271.5
yolo11n.pt,1,static,245,2026-09-09,21:37:31.233,2026-09-09T21:37:31.233,8.17588286199998,1,0.3232211172580719,4.242523999892001,32.96273400019345,1.8,4771.703125,9.0,1271.5
yolo11n.pt,1,static,246,2026-09-09,21:37:31.265,2026-09-09T21:37:31.265,8.207963618999656,1,0.5664146542549133,4.235723999954644,29.03478799998993,3.8,4771.703125,9.0,1271.5
yolo11n.pt,1,static,247,2026-09-09,21:37:31.297,2026-09-09T21:37:31.297,8.239836966999974,1,0.3625262975692749,4.255514000305993,28.83820899978673,2.0,4771.703125,9.0,1271.5
yolo11n.pt,1,static,248,2026-09-09,21:37:31.333,2026-09-09T21:37:31.333,8.27590298899986,1,0.3139204978942871,4.266874000222742,33.056622999993124,1.7,4771.703125,9.0,1271.5
yolo11n.pt,1,static,249,2026-09-09,21:37:31.365,2026-09-09T21:37:31.365,8.30781844699959,1,0.4402518570423126,4.303032999814604,28.84558999994624,3.9,4771.703125,9.0,1271.5
yolo11n.pt,1,static,250,2026-09-09,21:37:31.397,2026-09-09T21:37:31.397,8.339796493999984,1,0.34219297766685486,4.288074000214692,28.950029000043287,2.0,4771.703125,9.0,1271.5
yolo11n.pt,1,static,251,2026-09-09,21:37:31.433,2026-09-09T21:37:31.433,8.375812845999917,1,0.3847150504589081,4.22327399974165,32.91447399988101,3.4,4771.703125,9.0,1271.5
yolo11n.pt,1,static,252,2026-09-09,21:37:31.465,2026-09-09T21:37:31.465,8.407797493999624,1,0.3126562237739563,4.220014000111405,28.982510000332695,2.0,4771.703125,9.0,1271.5
yolo11n.pt,1,static,253,2026-09-09,21:37:31.497,2026-09-09T21:37:31.497,8.439892310999767,1,0.37308675050735474,4.256963999978325,29.144428999643424,3.9,4771.703125,9.0,1271.5
yolo11n.pt,1,static,254,2026-09-09,21:37:31.533,2026-09-09T21:37:31.533,8.475930912999956,1,0.2977259159088135,4.342543999882764,33.10089300020991,1.8,4769.5078125,9.0,1271.5
yolo11n.pt,1,static,255,2026-09-09,21:37:31.565,2026-09-09T21:37:31.565,8.507930120999845,1,0.32091420888900757,4.203143999802705,28.910859000006894,2.0,4769.33203125,9.0,1271.5
yolo11n.pt,1,static,256,2026-09-09,21:37:31.597,2026-09-09T21:37:31.597,8.53992376799988,1,0.43592217564582825,4.246013999818388,29.060378999929526,1.9,4769.33203125,9.0,1271.5
yolo11n.pt,1,static,257,2026-09-09,21:37:31.634,2026-09-09T21:37:31.634,8.575921490999917,1,0.4050372838973999,4.372323000097822,33.06065300012051,3.5,4766.0078125,8.0,1271.5
yolo11n.pt,1,static,258,2026-09-09,21:37:31.666,2026-09-09T21:37:31.666,8.6081372069998,1,0.42006516456604004,4.334904000188544,29.020448999744985,2.0,4766.0078125,8.0,1271.5
yolo11n.pt,1,static,259,2026-09-09,21:37:31.698,2026-09-09T21:37:31.698,8.639895245999924,1,0.3601498603820801,4.394013999899471,28.733220000049187,2.0,4763.9921875,8.0,1271.5
yolo11n.pt,1,static,260,2026-09-09,21:37:31.734,2026-09-09T21:37:31.734,8.67604788699964,1,0.1874128133058548,4.3740030000662955,33.14415300019391,5.1,4763.078125,8.0,1271.5
yolo11n.pt,1,static,261,2026-09-09,21:37:31.765,2026-09-09T21:37:31.765,8.707829955999841,1,0.37831687927246094,4.2817930002456706,28.56064100024014,2.0,4763.078125,8.0,1271.5
yolo11n.pt,1,static,262,2026-09-09,21:37:31.798,2026-09-09T21:37:31.798,8.7401584119998,1,0.3985022306442261,4.381062999982532,29.407888000150706,3.8,4762.83203125,8.0,1266.5625
yolo11n.pt,1,static,263,2026-09-09,21:37:31.833,2026-09-09T21:37:31.833,8.775817794999966,1,0.2711501121520996,4.328594000071462,32.532384999740316,3.6,4762.30859375,8.0,1266.5625
yolo11n.pt,1,static,264,2026-09-09,21:37:31.866,2026-09-09T21:37:31.866,8.807961961999808,1,0.45391300320625305,4.417463000208954,29.37456800009386,1.9,4762.30859375,8.0,1266.5625
yolo11n.pt,1,static,265,2026-09-09,21:37:31.901,2026-09-09T21:37:31.901,8.843901234999976,1,0.36015599966049194,4.27641299984316,32.76415500022267,5.2,4762.0625,8.0,1266.5625
yolo11n.pt,1,static,266,2026-09-09,21:37:31.933,2026-09-09T21:37:31.933,8.875892351999937,1,0.19108006358146667,4.382334000183619,29.157947999919998,2.0,4762.0625,8.0,1266.5625
yolo11n.pt,1,static,267,2026-09-09,21:37:31.965,2026-09-09T21:37:31.965,8.907900919999975,1,0.2796574532985687,4.2897029998130165,28.981249000025855,2.0,4762.0625,8.0,1266.5625
yolo11n.pt,1,static,268,2026-09-09,21:37:32.001,2026-09-09T21:37:32.001,8.943923241999983,1,0.3398503065109253,4.251032999945892,33.03779299994858,3.4,4762.0625,8.0,1266.5625
yolo11n.pt,1,static,269,2026-09-09,21:37:32.033,2026-09-09T21:37:32.033,8.975911868999901,1,0.37415581941604614,4.249754000284156,29.03031899995767,3.8,4762.0625,8.0,1266.5625
yolo11n.pt,1,static,270,2026-09-09,21:37:32.065,2026-09-09T21:37:32.065,9.007970316999945,1,0.41095367074012756,4.217493000396644,29.086809000091307,2.0,4762.0625,8.0,1266.5625
yolo11n.pt,1,static,271,2026-09-09,21:37:32.101,2026-09-09T21:37:32.101,9.043900198999836,1,0.4331198036670685,4.282644000340952,33.03812299964193,3.4,4762.0625,8.0,1266.5625
yolo11n.pt,1,static,272,2026-09-09,21:37:32.133,2026-09-09T21:37:32.133,9.075789246999648,1,0.41770869493484497,4.244623999966279,28.92953899981876,2.0,4762.0625,9.0,1266.5625
yolo11n.pt,1,static,273,2026-09-09,21:37:32.165,2026-09-09T21:37:32.165,9.107907453999815,1,0.5909253358840942,4.233443999964948,29.129047999958857,2.0,4762.0625,9.0,1266.5625
yolo11n.pt,1,static,274,2026-09-09,21:37:32.201,2026-09-09T21:37:32.201,9.1438796059997,1,0.2568141520023346,4.223804000048403,32.94056400000045,1.8,4762.0625,9.0,1266.5625
yolo11n.pt,1,static,275,2026-09-09,21:37:32.233,2026-09-09T21:37:32.233,9.175832703999731,1,0.378351628780365,4.2544039997665095,28.988889000174822,2.0,4762.0625,9.0,1266.5625
yolo11n.pt,1,static,276,2026-09-09,21:37:32.265,2026-09-09T21:37:32.265,9.207749702000001,1,0.5620391964912415,4.160703999787074,28.905729000143765,3.8,4762.3046875,9.0,1266.5625
yolo11n.pt,1,static,277,2026-09-09,21:37:32.301,2026-09-09T21:37:32.301,9.243770743999903,1,0.3425455689430237,4.295303000162676,33.173972999975376,3.5,4762.3046875,9.0,1266.5625
yolo11n.pt,1,static,278,2026-09-09,21:37:32.333,2026-09-09T21:37:32.333,9.275842930999715,1,0.4259990453720093,4.269833999842376,29.1175980000844,2.0,4762.3046875,9.0,1266.5625
yolo11n.pt,1,static,279,2026-09-09,21:37:32.365,2026-09-09T21:37:32.365,9.307864408999649,1,0.27699583768844604,4.249442999935127,29.036518999873806,2.0,4762.3046875,9.0,1266.5625
yolo11n.pt,1,static,280,2026-09-09,21:37:32.401,2026-09-09T21:37:32.401,9.343821010999818,1,0.451075941324234,4.30826399997386,33.059314000183804,1.7,4762.3046875,9.0,1266.5625
yolo11n.pt,1,static,281,2026-09-09,21:37:32.433,2026-09-09T21:37:32.433,9.37589406799998,1,0.34021496772766113,4.33517400006167,29.155547999835107,2.0,4762.3046875,9.0,1266.5625
yolo11n.pt,1,static,282,2026-09-09,21:37:32.465,2026-09-09T21:37:32.465,9.407843835999756,1,0.4221586287021637,4.329243000029237,28.999848999774258,2.0,4762.3046875,9.0,1266.5625
yolo11n.pt,1,static,283,2026-09-09,21:37:32.501,2026-09-09T21:37:32.501,9.4438574779997,1,0.19556331634521484,4.253903999597242,32.89638400019612,3.5,4761.8125,9.0,1266.5625
yolo11n.pt,1,static,284,2026-09-09,21:37:32.533,2026-09-09T21:37:32.533,9.47583124599987,1,0.2950180470943451,4.28121300001294,29.037009000148828,2.0,4761.8125,9.0,1266.5625
yolo11n.pt,1,static,285,2026-09-09,21:37:32.565,2026-09-09T21:37:32.565,9.507887793000009,1,0.3679455816745758,4.247503999977198,29.002529000081267,3.8,4758.078125,9.0,1266.5625
yolo11n.pt,1,static,286,2026-09-09,21:37:32.601,2026-09-09T21:37:32.601,9.54386418499962,1,0.38058674335479736,4.247893999945518,33.04287299988573,1.8,4755.16015625,9.0,1266.5625
yolo11n.pt,1,static,287,2026-09-09,21:37:32.633,2026-09-09T21:37:32.633,9.575984741999946,1,0.5468248724937439,4.2143240002587845,29.12820900019142,2.0,4755.40625,9.0,1266.5625
yolo11n.pt,1,static,288,2026-09-09,21:37:32.666,2026-09-09T21:37:32.666,9.608130908999556,1,0.19289009273052216,4.23889399962718,29.17777799984833,3.9,4755.6484375,9.0,1266.5625
yolo11n.pt,1,static,289,2026-09-09,21:37:32.701,2026-09-09T21:37:32.701,9.64381072299966,1,0.3816133141517639,4.3521229999896605,32.81464500014408,3.4,4755.5390625,9.0,1266.5625
yolo11n.pt,1,static,290,2026-09-09,21:37:32.733,2026-09-09T21:37:32.733,9.675892219999696,1,0.4457623064517975,4.363193000244792,29.180279000229348,2.0,4755.5390625,9.0,1266.5625
yolo11n.pt,1,static,291,2026-09-09,21:37:32.766,2026-09-09T21:37:32.766,9.708014566999736,1,0.6668854355812073,4.311333000259765,29.100439000103506,3.9,4755.5390625,9.0,1266.5625
yolo11n.pt,1,static,292,2026-09-09,21:37:32.802,2026-09-09T21:37:32.802,9.74402973899987,1,0.5054678916931152,4.258133999883285,33.03337299985287,1.8,4752.3828125,9.0,1263.25
yolo11n.pt,1,static,293,2026-09-09,21:37:32.834,2026-09-09T21:37:32.834,9.776227125999867,1,0.4399273097515106,4.272433000096498,29.25876800009064,5.8,4752.609375,9.0,1263.25
yolo11n.pt,1,static,294,2026-09-09,21:37:32.865,2026-09-09T21:37:32.865,9.807860754999638,1,0.4184167981147766,4.2264329999852635,28.662459999850398,2.0,4752.609375,9.0,1263.25
yolo11n.pt,1,static,295,2026-09-09,21:37:32.901,2026-09-09T21:37:32.901,9.84373487699986,1,0.4027788043022156,4.331504000219866,32.99819300036688,3.4,4752.609375,9.0,1263.25
yolo11n.pt,1,static,296,2026-09-09,21:37:32.933,2026-09-09T21:37:32.933,9.875724684999568,1,0.3724370002746582,4.34732299981988,29.07759800018539,2.0,4753.34375,9.0,1257.5625
yolo11n.pt,1,static,297,2026-09-09,21:37:32.965,2026-09-09T21:37:32.965,9.907728511999721,1,0.3315680921077728,4.322064000007231,28.94813900002191,3.9,4753.34375,9.0,1257.5625
yolo11n.pt,1,static,298,2026-09-09,21:37:33.001,2026-09-09T21:37:33.001,9.943872363999617,1,0.41834020614624023,4.173053999693366,33.03874299990639,1.8,4753.34375,9.0,1257.5625
yolo11n.pt,1,static,299,2026-09-09,21:37:33.033,2026-09-09T21:37:33.033,9.975884540999687,1,0.28074806928634644,4.1649839999990945,28.9394089995767,2.0,4753.34375,9.0,1257.5625
yolo11n.pt,1,static,300,2026-09-09,21:37:33.065,2026-09-09T21:37:33.065,10.00775356899976,1,0.2933240234851837,4.159604000051331,28.849280000031285,1.9,4753.34375,9.0,1257.5625
yolo11n.pt,2,horizontal_slow,1,2026-09-09,21:37:46.836,2026-09-09T21:37:46.836,0.03642483000021457,1,0.6546580195426941,5.77077800016923,42.84728500033452,3.7,4794.55078125,4.0,1259.75
yolo11n.pt,2,horizontal_slow,2,2026-09-09,21:37:46.866,2026-09-09T21:37:46.866,0.06819083900018086,1,0.42497026920318604,4.359673999715596,27.25222599974586,4.1,4794.79296875,4.0,1259.75
yolo11n.pt,2,horizontal_slow,3,2026-09-09,21:37:46.899,2026-09-09T21:37:46.899,0.0998784670000532,0,0.0,4.092243999821221,29.631156000050396,2.0,4794.79296875,4.0,1259.75
yolo11n.pt,2,horizontal_slow,4,2026-09-09,21:37:46.935,2026-09-09T21:37:46.935,0.13716479400000026,1,0.37850868701934814,4.184834000170667,33.21797299986429,3.4,4794.79296875,4.0,1259.75
yolo11n.pt,2,horizontal_slow,5,2026-09-09,21:37:46.966,2026-09-09T21:37:46.966,0.16790501700006644,1,0.42850589752197266,4.230893000112701,27.822582999760925,2.0,4794.79296875,4.0,1259.75
yolo11n.pt,2,horizontal_slow,6,2026-09-09,21:37:46.997,2026-09-09T21:37:46.997,0.1999093840004207,0,0.0,4.047594999974535,28.739260000293143,2.0,4794.79296875,4.0,1259.75
yolo11n.pt,2,horizontal_slow,7,2026-09-09,21:37:47.034,2026-09-09T21:37:47.034,0.235808107000139,1,0.44390735030174255,4.45682300005501,33.485362000192254,3.5,4794.79296875,4.0,1259.75
yolo11n.pt,2,horizontal_slow,8,2026-09-09,21:37:47.065,2026-09-09T21:37:47.065,0.2675990550001188,1,0.7344434857368469,4.321433999848523,28.619919999982812,5.8,4794.79296875,4.0,1258.3125
yolo11n.pt,2,horizontal_slow,9,2026-09-09,21:37:47.097,2026-09-09T21:37:47.097,0.2998364320001201,1,0.39248234033584595,4.2624929997145955,29.121989000032045,2.0,4794.79296875,4.0,1258.3125
yolo11n.pt,2,horizontal_slow,10,2026-09-09,21:37:47.133,2026-09-09T21:37:47.133,0.3357903740002257,1,0.30923882126808167,4.310433000227931,32.929643999978,1.8,4794.79296875,10.0,1258.3125
yolo11n.pt,2,horizontal_slow,11,2026-09-09,21:37:47.166,2026-09-09T21:37:47.166,0.3678246020003826,1,0.7155824303627014,4.374073999770189,29.146467999908054,3.8,4794.79296875,10.0,1258.3125
yolo11n.pt,2,horizontal_slow,12,2026-09-09,21:37:47.197,2026-09-09T21:37:47.197,0.39980210900012025,1,0.6532166004180908,4.331262999585306,28.89233999985663,3.9,4795.03515625,10.0,1258.3125
yolo11n.pt,2,horizontal_slow,13,2026-09-09,21:37:47.234,2026-09-09T21:37:47.234,0.4358915410002737,1,0.4389094114303589,4.230323999763641,32.95618399988598,1.8,4795.03515625,10.0,1258.3125
yolo11n.pt,2,horizontal_slow,14,2026-09-09,21:37:47.265,2026-09-09T21:37:47.265,0.46781101900023714,1,0.2789042294025421,4.262902999926155,28.8329199997861,2.0,4795.03515625,10.0,1258.3125
yolo11n.pt,2,horizontal_slow,15,2026-09-09,21:37:47.298,2026-09-09T21:37:47.298,0.500061375000314,1,0.6246102452278137,4.349943999841344,29.41107800006648,5.7,4795.03515625,10.0,1259.75
yolo11n.pt,2,horizontal_slow,16,2026-09-09,21:37:47.334,2026-09-09T21:37:47.334,0.5358536180001465,1,0.6834157705307007,4.376942999897437,32.83090400009314,1.8,4795.03515625,10.0,1259.75
yolo11n.pt,2,horizontal_slow,17,2026-09-09,21:37:47.365,2026-09-09T21:37:47.365,0.5678069860000505,1,0.4567689895629883,4.279802999917592,28.90225900000587,3.9,4795.03515625,10.0,1259.75
yolo11n.pt,2,horizontal_slow,18,2026-09-09,21:37:47.397,2026-09-09T21:37:47.397,0.5998487230003775,1,0.5086959004402161,4.275734000202647,29.06853800004683,2.0,4795.03515625,10.0,1259.75
yolo11n.pt,2,horizontal_slow,19,2026-09-09,21:37:47.433,2026-09-09T21:37:47.433,0.6358307059999788,1,0.6141212582588196,4.264272999989771,32.976613999835536,1.8,4795.03515625,10.0,1259.75
yolo11n.pt,2,horizontal_slow,20,2026-09-09,21:37:47.466,2026-09-09T21:37:47.466,0.6678883730000962,1,0.15427008271217346,4.253873999914504,29.080038999836688,2.0,4795.03515625,10.0,1259.75
yolo11n.pt,2,horizontal_slow,21,2026-09-09,21:37:47.497,2026-09-09T21:37:47.497,0.6998312000000624,1,0.6520729064941406,4.233443999964948,28.94081999966147,3.8,4795.03515625,10.0,1259.75
yolo11n.pt,2,horizontal_slow,22,2026-09-09,21:37:47.533,2026-09-09T21:37:47.533,0.7358372630001213,0,0.0,4.2238830001224414,32.90269399985846,1.8,4794.70703125,10.0,1259.75
yolo11n.pt,2,horizontal_slow,23,2026-09-09,21:37:47.565,2026-09-09T21:37:47.565,0.767861680000351,1,0.7451704740524292,4.250033999596781,29.19863799979794,3.8,4794.70703125,10.0,1259.75
yolo11n.pt,2,horizontal_slow,24,2026-09-09,21:37:47.597,2026-09-09T21:37:47.597,0.7997872780001671,0,0.0,4.1183940002156305,28.69248000024527,3.9,4794.0703125,10.0,1259.75
yolo11n.pt,2,horizontal_slow,25,2026-09-09,21:37:47.633,2026-09-09T21:37:47.633,0.8357696600000963,1,0.8898707032203674,4.342324000390363,33.302233000085835,1.8,4794.06640625,9.0,1259.75
yolo11n.pt,2,horizontal_slow,26,2026-09-09,21:37:47.665,2026-09-09T21:37:47.665,0.8678511870002694,1,0.8298401236534119,4.284783999992214,29.043997999906424,1.9,4793.8203125,9.0,1259.75
yolo11n.pt,2,horizontal_slow,27,2026-09-09,21:37:47.697,2026-09-09T21:37:47.697,0.899800535000395,1,0.7769575119018555,4.278593999970326,28.97976899976129,2.0,4793.8203125,9.0,1259.75
yolo11n.pt,2,horizontal_slow,28,2026-09-09,21:37:47.733,2026-09-09T21:37:47.733,0.935843897000268,1,0.6486219763755798,4.233633999774611,33.025602999714465,3.5,4793.8203125,9.0,1259.75
yolo11n.pt,2,horizontal_slow,29,2026-09-09,21:37:47.765,2026-09-09T21:37:47.765,0.9678133450001951,1,0.8404169082641602,4.250782999861258,29.012619000241102,2.0,4793.8203125,9.0,1259.75
yolo11n.pt,2,horizontal_slow,30,2026-09-09,21:37:47.797,2026-09-09T21:37:47.797,0.9998427520004043,1,0.7785202860832214,4.205673999877035,29.0020799998274,2.0,4793.13671875,9.0,1259.75
yolo11n.pt,2,horizontal_slow,31,2026-09-09,21:37:47.833,2026-09-09T21:37:47.833,1.0358113540000886,1,0.7710227370262146,4.2466639997655875,33.02663400017991,5.1,4793.37890625,9.0,1259.75
yolo11n.pt,2,horizontal_slow,32,2026-09-09,21:37:47.865,2026-09-09T21:37:47.865,1.0678117320003366,1,0.7623004913330078,4.229174000101921,28.990728999815474,2.0,4793.37890625,9.0,1259.75
yolo11n.pt,2,horizontal_slow,33,2026-09-09,21:37:47.901,2026-09-09T21:37:47.901,1.103710594000404,1,0.8803280591964722,4.274614000223664,32.988303000365704,3.4,4793.62109375,9.0,1259.75
yolo11n.pt,2,horizontal_slow,34,2026-09-09,21:37:47.934,2026-09-09T21:37:47.934,1.1359018310004103,1,0.7546848654747009,4.224693999731244,29.166368000005605,3.9,4793.62109375,9.0,1259.75
yolo11n.pt,2,horizontal_slow,35,2026-09-09,21:37:47.965,2026-09-09T21:37:47.965,1.1678741690002425,0,0.0,4.035653999835631,28.69701999998142,3.9,4793.62109375,9.0,1259.75
yolo11n.pt,2,horizontal_slow,36,2026-09-09,21:37:48.001,2026-09-09T21:37:48.001,1.2038694510001733,1,0.8293668031692505,4.135774000133097,33.261912999932974,1.7,4793.62109375,9.0,1259.75
yolo11n.pt,2,horizontal_slow,37,2026-09-09,21:37:48.033,2026-09-09T21:37:48.033,1.2356588690004173,1,0.8122832775115967,4.28844400039452,28.9380990002428,2.0,4793.62109375,9.0,1259.75
yolo11n.pt,2,horizontal_slow,38,2026-09-09,21:37:48.065,2026-09-09T21:37:48.065,1.2678637560002244,1,0.8163662552833557,4.21730399966691,29.17070800003785,3.8,4793.62109375,9.0,1259.75
yolo11n.pt,2,horizontal_slow,39,2026-09-09,21:37:48.102,2026-09-09T21:37:48.102,1.3038936580001064,1,0.7103991508483887,4.229134000070189,33.079032999921765,1.8,4793.62109375,9.0,1259.75
yolo11n.pt,2,horizontal_slow,40,2026-09-09,21:37:48.133,2026-09-09T21:37:48.133,1.3358704460001718,0,0.0,4.0419340002699755,28.722969999762427,2.0,4793.62109375,10.0,1259.75
yolo11n.pt,2,horizontal_slow,41,2026-09-09,21:37:48.166,2026-09-09T21:37:48.166,1.3678787430003467,1,0.7460891604423523,4.280503999780194,29.413676999865856,5.7,4793.62109375,10.0,1259.75
yolo11n.pt,2,horizontal_slow,42,2026-09-09,21:37:48.201,2026-09-09T21:37:48.201,1.4036921660003827,1,0.7499942183494568,4.247454000051221,32.771644000149536,1.8,4793.62109375,10.0,1259.75
yolo11n.pt,2,horizontal_slow,43,2026-09-09,21:37:48.233,2026-09-09T21:37:48.233,1.4359166730000652,1,0.7154371738433838,4.182943000159867,29.232668000076956,2.0,4793.62109375,10.0,1259.75
yolo11n.pt,2,horizontal_slow,44,2026-09-09,21:37:48.265,2026-09-09T21:37:48.265,1.4679251600000498,1,0.7582949995994568,4.156963999776053,28.97578900001463,2.0,4793.62109375,10.0,1259.75
yolo11n.pt,2,horizontal_slow,45,2026-09-09,21:37:48.301,2026-09-09T21:37:48.301,1.50389350200021,1,0.7564266324043274,4.146284999933414,32.9735539999092,3.4,4793.62109375,10.0,1259.75
yolo11n.pt,2,horizontal_slow,46,2026-09-09,21:37:48.333,2026-09-09T21:37:48.333,1.5358680800000002,1,0.7285789847373962,4.205744000046252,29.036507999990135,2.0,4793.62109375,10.0,1259.75
yolo11n.pt,2,horizontal_slow,47,2026-09-09,21:37:48.365,2026-09-09T21:37:48.365,1.5677708880002683,1,0.7681307792663574,4.228404000059527,28.894598999613663,2.0,4793.62109375,10.0,1259.75
yolo11n.pt,2,horizontal_slow,48,2026-09-09,21:37:48.401,2026-09-09T21:37:48.401,1.6038985000000139,1,0.747083842754364,4.201812999781396,33.00407400001859,1.8,4793.62109375,10.0,1259.75
yolo11n.pt,2,horizontal_slow,49,2026-09-09,21:37:48.433,2026-09-09T21:37:48.433,1.6358246570002848,1,0.7764806151390076,4.2167540000264125,28.83553999981814,5.7,4793.62109375,10.0,1259.75
yolo11n.pt,2,horizontal_slow,50,2026-09-09,21:37:48.465,2026-09-09T21:37:48.465,1.6678664650003157,1,0.4329449534416199,4.230242999710754,29.07641900037561,2.0,4793.62109375,10.0,1259.75
yolo11n.pt,2,horizontal_slow,51,2026-09-09,21:37:48.501,2026-09-09T21:37:48.501,1.7039199170003485,1,0.8410808444023132,4.167954000422469,33.02788300015891,1.8,4793.62109375,10.0,1259.75
yolo11n.pt,2,horizontal_slow,52,2026-09-09,21:37:48.533,2026-09-09T21:37:48.533,1.7357114950000323,1,0.8928307294845581,4.280012999970495,28.889669000363938,3.8,4793.62109375,10.0,1259.75
yolo11n.pt,2,horizontal_slow,53,2026-09-09,21:37:48.565,2026-09-09T21:37:48.565,1.7678504520004026,1,0.8083713054656982,4.213713999888569,29.130678000001353,2.0,4793.4140625,10.0,1259.75
yolo11n.pt,2,horizontal_slow,54,2026-09-09,21:37:48.601,2026-09-09T21:37:48.601,1.803682905000187,1,0.8915229439735413,4.343973000231927,32.986933999836765,1.7,4793.16796875,10.0,1259.75
yolo11n.pt,2,horizontal_slow,55,2026-09-09,21:37:48.633,2026-09-09T21:37:48.633,1.8359128410002086,1,0.9029311537742615,4.171563999989303,29.104898999776196,2.0,4793.16796875,9.0,1259.75
yolo11n.pt,2,horizontal_slow,56,2026-09-09,21:37:48.665,2026-09-09T21:37:48.665,1.8677263900003709,0,0.0,4.069384000104037,28.60065000004397,3.9,4793.16796875,9.0,1259.75
yolo11n.pt,2,horizontal_slow,57,2026-09-09,21:37:48.701,2026-09-09T21:37:48.701,1.9036980720002248,1,0.45968955755233765,4.255943999851297,33.31741200008764,5.1,4793.16796875,9.0,1259.75
yolo11n.pt,2,horizontal_slow,58,2026-09-09,21:37:48.733,2026-09-09T21:37:48.733,1.9359188990001712,1,0.8174903988838196,4.1808340001807665,29.212838000148622,2.0,4793.16796875,9.0,1259.75
yolo11n.pt,2,horizontal_slow,59,2026-09-09,21:37:48.766,2026-09-09T21:37:48.766,1.9679217760003667,1,0.6638333201408386,4.203883999707614,29.054548000203795,2.0,4793.16796875,9.0,1259.75
yolo11n.pt,2,horizontal_slow,60,2026-09-09,21:37:48.801,2026-09-09T21:37:48.801,2.0038080389999777,1,0.8586772084236145,4.210864000015135,32.87778399999297,1.8,4793.16796875,9.0,1259.75
yolo11n.pt,2,horizontal_slow,61,2026-09-09,21:37:48.834,2026-09-09T21:37:48.834,2.0357158970000455,1,0.6593762040138245,4.382742999951006,29.161437999846385,5.9,4793.4140625,9.0,1259.6875
yolo11n.pt,2,horizontal_slow,62,2026-09-09,21:37:48.861,2026-09-09T21:37:48.861,2.0635845800002244,1,0.6593762040138245,4.3702729999495205,24.797244999717805,2.2,4793.4140625,9.0,1259.6875
yolo11n.pt,2,horizontal_slow,63,2026-09-09,21:37:48.901,2026-09-09T21:37:48.901,2.1038673259999996,1,0.5684810876846313,4.248143000040727,37.30715700021392,3.1,4793.41015625,9.0,1259.6875
yolo11n.pt,2,horizontal_slow,64,2026-09-09,21:37:48.933,2026-09-09T21:37:48.933,2.1356002940001417,1,0.820102334022522,4.264184000021487,28.748629000347137,3.9,4793.41015625,9.0,1259.6875
yolo11n.pt,2,horizontal_slow,65,2026-09-09,21:37:48.965,2026-09-09T21:37:48.965,2.1678114110000024,1,0.5284578204154968,4.244163999828743,29.116398000041954,3.9,4793.41015625,9.0,1259.6875
yolo11n.pt,2,horizontal_slow,66,2026-09-09,21:37:49.001,2026-09-09T21:37:49.001,2.2038310330003696,1,0.6599541306495667,4.217824000079418,33.01862300031644,1.8,4793.41015625,9.0,1259.6875
yolo11n.pt,2,horizontal_slow,67,2026-09-09,21:37:49.034,2026-09-09T21:37:49.034,2.2357469110002057,1,0.862512469291687,4.547651999928348,29.317708000235143,3.8,4793.41015625,9.0,1259.6875
yolo11n.pt,2,horizontal_slow,68,2026-09-09,21:37:49.065,2026-09-09T21:37:49.065,2.2678589680003824,1,0.8088703751564026,4.224234000048455,28.761410000242904,2.0,4793.41015625,9.0,1258.25
yolo11n.pt,2,horizontal_slow,69,2026-09-09,21:37:49.102,2026-09-09T21:37:49.102,2.3039656200003265,1,0.8041265606880188,4.228793000038422,33.121243000096,1.8,4793.41015625,9.0,1258.25
yolo11n.pt,2,horizontal_slow,70,2026-09-09,21:37:49.133,2026-09-09T21:37:49.133,2.3359341270002005,1,0.752141535282135,4.156013999818242,28.956889000255615,2.0,4793.41015625,10.0,1258.25
yolo11n.pt,2,horizontal_slow,71,2026-09-09,21:37:49.165,2026-09-09T21:37:49.165,2.367914545000076,1,0.7029216885566711,4.176794000159134,29.00394900007086,2.0,4793.41015625,10.0,1258.25
yolo11n.pt,2,horizontal_slow,72,2026-09-09,21:37:49.201,2026-09-09T21:37:49.201,2.4036992780002038,1,0.5933067202568054,4.253153999798087,32.841453999935766,3.4,4793.41015625,10.0,1258.25
yolo11n.pt,2,horizontal_slow,73,2026-09-09,21:37:49.233,2026-09-09T21:37:49.233,2.4358356249999815,1,0.6521996855735779,4.241203999754362,29.002099000081216,3.8,4793.41015625,10.0,1258.25
yolo11n.pt,2,horizontal_slow,74,2026-09-09,21:37:49.266,2026-09-09T21:37:49.266,2.467974692000098,1,0.7562981247901917,4.240514000230178,29.069979000269086,2.0,4793.41015625,10.0,1258.25
yolo11n.pt,2,horizontal_slow,75,2026-09-09,21:37:49.301,2026-09-09T21:37:49.301,2.5036311850003585,1,0.8191173672676086,4.2658840002332,32.58383499996853,1.8,4793.41015625,10.0,1258.25
yolo11n.pt,2,horizontal_slow,76,2026-09-09,21:37:49.333,2026-09-09T21:37:49.333,2.5358941220001725,1,0.6613317131996155,4.214063999825157,29.172397999900568,3.8,4793.41015625,10.0,1258.25
yolo11n.pt,2,horizontal_slow,77,2026-09-09,21:37:49.369,2026-09-09T21:37:49.369,2.5717099950002194,1,0.7849517464637756,4.242574000272725,32.86093399992751,1.8,4793.41015625,10.0,1258.25
yolo11n.pt,2,horizontal_slow,78,2026-09-09,21:37:49.401,2026-09-09T21:37:49.401,2.6038943820003624,1,0.714783251285553,4.201904000183276,29.064648999792553,2.0,4793.41015625,10.0,1258.25
yolo11n.pt,2,horizontal_slow,79,2026-09-09,21:37:49.434,2026-09-09T21:37:49.434,2.635972509000112,1,0.39562365412712097,4.404742999668088,29.250667999804136,5.8,4793.3515625,10.0,1258.25
yolo11n.pt,2,horizontal_slow,80,2026-09-09,21:37:49.469,2026-09-09T21:37:49.469,2.6717770320001364,1,0.6399461627006531,4.262853000000177,32.643855000060285,3.5,4793.3515625,10.0,1258.25
yolo11n.pt,2,horizontal_slow,81,2026-09-09,21:37:49.501,2026-09-09T21:37:49.501,2.7035940000000664,1,0.6203247308731079,4.268334000244067,28.854449999926146,2.0,4793.3515625,10.0,1258.25
yolo11n.pt,2,horizontal_slow,82,2026-09-09,21:37:49.536,2026-09-09T21:37:49.536,2.7362303150002845,1,0.7918329238891602,6.106356999680429,31.534578999981022,5.4,4791.59375,10.0,1258.25
yolo11n.pt,2,horizontal_slow,83,2026-09-09,21:37:49.569,2026-09-09T21:37:49.569,2.7717800489999718,1,0.7795066833496094,4.2599429998517735,30.70839200017872,3.7,4791.8359375,10.0,1258.25
yolo11n.pt,2,horizontal_slow,84,2026-09-09,21:37:49.601,2026-09-09T21:37:49.601,2.803670957000122,0,0.0,4.054873999848496,28.554590000112512,2.0,4791.54296875,10.0,1258.25
yolo11n.pt,2,horizontal_slow,85,2026-09-09,21:37:49.633,2026-09-09T21:37:49.633,2.835868613999992,1,0.3776487112045288,4.21393300030104,29.39753800001199,3.8,4791.78515625,10.0,1258.25
yolo11n.pt,2,horizontal_slow,86,2026-09-09,21:37:49.669,2026-09-09T21:37:49.669,2.8719218559999717,1,0.7225298881530762,4.180585000085557,33.01354400036871,1.8,4791.78515625,10.0,1258.25
yolo11n.pt,2,horizontal_slow,87,2026-09-09,21:37:49.701,2026-09-09T21:37:49.701,2.903925782999977,1,0.8927524089813232,4.172693999862531,28.92397899995558,2.0,4791.78515625,10.0,1258.25
yolo11n.pt,2,horizontal_slow,88,2026-09-09,21:37:49.733,2026-09-09T21:37:49.733,2.9356611210000665,1,0.5378320813179016,4.264543999852322,28.804679999666405,3.9,4791.78515625,10.0,1258.25
yolo11n.pt,2,horizontal_slow,89,2026-09-09,21:37:49.769,2026-09-09T21:37:49.769,2.971587844000169,1,0.6799619793891907,4.276312999991205,32.989673999964,1.8,4791.78515625,10.0,1258.25
yolo11n.pt,2,horizontal_slow,90,2026-09-09,21:37:49.801,2026-09-09T21:37:49.801,3.0039131700000326,0,0.0,4.004574999726174,28.98207900034322,3.8,4791.78515625,10.0,1258.25
yolo11n.pt,2,horizontal_slow,91,2026-09-09,21:37:49.833,2026-09-09T21:37:49.833,3.035937758000273,1,0.8048098683357239,4.160934000083216,29.296707999947103,3.9,4791.78515625,10.0,1258.25
yolo11n.pt,2,horizontal_slow,92,2026-09-09,21:37:49.869,2026-09-09T21:37:49.869,3.0718538400001307,1,0.7504842281341553,4.215564000332961,32.965693999813084,1.8,4791.78515625,10.0,1258.25
yolo11n.pt,2,horizontal_slow,93,2026-09-09,21:37:49.902,2026-09-09T21:37:49.902,3.1039198170001328,1,0.7361500263214111,4.274593999980425,29.183267999997042,3.9,4791.78515625,10.0,1259.6875
yolo11n.pt,2,horizontal_slow,94,2026-09-09,21:37:49.933,2026-09-09T21:37:49.933,3.1359170050000102,1,0.8310376405715942,4.188763999991352,28.853399000126956,5.8,4791.78515625,10.0,1259.6875
yolo11n.pt,2,horizontal_slow,95,2026-09-09,21:37:49.969,2026-09-09T21:37:49.969,3.171821318000184,1,0.672372043132782,4.239244000018516,32.8371049999987,1.8,4791.78515625,10.0,1259.6875
yolo11n.pt,2,horizontal_slow,96,2026-09-09,21:37:50.001,2026-09-09T21:37:50.001,3.203874045000248,1,0.7872077822685242,4.245543000251928,28.95484900000156,3.8,4791.78515625,10.0,1259.6875
yolo11n.pt,2,horizontal_slow,97,2026-09-09,21:37:50.029,2026-09-09T21:37:50.029,3.2315826690000904,1,0.7872077822685242,4.323823000049742,24.732725999911054,0.0,4792.02734375,10.0,1259.6875
yolo11n.pt,2,horizontal_slow,98,2026-09-09,21:37:50.069,2026-09-09T21:37:50.069,3.2718577540003935,1,0.7524464726448059,4.1871339999488555,37.35308699970119,3.1,4792.02734375,10.0,1259.6875
yolo11n.pt,2,horizontal_slow,99,2026-09-09,21:37:50.101,2026-09-09T21:37:50.101,3.303885122000338,1,0.8227298855781555,4.1793740001594415,29.01400900009321,2.0,4792.02734375,10.0,1259.6875
yolo11n.pt,2,horizontal_slow,100,2026-09-09,21:37:50.134,2026-09-09T21:37:50.134,3.3361660479999955,1,0.845854640007019,4.924671000026137,29.962716000227374,5.7,4792.02734375,9.0,1259.6875
yolo11n.pt,2,horizontal_slow,101,2026-09-09,21:37:50.169,2026-09-09T21:37:50.169,3.3717384820001826,1,0.8275159001350403,4.299824000099761,31.954896999650373,1.8,4792.02734375,9.0,1259.6875
yolo11n.pt,2,horizontal_slow,102,2026-09-09,21:37:50.201,2026-09-09T21:37:50.201,3.4037998690000677,1,0.7082704901695251,4.2271739998795965,28.915659000176674,3.9,4792.02734375,9.0,1259.6875
yolo11n.pt,2,horizontal_slow,103,2026-09-09,21:37:50.234,2026-09-09T21:37:50.234,3.4359631560000707,1,0.7980587482452393,4.276934000245092,29.260538000016822,3.8,4792.02734375,9.0,1259.6875
yolo11n.pt,2,horizontal_slow,104,2026-09-09,21:37:50.269,2026-09-09T21:37:50.269,3.471895599000163,1,0.8521509170532227,4.198063999865553,32.78360399963276,1.8,4792.02734375,9.0,1259.6875
yolo11n.pt,2,horizontal_slow,105,2026-09-09,21:37:50.302,2026-09-09T21:37:50.302,3.5039599860001545,1,0.7893845438957214,4.284224000002723,29.185298000356852,3.8,4792.02734375,9.0,1259.6875
yolo11n.pt,2,horizontal_slow,106,2026-09-09,21:37:50.333,2026-09-09T21:37:50.333,3.535917184000027,1,0.5987941026687622,4.176974000074551,28.88228900019385,3.9,4792.02734375,9.0,1259.6875
yolo11n.pt,2,horizontal_slow,107,2026-09-09,21:37:50.370,2026-09-09T21:37:50.370,3.571955886000069,1,0.8460443019866943,4.315972999847872,33.20730299992647,1.7,4792.02734375,9.0,1259.6875
yolo11n.pt,2,horizontal_slow,108,2026-09-09,21:37:50.401,2026-09-09T21:37:50.401,3.6039318430002822,1,0.8212963342666626,4.1678840002532525,28.888950000236946,2.0,4792.02734375,9.0,1259.6875
yolo11n.pt,2,horizontal_slow,109,2026-09-09,21:37:50.433,2026-09-09T21:37:50.433,3.6359487310000986,1,0.7153977751731873,4.143913999996585,29.019119000167848,3.9,4792.02734375,9.0,1259.6875
yolo11n.pt,2,horizontal_slow,110,2026-09-09,21:37:50.469,2026-09-09T21:37:50.469,3.671814553000331,0,0.0,4.047635000006267,32.62869500031229,1.8,4792.02734375,9.0,1259.6875
yolo11n.pt,2,horizontal_slow,111,2026-09-09,21:37:50.501,2026-09-09T21:37:50.501,3.703616092000175,1,0.7864633202552795,4.335912999977154,29.135278000012477,3.9,4792.73828125,9.0,1259.6875
yolo11n.pt,2,horizontal_slow,112,2026-09-09,21:37:50.534,2026-09-09T21:37:50.534,3.7357930690000103,1,0.7940181493759155,4.38967300033255,29.208167999968282,3.9,4792.484375,9.0,1259.6875
yolo11n.pt,2,horizontal_slow,113,2026-09-09,21:37:50.570,2026-09-09T21:37:50.570,3.771720361000007,1,0.8592141270637512,4.5362219998423825,33.05552399979206,3.4,4791.5859375,9.0,1259.6875
yolo11n.pt,2,horizontal_slow,114,2026-09-09,21:37:50.601,2026-09-09T21:37:50.601,3.8037811880003574,1,0.8327500820159912,4.213583999899129,28.73889100010274,3.9,4791.4765625,9.0,1259.6875
yolo11n.pt,2,horizontal_slow,115,2026-09-09,21:37:50.638,2026-09-09T21:37:50.638,3.839762821000022,1,0.8498598337173462,4.365104000044084,33.00301299987041,1.7,4791.47265625,10.0,1259.6875
yolo11n.pt,2,horizontal_slow,116,2026-09-09,21:37:50.670,2026-09-09T21:37:50.670,3.8718874770002003,1,0.6949722170829773,4.426364000210015,29.142037999918102,3.9,4791.47265625,10.0,1259.6875
yolo11n.pt,2,horizontal_slow,117,2026-09-09,21:37:50.701,2026-09-09T21:37:50.701,3.903644176000398,1,0.7669674158096313,4.242034000071726,28.53890999995201,2.0,4790.51171875,10.0,1259.6875
yolo11n.pt,2,horizontal_slow,118,2026-09-09,21:37:50.737,2026-09-09T21:37:50.737,3.939859357000387,1,0.4893774092197418,4.196924000098079,33.154772999751,3.5,4790.51171875,10.0,1259.6875
yolo11n.pt,2,horizontal_slow,119,2026-09-09,21:37:50.769,2026-09-09T21:37:50.769,3.971903735000069,1,0.6467409133911133,4.186233999917022,28.93827899970347,2.0,4790.51171875,10.0,1259.6875
yolo11n.pt,2,horizontal_slow,120,2026-09-09,21:37:50.801,2026-09-09T21:37:50.801,4.0039206020001075,1,0.5144684314727783,4.179934000148933,28.92872000029456,3.9,4790.51171875,10.0,1259.6875
yolo11n.pt,2,horizontal_slow,121,2026-09-09,21:37:50.837,2026-09-09T21:37:50.837,4.039593255,1,0.672181248664856,4.216253999857145,32.69591500020397,3.4,4790.49609375,10.0,1259.6875
yolo11n.pt,2,horizontal_slow,122,2026-09-09,21:37:50.869,2026-09-09T21:37:50.869,4.071868472000006,1,0.8241429924964905,4.22744400020747,29.311407000022882,3.9,4790.49609375,10.0,1259.6875
yolo11n.pt,2,horizontal_slow,123,2026-09-09,21:37:50.902,2026-09-09T21:37:50.902,4.103970269000001,1,0.7768815755844116,4.164844000115409,29.11001899974508,2.0,4790.73828125,10.0,1259.6875
yolo11n.pt,2,horizontal_slow,124,2026-09-09,21:37:50.937,2026-09-09T21:37:50.937,4.139896442000008,1,0.7392901182174683,4.168553999988944,32.950543999959336,1.8,4790.73828125,10.0,1259.6875
yolo11n.pt,2,horizontal_slow,125,2026-09-09,21:37:50.969,2026-09-09T21:37:50.969,4.171714850000171,1,0.717241108417511,4.217203999814956,28.870038999684766,2.0,4790.73828125,10.0,1259.6875
yolo11n.pt,2,horizontal_slow,126,2026-09-09,21:37:51.001,2026-09-09T21:37:51.001,4.20379999700026,1,0.8417499661445618,4.19735400009813,29.112648000136687,3.8,4790.73828125,10.0,1259.6875
yolo11n.pt,2,horizontal_slow,127,2026-09-09,21:37:51.038,2026-09-09T21:37:51.038,4.239846349000345,1,0.6814283132553101,4.5364620000327704,33.45286200010378,5.2,4790.4921875,10.0,1259.6875
yolo11n.pt,2,horizontal_slow,128,2026-09-09,21:37:51.069,2026-09-09T21:37:51.069,4.27177743700031,1,0.6802489161491394,4.286513000351988,28.690390000065236,2.0,4790.4921875,10.0,1259.6875
yolo11n.pt,2,horizontal_slow,129,2026-09-09,21:37:51.102,2026-09-09T21:37:51.102,4.303948664000018,1,0.8038620352745056,4.230203999668447,29.164218999994773,5.7,4790.890625,10.0,1261.1875
yolo11n.pt,2,horizontal_slow,130,2026-09-09,21:37:51.138,2026-09-09T21:37:51.138,4.339975526000217,1,0.5155672430992126,4.187154000192095,33.01606400009405,1.8,4790.890625,11.0,1261.1875
yolo11n.pt,2,horizontal_slow,131,2026-09-09,21:37:51.169,2026-09-09T21:37:51.169,4.371770584000387,1,0.8522564172744751,4.201713999918866,28.763289999915287,3.8,4790.890625,11.0,1261.1875
yolo11n.pt,2,horizontal_slow,132,2026-09-09,21:37:51.202,2026-09-09T21:37:51.202,4.403887831000247,1,0.782071590423584,4.3062740001005295,29.273968000325112,4.0,4790.890625,11.0,1261.6875
yolo11n.pt,2,horizontal_slow,133,2026-09-09,21:37:51.237,2026-09-09T21:37:51.237,4.439855413000259,1,0.5386270880699158,4.250874000263138,32.89802499966754,3.4,4790.890625,11.0,1261.6875
yolo11n.pt,2,horizontal_slow,134,2026-09-09,21:37:51.270,2026-09-09T21:37:51.270,4.471597362000011,1,0.7991000413894653,4.688131999955658,29.21577899996919,3.8,4794.65234375,11.0,1261.6875
yolo11n.pt,2,horizontal_slow,135,2026-09-09,21:37:51.302,2026-09-09T21:37:51.302,4.503932158000225,1,0.8002516031265259,4.200364000098489,28.659669999797188,4.1,4792.20703125,11.0,1261.6875
yolo11n.pt,2,horizontal_slow,136,2026-09-09,21:37:51.338,2026-09-09T21:37:51.338,4.5398367110001345,1,0.8300356864929199,4.375302999960695,33.01118299987138,5.1,4792.20703125,11.0,1261.6875
yolo11n.pt,2,horizontal_slow,137,2026-09-09,21:37:51.369,2026-09-09T21:37:51.369,4.571852678000141,1,0.6871535181999207,4.214083999613649,28.83876900023097,3.9,4792.20703125,11.0,1261.6875
yolo11n.pt,2,horizontal_slow,138,2026-09-09,21:37:51.401,2026-09-09T21:37:51.401,4.6038974750003945,1,0.7832586765289307,4.210864000015135,28.942630000074132,2.0,4792.44921875,11.0,1261.6875
yolo11n.pt,2,horizontal_slow,139,2026-09-09,21:37:51.437,2026-09-09T21:37:51.437,4.639901637000094,1,0.7716965079307556,4.162693999660405,32.98254400033329,1.8,4792.44921875,11.0,1261.6875
yolo11n.pt,2,horizontal_slow,140,2026-09-09,21:37:51.469,2026-09-09T21:37:51.469,4.671877725000286,1,0.712687611579895,4.204813999876933,29.035408000254392,2.0,4792.44921875,11.0,1261.6875
yolo11n.pt,2,horizontal_slow,141,2026-09-09,21:37:51.501,2026-09-09T21:37:51.501,4.703880763000143,1,0.7281705141067505,4.219283000111318,29.024518999904103,5.8,4792.44921875,11.0,1261.6875
yolo11n.pt,2,horizontal_slow,142,2026-09-09,21:37:51.537,2026-09-09T21:37:51.537,4.739841445000366,1,0.2677071988582611,4.241143999934138,32.86713400029839,1.8,4792.44921875,11.0,1261.6875
yolo11n.pt,2,horizontal_slow,143,2026-09-09,21:37:51.569,2026-09-09T21:37:51.569,4.771867962000215,1,0.7016444206237793,4.231214000355976,28.97424000002502,1.9,4790.7578125,11.0,1261.6875
yolo11n.pt,2,horizontal_slow,144,2026-09-09,21:37:51.601,2026-09-09T21:37:51.601,4.803836120000142,1,0.714023768901825,4.247624000072392,28.997958999752882,3.9,4790.671875,11.0,1261.6875
yolo11n.pt,2,horizontal_slow,145,2026-09-09,21:37:51.638,2026-09-09T21:37:51.638,4.839921092000168,1,0.6443876624107361,4.198583999823313,33.076523000090674,1.8,4790.109375,10.0,1261.6875
yolo11n.pt,2,horizontal_slow,146,2026-09-09,21:37:51.669,2026-09-09T21:37:51.669,4.871888979000232,1,0.7077350616455078,4.206084000088595,28.980949000015244,2.0,4790.109375,10.0,1261.6875
yolo11n.pt,2,horizontal_slow,147,2026-09-09,21:37:51.701,2026-09-09T21:37:51.701,4.90391741700023,1,0.7123571038246155,4.161454000040976,29.0073289997963,3.9,4790.109375,10.0,1261.6875
yolo11n.pt,2,horizontal_slow,148,2026-09-09,21:37:51.738,2026-09-09T21:37:51.738,4.939700450000146,1,0.7467566728591919,4.807981000340078,33.4691420002855,5.1,4789.86328125,10.0,1261.6875
yolo11n.pt,2,horizontal_slow,149,2026-09-09,21:37:51.769,2026-09-09T21:37:51.769,4.971871207000277,1,0.715548038482666,4.230183999879955,28.60413099961079,3.9,4790.10546875,10.0,1261.6875
yolo11n.pt,2,horizontal_slow,150,2026-09-09,21:37:51.801,2026-09-09T21:37:51.801,5.003727675000391,1,0.7412729859352112,4.277102999822091,28.8988900001641,2.0,4790.10546875,10.0,1261.6875
yolo11n.pt,2,horizontal_slow,151,2026-09-09,21:37:51.837,2026-09-09T21:37:51.837,5.039672987000358,1,0.7876817584037781,4.219244000069011,32.940094000423414,3.4,4790.10546875,10.0,1261.6875
yolo11n.pt,2,horizontal_slow,152,2026-09-09,21:37:51.869,2026-09-09T21:37:51.869,5.0719262640000125,1,0.7972633242607117,4.170933999830595,29.23129800001334,2.0,4790.10546875,10.0,1261.6875
yolo11n.pt,2,horizontal_slow,153,2026-09-09,21:37:51.906,2026-09-09T21:37:51.906,5.1079057560000365,1,0.8222947716712952,4.250043999945774,33.07115299958241,5.2,4790.34765625,10.0,1261.6875
yolo11n.pt,2,horizontal_slow,154,2026-09-09,21:37:51.938,2026-09-09T21:37:51.938,5.139920573000381,1,0.8139446377754211,4.221833999963565,28.87151000004451,3.8,4790.34765625,10.0,1261.6875
yolo11n.pt,2,horizontal_slow,155,2026-09-09,21:37:51.969,2026-09-09T21:37:51.969,5.171909771000173,1,0.7936068773269653,4.18186400020204,28.870559000097273,2.0,4790.34765625,10.0,1261.6875
yolo11n.pt,2,horizontal_slow,156,2026-09-09,21:37:52.005,2026-09-09T21:37:52.005,5.2077306340002,1,0.6154693365097046,4.354003000116791,32.875384999897506,1.8,4790.1015625,10.0,1261.6875
yolo11n.pt,2,horizontal_slow,157,2026-09-09,21:37:52.038,2026-09-09T21:37:52.038,5.239911391000078,1,0.770615816116333,4.307483999582473,29.1273889997683,3.8,4790.1015625,10.0,1261.6875
yolo11n.pt,2,horizontal_slow,158,2026-09-09,21:37:52.070,2026-09-09T21:37:52.070,5.272033548000309,1,0.8029908537864685,4.388314000152604,29.227498000182095,3.9,4790.1015625,10.0,1261.6875
yolo11n.pt,2,horizontal_slow,159,2026-09-09,21:37:52.106,2026-09-09T21:37:52.106,5.3079480800001875,1,0.76192706823349,4.338963000009244,32.9192639997018,1.8,4790.1015625,10.0,1261.6875
yolo11n.pt,2,horizontal_slow,160,2026-09-09,21:37:52.138,2026-09-09T21:37:52.138,5.339939557999969,1,0.8952874541282654,4.183483999895543,28.854488999968453,3.9,4790.1015625,10.0,1261.6875
yolo11n.pt,2,horizontal_slow,161,2026-09-09,21:37:52.170,2026-09-09T21:37:52.170,5.372016305000216,1,0.8755465745925903,4.18647400010741,29.11456800029555,3.8,4790.1015625,10.0,1261.6875
yolo11n.pt,2,horizontal_slow,162,2026-09-09,21:37:52.206,2026-09-09T21:37:52.206,5.408000347000325,1,0.8322615623474121,4.3102839999846765,33.11129299981985,1.8,4790.1015625,10.0,1261.6875
yolo11n.pt,2,horizontal_slow,163,2026-09-09,21:37:52.238,2026-09-09T21:37:52.238,5.439927965000152,1,0.7645053267478943,4.197253999791428,28.861928999958764,2.0,4790.1015625,10.0,1261.6875
yolo11n.pt,2,horizontal_slow,164,2026-09-09,21:37:52.270,2026-09-09T21:37:52.270,5.471944662000169,1,0.8249204754829407,4.163333999713359,29.0064590003567,3.8,4790.1015625,10.0,1261.6875
yolo11n.pt,2,horizontal_slow,165,2026-09-09,21:37:52.305,2026-09-09T21:37:52.305,5.507840985000257,0,0.0,4.181404000064504,32.79787499968734,1.8,4790.1015625,10.0,1261.6875
yolo11n.pt,2,horizontal_slow,166,2026-09-09,21:37:52.338,2026-09-09T21:37:52.338,5.539886772000045,1,0.7667511105537415,4.336803999649419,29.38676800022222,3.9,4790.34375,10.0,1261.6875
yolo11n.pt,2,horizontal_slow,167,2026-09-09,21:37:52.370,2026-09-09T21:37:52.370,5.571888740000304,1,0.8089491128921509,4.345192999608116,29.039138999905845,2.0,4790.34375,10.0,1261.6875
yolo11n.pt,2,horizontal_slow,168,2026-09-09,21:37:52.406,2026-09-09T21:37:52.406,5.607934022000336,1,0.6055389046669006,4.223582999657083,32.952214000033564,5.1,4790.33203125,10.0,1261.6875
yolo11n.pt,2,horizontal_slow,169,2026-09-09,21:37:52.438,2026-09-09T21:37:52.438,5.63988758000005,1,0.8061636686325073,4.543092999938381,29.450196999732725,6.0,4790.33203125,10.0,1261.6875
yolo11n.pt,2,horizontal_slow,170,2026-09-09,21:37:52.470,2026-09-09T21:37:52.470,5.671983367000394,1,0.7975220680236816,4.333222999775899,28.596460999779083,2.0,4790.33203125,10.0,1261.6875
yolo11n.pt,2,horizontal_slow,171,2026-09-09,21:37:52.505,2026-09-09T21:37:52.505,5.707663510000202,1,0.760525107383728,4.317713000091317,32.57773499990435,3.6,4790.33203125,10.0,1261.6875
yolo11n.pt,2,horizontal_slow,172,2026-09-09,21:37:52.538,2026-09-09T21:37:52.538,5.739882237000074,1,0.8375205993652344,4.239623999637843,29.195057999913843,1.9,4789.0546875,10.0,1261.6875
yolo11n.pt,2,horizontal_slow,173,2026-09-09,21:37:52.569,2026-09-09T21:37:52.569,5.771868504000395,1,0.5531668066978455,4.238804000124219,29.00906800005032,2.0,4789.0546875,10.0,1261.6875
yolo11n.pt,2,horizontal_slow,174,2026-09-09,21:37:52.606,2026-09-09T21:37:52.606,5.8079660060002425,1,0.6819621920585632,4.425122999691666,33.38377199997922,5.1,4786.20703125,10.0,1261.6875
yolo11n.pt,2,horizontal_slow,175,2026-09-09,21:37:52.638,2026-09-09T21:37:52.638,5.839914234000389,1,0.7411666512489319,4.313803000059124,28.82017999991149,2.0,4786.20703125,10.0,1261.6875
yolo11n.pt,2,horizontal_slow,176,2026-09-09,21:37:52.670,2026-09-09T21:37:52.670,5.871863481000219,1,0.7855319976806641,4.336634000082995,29.003049000039027,3.8,4785.9609375,10.0,1261.6875
yolo11n.pt,2,horizontal_slow,177,2026-09-09,21:37:52.705,2026-09-09T21:37:52.705,5.9078473240001586,1,0.3521571755409241,4.242142999828502,32.9425039999478,1.8,4785.9609375,10.0,1261.6875
yolo11n.pt,2,horizontal_slow,178,2026-09-09,21:37:52.738,2026-09-09T21:37:52.738,5.939926891000141,1,0.5792967677116394,4.521641999872372,29.430527000386064,5.8,4785.9609375,10.0,1261.6875
yolo11n.pt,2,horizontal_slow,179,2026-09-09,21:37:52.770,2026-09-09T21:37:52.770,5.971924768000008,1,0.6830611824989319,4.228944000260526,28.75140999958603,2.0,4785.9609375,10.0,1261.6875
yolo11n.pt,2,horizontal_slow,180,2026-09-09,21:37:52.805,2026-09-09T21:37:52.805,6.007647692000319,1,0.22222554683685303,4.340153000157443,32.86073499975828,1.8,4785.9609375,10.0,1261.6875
yolo11n.pt,2,horizontal_slow,181,2026-09-09,21:37:52.838,2026-09-09T21:37:52.838,6.0397641690001365,1,0.5996974110603333,4.444252999746823,29.30434800009607,5.9,4785.71484375,10.0,1261.6875
yolo11n.pt,2,horizontal_slow,182,2026-09-09,21:37:52.870,2026-09-09T21:37:52.870,6.071889236000061,1,0.8475304245948792,4.273083000043698,28.9308589999564,3.9,4785.703125,10.0,1261.6875
yolo11n.pt,2,horizontal_slow,183,2026-09-09,21:37:52.905,2026-09-09T21:37:52.905,6.1077278490001845,1,0.8905048370361328,4.24212300004001,32.838285000252654,1.8,4785.703125,10.0,1261.6875
yolo11n.pt,2,horizontal_slow,184,2026-09-09,21:37:52.937,2026-09-09T21:37:52.937,6.1398512860000665,1,0.7484237551689148,4.226003999974637,29.09636899994439,3.8,4785.703125,10.0,1261.6875
yolo11n.pt,2,horizontal_slow,185,2026-09-09,21:37:52.970,2026-09-09T21:37:52.970,6.171906333000152,1,0.7751691937446594,4.313652999826445,29.12140900025406,2.0,4785.703125,10.0,1261.6875
yolo11n.pt,2,horizontal_slow,186,2026-09-09,21:37:53.005,2026-09-09T21:37:53.005,6.207905494999977,1,0.8062217831611633,4.178153999873757,32.778354000129184,1.8,4785.703125,10.0,1261.6875
yolo11n.pt,2,horizontal_slow,187,2026-09-09,21:37:53.038,2026-09-09T21:37:53.038,6.2398794929999895,1,0.8645146489143372,4.611651999766764,29.36053700022967,5.8,4785.94921875,10.0,1261.6875
yolo11n.pt,2,horizontal_slow,188,2026-09-09,21:37:53.070,2026-09-09T21:37:53.070,6.271937220000382,1,0.8222302198410034,4.248594000273442,28.664590000062162,2.0,4785.94921875,10.0,1258.9375
yolo11n.pt,2,horizontal_slow,189,2026-09-09,21:37:53.106,2026-09-09T21:37:53.106,6.3078253930002575,1,0.9070329666137695,4.340454000157479,32.97584399979314,1.8,4785.94921875,10.0,1258.9375
yolo11n.pt,2,horizontal_slow,190,2026-09-09,21:37:53.138,2026-09-09T21:37:53.138,6.3398801000003004,1,0.8639723062515259,4.442822999862983,29.229237999970792,5.8,4785.94921875,10.0,1258.9375
yolo11n.pt,2,horizontal_slow,191,2026-09-09,21:37:53.174,2026-09-09T21:37:53.174,6.375891592000244,1,0.8636012673377991,4.21978400027001,32.82708400001866,3.4,4785.94921875,10.0,1258.9375
yolo11n.pt,2,horizontal_slow,192,2026-09-09,21:37:53.205,2026-09-09T21:37:53.205,6.407864000000245,1,0.8033827543258667,4.245182999966346,29.001149000123405,2.0,4785.94921875,10.0,1258.9375
yolo11n.pt,2,horizontal_slow,193,2026-09-09,21:37:53.237,2026-09-09T21:37:53.237,6.439947577000112,1,0.736476719379425,4.14457399983803,29.07847899996341,2.0,4785.9453125,10.0,1258.9375
yolo11n.pt,2,horizontal_slow,194,2026-09-09,21:37:53.273,2026-09-09T21:37:53.273,6.475665730000401,1,0.8287047147750854,4.307202999825677,32.89530400024887,3.4,4785.9453125,10.0,1258.9375
yolo11n.pt,2,horizontal_slow,195,2026-09-09,21:37:53.305,2026-09-09T21:37:53.305,6.507668457000364,1,0.5690452456474304,4.2793140000867425,28.99531899993235,2.0,4785.9453125,10.0,1258.9375
yolo11n.pt,2,horizontal_slow,196,2026-09-09,21:37:53.337,2026-09-09T21:37:53.337,6.539657085000272,1,0.869177520275116,4.255854000348336,28.98002899974017,3.9,4785.9453125,10.0,1258.9375
yolo11n.pt,2,horizontal_slow,197,2026-09-09,21:37:53.374,2026-09-09T21:37:53.374,6.575879736000388,1,0.8957240581512451,4.30573399989953,33.21894300006534,3.4,4785.9453125,10.0,1258.9375
yolo11n.pt,2,horizontal_slow,198,2026-09-09,21:37:53.406,2026-09-09T21:37:53.406,6.60785441400003,1,0.9256501197814941,4.297414000120625,28.935249000369367,2.0,4785.9453125,10.0,1258.9375
yolo11n.pt,2,horizontal_slow,199,2026-09-09,21:37:53.438,2026-09-09T21:37:53.438,6.639862942000036,1,0.8892011642456055,4.2859130003307655,29.055948999939574,2.0,4785.9453125,10.0,1258.9375
yolo11n.pt,2,horizontal_slow,200,2026-09-09,21:37:53.474,2026-09-09T21:37:53.474,6.675895954000225,1,0.7520098686218262,4.234363000250596,33.06645299971933,1.8,4785.9453125,10.0,1258.9375
yolo11n.pt,2,horizontal_slow,201,2026-09-09,21:37:53.505,2026-09-09T21:37:53.505,6.7079068310004,1,0.32341641187667847,4.196214000330656,29.00694800018755,5.8,4785.9453125,10.0,1258.9375
yolo11n.pt,2,horizontal_slow,202,2026-09-09,21:37:53.537,2026-09-09T21:37:53.537,6.7399302190001436,1,0.8243041038513184,4.18167399993763,29.03704900018056,2.0,4785.9453125,10.0,1258.9375
yolo11n.pt,2,horizontal_slow,203,2026-09-09,21:37:53.574,2026-09-09T21:37:53.574,6.775893911000367,1,0.5956569910049438,4.278074000012566,33.14290299977074,1.7,4783.65234375,10.0,1258.9375
yolo11n.pt,2,horizontal_slow,204,2026-09-09,21:37:53.605,2026-09-09T21:37:53.605,6.807624279000265,1,0.6151490807533264,4.31916400020782,28.83125900007144,2.0,4783.61328125,10.0,1258.9375
yolo11n.pt,2,horizontal_slow,205,2026-09-09,21:37:53.637,2026-09-09T21:37:53.637,6.8398487760000535,1,0.6207340955734253,4.25957399966137,29.068457999983366,3.8,4783.2578125,10.0,1258.9375
yolo11n.pt,2,horizontal_slow,206,2026-09-09,21:37:53.673,2026-09-09T21:37:53.673,6.875861848000113,1,0.7656291127204895,4.232193999996525,32.95357300021351,3.4,4783.09765625,10.0,1258.9375
yolo11n.pt,2,horizontal_slow,207,2026-09-09,21:37:53.705,2026-09-09T21:37:53.705,6.907835166000041,1,0.6254709362983704,4.209654000078444,28.94670900013807,2.0,4783.09765625,10.0,1258.9375
yolo11n.pt,2,horizontal_slow,208,2026-09-09,21:37:53.737,2026-09-09T21:37:53.737,6.939815793999969,1,0.603152334690094,4.276232999927743,29.01091900002939,3.8,4783.09765625,10.0,1258.9375
yolo11n.pt,2,horizontal_slow,209,2026-09-09,21:37:53.773,2026-09-09T21:37:53.773,6.975885136000215,1,0.7189419865608215,4.226374000154465,33.0427740000232,1.8,4783.09765625,10.0,1258.9375
yolo11n.pt,2,horizontal_slow,210,2026-09-09,21:37:53.805,2026-09-09T21:37:53.805,7.007893883000179,1,0.45722827315330505,4.185404000054405,28.907138999784365,3.8,4782.60546875,10.0,1258.9375
yolo11n.pt,2,horizontal_slow,211,2026-09-09,21:37:53.837,2026-09-09T21:37:53.837,7.039695741000287,1,0.7975911498069763,4.282662999685272,28.801519999888114,3.9,4782.84765625,10.0,1258.9375
yolo11n.pt,2,horizontal_slow,212,2026-09-09,21:37:53.874,2026-09-09T21:37:53.874,7.075866003000101,1,0.7081605792045593,4.321643000366748,33.228302000225085,1.8,4781.52734375,10.0,1258.9375
yolo11n.pt,2,horizontal_slow,213,2026-09-09,21:37:53.906,2026-09-09T21:37:53.906,7.107870840000032,1,0.883014440536499,4.489242999625276,29.238657999940187,5.8,4781.52734375,10.0,1258.9375
yolo11n.pt,2,horizontal_slow,214,2026-09-09,21:37:53.938,2026-09-09T21:37:53.938,7.139941877000183,1,0.8427431583404541,4.234223999901587,28.862958999980037,2.0,4781.52734375,10.0,1258.9375
yolo11n.pt,2,horizontal_slow,215,2026-09-09,21:37:53.974,2026-09-09T21:37:53.974,7.1759090590003325,1,0.8117382526397705,4.2002139998658095,32.97576400018443,1.8,4781.52734375,10.0,1258.9375
yolo11n.pt,2,horizontal_slow,216,2026-09-09,21:37:54.005,2026-09-09T21:37:54.005,7.20783882700016,1,0.7262660264968872,4.225063999911072,28.969239000161906,3.8,4781.52734375,10.0,1258.9375
yolo11n.pt,2,horizontal_slow,217,2026-09-09,21:37:54.037,2026-09-09T21:37:54.037,7.239870644000348,1,0.5507932901382446,4.230903999996372,29.098688999965816,2.0,4781.28125,10.0,1258.9375
yolo11n.pt,2,horizontal_slow,218,2026-09-09,21:37:54.073,2026-09-09T21:37:54.073,7.27565809700036,1,0.90496826171875,4.317713999625994,32.919044999744074,3.4,4781.015625,10.0,1257.1875
yolo11n.pt,2,horizontal_slow,219,2026-09-09,21:37:54.105,2026-09-09T21:37:54.105,7.307908924000003,1,0.777229905128479,4.186183999991044,29.132038000170724,3.8,4781.015625,10.0,1257.1875
yolo11n.pt,2,horizontal_slow,220,2026-09-09,21:37:54.137,2026-09-09T21:37:54.137,7.3397098520003965,1,0.8904198408126831,4.311093999604054,28.879079000034835,2.0,4781.015625,10.0,1257.1875
yolo11n.pt,2,horizontal_slow,221,2026-09-09,21:37:54.174,2026-09-09T21:37:54.174,7.37588104400038,1,0.8844982385635376,4.3091829998047615,33.196193000094354,3.4,4781.015625,10.0,1257.1875
yolo11n.pt,2,horizontal_slow,222,2026-09-09,21:37:54.206,2026-09-09T21:37:54.206,7.407895961000122,1,0.710698127746582,4.444802999842068,29.1698890000589,2.0,4781.015625,10.0,1257.1875
yolo11n.pt,2,horizontal_slow,223,2026-09-09,21:37:54.238,2026-09-09T21:37:54.238,7.440001698000287,1,0.6081207394599915,4.2828139999073755,28.99726899977395,3.9,4780.765625,10.0,1257.1875
yolo11n.pt,2,horizontal_slow,224,2026-09-09,21:37:54.274,2026-09-09T21:37:54.274,7.476098750000347,1,0.8406223058700562,4.282093999790959,33.116932999746496,1.8,4780.76171875,10.0,1257.1875
yolo11n.pt,2,horizontal_slow,225,2026-09-09,21:37:54.306,2026-09-09T21:37:54.306,7.5079832180003905,1,0.6900352835655212,4.1585440003473195,28.83809900004053,3.9,4780.76171875,10.0,1257.1875
yolo11n.pt,2,horizontal_slow,226,2026-09-09,21:37:54.338,2026-09-09T21:37:54.338,7.540003546000207,1,0.848921537399292,4.261513000074046,29.11916899984135,3.8,4780.76171875,10.0,1257.1875
yolo11n.pt,2,horizontal_slow,227,2026-09-09,21:37:54.374,2026-09-09T21:37:54.374,7.575887828000305,1,0.7743039727210999,4.190164000192453,32.94107400006396,1.8,4780.76171875,10.0,1257.1875
yolo11n.pt,2,horizontal_slow,228,2026-09-09,21:37:54.406,2026-09-09T21:37:54.406,7.6078792160001285,1,0.4282228946685791,4.2754229998536175,28.914699999859295,3.8,4780.76171875,10.0,1257.1875
yolo11n.pt,2,horizontal_slow,229,2026-09-09,21:37:54.437,2026-09-09T21:37:54.437,7.639582583999982,1,0.4282228946685791,4.44010299997899,28.834910000114178,0.0,4780.76171875,10.0,1257.1875
yolo11n.pt,2,horizontal_slow,230,2026-09-09,21:37:54.474,2026-09-09T21:37:54.474,7.675904345000163,1,0.5466277599334717,4.2468840001674835,33.34481199999573,3.5,4780.76171875,10.0,1257.1875
yolo11n.pt,2,horizontal_slow,231,2026-09-09,21:37:54.506,2026-09-09T21:37:54.506,7.7079749330000595,1,0.4661482572555542,4.228943999805779,29.099879000114015,2.0,4780.76171875,10.0,1258.75
yolo11n.pt,2,horizontal_slow,232,2026-09-09,21:37:54.542,2026-09-09T21:37:54.542,7.743967285000053,1,0.6708947420120239,4.195034000076703,32.83314400005111,3.4,4780.76171875,10.0,1258.75
yolo11n.pt,2,horizontal_slow,233,2026-09-09,21:37:54.574,2026-09-09T21:37:54.574,7.775926582000011,1,0.7340031862258911,4.190993999600323,28.9361000000099,3.8,4780.31640625,10.0,1258.75
yolo11n.pt,2,horizontal_slow,234,2026-09-09,21:37:54.605,2026-09-09T21:37:54.605,7.80767035100007,1,0.8917450308799744,4.333773000325891,28.864009999779228,3.9,4778.1484375,10.0,1258.75
yolo11n.pt,2,horizontal_slow,235,2026-09-09,21:37:54.642,2026-09-09T21:37:54.642,7.8440071420000095,1,0.7438294291496277,4.240783000113879,33.19245300008333,1.8,4778.2109375,11.0,1258.75
yolo11n.pt,2,horizontal_slow,236,2026-09-09,21:37:54.674,2026-09-09T21:37:54.674,7.876001729000109,1,0.7084750533103943,4.33608399998775,29.11772800007384,2.0,4778.2109375,11.0,1258.75
yolo11n.pt,2,horizontal_slow,237,2026-09-09,21:37:54.705,2026-09-09T21:37:54.705,7.907992007000303,0,0.0,4.119293999792717,28.70623000035266,2.0,4778.2109375,11.0,1258.75
yolo11n.pt,2,horizontal_slow,238,2026-09-09,21:37:54.742,2026-09-09T21:37:54.742,7.944020259000354,1,0.7729289531707764,4.261814000074082,33.2929520000107,3.4,4778.2109375,11.0,1258.75
yolo11n.pt,2,horizontal_slow,239,2026-09-09,21:37:54.773,2026-09-09T21:37:54.773,7.97585548699999,1,0.16112305223941803,4.206254000109766,28.813189000175043,2.0,4778.2109375,11.0,1258.75
yolo11n.pt,2,horizontal_slow,240,2026-09-09,21:37:54.806,2026-09-09T21:37:54.806,8.007869715000197,1,0.7702158093452454,4.267893999895023,29.094669000187423,2.0,4778.2109375,11.0,1258.75
yolo11n.pt,2,horizontal_slow,241,2026-09-09,21:37:54.841,2026-09-09T21:37:54.841,8.043615828000384,1,0.6916128993034363,4.241362999891862,32.755954999629466,5.2,4778.203125,11.0,1258.75
yolo11n.pt,2,horizontal_slow,242,2026-09-09,21:37:54.873,2026-09-09T21:37:54.873,8.075710765000167,1,0.6978428363800049,4.2432330001247465,29.1273889997683,2.0,4778.203125,11.0,1258.75
yolo11n.pt,2,horizontal_slow,243,2026-09-09,21:37:54.905,2026-09-09T21:37:54.905,8.107761422000294,1,0.6071432828903198,4.271273999620462,29.12410800036014,3.8,4778.203125,11.0,1258.75
yolo11n.pt,2,horizontal_slow,244,2026-09-09,21:37:54.942,2026-09-09T21:37:54.942,8.144005753000329,1,0.42801037430763245,4.31371400009084,33.26353199963705,1.8,4778.203125,11.0,1258.75
yolo11n.pt,2,horizontal_slow,245,2026-09-09,21:37:54.974,2026-09-09T21:37:54.974,8.17596734100016,1,0.7810419201850891,4.323943000144936,28.924508999807585,3.8,4778.203125,11.0,1258.75
yolo11n.pt,2,horizontal_slow,246,2026-09-09,21:37:55.006,2026-09-09T21:37:55.006,8.207971938000355,1,0.7622837424278259,4.2753639995680714,28.904710000006162,2.0,4778.203125,11.0,1258.75
yolo11n.pt,2,horizontal_slow,247,2026-09-09,21:37:55.041,2026-09-09T21:37:55.041,8.24375573100042,1,0.546520471572876,4.262323999682849,32.76002500024333,1.8,4778.203125,11.0,1258.75
yolo11n.pt,2,horizontal_slow,248,2026-09-09,21:37:55.073,2026-09-09T21:37:55.073,8.275698089000343,1,0.8508931994438171,4.27955400027713,28.883708999728697,2.0,4778.203125,11.0,1258.75
yolo11n.pt,2,horizontal_slow,249,2026-09-09,21:37:55.105,2026-09-09T21:37:55.105,8.307685106999998,0,0.0,4.085613999905036,28.601430999970034,3.9,4778.203125,11.0,1258.75
yolo11n.pt,2,horizontal_slow,250,2026-09-09,21:37:55.142,2026-09-09T21:37:55.142,8.343925418000254,1,0.6503716707229614,4.251773999840225,33.46212199994625,1.8,4778.203125,11.0,1258.75
yolo11n.pt,2,horizontal_slow,251,2026-09-09,21:37:55.174,2026-09-09T21:37:55.174,8.37586712600023,1,0.5878276228904724,4.2756330003612675,28.857180000159133,3.8,4778.203125,11.0,1258.75
yolo11n.pt,2,horizontal_slow,252,2026-09-09,21:37:55.205,2026-09-09T21:37:55.205,8.408003013000325,0,0.0,4.203764000067167,28.885759999866423,3.9,4778.203125,11.0,1258.75
yolo11n.pt,2,horizontal_slow,253,2026-09-09,21:37:55.241,2026-09-09T21:37:55.241,8.443721736000043,0,0.0,4.067664000103832,32.64125499981674,1.8,4778.203125,11.0,1258.75
yolo11n.pt,2,horizontal_slow,254,2026-09-09,21:37:55.274,2026-09-09T21:37:55.274,8.475722794000376,1,0.7396740317344666,4.535933000170189,29.46339700019962,2.0,4778.203125,11.0,1258.75
yolo11n.pt,2,horizontal_slow,255,2026-09-09,21:37:55.305,2026-09-09T21:37:55.305,8.507694420999997,0,0.0,4.055725000398525,28.339750999748503,2.0,4778.1953125,11.0,1258.75
yolo11n.pt,2,horizontal_slow,256,2026-09-09,21:37:55.341,2026-09-09T21:37:55.341,8.544010142000388,0,0.0,4.094013999747403,33.36497200007216,3.5,4778.1953125,11.0,1258.75
yolo11n.pt,2,horizontal_slow,257,2026-09-09,21:37:55.373,2026-09-09T21:37:55.373,8.575785700000324,0,0.0,4.129294999984268,28.802400000131456,2.0,4778.1953125,11.0,1258.75
yolo11n.pt,2,horizontal_slow,258,2026-09-09,21:37:55.406,2026-09-09T21:37:55.406,8.608387625999967,1,0.7088229060173035,4.271073000381875,29.74582599972564,5.6,4778.1953125,11.0,1258.75
yolo11n.pt,2,horizontal_slow,259,2026-09-09,21:37:55.441,2026-09-09T21:37:55.441,8.643711059999987,1,0.5580708384513855,4.272723999747541,32.2017160001451,3.5,4778.1953125,11.0,1258.75
yolo11n.pt,2,horizontal_slow,260,2026-09-09,21:37:55.473,2026-09-09T21:37:55.473,8.67578802800017,0,0.0,4.384293000384787,29.130208999958995,2.0,4778.1953125,11.0,1258.75
yolo11n.pt,2,horizontal_slow,261,2026-09-09,21:37:55.505,2026-09-09T21:37:55.505,8.707817765000073,1,0.6892343163490295,4.259263999756513,29.031849000148213,3.8,4778.1953125,11.0,1258.75
yolo11n.pt,2,horizontal_slow,262,2026-09-09,21:37:55.544,2026-09-09T21:37:55.544,8.74442656500014,1,0.7178329825401306,5.783107999832282,35.20856500017544,3.3,4776.9296875,11.0,1259.0
yolo11n.pt,2,horizontal_slow,263,2026-09-09,21:37:55.574,2026-09-09T21:37:55.574,8.775839135000297,1,0.530503511428833,4.279042999769445,26.883587000156695,4.2,4776.9296875,11.0,1259.0
yolo11n.pt,2,horizontal_slow,264,2026-09-09,21:37:55.605,2026-09-09T21:37:55.605,8.80783577200009,1,0.6808866858482361,4.272363999916706,29.201417999956902,2.0,4775.0,11.0,1259.0
yolo11n.pt,2,horizontal_slow,265,2026-09-09,21:37:55.641,2026-09-09T21:37:55.641,8.843713595000281,1,0.6792574524879456,4.269232999831729,32.883914000194636,3.5,4774.93359375,10.0,1259.0
yolo11n.pt,2,horizontal_slow,266,2026-09-09,21:37:55.673,2026-09-09T21:37:55.673,8.875758701999985,1,0.722652018070221,4.294114000003901,29.057648000161862,2.0,4774.93359375,10.0,1259.0
yolo11n.pt,2,horizontal_slow,267,2026-09-09,21:37:55.705,2026-09-09T21:37:55.705,8.907732560000113,1,0.4661845564842224,4.271913000138738,28.879439999855094,3.9,4774.6875,10.0,1259.0
yolo11n.pt,2,horizontal_slow,268,2026-09-09,21:37:55.741,2026-09-09T21:37:55.741,8.943776062000325,1,0.773595929145813,4.271483000138687,32.97987399992053,1.7,4774.6875,10.0,1259.0
yolo11n.pt,2,horizontal_slow,269,2026-09-09,21:37:55.773,2026-09-09T21:37:55.773,8.97578447900014,0,0.0,4.1145340001094155,28.785770000013144,2.0,4774.6875,10.0,1259.0
yolo11n.pt,2,horizontal_slow,270,2026-09-09,21:37:55.809,2026-09-09T21:37:55.809,9.011606332000156,1,0.8495876789093018,4.29297399978168,33.113772999968205,3.5,4774.6875,10.0,1259.0
yolo11n.pt,2,horizontal_slow,271,2026-09-09,21:37:55.841,2026-09-09T21:37:55.841,9.043558440000197,1,0.4156961739063263,4.244633000325848,28.941459000179748,3.9,4774.9296875,10.0,1259.0
yolo11n.pt,2,horizontal_slow,272,2026-09-09,21:37:55.873,2026-09-09T21:37:55.873,9.075681537000037,0,0.0,4.092873999979929,28.794009999728587,3.9,4774.9296875,10.0,1259.0
yolo11n.pt,2,horizontal_slow,273,2026-09-09,21:37:55.909,2026-09-09T21:37:55.909,9.111609969000256,1,0.7032613754272461,4.301264000332594,33.19691299975602,1.7,4774.9296875,10.0,1259.0
yolo11n.pt,2,horizontal_slow,274,2026-09-09,21:37:55.942,2026-09-09T21:37:55.942,9.143586497000342,1,0.7915651798248291,4.813650999949459,29.525546999593644,3.9,4774.31640625,10.0,1259.0
yolo11n.pt,2,horizontal_slow,275,2026-09-09,21:37:55.973,2026-09-09T21:37:55.973,9.17577488400002,1,0.6282613277435303,4.309334000026865,28.547610999794415,3.9,4774.31640625,10.0,1259.0
yolo11n.pt,2,horizontal_slow,276,2026-09-09,21:37:56.009,2026-09-09T21:37:56.009,9.211648836000222,1,0.5379050374031067,4.274293999969814,32.75954399987313,1.8,4774.31640625,10.0,1259.0
yolo11n.pt,2,horizontal_slow,277,2026-09-09,21:37:56.042,2026-09-09T21:37:56.042,9.243750233000355,1,0.5338417887687683,4.422973000146158,29.321687999981805,3.9,4774.31640625,10.0,1259.25
yolo11n.pt,2,horizontal_slow,278,2026-09-09,21:37:56.073,2026-09-09T21:37:56.073,9.275720421000187,1,0.8239688873291016,4.248654000093666,28.78886999997121,3.9,4774.31640625,10.0,1258.1875
yolo11n.pt,2,horizontal_slow,279,2026-09-09,21:37:56.109,2026-09-09T21:37:56.109,9.311693063000348,1,0.8242310285568237,4.288174000066647,33.038903000033315,3.4,4774.31640625,10.0,1258.1875
yolo11n.pt,2,horizontal_slow,280,2026-09-09,21:37:56.141,2026-09-09T21:37:56.141,9.343655421000221,1,0.5159250497817993,4.214993999994476,28.882759000225633,2.0,4774.31640625,11.0,1258.1875
yolo11n.pt,2,horizontal_slow,281,2026-09-09,21:37:56.173,2026-09-09T21:37:56.173,9.375760748000175,0,0.0,4.107834000024013,28.925019000325847,2.0,4774.31640625,11.0,1258.1875
yolo11n.pt,2,horizontal_slow,282,2026-09-09,21:37:56.209,2026-09-09T21:37:56.209,9.411683370999981,1,0.636927604675293,4.434771999967779,33.37945200019021,3.4,4774.31640625,11.0,1258.1875
yolo11n.pt,2,horizontal_slow,283,2026-09-09,21:37:56.242,2026-09-09T21:37:56.242,9.443750448000173,1,0.6577587723731995,4.5583619998978975,29.243038000004162,3.9,4774.31640625,11.0,1258.1875
yolo11n.pt,2,horizontal_slow,284,2026-09-09,21:37:56.274,2026-09-09T21:37:56.274,9.475743065000188,1,0.42230331897735596,4.459632999896712,28.744130000177393,2.0,4774.31640625,11.0,1258.1875
yolo11n.pt,2,horizontal_slow,285,2026-09-09,21:37:56.309,2026-09-09T21:37:56.309,9.511703838000358,1,0.6753883957862854,4.2727230002128636,32.71741500020653,5.2,4774.55859375,11.0,1258.1875
yolo11n.pt,2,horizontal_slow,286,2026-09-09,21:37:56.342,2026-09-09T21:37:56.342,9.543841504000284,1,0.815417468547821,4.411383999922691,29.337767000015447,3.9,4774.55859375,11.0,1258.1875
yolo11n.pt,2,horizontal_slow,287,2026-09-09,21:37:56.373,2026-09-09T21:37:56.373,9.57574402299997,0,0.0,4.119804999845655,28.513500999906682,2.0,4774.55859375,11.0,1258.1875
yolo11n.pt,2,horizontal_slow,288,2026-09-09,21:37:56.409,2026-09-09T21:37:56.409,9.611643325000387,1,0.5344293117523193,4.2727740001282655,33.17605300026116,1.7,4774.55859375,11.0,1258.1875
yolo11n.pt,2,horizontal_slow,289,2026-09-09,21:37:56.441,2026-09-09T21:37:56.441,9.643558943000244,1,0.6897265911102295,4.2598140003065055,28.900298999815277,2.0,4774.55859375,11.0,1258.1875
yolo11n.pt,2,horizontal_slow,290,2026-09-09,21:37:56.473,2026-09-09T21:37:56.473,9.67565865000006,1,0.3283918797969818,4.290063000098598,29.10630799988212,5.8,4774.55859375,11.0,1258.1875
yolo11n.pt,2,horizontal_slow,291,2026-09-09,21:37:56.509,2026-09-09T21:37:56.509,9.711693432000175,1,0.5316798090934753,4.433883000274363,33.05227400005606,1.8,4774.06640625,11.0,1258.1875
yolo11n.pt,2,horizontal_slow,292,2026-09-09,21:37:56.541,2026-09-09T21:37:56.541,9.743718300000182,0,0.0,4.15959500014651,28.597680000075343,5.7,4774.06640625,11.0,1258.1875
yolo11n.pt,2,horizontal_slow,293,2026-09-09,21:37:56.573,2026-09-09T21:37:56.573,9.775793577000059,0,0.0,4.070734000379161,29.009699000198452,2.0,4768.21875,11.0,1258.1875
yolo11n.pt,2,horizontal_slow,294,2026-09-09,21:37:56.609,2026-09-09T21:37:56.609,9.81162034900035,1,0.15705160796642303,4.233714000292821,33.01606400009405,1.8,4768.19921875,11.0,1258.1875
yolo11n.pt,2,horizontal_slow,295,2026-09-09,21:37:56.641,2026-09-09T21:37:56.641,9.843670977000329,1,0.7130709290504456,4.226243999710277,28.95893899994917,2.0,4768.19921875,10.0,1258.1875
yolo11n.pt,2,horizontal_slow,296,2026-09-09,21:37:56.673,2026-09-09T21:37:56.673,9.875647054000183,1,0.3570149838924408,4.272294000202237,29.02725800004191,3.9,4768.19921875,10.0,1258.1875
yolo11n.pt,2,horizontal_slow,297,2026-09-09,21:37:56.709,2026-09-09T21:37:56.709,9.911703486000079,0,0.0,4.05924500000765,32.76910499971564,3.4,4768.19921875,10.0,1258.1875
yolo11n.pt,2,horizontal_slow,298,2026-09-09,21:37:56.741,2026-09-09T21:37:56.741,9.943733694000002,1,0.238090381026268,4.273083000043698,29.37774799966064,2.0,4767.60546875,10.0,1258.1875
yolo11n.pt,2,horizontal_slow,299,2026-09-09,21:37:56.773,2026-09-09T21:37:56.773,9.975700001000405,1,0.5521072149276733,4.222664000280929,28.925328999775957,3.9,4767.60546875,10.0,1258.1875
yolo11n.pt,2,horizontal_slow,300,2026-09-09,21:37:56.809,2026-09-09T21:37:56.809,10.011725273000138,1,0.5415295958518982,4.273774000012054,33.08320400037701,1.8,4767.60546875,10.0,1258.1875
yolo11n.pt,3,horizontal_fast,1,2026-09-09,21:38:03.083,2026-09-09T21:38:03.083,0.032249667000087356,1,0.20738206803798676,5.253699999684613,38.07913400032703,2.2,4741.30078125,4.0,1259.875
yolo11n.pt,3,horizontal_fast,2,2026-09-09,21:38:03.114,2026-09-09T21:38:03.114,0.06382414600011543,1,0.37402430176734924,4.428072999871802,27.602544000274065,5.9,4741.14453125,4.0,1259.875
yolo11n.pt,3,horizontal_fast,3,2026-09-09,21:38:03.149,2026-09-09T21:38:03.149,0.09984736800015526,0,0.0,4.069653999977163,32.568615000400314,1.8,4741.38671875,3.0,1259.875
yolo11n.pt,3,horizontal_fast,4,2026-09-09,21:38:03.181,2026-09-09T21:38:03.181,0.1318383749999157,1,0.4356820285320282,4.258443999788142,29.34605800010104,3.8,4741.38671875,3.0,1259.875
yolo11n.pt,3,horizontal_fast,5,2026-09-09,21:38:03.213,2026-09-09T21:38:03.213,0.16374661300005755,0,0.0,4.036965000068449,28.61539100013033,2.0,4741.38671875,3.0,1259.875
yolo11n.pt,3,horizontal_fast,6,2026-09-09,21:38:03.249,2026-09-09T21:38:03.249,0.19978021499991883,1,0.3761252760887146,4.34190399982981,33.526852000250074,5.2,4743.51953125,3.0,1259.875
yolo11n.pt,3,horizontal_fast,7,2026-09-09,21:38:03.282,2026-09-09T21:38:03.282,0.23181656299993847,1,0.3409869074821472,4.388524000205507,29.005799000060506,7.7,4743.875,3.0,1263.25
yolo11n.pt,3,horizontal_fast,8,2026-09-09,21:38:03.313,2026-09-09T21:38:03.313,0.26380930999994234,0,0.0,4.107434000161447,28.592610000032437,3.9,4743.875,3.0,1263.25
yolo11n.pt,3,horizontal_fast,9,2026-09-09,21:38:03.349,2026-09-09T21:38:03.349,0.2997665230000166,1,0.6085902452468872,4.252353000083531,33.27128299997639,1.8,4743.875,3.0,1263.25
yolo11n.pt,3,horizontal_fast,10,2026-09-09,21:38:03.381,2026-09-09T21:38:03.381,0.33168641000020216,1,0.5908176898956299,4.2621040001904476,28.983180000068387,5.8,4743.875,3.0,1263.25
yolo11n.pt,3,horizontal_fast,11,2026-09-09,21:38:03.413,2026-09-09T21:38:03.413,0.3637552569998661,1,0.6504648327827454,4.260713999883592,29.063059000236535,2.0,4743.875,3.0,1263.25
yolo11n.pt,3,horizontal_fast,12,2026-09-09,21:38:03.449,2026-09-09T21:38:03.449,0.39984557900015716,1,0.5158697962760925,4.243544000019028,33.133514000383,1.8,4743.875,3.0,1263.25
yolo11n.pt,3,horizontal_fast,13,2026-09-09,21:38:03.481,2026-09-09T21:38:03.481,0.4316783580002266,0,0.0,4.023544000119728,28.532011000152124,2.0,4744.234375,3.0,1263.25
yolo11n.pt,3,horizontal_fast,14,2026-09-09,21:38:03.514,2026-09-09T21:38:03.514,0.4636982150000222,0,0.0,4.819311999654019,29.782026000248152,1.9,4744.9453125,3.0,1263.25
yolo11n.pt,3,horizontal_fast,15,2026-09-09,21:38:03.550,2026-09-09T21:38:03.550,0.5000224959999287,0,0.0,4.523423000136972,33.24424299989914,5.1,4744.97265625,3.0,1263.25
yolo11n.pt,3,horizontal_fast,16,2026-09-09,21:38:03.581,2026-09-09T21:38:03.581,0.5317797640000208,1,0.20343464612960815,4.2453139999452105,28.580371000316518,2.0,4744.97265625,3.0,1263.25
yolo11n.pt,3,horizontal_fast,17,2026-09-09,21:38:03.617,2026-09-09T21:38:03.617,0.5677414669999052,0,0.0,4.063573999701475,32.622395000089455,1.8,4744.19921875,9.0,1263.25
yolo11n.pt,3,horizontal_fast,18,2026-09-09,21:38:03.649,2026-09-09T21:38:03.649,0.5997499939999216,1,0.15841922163963318,4.226774000017031,29.198017999988224,3.9,4743.953125,9.0,1263.25
yolo11n.pt,3,horizontal_fast,19,2026-09-09,21:38:03.681,2026-09-09T21:38:03.681,0.6318908910002392,1,0.6503632068634033,4.205323999940447,29.157828999814228,1.9,4743.953125,9.0,1263.25
yolo11n.pt,3,horizontal_fast,20,2026-09-09,21:38:03.717,2026-09-09T21:38:03.717,0.6678654430002098,1,0.4983668327331543,4.24293400010356,33.03678400015997,1.8,4743.953125,9.0,1263.25
yolo11n.pt,3,horizontal_fast,21,2026-09-09,21:38:03.750,2026-09-09T21:38:03.750,0.6998813810000684,1,0.7939030528068542,4.293792999760626,29.13125900022351,4.0,4743.953125,9.0,1263.25
yolo11n.pt,3,horizontal_fast,22,2026-09-09,21:38:03.781,2026-09-09T21:38:03.781,0.7317354689998865,1,0.8121864199638367,4.2587429998093285,28.807839999899443,2.0,4743.953125,9.0,1263.25
yolo11n.pt,3,horizontal_fast,23,2026-09-09,21:38:03.817,2026-09-09T21:38:03.817,0.7677600410002015,1,0.5894066691398621,4.259344000274723,33.04390300036175,3.4,4743.953125,9.0,1263.25
yolo11n.pt,3,horizontal_fast,24,2026-09-09,21:38:03.849,2026-09-09T21:38:03.849,0.7998144879998108,0,0.0,4.068085000199062,28.693731000203115,3.9,4744.0234375,9.0,1263.25
yolo11n.pt,3,horizontal_fast,25,2026-09-09,21:38:03.881,2026-09-09T21:38:03.881,0.8317584760002319,1,0.7993712425231934,4.254874000253039,29.24301800021567,3.9,4744.0234375,9.0,1263.25
yolo11n.pt,3,horizontal_fast,26,2026-09-09,21:38:03.917,2026-09-09T21:38:03.917,0.8677778480000597,1,0.339011013507843,4.242453999722784,32.91218399999707,1.8,4744.0234375,9.0,1263.25
yolo11n.pt,3,horizontal_fast,27,2026-09-09,21:38:03.949,2026-09-09T21:38:03.949,0.8997083760000351,1,0.6502141356468201,4.237113000272075,28.834429000198725,5.8,4744.0234375,9.0,1263.25
yolo11n.pt,3,horizontal_fast,28,2026-09-09,21:38:03.981,2026-09-09T21:38:03.981,0.9317812730000696,1,0.7978308796882629,4.258414000105404,28.989669000111462,2.0,4744.0234375,9.0,1263.25
yolo11n.pt,3,horizontal_fast,29,2026-09-09,21:38:04.017,2026-09-09T21:38:04.017,0.9677654450001683,1,0.29706671833992004,4.2608139997355465,32.903014999646985,1.8,4744.0234375,9.0,1263.25
yolo11n.pt,3,horizontal_fast,30,2026-09-09,21:38:04.049,2026-09-09T21:38:04.049,0.999820593000095,1,0.4465745985507965,4.250382999998692,28.98056899994117,3.8,4744.0234375,9.0,1263.25
yolo11n.pt,3,horizontal_fast,31,2026-09-09,21:38:04.081,2026-09-09T21:38:04.081,1.0318123600000035,1,0.8485056161880493,4.210754000268935,28.969759000119666,3.8,4744.265625,9.0,1261.6875
yolo11n.pt,3,horizontal_fast,32,2026-09-09,21:38:04.117,2026-09-09T21:38:04.117,1.0678396319999592,1,0.6309556365013123,4.240983999807213,33.089392999954725,1.8,4744.265625,10.0,1261.6875
yolo11n.pt,3,horizontal_fast,33,2026-09-09,21:38:04.150,2026-09-09T21:38:04.150,1.1006056770002033,0,0.0,4.395732999910251,29.927676000170322,7.8,4744.25390625,10.0,1261.9375
yolo11n.pt,3,horizontal_fast,34,2026-09-09,21:38:04.181,2026-09-09T21:38:04.181,1.1317614180002238,0,0.0,4.166664999956993,27.793482999641128,4.0,4744.25390625,10.0,1261.9375
yolo11n.pt,3,horizontal_fast,35,2026-09-09,21:38:04.217,2026-09-09T21:38:04.217,1.167675969999891,1,0.8918101787567139,4.277933999674133,33.14305300000342,1.8,4744.25390625,10.0,1261.9375
yolo11n.pt,3,horizontal_fast,36,2026-09-09,21:38:04.249,2026-09-09T21:38:04.249,1.1998880569999528,1,0.7792080044746399,4.228093000165245,29.061878999982582,2.0,4744.25390625,10.0,1261.9375
yolo11n.pt,3,horizontal_fast,37,2026-09-09,21:38:04.282,2026-09-09T21:38:04.282,1.2318873640001584,1,0.858836829662323,4.29764399996202,28.999439000017446,3.9,4744.25390625,10.0,1261.9375
yolo11n.pt,3,horizontal_fast,38,2026-09-09,21:38:04.317,2026-09-09T21:38:04.317,1.2678250769999977,1,0.4217720925807953,4.260722999788413,32.90519400025005,1.8,4744.24609375,10.0,1261.9375
yolo11n.pt,3,horizontal_fast,39,2026-09-09,21:38:04.349,2026-09-09T21:38:04.349,1.2998009540001476,1,0.7701634764671326,4.292493999855651,29.06055900029969,3.9,4744.24609375,10.0,1261.9375
yolo11n.pt,3,horizontal_fast,40,2026-09-09,21:38:04.381,2026-09-09T21:38:04.381,1.331751671999882,1,0.8107978701591492,4.245493999860628,28.859718999683537,3.9,4744.24609375,10.0,1261.9375
yolo11n.pt,3,horizontal_fast,41,2026-09-09,21:38:04.417,2026-09-09T21:38:04.417,1.367768814000101,1,0.7471402287483215,4.203164000045945,32.864043999779824,1.7,4744.24609375,10.0,1261.9375
yolo11n.pt,3,horizontal_fast,42,2026-09-09,21:38:04.448,2026-09-09T21:38:04.448,1.398774995000167,1,0.46325168013572693,4.251234000093973,27.994792999834317,2.0,4744.24609375,10.0,1261.9375
yolo11n.pt,3,horizontal_fast,43,2026-09-09,21:38:04.481,2026-09-09T21:38:04.481,1.4317539090002356,1,0.774627685546875,4.217744000015955,29.94412599991847,1.9,4744.24609375,10.0,1261.9375
yolo11n.pt,3,horizontal_fast,44,2026-09-09,21:38:04.517,2026-09-09T21:38:04.517,1.4675776720000613,1,0.8039864897727966,4.262763999577146,32.750094000221,3.5,4744.24609375,10.0,1261.9375
yolo11n.pt,3,horizontal_fast,45,2026-09-09,21:38:04.549,2026-09-09T21:38:04.549,1.4996874990001743,1,0.7648475766181946,4.278603999864572,29.10316799989232,3.8,4744.24609375,10.0,1261.9375
yolo11n.pt,3,horizontal_fast,46,2026-09-09,21:38:04.581,2026-09-09T21:38:04.581,1.5317246069998873,1,0.7834153771400452,4.265683999619796,29.06763900000442,2.0,4743.4140625,10.0,1261.9375
yolo11n.pt,3,horizontal_fast,47,2026-09-09,21:38:04.617,2026-09-09T21:38:04.617,1.5677600290000555,1,0.8186519742012024,4.195074000108434,33.01124399968103,1.8,4743.4140625,11.0,1261.9375
yolo11n.pt,3,horizontal_fast,48,2026-09-09,21:38:04.649,2026-09-09T21:38:04.649,1.5998773159999473,1,0.8320924043655396,4.2715540002973285,29.043488999832334,3.8,4743.4140625,11.0,1261.9375
yolo11n.pt,3,horizontal_fast,49,2026-09-09,21:38:04.682,2026-09-09T21:38:04.682,1.631931472999895,1,0.5341078042984009,4.2600330002642295,28.964739000002737,2.0,4743.4140625,11.0,1261.9375
yolo11n.pt,3,horizontal_fast,50,2026-09-09,21:38:04.717,2026-09-09T21:38:04.717,1.6678216949999296,1,0.6989049315452576,4.262213999936648,32.791565000025,3.5,4743.4140625,11.0,1261.9375
yolo11n.pt,3,horizontal_fast,51,2026-09-09,21:38:04.749,2026-09-09T21:38:04.749,1.6999804520000907,1,0.6537160873413086,4.167713999777334,28.988088999994943,3.9,4743.4140625,11.0,1261.9375
yolo11n.pt,3,horizontal_fast,52,2026-09-09,21:38:04.785,2026-09-09T21:38:04.785,1.735902575000182,1,0.7766702771186829,4.233424000176456,32.86221400003342,3.4,4743.16796875,11.0,1261.9375
yolo11n.pt,3,horizontal_fast,53,2026-09-09,21:38:04.817,2026-09-09T21:38:04.817,1.767706293000174,1,0.867315948009491,4.244423999807623,28.73461999979554,4.0,4743.16796875,11.0,1261.9375
yolo11n.pt,3,horizontal_fast,54,2026-09-09,21:38:04.849,2026-09-09T21:38:04.849,1.7998367099999086,1,0.6438779234886169,4.230164000091463,29.146297999886883,3.8,4743.40234375,11.0,1261.9375
yolo11n.pt,3,horizontal_fast,55,2026-09-09,21:38:04.885,2026-09-09T21:38:04.885,1.8358485720000317,0,0.0,4.035604999899078,32.74662499961778,1.8,4743.40234375,11.0,1261.9375
yolo11n.pt,3,horizontal_fast,56,2026-09-09,21:38:04.917,2026-09-09T21:38:04.917,1.8678675699998166,1,0.8021147847175598,4.206583000268438,29.312908000065363,3.8,4743.40234375,11.0,1261.9375
yolo11n.pt,3,horizontal_fast,57,2026-09-09,21:38:04.949,2026-09-09T21:38:04.949,1.8998669269999482,1,0.4199022948741913,4.23873400040975,29.08960800004934,3.9,4743.40234375,11.0,1261.9375
yolo11n.pt,3,horizontal_fast,58,2026-09-09,21:38:04.985,2026-09-09T21:38:04.985,1.93582472900016,1,0.771600067615509,4.243943999881594,32.929103999777,1.8,4743.40234375,11.0,1261.9375
yolo11n.pt,3,horizontal_fast,59,2026-09-09,21:38:05.017,2026-09-09T21:38:05.017,1.9677473770002507,0,0.0,4.0690650002943585,28.564200999880995,2.0,4743.40234375,11.0,1261.9375
yolo11n.pt,3,horizontal_fast,60,2026-09-09,21:38:05.049,2026-09-09T21:38:05.049,1.999909063999894,0,0.0,4.032874999666092,28.991238999878988,3.9,4743.40234375,11.0,1261.9375
yolo11n.pt,3,horizontal_fast,61,2026-09-09,21:38:05.085,2026-09-09T21:38:05.085,2.035788867000065,1,0.19173230230808258,4.236273000060464,33.1958830001895,1.7,4743.40234375,11.0,1259.4375
yolo11n.pt,3,horizontal_fast,62,2026-09-09,21:38:05.117,2026-09-09T21:38:05.117,2.0678310640000745,1,0.22321297228336334,4.248044000178197,29.047628000171244,2.0,4743.40234375,10.0,1259.4375
yolo11n.pt,3,horizontal_fast,63,2026-09-09,21:38:05.149,2026-09-09T21:38:05.149,2.0998579410002094,1,0.456790953874588,4.229724000197166,28.944200000296405,5.8,4743.40234375,10.0,1259.4375
yolo11n.pt,3,horizontal_fast,64,2026-09-09,21:38:05.181,2026-09-09T21:38:05.181,2.1317082300001857,1,0.456790953874588,4.287413999918499,28.807899999719666,2.0,4743.40234375,10.0,1259.4375
yolo11n.pt,3,horizontal_fast,65,2026-09-09,21:38:05.217,2026-09-09T21:38:05.217,2.167842420999932,1,0.4294198155403137,4.239293999944493,33.33219199976156,1.7,4743.40234375,10.0,1259.4375
yolo11n.pt,3,horizontal_fast,66,2026-09-09,21:38:05.249,2026-09-09T21:38:05.249,2.1998153690001345,1,0.6672429442405701,4.268843999852834,28.985538999677374,2.0,4743.40234375,10.0,1259.4375
yolo11n.pt,3,horizontal_fast,67,2026-09-09,21:38:05.285,2026-09-09T21:38:05.285,2.2357249010001397,1,0.2887468934059143,4.271593999874312,32.93848399971466,3.4,4743.40234375,10.0,1259.4375
yolo11n.pt,3,horizontal_fast,68,2026-09-09,21:38:05.317,2026-09-09T21:38:05.317,2.2677067089998673,0,0.0,4.056763999869872,28.662530000019615,3.9,4743.40234375,10.0,1259.4375
yolo11n.pt,3,horizontal_fast,69,2026-09-09,21:38:05.349,2026-09-09T21:38:05.349,2.29981604600016,1,0.4075910151004791,4.227804000038304,29.38446699999986,2.0,4743.40234375,10.0,1259.4375
yolo11n.pt,3,horizontal_fast,70,2026-09-09,21:38:05.385,2026-09-09T21:38:05.385,2.3358746180001617,1,0.5343365669250488,4.222273999857862,33.064643000216165,3.4,4743.40234375,10.0,1259.4375
yolo11n.pt,3,horizontal_fast,71,2026-09-09,21:38:05.417,2026-09-09T21:38:05.417,2.3678182160001597,1,0.32703539729118347,4.218533999846841,28.957759000149963,2.0,4743.40234375,10.0,1259.4375
yolo11n.pt,3,horizontal_fast,72,2026-09-09,21:38:05.449,2026-09-09T21:38:05.449,2.399863312999969,1,0.40741005539894104,4.239164000409801,29.108428000199638,2.0,4743.40234375,10.0,1259.4375
yolo11n.pt,3,horizontal_fast,73,2026-09-09,21:38:05.485,2026-09-09T21:38:05.485,2.4357801659998586,0,0.0,4.06999500000893,32.62535499970909,3.4,4743.40234375,10.0,1259.4375
yolo11n.pt,3,horizontal_fast,74,2026-09-09,21:38:05.517,2026-09-09T21:38:05.517,2.4679491319998306,1,0.7558098435401917,4.198433999590634,29.443446999721345,2.0,4742.5625,10.0,1259.4375
yolo11n.pt,3,horizontal_fast,75,2026-09-09,21:38:05.549,2026-09-09T21:38:05.549,2.4998012710002513,1,0.7926530241966248,4.245743999945262,28.905850000228384,2.0,4742.5625,10.0,1259.4375
yolo11n.pt,3,horizontal_fast,76,2026-09-09,21:38:05.585,2026-09-09T21:38:05.585,2.535915601999932,1,0.8787314891815186,4.2233139997733815,33.096714000294014,1.7,4743.046875,10.0,1259.4375
yolo11n.pt,3,horizontal_fast,77,2026-09-09,21:38:05.617,2026-09-09T21:38:05.617,2.567915919999905,1,0.5054898262023926,4.216794000058144,29.00855899997623,3.9,4743.046875,10.0,1259.4375
yolo11n.pt,3,horizontal_fast,78,2026-09-09,21:38:05.649,2026-09-09T21:38:05.649,2.5997440979999737,0,0.0,4.067624000072101,28.589410000222415,3.9,4742.69140625,10.0,1259.4375
yolo11n.pt,3,horizontal_fast,79,2026-09-09,21:38:05.685,2026-09-09T21:38:05.685,2.635842159999811,1,0.8670358061790466,4.25419300017893,33.43028199969922,1.8,4742.69140625,10.0,1259.4375
yolo11n.pt,3,horizontal_fast,80,2026-09-09,21:38:05.717,2026-09-09T21:38:05.717,2.6677602780000598,1,0.8329682350158691,4.249553000136075,28.888560000268626,2.0,4742.69140625,10.0,1259.4375
yolo11n.pt,3,horizontal_fast,81,2026-09-09,21:38:05.749,2026-09-09T21:38:05.749,2.699806394999996,1,0.47112274169921875,4.239633999986836,28.92972900008317,3.9,4742.69140625,10.0,1259.4375
yolo11n.pt,3,horizontal_fast,82,2026-09-09,21:38:05.785,2026-09-09T21:38:05.785,2.7357247969998753,0,0.0,4.069494999839662,32.56074599994463,1.8,4742.69140625,10.0,1259.4375
yolo11n.pt,3,horizontal_fast,83,2026-09-09,21:38:05.817,2026-09-09T21:38:05.817,2.767728215000261,0,0.0,4.0512640002816624,28.992729000037798,3.8,4742.4453125,10.0,1259.4375
yolo11n.pt,3,horizontal_fast,84,2026-09-09,21:38:05.849,2026-09-09T21:38:05.849,2.7997534720002477,1,0.8400462865829468,4.226774000017031,29.274806999637804,2.0,4742.4453125,10.0,1259.4375
yolo11n.pt,3,horizontal_fast,85,2026-09-09,21:38:05.885,2026-09-09T21:38:05.885,2.8355840849999367,1,0.762639582157135,4.221073999815417,32.73689400020885,3.4,4742.42578125,10.0,1259.4375
yolo11n.pt,3,horizontal_fast,86,2026-09-09,21:38:05.917,2026-09-09T21:38:05.917,2.8677664820002065,1,0.5172008275985718,4.26956399996925,29.211118999683094,3.8,4742.42578125,10.0,1259.4375
yolo11n.pt,3,horizontal_fast,87,2026-09-09,21:38:05.949,2026-09-09T21:38:05.949,2.8997585890001574,1,0.8119574785232544,4.233124000165844,28.922629000135203,2.0,4742.42578125,10.0,1259.4375
yolo11n.pt,3,horizontal_fast,88,2026-09-09,21:38:05.985,2026-09-09T21:38:05.985,2.935866191000059,1,0.6080000996589661,4.232574000070599,33.17145300025004,3.4,4742.42578125,10.0,1259.4375
yolo11n.pt,3,horizontal_fast,89,2026-09-09,21:38:06.017,2026-09-09T21:38:06.017,2.9679509279999365,1,0.8618815541267395,4.155613999955676,28.868509999938397,2.0,4742.42578125,10.0,1259.4375
yolo11n.pt,3,horizontal_fast,90,2026-09-09,21:38:06.053,2026-09-09T21:38:06.053,3.0036473019999903,1,0.8215349316596985,4.240902999754326,32.78818500029956,1.8,4738.859375,10.0,1259.4375
yolo11n.pt,3,horizontal_fast,91,2026-09-09,21:38:06.086,2026-09-09T21:38:06.086,3.0359286480002083,1,0.4732171595096588,4.235234000134369,29.3892979998418,3.8,4738.7890625,10.0,1258.25
yolo11n.pt,3,horizontal_fast,92,2026-09-09,21:38:06.117,2026-09-09T21:38:06.117,3.0679315960001077,1,0.64894038438797,4.228003999742214,28.69929000007687,3.9,4738.7890625,10.0,1258.25
yolo11n.pt,3,horizontal_fast,93,2026-09-09,21:38:06.154,2026-09-09T21:38:06.154,3.1040100069999426,1,0.7035794854164124,4.565932999867073,33.447291999891604,5.2,4739.0234375,10.0,1259.0625
yolo11n.pt,3,horizontal_fast,94,2026-09-09,21:38:06.185,2026-09-09T21:38:06.185,3.1358960560000924,0,0.0,4.098125000382424,28.060082999672886,3.9,4739.00390625,10.0,1259.0625
yolo11n.pt,3,horizontal_fast,95,2026-09-09,21:38:06.218,2026-09-09T21:38:06.218,3.167987592999907,1,0.7493671178817749,4.200524000225414,29.27922800017768,2.0,4739.00390625,10.0,1259.0625
yolo11n.pt,3,horizontal_fast,96,2026-09-09,21:38:06.254,2026-09-09T21:38:06.254,3.2039761450000697,1,0.8898178339004517,4.201874000045791,32.97415399993042,1.8,4739.00390625,10.0,1259.0625
yolo11n.pt,3,horizontal_fast,97,2026-09-09,21:38:06.285,2026-09-09T21:38:06.285,3.236160662000202,0,0.0,4.041015000439074,28.869758999917394,3.9,4739.0,10.0,1259.0625
yolo11n.pt,3,horizontal_fast,98,2026-09-09,21:38:06.318,2026-09-09T21:38:06.318,3.2681330890000027,1,0.7973635792732239,4.223794000154157,29.218438000043534,2.0,4739.0,10.0,1259.0625
yolo11n.pt,3,horizontal_fast,99,2026-09-09,21:38:06.353,2026-09-09T21:38:06.353,3.3038857820001795,1,0.7280666828155518,4.239913999754208,32.80959499988967,3.4,4739.0,10.0,1259.0625
yolo11n.pt,3,horizontal_fast,100,2026-09-09,21:38:06.386,2026-09-09T21:38:06.386,3.3357046510000146,1,0.7453871369361877,4.629333000139013,29.218678000233922,3.9,4739.0,10.0,1259.0625
yolo11n.pt,3,horizontal_fast,101,2026-09-09,21:38:06.417,2026-09-09T21:38:06.417,3.3679667070000505,1,0.20212356746196747,4.172894000021188,28.813099999752012,2.0,4739.0,10.0,1259.0625
yolo11n.pt,3,horizontal_fast,102,2026-09-09,21:38:06.454,2026-09-09T21:38:06.454,3.4038264199998594,1,0.7336280345916748,4.378282999823568,33.08409400005985,1.7,4739.0,10.0,1259.0625
yolo11n.pt,3,horizontal_fast,103,2026-09-09,21:38:06.486,2026-09-09T21:38:06.486,3.436000057000001,1,0.29069584608078003,4.161154000030365,28.964328999791178,3.9,4739.0,10.0,1259.0625
yolo11n.pt,3,horizontal_fast,104,2026-09-09,21:38:06.517,2026-09-09T21:38:06.517,3.4677769350000744,1,0.1761428713798523,4.2519839998931275,28.7081000001308,3.9,4739.0,10.0,1259.0625
yolo11n.pt,3,horizontal_fast,105,2026-09-09,21:38:06.553,2026-09-09T21:38:06.553,3.503746627000055,1,0.36676734685897827,4.285924000214436,32.98016400003689,1.8,4738.93359375,10.0,1259.0625
yolo11n.pt,3,horizontal_fast,106,2026-09-09,21:38:06.585,2026-09-09T21:38:06.585,3.5358521439998185,0,0.0,4.057614999965153,28.77766999972664,2.0,4738.93359375,10.0,1259.0625
yolo11n.pt,3,horizontal_fast,107,2026-09-09,21:38:06.617,2026-09-09T21:38:06.617,3.567885882000155,1,0.2208571583032608,4.18892399966353,29.166208000333427,3.8,4738.93359375,10.0,1259.0625
yolo11n.pt,3,horizontal_fast,108,2026-09-09,21:38:06.653,2026-09-09T21:38:06.653,3.603841164000187,0,0.0,4.141333999996277,32.706805000088934,1.8,4738.6875,10.0,1259.0625
yolo11n.pt,3,horizontal_fast,109,2026-09-09,21:38:06.686,2026-09-09T21:38:06.686,3.6356322520000504,1,0.7242850065231323,4.690511999797309,29.363417999775265,2.0,4738.6875,10.0,1259.0625
yolo11n.pt,3,horizontal_fast,110,2026-09-09,21:38:06.717,2026-09-09T21:38:06.717,3.667712500000107,0,0.0,4.196614000193222,28.435480999633,4.0,4738.6875,10.0,1259.0625
yolo11n.pt,3,horizontal_fast,111,2026-09-09,21:38:06.753,2026-09-09T21:38:06.753,3.7039838609998696,0,0.0,4.032394000205386,33.217823000086355,3.4,4738.68359375,10.0,1259.0625
yolo11n.pt,3,horizontal_fast,112,2026-09-09,21:38:06.785,2026-09-09T21:38:06.785,3.7358949479998955,1,0.32278820872306824,4.233383999689977,29.244507999919733,3.8,4738.6875,10.0,1259.0625
yolo11n.pt,3,horizontal_fast,113,2026-09-09,21:38:06.818,2026-09-09T21:38:06.818,3.7679120359998706,1,0.3371325731277466,4.272233000392589,29.100107999965985,2.0,4738.6875,10.0,1259.0625
yolo11n.pt,3,horizontal_fast,114,2026-09-09,21:38:06.853,2026-09-09T21:38:06.853,3.803685258999849,1,0.2704220712184906,4.241584000283183,32.83140399980766,3.5,4738.68359375,10.0,1259.0625
yolo11n.pt,3,horizontal_fast,115,2026-09-09,21:38:06.885,2026-09-09T21:38:06.885,3.835872806000225,1,0.3752392828464508,4.2336740002610895,28.985809000005247,2.0,4738.68359375,10.0,1259.0625
yolo11n.pt,3,horizontal_fast,116,2026-09-09,21:38:06.917,2026-09-09T21:38:06.917,3.8672790149998946,0,0.0,4.1674749995763705,28.264362000300025,2.0,4738.68359375,10.0,1259.0625
yolo11n.pt,3,horizontal_fast,117,2026-09-09,21:38:06.953,2026-09-09T21:38:06.953,3.9036709259999043,0,0.0,4.0887840000323195,33.32547199988767,5.1,4738.68359375,10.0,1259.0625
yolo11n.pt,3,horizontal_fast,118,2026-09-09,21:38:06.986,2026-09-09T21:38:06.986,3.935886752999977,1,0.6384294629096985,4.490352999710012,29.731056000400713,2.0,4738.68359375,10.0,1259.0625
yolo11n.pt,3,horizontal_fast,119,2026-09-09,21:38:07.013,2026-09-09T21:38:07.013,3.963686076000158,1,0.6384294629096985,4.289804000109143,24.654135999753635,2.3,4738.68359375,10.0,1259.0625
yolo11n.pt,3,horizontal_fast,120,2026-09-09,21:38:07.054,2026-09-09T21:38:07.054,4.0042180509999525,1,0.7120546698570251,4.21615400000519,37.6992260003135,3.0,4738.68359375,10.0,1259.0625
yolo11n.pt,3,horizontal_fast,121,2026-09-09,21:38:07.085,2026-09-09T21:38:07.085,4.03589133000014,0,0.0,4.110814000341634,28.497401000095124,2.0,4738.68359375,10.0,1259.0625
yolo11n.pt,3,horizontal_fast,122,2026-09-09,21:38:07.118,2026-09-09T21:38:07.118,4.067915567999989,1,0.7368407845497131,4.31660300000658,29.335146999983408,2.0,4738.6796875,9.0,1259.0625
yolo11n.pt,3,horizontal_fast,123,2026-09-09,21:38:07.154,2026-09-09T21:38:07.154,4.103883620000033,1,0.8867762684822083,4.674891999911779,33.28618200021083,5.1,4738.92578125,9.0,1258.4375
yolo11n.pt,3,horizontal_fast,124,2026-09-09,21:38:07.185,2026-09-09T21:38:07.185,4.135840867999832,1,0.40955352783203125,4.318133999731799,28.50747100001172,2.0,4738.92578125,9.0,1258.4375
yolo11n.pt,3,horizontal_fast,125,2026-09-09,21:38:07.218,2026-09-09T21:38:07.218,4.167759015000229,1,0.8160848617553711,4.731212000024243,29.373717999988003,3.8,4738.92578125,9.0,1258.4375
yolo11n.pt,3,horizontal_fast,126,2026-09-09,21:38:07.253,2026-09-09T21:38:07.253,4.203623817999869,0,0.0,4.125993999878119,32.19486699981644,1.8,4738.92578125,9.0,1258.4375
yolo11n.pt,3,horizontal_fast,127,2026-09-09,21:38:07.286,2026-09-09T21:38:07.286,4.236158814000191,1,0.8216730952262878,4.231204000006983,29.75760600020294,3.8,4738.92578125,9.0,1258.4375
yolo11n.pt,3,horizontal_fast,128,2026-09-09,21:38:07.317,2026-09-09T21:38:07.317,4.26781542200024,1,0.3966559171676636,4.242684000018926,28.702671000246482,2.0,4738.92578125,9.0,1258.4375
yolo11n.pt,3,horizontal_fast,129,2026-09-09,21:38:07.353,2026-09-09T21:38:07.353,4.303861824000251,1,0.8674432039260864,4.217564000100538,33.06135399998311,3.5,4738.92578125,9.0,1258.4375
yolo11n.pt,3,horizontal_fast,130,2026-09-09,21:38:07.385,2026-09-09T21:38:07.385,4.335792282000057,1,0.8036037087440491,4.238244000134728,28.97193899980266,2.0,4738.92578125,9.0,1258.4375
yolo11n.pt,3,horizontal_fast,131,2026-09-09,21:38:07.421,2026-09-09T21:38:07.421,4.371955063999849,1,0.623208224773407,4.172955000285583,33.152602999962255,3.4,4738.92578125,9.0,1258.4375
yolo11n.pt,3,horizontal_fast,132,2026-09-09,21:38:07.454,2026-09-09T21:38:07.454,4.403988551000111,1,0.49938082695007324,4.509562999828631,29.387377000148263,2.0,4738.92578125,9.0,1258.4375
yolo11n.pt,3,horizontal_fast,133,2026-09-09,21:38:07.485,2026-09-09T21:38:07.485,4.435900839000169,1,0.4862174093723297,4.206304000035743,28.4869609999987,2.0,4738.92578125,9.0,1258.4375
yolo11n.pt,3,horizontal_fast,134,2026-09-09,21:38:07.522,2026-09-09T21:38:07.522,4.472126279999884,1,0.7787617444992065,4.210393999983353,33.165934000408015,3.4,4739.16796875,9.0,1258.4375
yolo11n.pt,3,horizontal_fast,135,2026-09-09,21:38:07.553,2026-09-09T21:38:07.553,4.503961878000155,1,0.8424763679504395,4.160374000093725,28.856760000053328,2.0,4739.16796875,9.0,1258.4375
yolo11n.pt,3,horizontal_fast,136,2026-09-09,21:38:07.585,2026-09-09T21:38:07.585,4.5360704049999185,0,0.0,4.0831349997461075,28.919169999880978,2.0,4739.30078125,9.0,1258.4375
yolo11n.pt,3,horizontal_fast,137,2026-09-09,21:38:07.621,2026-09-09T21:38:07.621,4.571814369000094,1,0.7355793118476868,4.248372999882122,33.082833999742434,3.4,4739.0546875,10.0,1258.4375
yolo11n.pt,3,horizontal_fast,138,2026-09-09,21:38:07.653,2026-09-09T21:38:07.653,4.603780815999926,1,0.8656163215637207,4.268064000370941,28.98625899979379,3.9,4739.0546875,10.0,1258.4375
yolo11n.pt,3,horizontal_fast,139,2026-09-09,21:38:07.685,2026-09-09T21:38:07.685,4.635945923000236,1,0.8526296615600586,4.19969399990805,29.060047999792005,2.0,4739.0546875,10.0,1258.4375
yolo11n.pt,3,horizontal_fast,140,2026-09-09,21:38:07.721,2026-09-09T21:38:07.721,4.671979915000065,1,0.6937350630760193,4.185524000149599,33.00084400007108,3.4,4739.0546875,10.0,1258.4375
yolo11n.pt,3,horizontal_fast,141,2026-09-09,21:38:07.754,2026-09-09T21:38:07.754,4.704001181999956,1,0.8252047300338745,4.613123000126507,29.51537700027984,2.0,4739.0546875,10.0,1258.4375
yolo11n.pt,3,horizontal_fast,142,2026-09-09,21:38:07.785,2026-09-09T21:38:07.785,4.735689440999977,1,0.6062273383140564,4.2614539997885,28.308141000252363,4.0,4739.0546875,10.0,1258.4375
yolo11n.pt,3,horizontal_fast,143,2026-09-09,21:38:07.822,2026-09-09T21:38:07.822,4.772233211000184,1,0.7463496923446655,4.279163999854063,33.51766100013265,1.8,4739.0546875,10.0,1258.4375
yolo11n.pt,3,horizontal_fast,144,2026-09-09,21:38:07.853,2026-09-09T21:38:07.853,4.803803020000032,0,0.0,4.081104999841045,28.177401999982976,2.0,4739.0546875,10.0,1258.4375
yolo11n.pt,3,horizontal_fast,145,2026-09-09,21:38:07.885,2026-09-09T21:38:07.885,4.8359574569999495,1,0.8183020353317261,4.15145399983885,29.419277000215516,5.6,4739.0546875,10.0,1258.4375
yolo11n.pt,3,horizontal_fast,146,2026-09-09,21:38:07.921,2026-09-09T21:38:07.921,4.871904539999832,1,0.7810262441635132,4.20738299999357,33.013592999850516,1.8,4739.0546875,10.0,1258.4375
yolo11n.pt,3,horizontal_fast,147,2026-09-09,21:38:07.953,2026-09-09T21:38:07.953,4.90379553799994,1,0.851095974445343,4.247592999945482,28.97294900003544,2.0,4739.0546875,10.0,1258.4375
yolo11n.pt,3,horizontal_fast,148,2026-09-09,21:38:07.985,2026-09-09T21:38:07.985,4.935839854999813,1,0.8287276029586792,4.233854000176507,29.063578999739548,3.8,4739.0546875,10.0,1258.4375
yolo11n.pt,3,horizontal_fast,149,2026-09-09,21:38:08.021,2026-09-09T21:38:08.021,4.971762886999841,1,0.3840057849884033,4.256793999957154,32.9818840000371,1.8,4739.0546875,10.0,1258.4375
yolo11n.pt,3,horizontal_fast,150,2026-09-09,21:38:08.053,2026-09-09T21:38:08.053,5.003766755000015,1,0.7022035121917725,4.274623000128486,29.08611800012295,5.7,4739.0546875,10.0,1258.4375
yolo11n.pt,3,horizontal_fast,151,2026-09-09,21:38:08.085,2026-09-09T21:38:08.085,5.0356992629999695,1,0.811587929725647,4.272813000170572,28.983699000036722,2.0,4739.0546875,10.0,1258.4375
yolo11n.pt,3,horizontal_fast,152,2026-09-09,21:38:08.121,2026-09-09T21:38:08.121,5.071687144999942,0,0.0,4.0575640000497515,32.700185000066995,1.8,4739.0546875,10.0,1258.4375
yolo11n.pt,3,horizontal_fast,153,2026-09-09,21:38:08.149,2026-09-09T21:38:08.149,5.099676618000103,0,0.0,4.0499440001440234,25.057993999780592,2.2,4739.0546875,10.0,1258.4375
yolo11n.pt,3,horizontal_fast,154,2026-09-09,21:38:08.185,2026-09-09T21:38:08.185,5.13570295999989,1,0.5137194395065308,4.2664729999160045,33.592991000205075,3.4,4737.28515625,10.0,1257.9375
yolo11n.pt,3,horizontal_fast,155,2026-09-09,21:38:08.222,2026-09-09T21:38:08.222,5.171938270999817,1,0.5042737722396851,4.367822999938653,33.39064200008579,3.4,4737.28515625,10.0,1257.9375
yolo11n.pt,3,horizontal_fast,156,2026-09-09,21:38:08.254,2026-09-09T21:38:08.254,5.204089648000263,1,0.450483113527298,4.286332999981823,29.117867999957525,2.0,4737.28515625,10.0,1257.9375
yolo11n.pt,3,horizontal_fast,157,2026-09-09,21:38:08.285,2026-09-09T21:38:08.285,5.235784266999872,1,0.5691173076629639,4.270912999800203,28.745569999955478,2.0,4737.28515625,10.0,1257.9375
yolo11n.pt,3,horizontal_fast,158,2026-09-09,21:38:08.321,2026-09-09T21:38:08.321,5.271872189000078,0,0.0,4.037153999888687,32.80222400007915,3.5,4737.28515625,10.0,1257.9375
yolo11n.pt,3,horizontal_fast,159,2026-09-09,21:38:08.353,2026-09-09T21:38:08.353,5.303959746000146,1,0.4410298764705658,4.154263999680552,29.38162700002067,3.8,4737.52734375,10.0,1257.9375
yolo11n.pt,3,horizontal_fast,160,2026-09-09,21:38:08.385,2026-09-09T21:38:08.385,5.335945592999906,0,0.0,4.009784999652766,28.763169999820093,2.0,4737.76953125,10.0,1257.9375
yolo11n.pt,3,horizontal_fast,161,2026-09-09,21:38:08.421,2026-09-09T21:38:08.421,5.371655617000215,1,0.8154630661010742,4.236682999817276,32.965884000077494,3.5,4737.76953125,10.0,1257.9375
yolo11n.pt,3,horizontal_fast,162,2026-09-09,21:38:08.453,2026-09-09T21:38:08.453,5.403884642999856,1,0.4808288812637329,4.22160400012217,29.15412899983494,2.0,4737.76953125,10.0,1257.9375
yolo11n.pt,3,horizontal_fast,163,2026-09-09,21:38:08.485,2026-09-09T21:38:08.485,5.4359196609998435,0,0.0,4.073284999776661,28.72865000017555,3.9,4737.76953125,10.0,1257.9375
yolo11n.pt,3,horizontal_fast,164,2026-09-09,21:38:08.522,2026-09-09T21:38:08.522,5.471875733000161,1,0.6390649676322937,4.4530129998747725,33.42430200018498,1.7,4737.5234375,10.0,1257.9375
yolo11n.pt,3,horizontal_fast,165,2026-09-09,21:38:08.553,2026-09-09T21:38:08.553,5.503943919999983,1,0.425993949174881,4.206684000109817,28.884138999728748,2.0,4737.50390625,10.0,1257.9375
yolo11n.pt,3,horizontal_fast,166,2026-09-09,21:38:08.585,2026-09-09T21:38:08.585,5.535819967999942,1,0.4513132870197296,4.285974000140413,28.857128999788983,3.9,4737.73828125,10.0,1257.9375
yolo11n.pt,3,horizontal_fast,167,2026-09-09,21:38:08.621,2026-09-09T21:38:08.621,5.571898010000041,1,0.9006175994873047,4.185653999684291,32.9535340001712,3.4,4737.4921875,9.0,1257.9375
yolo11n.pt,3,horizontal_fast,168,2026-09-09,21:38:08.653,2026-09-09T21:38:08.653,5.603887268000108,1,0.6717934608459473,4.21998399997392,28.930818999924668,2.0,4737.4921875,9.0,1257.9375
yolo11n.pt,3,horizontal_fast,169,2026-09-09,21:38:08.689,2026-09-09T21:38:08.689,5.639793960000134,0,0.0,4.071924000072613,32.58621500026493,3.4,4737.4921875,9.0,1257.9375
yolo11n.pt,3,horizontal_fast,170,2026-09-09,21:38:08.721,2026-09-09T21:38:08.721,5.671839756999816,1,0.6260321736335754,4.242093999891949,29.36952800018844,2.0,4737.4921875,9.0,1257.9375
yolo11n.pt,3,horizontal_fast,171,2026-09-09,21:38:08.753,2026-09-09T21:38:08.753,5.703880574999857,1,0.7087693810462952,4.214833999867551,29.036148999693978,2.0,4737.1015625,9.0,1257.9375
yolo11n.pt,3,horizontal_fast,172,2026-09-09,21:38:08.789,2026-09-09T21:38:08.789,5.739798457000234,1,0.644483208656311,4.23800399994434,32.95162399990659,3.5,4737.1015625,9.0,1257.9375
yolo11n.pt,3,horizontal_fast,173,2026-09-09,21:38:08.821,2026-09-09T21:38:08.821,5.771752444999947,1,0.5858265161514282,4.265904000021692,29.032149000158824,1.9,4737.1015625,9.0,1257.9375
yolo11n.pt,3,horizontal_fast,174,2026-09-09,21:38:08.853,2026-09-09T21:38:08.853,5.8036806129998695,1,0.794518232345581,4.4088429999646905,29.159597999750986,7.8,4738.82421875,9.0,1258.6875
yolo11n.pt,3,horizontal_fast,175,2026-09-09,21:38:08.889,2026-09-09T21:38:08.889,5.83978306400013,1,0.6936379075050354,4.29550399985601,32.96551299990824,1.8,4738.82421875,9.0,1258.6875
yolo11n.pt,3,horizontal_fast,176,2026-09-09,21:38:08.924,2026-09-09T21:38:08.924,5.873001657000259,1,0.7447769045829773,5.008840999835229,31.180090999896493,25.5,4738.46875,9.0,1258.6875
yolo11n.pt,3,horizontal_fast,177,2026-09-09,21:38:08.955,2026-09-09T21:38:08.955,5.903913689000092,1,0.6472037434577942,5.503898999904777,28.243991999715945,38.5,4738.46875,9.0,1258.6875
yolo11n.pt,3,horizontal_fast,178,2026-09-09,21:38:08.990,2026-09-09T21:38:08.990,5.9397976420000305,1,0.6353549957275391,4.707651999979134,31.604288999915298,1.9,4738.11328125,9.0,1258.6875
yolo11n.pt,3,horizontal_fast,179,2026-09-09,21:38:09.021,2026-09-09T21:38:09.021,5.971879209000235,1,0.8071615695953369,4.2363839997960895,28.553829999964364,3.9,4738.11328125,9.0,1258.6875
yolo11n.pt,3,horizontal_fast,180,2026-09-09,21:38:09.053,2026-09-09T21:38:09.053,6.003901066000253,1,0.7131012082099915,4.216483999698539,28.947929999958433,3.8,4738.11328125,9.0,1258.6875
yolo11n.pt,3,horizontal_fast,181,2026-09-09,21:38:09.089,2026-09-09T21:38:09.089,6.039882769000087,1,0.6774942874908447,4.234842999721877,33.00819399964894,1.8,4738.11328125,9.0,1258.6875
yolo11n.pt,3,horizontal_fast,182,2026-09-09,21:38:09.121,2026-09-09T21:38:09.121,6.071877035999933,1,0.6641228795051575,4.224234000048455,28.941329000190308,3.9,4738.11328125,10.0,1258.6875
yolo11n.pt,3,horizontal_fast,183,2026-09-09,21:38:09.153,2026-09-09T21:38:09.153,6.103879412999959,1,0.6945489645004272,4.2349039999862725,29.083109000112017,2.0,4738.11328125,10.0,1258.6875
yolo11n.pt,3,horizontal_fast,184,2026-09-09,21:38:09.188,2026-09-09T21:38:09.188,6.138681949999864,1,0.8995530009269714,4.220474000248942,31.791289000011602,1.8,4738.11328125,10.0,1258.6875
yolo11n.pt,3,horizontal_fast,185,2026-09-09,21:38:09.221,2026-09-09T21:38:09.221,6.1717201139999815,1,0.8500009775161743,4.23200299974269,29.96749500016449,1.9,4738.11328125,10.0,1258.6875
yolo11n.pt,3,horizontal_fast,186,2026-09-09,21:38:09.253,2026-09-09T21:38:09.253,6.203899970999828,1,0.5681135058403015,4.251023000051646,29.108928999903583,3.9,4738.11328125,10.0,1258.6875
yolo11n.pt,3,horizontal_fast,187,2026-09-09,21:38:09.289,2026-09-09T21:38:09.289,6.2398701530000835,1,0.8643465042114258,4.214634000163642,32.845613999597845,3.4,4738.11328125,10.0,1258.6875
yolo11n.pt,3,horizontal_fast,188,2026-09-09,21:38:09.321,2026-09-09T21:38:09.321,6.271795450999889,1,0.8556789755821228,4.229012999985571,28.97052900016206,2.0,4738.11328125,10.0,1258.6875
yolo11n.pt,3,horizontal_fast,189,2026-09-09,21:38:09.353,2026-09-09T21:38:09.353,6.303691639000135,1,0.21354001760482788,4.239182999754121,28.960979000203224,3.9,4738.11328125,10.0,1258.6875
yolo11n.pt,3,horizontal_fast,190,2026-09-09,21:38:09.389,2026-09-09T21:38:09.389,6.339841959999831,1,0.6630528569221497,4.2351240003881685,33.18972199986092,1.7,4738.11328125,10.0,1258.6875
yolo11n.pt,3,horizontal_fast,191,2026-09-09,21:38:09.421,2026-09-09T21:38:09.421,6.371828257999823,1,0.8609318137168884,4.260693000105675,29.062889000215364,2.0,4738.11328125,10.0,1258.6875
yolo11n.pt,3,horizontal_fast,192,2026-09-09,21:38:09.453,2026-09-09T21:38:09.453,6.403770375000022,1,0.6594069004058838,4.248793999977352,28.975258999707876,3.9,4738.11328125,10.0,1258.6875
yolo11n.pt,3,horizontal_fast,193,2026-09-09,21:38:09.489,2026-09-09T21:38:09.489,6.439783958000135,1,0.6281583905220032,4.249062999861053,33.09143299975403,1.8,4738.15234375,10.0,1258.6875
yolo11n.pt,3,horizontal_fast,194,2026-09-09,21:38:09.521,2026-09-09T21:38:09.521,6.471943555000053,0,0.0,4.072364000421658,28.909299999668292,4.0,4738.15234375,10.0,1257.375
yolo11n.pt,3,horizontal_fast,195,2026-09-09,21:38:09.554,2026-09-09T21:38:09.554,6.5039579320000485,1,0.6021143794059753,4.251773999840225,29.333427999972628,3.8,4737.7578125,10.0,1257.375
yolo11n.pt,3,horizontal_fast,196,2026-09-09,21:38:09.589,2026-09-09T21:38:09.589,6.5399891940001,1,0.38300782442092896,4.159134000019549,33.0004839997855,3.4,4737.6328125,10.0,1257.375
yolo11n.pt,3,horizontal_fast,197,2026-09-09,21:38:09.621,2026-09-09T21:38:09.621,6.571759752000162,1,0.33836978673934937,4.245684000125038,28.884320000088337,2.0,4737.6328125,11.0,1257.375
yolo11n.pt,3,horizontal_fast,198,2026-09-09,21:38:09.653,2026-09-09T21:38:09.653,6.603785270000117,1,0.6818219423294067,4.244873000061489,29.049398999632103,3.9,4737.6328125,11.0,1257.375
yolo11n.pt,3,horizontal_fast,199,2026-09-09,21:38:09.689,2026-09-09T21:38:09.689,6.639728271999957,1,0.3361424505710602,4.278114000044297,33.03204299982099,1.8,4737.6328125,11.0,1257.375
yolo11n.pt,3,horizontal_fast,200,2026-09-09,21:38:09.721,2026-09-09T21:38:09.721,6.671832939000069,1,0.6249692440032959,4.2841639997277525,29.137497999727202,2.0,4737.38671875,11.0,1257.375
yolo11n.pt,3,horizontal_fast,201,2026-09-09,21:38:09.753,2026-09-09T21:38:09.753,6.703689596999993,1,0.26671767234802246,4.250704000241967,28.730410000207485,3.9,4737.38671875,11.0,1257.375
yolo11n.pt,3,horizontal_fast,202,2026-09-09,21:38:09.790,2026-09-09T21:38:09.790,6.739990328000204,1,0.3233020603656769,4.209933999845816,33.25680299985834,1.7,4737.38671875,11.0,1257.375
yolo11n.pt,3,horizontal_fast,203,2026-09-09,21:38:09.821,2026-09-09T21:38:09.821,6.771951795999939,1,0.6707456111907959,4.219104000185325,28.987909000079526,3.9,4737.38671875,11.0,1257.375
yolo11n.pt,3,horizontal_fast,204,2026-09-09,21:38:09.853,2026-09-09T21:38:09.853,6.803874564000125,1,0.6666133999824524,4.257464000147593,28.864479000276333,2.0,4737.38671875,11.0,1257.375
yolo11n.pt,3,horizontal_fast,205,2026-09-09,21:38:09.890,2026-09-09T21:38:09.890,6.839956465999876,1,0.3007557988166809,4.2219739998472505,33.02210399988326,3.4,4737.03125,11.0,1257.375
yolo11n.pt,3,horizontal_fast,206,2026-09-09,21:38:09.922,2026-09-09T21:38:09.922,6.872009362999961,1,0.6563158631324768,4.1819439998107555,29.06076799990842,3.8,4737.03125,11.0,1257.375
yolo11n.pt,3,horizontal_fast,207,2026-09-09,21:38:09.957,2026-09-09T21:38:09.957,6.907732726000177,1,0.6270178556442261,4.359893999662745,32.906244000059814,3.5,4737.03125,11.0,1257.375
yolo11n.pt,3,horizontal_fast,208,2026-09-09,21:38:09.989,2026-09-09T21:38:09.989,6.939812612999958,1,0.6211565732955933,4.286203999981808,29.014729000209627,2.0,4737.03125,11.0,1257.375
yolo11n.pt,3,horizontal_fast,209,2026-09-09,21:38:10.021,2026-09-09T21:38:10.021,6.971899670999846,1,0.7261336445808411,4.273043000011967,28.98731899995255,3.8,4737.03125,11.0,1257.375
yolo11n.pt,3,horizontal_fast,210,2026-09-09,21:38:10.057,2026-09-09T21:38:10.057,7.007797053000104,1,0.823517918586731,4.259634000391088,32.815075000144134,1.8,4737.03125,11.0,1257.375
yolo11n.pt,3,horizontal_fast,211,2026-09-09,21:38:10.089,2026-09-09T21:38:10.089,7.039614760999939,1,0.7846131920814514,4.16045399970244,28.853669999989506,2.0,4737.03125,11.0,1257.375
yolo11n.pt,3,horizontal_fast,212,2026-09-09,21:38:10.121,2026-09-09T21:38:10.121,7.0717826780000905,1,0.7729825377464294,4.248654000093666,29.184338000050047,3.8,4737.03125,10.0,1257.375
yolo11n.pt,3,horizontal_fast,213,2026-09-09,21:38:10.157,2026-09-09T21:38:10.157,7.107888540000204,1,0.8136668801307678,4.222063999804959,33.11453300011635,1.8,4737.03125,10.0,1257.375
yolo11n.pt,3,horizontal_fast,214,2026-09-09,21:38:10.190,2026-09-09T21:38:10.190,7.140205996000077,1,0.6388335227966309,4.25433400005204,29.3573369999649,3.9,4737.03125,10.0,1257.375
yolo11n.pt,3,horizontal_fast,215,2026-09-09,21:38:10.221,2026-09-09T21:38:10.221,7.171913225000026,1,0.8652982711791992,4.247243999998318,28.755259999798,2.0,4737.03125,10.0,1257.375
yolo11n.pt,3,horizontal_fast,216,2026-09-09,21:38:10.257,2026-09-09T21:38:10.257,7.2076042779999625,1,0.7145572304725647,4.363953999927617,32.814064000376675,3.5,4737.390625,10.0,1257.375
yolo11n.pt,3,horizontal_fast,217,2026-09-09,21:38:10.289,2026-09-09T21:38:10.289,7.239765865000209,1,0.5341934561729431,4.310763999910705,28.99211900012233,3.8,4737.390625,10.0,1257.375
yolo11n.pt,3,horizontal_fast,218,2026-09-09,21:38:10.321,2026-09-09T21:38:10.321,7.271891561999837,1,0.8030279874801636,4.2558040004223585,28.978348999771697,5.8,4737.390625,10.0,1257.375
yolo11n.pt,3,horizontal_fast,219,2026-09-09,21:38:10.358,2026-09-09T21:38:10.358,7.307868455000062,1,0.6977329850196838,4.281653999896662,33.09687299997677,1.8,4737.390625,10.0,1257.375
yolo11n.pt,3,horizontal_fast,220,2026-09-09,21:38:10.389,2026-09-09T21:38:10.389,7.339908322000156,1,0.7717112898826599,4.187884000202757,28.903129000354966,2.0,4737.390625,10.0,1257.375
yolo11n.pt,3,horizontal_fast,221,2026-09-09,21:38:10.421,2026-09-09T21:38:10.421,7.371849928999836,1,0.8474615812301636,4.288113999791676,29.085039000165125,3.8,4737.390625,10.0,1257.375
yolo11n.pt,3,horizontal_fast,222,2026-09-09,21:38:10.457,2026-09-09T21:38:10.457,7.407800771999973,1,0.8427391648292542,4.2275240002709324,32.90355399985856,1.8,4737.6328125,10.0,1257.375
yolo11n.pt,3,horizontal_fast,223,2026-09-09,21:38:10.489,2026-09-09T21:38:10.489,7.439618790000168,1,0.8498107194900513,4.226814000048762,28.856749000169657,3.9,4737.6328125,10.0,1257.375
yolo11n.pt,3,horizontal_fast,224,2026-09-09,21:38:10.521,2026-09-09T21:38:10.521,7.4718558670001585,1,0.7987257838249207,4.235953999796038,29.26759799993306,3.8,4737.6328125,10.0,1257.375
yolo11n.pt,3,horizontal_fast,225,2026-09-09,21:38:10.557,2026-09-09T21:38:10.557,7.507934699000089,0,0.0,4.013704000044527,32.76943500031848,1.8,4737.6328125,10.0,1257.375
yolo11n.pt,3,horizontal_fast,226,2026-09-09,21:38:10.590,2026-09-09T21:38:10.590,7.539964315999896,1,0.6991599798202515,4.524613000285171,29.53703699995458,1.9,4736.9765625,10.0,1257.375
yolo11n.pt,3,horizontal_fast,227,2026-09-09,21:38:10.621,2026-09-09T21:38:10.621,7.571895764000146,1,0.8434423804283142,4.215533000206051,28.57584000003044,4.0,4736.9765625,10.0,1257.375
yolo11n.pt,3,horizontal_fast,228,2026-09-09,21:38:10.657,2026-09-09T21:38:10.657,7.607929245999912,0,0.0,4.014524000012898,32.75327399978778,3.5,4736.9765625,10.0,1257.375
yolo11n.pt,3,horizontal_fast,229,2026-09-09,21:38:10.689,2026-09-09T21:38:10.689,7.639901513000041,0,0.0,4.0572249999968335,28.9980289999221,1.9,4736.9765625,10.0,1257.375
yolo11n.pt,3,horizontal_fast,230,2026-09-09,21:38:10.721,2026-09-09T21:38:10.721,7.671904521000215,1,0.2574462592601776,4.206964000331936,29.16987800017523,3.9,4736.9765625,10.0,1257.375
yolo11n.pt,3,horizontal_fast,231,2026-09-09,21:38:10.758,2026-09-09T21:38:10.758,7.707935092999833,1,0.20461882650852203,4.214144000343367,33.12002299981032,1.8,4736.9765625,10.0,1257.375
yolo11n.pt,3,horizontal_fast,232,2026-09-09,21:38:10.789,2026-09-09T21:38:10.789,7.739743481000005,1,0.28752490878105164,4.2479540002204885,28.644949999943492,5.8,4736.9765625,10.0,1257.375
yolo11n.pt,3,horizontal_fast,233,2026-09-09,21:38:10.821,2026-09-09T21:38:10.821,7.771728288999839,1,0.18939074873924255,4.258663000200613,29.064298999855964,2.0,4737.22265625,10.0,1257.375
yolo11n.pt,3,horizontal_fast,234,2026-09-09,21:38:10.857,2026-09-09T21:38:10.857,7.807789421000052,1,0.4993942081928253,4.274952999821835,32.86541399984344,3.5,4737.69921875,10.0,1257.375
yolo11n.pt,3,horizontal_fast,235,2026-09-09,21:38:10.890,2026-09-09T21:38:10.890,7.83975523800018,1,0.4445885419845581,4.521422999914648,29.26048900008027,3.8,4737.34375,10.0,1257.375
yolo11n.pt,3,horizontal_fast,236,2026-09-09,21:38:10.921,2026-09-09T21:38:10.921,7.871909275000235,1,0.4346208870410919,4.218804000174714,28.896550000354182,2.0,4737.34375,10.0,1257.375
yolo11n.pt,3,horizontal_fast,237,2026-09-09,21:38:10.957,2026-09-09T21:38:10.957,7.907950636999885,1,0.35063543915748596,4.181064000022161,33.08016399978442,1.7,4737.34375,10.0,1257.375
yolo11n.pt,3,horizontal_fast,238,2026-09-09,21:38:10.989,2026-09-09T21:38:10.989,7.939865315000134,0,0.0,4.077974999745493,28.68687999989561,2.0,4737.34375,10.0,1257.375
yolo11n.pt,3,horizontal_fast,239,2026-09-09,21:38:11.021,2026-09-09T21:38:11.021,7.971759753000242,1,0.42039692401885986,4.226444000323681,29.072438000184775,5.7,4737.34375,10.0,1257.375
yolo11n.pt,3,horizontal_fast,240,2026-09-09,21:38:11.057,2026-09-09T21:38:11.057,8.007728025000233,0,0.0,4.491123000207153,33.046432999981334,1.8,4737.34375,10.0,1257.375
yolo11n.pt,3,horizontal_fast,241,2026-09-09,21:38:11.089,2026-09-09T21:38:11.089,8.03988020199995,1,0.453818678855896,4.250014000263036,29.041197999958968,1.9,4737.34375,10.0,1257.375
yolo11n.pt,3,horizontal_fast,242,2026-09-09,21:38:11.122,2026-09-09T21:38:11.122,8.072001939000074,1,0.24377568066120148,4.540902999906393,29.496397000002617,2.0,4736.98828125,10.0,1257.375
yolo11n.pt,3,horizontal_fast,243,2026-09-09,21:38:11.157,2026-09-09T21:38:11.157,8.107850702000178,0,0.0,4.0590140001768305,32.26498599997285,3.6,4736.98828125,10.0,1257.375
yolo11n.pt,3,horizontal_fast,244,2026-09-09,21:38:11.189,2026-09-09T21:38:11.189,8.14017948799983,0,0.0,4.091674999926909,29.412328000034904,2.0,4737.23046875,10.0,1257.375
yolo11n.pt,3,horizontal_fast,245,2026-09-09,21:38:11.225,2026-09-09T21:38:11.225,8.17584430199986,1,0.21698814630508423,4.251222999755555,32.966664000014134,3.4,4737.23046875,10.0,1257.375
yolo11n.pt,3,horizontal_fast,246,2026-09-09,21:38:11.257,2026-09-09T21:38:11.257,8.207770988999982,0,0.0,4.10603499994977,28.663159999723575,3.9,4737.23046875,10.0,1257.375
yolo11n.pt,3,horizontal_fast,247,2026-09-09,21:38:11.289,2026-09-09T21:38:11.289,8.239930477000144,1,0.5763272643089294,4.202283999802603,29.282727999998315,2.0,4737.23046875,10.0,1257.375
yolo11n.pt,3,horizontal_fast,248,2026-09-09,21:38:11.325,2026-09-09T21:38:11.325,8.275916188999872,0,0.0,4.054154000186827,32.65552500033664,3.5,4737.23046875,10.0,1257.375
yolo11n.pt,3,horizontal_fast,249,2026-09-09,21:38:11.358,2026-09-09T21:38:11.358,8.307885126000201,1,0.5722993612289429,4.566433000036341,29.61498600006962,2.0,4737.23046875,10.0,1257.375
yolo11n.pt,3,horizontal_fast,250,2026-09-09,21:38:11.389,2026-09-09T21:38:11.389,8.339816554000208,0,0.0,4.086844000084966,28.376191000006656,2.0,4736.4921875,10.0,1257.375
yolo11n.pt,3,horizontal_fast,251,2026-09-09,21:38:11.426,2026-09-09T21:38:11.426,8.376208234999922,1,0.21932312846183777,4.252333000295039,33.723520999956236,3.4,4736.4921875,10.0,1257.375
yolo11n.pt,3,horizontal_fast,252,2026-09-09,21:38:11.458,2026-09-09T21:38:11.458,8.407933373000105,1,0.6260288953781128,4.26463399981003,28.73541999997542,2.0,4736.4921875,10.0,1257.375
yolo11n.pt,3,horizontal_fast,253,2026-09-09,21:38:11.487,2026-09-09T21:38:11.487,8.438117237999904,0,0.0,4.154184000071837,26.844837999760784,6.1,4736.4921875,10.0,1257.375
yolo11n.pt,3,horizontal_fast,254,2026-09-09,21:38:11.525,2026-09-09T21:38:11.525,8.47589962300026,1,0.916573703289032,4.268703999969148,34.91389600003458,1.7,4736.4921875,10.0,1257.375
yolo11n.pt,3,horizontal_fast,255,2026-09-09,21:38:11.557,2026-09-09T21:38:11.557,8.507788021000124,1,0.5999265313148499,4.2741040001601505,28.79493000000366,2.0,4736.390625,10.0,1257.375
yolo11n.pt,3,horizontal_fast,256,2026-09-09,21:38:11.589,2026-09-09T21:38:11.589,8.540060608000204,0,0.0,4.078935000052297,28.927629000008892,3.8,4736.390625,10.0,1257.375
yolo11n.pt,3,horizontal_fast,257,2026-09-09,21:38:11.625,2026-09-09T21:38:11.625,8.575924010000108,1,0.554348886013031,4.239123999923322,32.821404000060284,1.8,4736.33984375,10.0,1257.375
yolo11n.pt,3,horizontal_fast,258,2026-09-09,21:38:11.658,2026-09-09T21:38:11.658,8.60791996800026,1,0.8645744323730469,4.444792999947822,29.090209000059986,3.8,4736.33984375,10.0,1257.375
yolo11n.pt,3,horizontal_fast,259,2026-09-09,21:38:11.689,2026-09-09T21:38:11.689,8.639827785999842,1,0.7621685266494751,4.249113999776455,28.621551000014733,3.9,4736.33984375,10.0,1257.375
yolo11n.pt,3,horizontal_fast,260,2026-09-09,21:38:11.726,2026-09-09T21:38:11.726,8.676201725999817,1,0.6559688448905945,4.270283999630919,33.41505199978201,1.8,4736.33984375,10.0,1257.375
yolo11n.pt,3,horizontal_fast,261,2026-09-09,21:38:11.757,2026-09-09T21:38:11.757,8.707649296,1,0.7635006308555603,4.327223000018421,28.558031000102346,4.0,4736.33984375,10.0,1257.375
yolo11n.pt,3,horizontal_fast,262,2026-09-09,21:38:11.790,2026-09-09T21:38:11.790,8.74021220099985,1,0.42377492785453796,4.265074000159075,29.455036999934237,1.9,4736.33984375,10.0,1257.375
yolo11n.pt,3,horizontal_fast,263,2026-09-09,21:38:11.826,2026-09-09T21:38:11.826,8.77594970400014,1,0.6102845072746277,4.2427739999766345,32.75498499988316,3.5,4736.33984375,10.0,1257.375
yolo11n.pt,3,horizontal_fast,264,2026-09-09,21:38:11.857,2026-09-09T21:38:11.857,8.807774283000072,1,0.6746609210968018,4.324612999880628,28.89623000010033,5.8,4736.33984375,10.0,1257.3125
yolo11n.pt,3,horizontal_fast,265,2026-09-09,21:38:11.889,2026-09-09T21:38:11.889,8.839835400000084,1,0.7430360317230225,4.311713000333839,28.940989000147965,2.0,4736.33984375,10.0,1257.3125
yolo11n.pt,3,horizontal_fast,266,2026-09-09,21:38:11.926,2026-09-09T21:38:11.926,8.87597777100018,1,0.690814197063446,4.200403999675473,32.99676400001772,1.8,4736.33984375,10.0,1257.3125
yolo11n.pt,3,horizontal_fast,267,2026-09-09,21:38:11.957,2026-09-09T21:38:11.957,8.90785692999998,1,0.8452256917953491,4.2376740002509905,28.932830000030663,3.9,4736.33984375,10.0,1257.3125
yolo11n.pt,3,horizontal_fast,268,2026-09-09,21:38:11.989,2026-09-09T21:38:11.989,8.939826026999981,1,0.6883453130722046,4.2638040004021605,29.001138999774412,2.0,4736.33984375,10.0,1257.3125
yolo11n.pt,3,horizontal_fast,269,2026-09-09,21:38:12.021,2026-09-09T21:38:12.021,8.971715385000152,1,0.6883453130722046,4.253553999660653,28.89483899980405,2.0,4736.33984375,10.0,1257.3125
yolo11n.pt,3,horizontal_fast,270,2026-09-09,21:38:12.057,2026-09-09T21:38:12.057,9.007509678000133,1,0.7795130610466003,4.245483999966382,33.010332999765524,1.8,4736.33984375,10.0,1257.3125
yolo11n.pt,3,horizontal_fast,271,2026-09-09,21:38:12.089,2026-09-09T21:38:12.089,9.039720235000004,1,0.787525475025177,4.253563000020222,29.19402799989257,3.9,4736.33984375,10.0,1257.3125
yolo11n.pt,3,horizontal_fast,272,2026-09-09,21:38:12.125,2026-09-09T21:38:12.125,9.075929036000161,1,0.7466138005256653,4.204953999760619,33.14791299999342,3.4,4736.33984375,9.0,1257.3125
yolo11n.pt,3,horizontal_fast,273,2026-09-09,21:38:12.157,2026-09-09T21:38:12.157,9.107904943999984,1,0.7937425971031189,4.228942999816354,28.94975900017016,2.0,4736.33984375,9.0,1257.3125
yolo11n.pt,3,horizontal_fast,274,2026-09-09,21:38:12.189,2026-09-09T21:38:12.189,9.139709562000007,1,0.5946225523948669,4.24875399994562,28.794479000225692,2.0,4736.33984375,9.0,1257.3125
yolo11n.pt,3,horizontal_fast,275,2026-09-09,21:38:12.226,2026-09-09T21:38:12.226,9.17632555199998,1,0.28581735491752625,4.262692999873252,33.576771999833,3.3,4736.33984375,9.0,1257.3125
yolo11n.pt,3,horizontal_fast,276,2026-09-09,21:38:12.258,2026-09-09T21:38:12.258,9.208063860000038,1,0.7994529008865356,4.311243999836734,28.78158000021358,3.9,4736.328125,9.0,1257.3125
yolo11n.pt,3,horizontal_fast,277,2026-09-09,21:38:12.290,2026-09-09T21:38:12.290,9.239991318000193,1,0.650131106376648,4.162764000284369,28.7348709998696,2.0,4736.328125,9.0,1257.3125
yolo11n.pt,3,horizontal_fast,278,2026-09-09,21:38:12.326,2026-09-09T21:38:12.326,9.275967380000111,1,0.4448278546333313,4.4036330000380985,33.22387300022456,1.8,4736.328125,9.0,1257.3125
yolo11n.pt,3,horizontal_fast,279,2026-09-09,21:38:12.357,2026-09-09T21:38:12.357,9.307965028000126,0,0.0,4.023224000320624,28.51915099972757,3.9,4736.5703125,9.0,1257.3125
yolo11n.pt,3,horizontal_fast,280,2026-09-09,21:38:12.389,2026-09-09T21:38:12.389,9.339902816000176,1,0.6826398968696594,4.243572999712342,29.09488900013457,2.0,4736.5703125,9.0,1257.3125
yolo11n.pt,3,horizontal_fast,281,2026-09-09,21:38:12.425,2026-09-09T21:38:12.425,9.37570359900019,0,0.0,4.0432640003018605,32.57666600029552,1.8,4736.5703125,9.0,1257.3125
yolo11n.pt,3,horizontal_fast,282,2026-09-09,21:38:12.457,2026-09-09T21:38:12.457,9.408050574999834,0,0.0,4.072434000136127,29.33859799986749,5.7,4736.5703125,9.0,1257.3125
yolo11n.pt,3,horizontal_fast,283,2026-09-09,21:38:12.493,2026-09-09T21:38:12.493,9.443700008000178,1,0.5353235602378845,4.457673000160867,33.290292999936355,1.8,4736.5703125,9.0,1257.3125
yolo11n.pt,3,horizontal_fast,284,2026-09-09,21:38:12.525,2026-09-09T21:38:12.525,9.475737905000187,0,0.0,4.107135000140261,28.587650999725156,2.0,4736.5703125,9.0,1257.3125
yolo11n.pt,3,horizontal_fast,285,2026-09-09,21:38:12.557,2026-09-09T21:38:12.557,9.507789282999966,0,0.0,4.076983999766526,28.958929000054923,5.8,4736.62890625,9.0,1257.3125
yolo11n.pt,3,horizontal_fast,286,2026-09-09,21:38:12.593,2026-09-09T21:38:12.593,9.543820285000038,1,0.31862136721611023,4.251623000072868,33.22251300005519,1.8,4736.3828125,9.0,1257.3125
yolo11n.pt,3,horizontal_fast,287,2026-09-09,21:38:12.625,2026-09-09T21:38:12.625,9.575724493000052,1,0.37089958786964417,4.225173999657272,28.89379899988853,3.8,4736.3828125,10.0,1257.3125
yolo11n.pt,3,horizontal_fast,288,2026-09-09,21:38:12.657,2026-09-09T21:38:12.657,9.607740020000165,1,0.38017043471336365,4.236274000049889,29.04394899996987,2.0,4736.3828125,10.0,1257.3125
yolo11n.pt,3,horizontal_fast,289,2026-09-09,21:38:12.693,2026-09-09T21:38:12.693,9.643954231999942,1,0.5522423982620239,4.164384999967297,33.175483000377426,1.7,4736.3828125,10.0,1257.3125
yolo11n.pt,3,horizontal_fast,290,2026-09-09,21:38:12.725,2026-09-09T21:38:12.725,9.67596494899999,0,0.0,3.984864999893034,28.730799999721057,3.9,4736.3828125,10.0,1257.3125
yolo11n.pt,3,horizontal_fast,291,2026-09-09,21:38:12.757,2026-09-09T21:38:12.757,9.707796087000133,1,0.4777994155883789,4.234514000017953,29.18169900021894,3.9,4736.3828125,10.0,1257.3125
yolo11n.pt,3,horizontal_fast,292,2026-09-09,21:38:12.793,2026-09-09T21:38:12.793,9.743885529000181,1,0.30363237857818604,4.2167540000264125,33.08018400002766,3.4,4736.3828125,10.0,1257.3125
yolo11n.pt,3,horizontal_fast,293,2026-09-09,21:38:12.825,2026-09-09T21:38:12.825,9.77580593699986,1,0.4769427180290222,4.218283999762207,29.007988999637746,2.0,4736.625,10.0,1257.3125
yolo11n.pt,3,horizontal_fast,294,2026-09-09,21:38:12.857,2026-09-09T21:38:12.857,9.807730985000035,0,0.0,4.055504999996629,28.585259999999835,4.0,4733.78125,10.0,1256.625
yolo11n.pt,3,horizontal_fast,295,2026-09-09,21:38:12.893,2026-09-09T21:38:12.893,9.84388197599992,1,0.6526996493339539,4.205324000395194,33.44770200010316,1.8,4733.78125,10.0,1256.625
yolo11n.pt,3,horizontal_fast,296,2026-09-09,21:38:12.925,2026-09-09T21:38:12.925,9.875784123999892,1,0.7360479831695557,4.273983999610209,28.954168999916874,3.9,4733.78125,10.0,1256.625
yolo11n.pt,3,horizontal_fast,297,2026-09-09,21:38:12.957,2026-09-09T21:38:12.957,9.907921931000146,0,0.0,4.007035000086034,28.699990999939473,3.9,4733.78125,10.0,1256.625
yolo11n.pt,3,horizontal_fast,298,2026-09-09,21:38:12.993,2026-09-09T21:38:12.993,9.943872682999881,1,0.44171372056007385,4.206214000078035,33.16696299998512,3.4,4733.78125,10.0,1256.625
yolo11n.pt,3,horizontal_fast,299,2026-09-09,21:38:13.025,2026-09-09T21:38:13.025,9.975923470999987,1,0.7716977000236511,4.173574000105873,29.044467999938206,2.0,4733.78125,10.0,1256.625
yolo11n.pt,3,horizontal_fast,300,2026-09-09,21:38:13.057,2026-09-09T21:38:13.057,10.007748669000193,1,0.853702962398529,4.226764000122785,28.84754900014741,2.0,4733.78125,10.0,1256.625
yolo11n.pt,4,vertical,1,2026-09-09,21:38:18.132,2026-09-09T21:38:18.132,0.032097726999836595,1,0.7618457674980164,5.501488999925641,38.18587400019169,2.2,4730.9375,4.0,1254.125
yolo11n.pt,4,vertical,2,2026-09-09,21:38:18.166,2026-09-09T21:38:18.166,0.06717508299971087,0,0.0,4.222622999805026,30.609982999976637,5.5,4730.9375,4.0,1254.125
yolo11n.pt,4,vertical,3,2026-09-09,21:38:18.198,2026-09-09T21:38:18.198,0.09917337999968368,0,0.0,4.067904999828897,29.015799000262632,3.8,4717.87109375,4.0,1254.125
yolo11n.pt,4,vertical,4,2026-09-09,21:38:18.231,2026-09-09T21:38:18.231,0.13245160299993586,1,0.5096189975738525,4.232982999837986,30.20879399991827,1.9,4725.25390625,4.0,1254.125
yolo11n.pt,4,vertical,5,2026-09-09,21:38:18.265,2026-09-09T21:38:18.265,0.16695009099976232,1,0.6202393174171448,4.292823000014323,31.60010900000998,3.6,4725.25390625,4.0,1254.125
yolo11n.pt,4,vertical,6,2026-09-09,21:38:18.297,2026-09-09T21:38:18.297,0.198960557999726,0,0.0,4.108183999960602,28.727100000196515,3.9,4725.25390625,4.0,1254.125
yolo11n.pt,4,vertical,7,2026-09-09,21:38:18.329,2026-09-09T21:38:18.329,0.2310138449997794,1,0.5263760685920715,4.297653999856266,29.287687999840273,2.0,4725.25390625,4.0,1254.125
yolo11n.pt,4,vertical,8,2026-09-09,21:38:18.365,2026-09-09T21:38:18.365,0.26704659699998956,0,0.0,4.105985000023793,32.6576649999879,3.4,4725.25390625,4.0,1254.125
yolo11n.pt,4,vertical,9,2026-09-09,21:38:18.397,2026-09-09T21:38:18.397,0.2989861049995852,1,0.7281723618507385,4.271163999874261,29.24777799989897,5.7,4725.25390625,4.0,1254.125
yolo11n.pt,4,vertical,10,2026-09-09,21:38:18.429,2026-09-09T21:38:18.429,0.3310727519997272,1,0.5541257858276367,4.2585239998516045,29.110939000020153,2.0,4725.25390625,4.0,1254.125
yolo11n.pt,4,vertical,11,2026-09-09,21:38:18.465,2026-09-09T21:38:18.465,0.3670791049999025,1,0.8233528137207031,4.238952999912726,33.029113999873516,1.8,4725.49609375,4.0,1254.125
yolo11n.pt,4,vertical,12,2026-09-09,21:38:18.497,2026-09-09T21:38:18.497,0.39898953199963216,0,0.0,4.0911149999374175,28.699500000129774,3.9,4725.49609375,4.0,1254.125
yolo11n.pt,4,vertical,13,2026-09-09,21:38:18.530,2026-09-09T21:38:18.530,0.4312061989999165,1,0.8190428018569946,4.286274000151025,29.551217000062024,2.0,4725.49609375,4.0,1254.125
yolo11n.pt,4,vertical,14,2026-09-09,21:38:18.565,2026-09-09T21:38:18.565,0.46706196199966143,1,0.8564759492874146,4.246772999977111,32.83480399977634,1.8,4725.49609375,4.0,1254.125
yolo11n.pt,4,vertical,15,2026-09-09,21:38:18.597,2026-09-09T21:38:18.597,0.4991128389997357,0,0.0,4.0557649999755085,28.662890999839874,3.9,4725.70703125,4.0,1254.125
yolo11n.pt,4,vertical,16,2026-09-09,21:38:18.629,2026-09-09T21:38:18.629,0.5311014469998554,1,0.5740471482276917,4.244143000050826,29.221338000297692,3.8,4725.70703125,10.0,1254.125
yolo11n.pt,4,vertical,17,2026-09-09,21:38:18.665,2026-09-09T21:38:18.665,0.5670674089997192,1,0.4787851572036743,4.250043999945774,33.00140300007115,1.8,4725.70703125,10.0,1254.125
yolo11n.pt,4,vertical,18,2026-09-09,21:38:18.697,2026-09-09T21:38:18.697,0.5991021569998338,0,0.0,4.06962500028385,28.80862999973033,2.0,4725.70703125,10.0,1254.125
yolo11n.pt,4,vertical,19,2026-09-09,21:38:18.729,2026-09-09T21:38:18.729,0.6311207939997985,0,0.0,4.035013999782677,29.03228900004251,3.9,4725.70703125,10.0,1254.125
yolo11n.pt,4,vertical,20,2026-09-09,21:38:18.765,2026-09-09T21:38:18.765,0.6664056889999301,0,0.0,4.0731740000410355,32.35030599989841,1.8,4725.70703125,10.0,1254.125
yolo11n.pt,4,vertical,21,2026-09-09,21:38:18.797,2026-09-09T21:38:18.797,0.6991565829998763,0,0.0,4.004785000233824,29.71027600005982,2.0,4725.70703125,10.0,1254.125
yolo11n.pt,4,vertical,22,2026-09-09,21:38:18.829,2026-09-09T21:38:18.829,0.7312311399996361,0,0.0,4.068334999828949,29.007698999976128,3.8,4726.4296875,10.0,1254.125
yolo11n.pt,4,vertical,23,2026-09-09,21:38:18.865,2026-09-09T21:38:18.865,0.7667813649995878,0,0.0,4.109924000204046,32.53666599994176,3.5,4726.4296875,10.0,1254.125
yolo11n.pt,4,vertical,24,2026-09-09,21:38:18.897,2026-09-09T21:38:18.897,0.7989614809998784,0,0.0,4.103965000012977,29.22978900005546,3.8,4726.4296875,10.0,1254.125
yolo11n.pt,4,vertical,25,2026-09-09,21:38:18.933,2026-09-09T21:38:18.933,0.8348944939998546,0,0.0,4.078314000253158,32.926343999861274,3.5,4726.4296875,10.0,1254.125
yolo11n.pt,4,vertical,26,2026-09-09,21:38:18.965,2026-09-09T21:38:18.965,0.8670227009997689,0,0.0,4.1130939998765825,29.109459000210336,2.0,4726.4296875,10.0,1254.125
yolo11n.pt,4,vertical,27,2026-09-09,21:38:18.997,2026-09-09T21:38:18.997,0.8990820679996432,0,0.0,4.0304740000465245,28.927738999755093,2.0,4726.4296875,10.0,1254.125
yolo11n.pt,4,vertical,28,2026-09-09,21:38:19.033,2026-09-09T21:38:19.033,0.9348604409997279,1,0.7649713754653931,4.261714000222128,33.142003000193654,3.4,4726.4296875,10.0,1254.125
yolo11n.pt,4,vertical,29,2026-09-09,21:38:19.065,2026-09-09T21:38:19.065,0.967063527999926,1,0.8482019901275635,4.216554000322503,29.037119000349776,3.8,4726.4296875,10.0,1254.125
yolo11n.pt,4,vertical,30,2026-09-09,21:38:19.097,2026-09-09T21:38:19.097,0.9990191449996928,1,0.6008564233779907,4.228104000048916,28.864290000001347,2.0,4726.4296875,10.0,1254.125
yolo11n.pt,4,vertical,31,2026-09-09,21:38:19.129,2026-09-09T21:38:19.129,1.0309347630000048,1,0.6008564233779907,4.31676400012293,28.90787900014402,0.0,4726.4296875,11.0,1254.125
yolo11n.pt,4,vertical,32,2026-09-09,21:38:19.165,2026-09-09T21:38:19.165,1.06711534499982,0,0.0,4.021724000267568,32.90462400036631,3.5,4726.4296875,11.0,1254.125
yolo11n.pt,4,vertical,33,2026-09-09,21:38:19.197,2026-09-09T21:38:19.197,1.0990895719996843,1,0.7927161455154419,4.194384000129503,29.242277999856015,2.0,4726.671875,11.0,1254.125
yolo11n.pt,4,vertical,34,2026-09-09,21:38:19.233,2026-09-09T21:38:19.233,1.1350648949996867,1,0.44855907559394836,4.203874000268115,32.97879399997328,3.4,4726.671875,11.0,1254.125
yolo11n.pt,4,vertical,35,2026-09-09,21:38:19.261,2026-09-09T21:38:19.261,1.1629252879997694,1,0.44855907559394836,4.337992999808193,24.980555000183813,2.2,4726.671875,11.0,1254.125
yolo11n.pt,4,vertical,36,2026-09-09,21:38:19.297,2026-09-09T21:38:19.297,1.1991172789998927,1,0.3627130389213562,4.191293999610934,33.17931299989141,1.8,4726.671875,11.0,1254.125
yolo11n.pt,4,vertical,37,2026-09-09,21:38:19.334,2026-09-09T21:38:19.334,1.2351725209996403,1,0.8316665291786194,4.168183999809116,33.029463999810105,3.4,4726.671875,11.0,1254.125
yolo11n.pt,4,vertical,38,2026-09-09,21:38:19.365,2026-09-09T21:38:19.365,1.2670790089996444,1,0.7456820607185364,4.212224000184506,28.821989999869402,2.0,4726.671875,11.0,1254.125
yolo11n.pt,4,vertical,39,2026-09-09,21:38:19.397,2026-09-09T21:38:19.397,1.299085876999925,1,0.8696057796478271,4.194644000108383,29.03012900014801,2.0,4726.671875,11.0,1254.125
yolo11n.pt,4,vertical,40,2026-09-09,21:38:19.433,2026-09-09T21:38:19.433,1.33498593899958,1,0.7800290584564209,4.248334000294562,32.987514000069496,1.8,4726.671875,11.0,1254.125
yolo11n.pt,4,vertical,41,2026-09-09,21:38:19.465,2026-09-09T21:38:19.465,1.3671329859998878,1,0.5808659195899963,4.179063999799837,29.13750900006562,3.9,4726.671875,11.0,1254.125
yolo11n.pt,4,vertical,42,2026-09-09,21:38:19.497,2026-09-09T21:38:19.497,1.3990486739999142,0,0.0,4.049654000027658,28.688169999895763,2.0,4726.9140625,11.0,1254.125
yolo11n.pt,4,vertical,43,2026-09-09,21:38:19.533,2026-09-09T21:38:19.533,1.4351014959997883,1,0.6255205273628235,4.203023999707511,33.37588200020036,3.4,4726.9140625,11.0,1254.125
yolo11n.pt,4,vertical,44,2026-09-09,21:38:19.565,2026-09-09T21:38:19.565,1.4670359639999333,0,0.0,4.066943999987416,28.720009999688045,3.9,4726.9140625,11.0,1254.125
yolo11n.pt,4,vertical,45,2026-09-09,21:38:19.597,2026-09-09T21:38:19.597,1.499116180999863,0,0.0,4.006504999779281,29.086769000059576,2.0,4726.6640625,11.0,1254.125
yolo11n.pt,4,vertical,46,2026-09-09,21:38:19.633,2026-09-09T21:38:19.633,1.5350730329996622,1,0.1785343736410141,4.267104000064137,33.357913000145345,3.5,4726.3046875,10.0,1254.125
yolo11n.pt,4,vertical,47,2026-09-09,21:38:19.665,2026-09-09T21:38:19.665,1.5668936819997725,1,0.8300485610961914,4.28231300020343,28.905320000376378,5.9,4726.671875,10.0,1254.125
yolo11n.pt,4,vertical,48,2026-09-09,21:38:19.698,2026-09-09T21:38:19.698,1.5991407179999442,1,0.8814913034439087,4.324324000208435,29.342498000005435,7.8,4725.60546875,10.0,1254.125
yolo11n.pt,4,vertical,49,2026-09-09,21:38:19.734,2026-09-09T21:38:19.734,1.6349940909999532,1,0.48270389437675476,4.696171999967191,33.23400300041612,8.6,4728.0703125,10.0,1254.125
yolo11n.pt,4,vertical,50,2026-09-09,21:38:19.766,2026-09-09T21:38:19.766,1.6672108169996136,1,0.2786244750022888,4.254903999935777,28.605931000129203,8.2,4732.11328125,10.0,1254.125
yolo11n.pt,4,vertical,51,2026-09-09,21:38:19.797,2026-09-09T21:38:19.797,1.6991825850000168,0,0.0,4.02320500006681,28.63149999984671,9.8,4732.125,10.0,1254.125
yolo11n.pt,4,vertical,52,2026-09-09,21:38:19.833,2026-09-09T21:38:19.833,1.7349058779996085,1,0.2767500877380371,4.28771399992911,33.12057299990556,10.3,4733.5234375,10.0,1254.125
yolo11n.pt,4,vertical,53,2026-09-09,21:38:19.865,2026-09-09T21:38:19.865,1.766948045999925,1,0.49601444602012634,4.246493000209739,29.018408999945677,8.0,4733.29296875,10.0,1254.125
yolo11n.pt,4,vertical,54,2026-09-09,21:38:19.897,2026-09-09T21:38:19.897,1.7990583329997207,1,0.384630411863327,4.242683000029501,29.045838999991247,9.6,4733.27734375,10.0,1254.125
yolo11n.pt,4,vertical,55,2026-09-09,21:38:19.933,2026-09-09T21:38:19.933,1.8350065749996247,0,0.0,4.0809439997246955,32.599254999695404,10.5,4735.7578125,10.0,1254.125
yolo11n.pt,4,vertical,56,2026-09-09,21:38:19.965,2026-09-09T21:38:19.965,1.8669880429997647,0,0.0,4.10868400012987,28.90060900017488,7.8,4735.296875,10.0,1254.125
yolo11n.pt,4,vertical,57,2026-09-09,21:38:19.997,2026-09-09T21:38:19.997,1.8989939199996115,0,0.0,4.073334000167961,28.888168999856134,8.0,4735.29296875,10.0,1254.125
yolo11n.pt,4,vertical,58,2026-09-09,21:38:20.034,2026-09-09T21:38:20.034,1.9351981519998844,1,0.49333471059799194,4.174954000063735,33.45786199997747,10.2,4734.9765625,10.0,1254.125
yolo11n.pt,4,vertical,59,2026-09-09,21:38:20.065,2026-09-09T21:38:20.065,1.9666585309996663,1,0.409965455532074,4.050004999953671,28.346130999580055,8.2,4735.6484375,10.0,1254.125
yolo11n.pt,4,vertical,60,2026-09-09,21:38:20.093,2026-09-09T21:38:20.093,1.9949377929997354,1,0.409965455532074,4.142473999763752,25.447012999848084,8.9,4735.34765625,10.0,1254.125
yolo11n.pt,4,vertical,61,2026-09-09,21:38:20.117,2026-09-09T21:38:20.117,2.01870935199986,1,0.2433777004480362,3.7873050000598596,20.607390999884956,10.5,4736.4453125,10.0,1254.125
yolo11n.pt,4,vertical,62,2026-09-09,21:38:20.149,2026-09-09T21:38:20.149,2.0508716589997675,1,0.1606408953666687,3.821215000243683,29.178948000208038,11.3,4738.828125,10.0,1254.125
yolo11n.pt,4,vertical,63,2026-09-09,21:38:20.181,2026-09-09T21:38:20.181,2.082842745999642,1,0.869407057762146,3.8003560002835,28.980410000258416,6.1,4739.3203125,10.0,1254.125
yolo11n.pt,4,vertical,64,2026-09-09,21:38:20.216,2026-09-09T21:38:20.216,2.1176236530000097,1,0.3919353485107422,3.7930759999653674,31.96009800012689,10.7,4740.0703125,10.0,1254.125
yolo11n.pt,4,vertical,65,2026-09-09,21:38:20.249,2026-09-09T21:38:20.249,2.150710656999763,1,0.6862367987632751,3.917655999885028,30.24771399987003,9.6,4748.8203125,10.0,1254.125
yolo11n.pt,4,vertical,66,2026-09-09,21:38:20.281,2026-09-09T21:38:20.281,2.1828212839996013,1,0.7130526304244995,3.7934460001451953,28.869740000118327,8.0,4748.7734375,10.0,1254.125
yolo11n.pt,4,vertical,67,2026-09-09,21:38:20.317,2026-09-09T21:38:20.317,2.218577567000011,1,0.7607865929603577,3.9669839998168754,32.877043999633315,6.9,4749.1328125,10.0,1254.125
yolo11n.pt,4,vertical,68,2026-09-09,21:38:20.350,2026-09-09T21:38:20.350,2.2509424529998796,1,0.5926877856254578,4.7035319998940395,30.228053999962867,3.8,4749.1328125,10.0,1254.125
yolo11n.pt,4,vertical,69,2026-09-09,21:38:20.381,2026-09-09T21:38:20.381,2.2830087299998922,1,0.15580424666404724,4.264773999693716,28.515151000192418,3.9,4749.1328125,10.0,1254.125
yolo11n.pt,4,vertical,70,2026-09-09,21:38:20.417,2026-09-09T21:38:20.417,2.3189400429996567,1,0.8306196331977844,3.8075259999459377,32.56366599998728,1.8,4749.1328125,10.0,1254.125
yolo11n.pt,4,vertical,71,2026-09-09,21:38:20.445,2026-09-09T21:38:20.445,2.3469196959999863,1,0.8306196331977844,4.058935000102792,25.318821999917418,2.2,4749.1328125,10.0,1254.125
yolo11n.pt,4,vertical,72,2026-09-09,21:38:20.481,2026-09-09T21:38:20.481,2.382972007999797,0,0.0,3.6246059999029967,32.68044500009637,1.8,4749.1328125,10.0,1254.125
yolo11n.pt,4,vertical,73,2026-09-09,21:38:20.517,2026-09-09T21:38:20.517,2.418856859999778,1,0.8594251275062561,3.80577500027357,33.255852999900526,3.4,4749.375,10.0,1254.125
yolo11n.pt,4,vertical,74,2026-09-09,21:38:20.549,2026-09-09T21:38:20.549,2.4508668280000165,1,0.39271795749664307,3.788616000292677,29.009649000272475,2.0,4749.375,10.0,1254.125
yolo11n.pt,4,vertical,75,2026-09-09,21:38:20.581,2026-09-09T21:38:20.581,2.4829758449996007,1,0.5233915448188782,3.8719959998161357,29.296496999904775,3.8,4749.25390625,10.0,1254.125
yolo11n.pt,4,vertical,76,2026-09-09,21:38:20.616,2026-09-09T21:38:20.616,2.5185605679998844,1,0.4382082223892212,3.7678759999835165,32.5565859998278,3.5,4749.25390625,10.0,1254.125
yolo11n.pt,4,vertical,77,2026-09-09,21:38:20.649,2026-09-09T21:38:20.649,2.550759224999638,1,0.7415797114372253,3.8158050001584343,29.260127999805263,2.0,4749.25390625,10.0,1254.125
yolo11n.pt,4,vertical,78,2026-09-09,21:38:20.681,2026-09-09T21:38:20.681,2.5829877019996275,0,0.0,3.692695999689022,29.073659000005136,2.0,4749.25390625,10.0,1254.125
yolo11n.pt,4,vertical,79,2026-09-09,21:38:20.717,2026-09-09T21:38:20.717,2.6188237249998565,1,0.7598767876625061,3.7699149997934,33.035473999916576,3.4,4749.25390625,10.0,1254.125
yolo11n.pt,4,vertical,80,2026-09-09,21:38:20.749,2026-09-09T21:38:20.749,2.6508837119999953,1,0.7525889277458191,3.796985000008135,29.178348000186816,2.0,4749.25390625,10.0,1254.125
yolo11n.pt,4,vertical,81,2026-09-09,21:38:20.781,2026-09-09T21:38:20.781,2.6829556189995856,1,0.6995651721954346,3.7952950001454155,29.079798000111623,2.0,4749.25390625,10.0,1254.125
yolo11n.pt,4,vertical,82,2026-09-09,21:38:20.817,2026-09-09T21:38:20.817,2.7188450919998104,1,0.7433456182479858,3.8694750001013745,33.07701299991095,3.4,4749.25390625,10.0,1254.125
yolo11n.pt,4,vertical,83,2026-09-09,21:38:20.849,2026-09-09T21:38:20.849,2.7506647299996985,1,0.5682780146598816,3.7918350003565138,28.78097999973761,4.0,4749.25390625,10.0,1254.125
yolo11n.pt,4,vertical,84,2026-09-09,21:38:20.885,2026-09-09T21:38:20.885,2.786843640999905,1,0.5232407450675964,3.7983259999236907,33.30029200014906,1.7,4749.48828125,10.0,1254.125
yolo11n.pt,4,vertical,85,2026-09-09,21:38:20.917,2026-09-09T21:38:20.917,2.8188157889999275,1,0.6226576566696167,3.77030499976172,28.971339000236185,2.0,4749.73046875,10.0,1254.125
yolo11n.pt,4,vertical,86,2026-09-09,21:38:20.948,2026-09-09T21:38:20.948,2.850799125999856,0,0.0,3.603056999963883,28.791650000130176,5.8,4749.73046875,10.0,1254.125
yolo11n.pt,4,vertical,87,2026-09-09,21:38:20.985,2026-09-09T21:38:20.985,2.886817888999758,1,0.5327759981155396,3.7862449999011005,33.280132999607304,1.8,4749.73046875,10.0,1254.125
yolo11n.pt,4,vertical,88,2026-09-09,21:38:21.017,2026-09-09T21:38:21.017,2.9187798959997053,1,0.5158397555351257,3.8023359998078377,28.973339999993186,2.0,4749.73046875,10.0,1254.125
yolo11n.pt,4,vertical,89,2026-09-09,21:38:21.048,2026-09-09T21:38:21.048,2.950386394999896,0,0.0,3.65027599991663,28.39771099979771,4.0,4749.73046875,10.0,1254.125
yolo11n.pt,4,vertical,90,2026-09-09,21:38:21.084,2026-09-09T21:38:21.084,2.986811855999804,0,0.0,3.6881560004076164,33.57188199970551,1.7,4749.73046875,10.0,1254.125
yolo11n.pt,4,vertical,91,2026-09-09,21:38:21.117,2026-09-09T21:38:21.117,3.0189235929997267,0,0.0,3.767095000057452,29.041218000202207,2.0,4749.62890625,10.0,1254.125
yolo11n.pt,4,vertical,92,2026-09-09,21:38:21.149,2026-09-09T21:38:21.149,3.0510005199998886,0,0.0,3.892915000051289,29.269747999933315,3.8,4749.62890625,10.0,1254.125
yolo11n.pt,4,vertical,93,2026-09-09,21:38:21.185,2026-09-09T21:38:21.185,3.0867788030000156,0,0.0,4.161603999818908,32.95332399966355,3.4,4749.62890625,10.0,1254.125
yolo11n.pt,4,vertical,94,2026-09-09,21:38:21.217,2026-09-09T21:38:21.217,3.1188384199999746,0,0.0,4.052924999996321,28.966329000013502,3.9,4749.62890625,10.0,1254.125
yolo11n.pt,4,vertical,95,2026-09-09,21:38:21.249,2026-09-09T21:38:21.249,3.151096506999693,0,0.0,4.011543999695277,29.25817699997424,2.0,4749.62890625,10.0,1254.125
yolo11n.pt,4,vertical,96,2026-09-09,21:38:21.285,2026-09-09T21:38:21.285,3.1868437999996786,1,0.3658984303474426,4.336342999977205,33.27642299973377,1.7,4749.62890625,10.0,1254.125
yolo11n.pt,4,vertical,97,2026-09-09,21:38:21.317,2026-09-09T21:38:21.317,3.2189495069997065,1,0.4994998276233673,4.278624000107811,29.086318000281608,2.0,4749.62890625,10.0,1254.125
yolo11n.pt,4,vertical,98,2026-09-09,21:38:21.349,2026-09-09T21:38:21.349,3.25109002399995,1,0.28681957721710205,4.230624000229,29.144259000077,3.9,4749.62890625,10.0,1254.125
yolo11n.pt,4,vertical,99,2026-09-09,21:38:21.385,2026-09-09T21:38:21.385,3.287130065999918,1,0.7867981791496277,4.177044000243768,32.905013999879884,3.4,4749.62890625,10.0,1254.125
yolo11n.pt,4,vertical,100,2026-09-09,21:38:21.417,2026-09-09T21:38:21.417,3.3189133639998545,1,0.5342627763748169,4.213473999698181,28.799420000268583,2.0,4749.62890625,10.0,1254.125
yolo11n.pt,4,vertical,101,2026-09-09,21:38:21.449,2026-09-09T21:38:21.449,3.351067461999719,1,0.40455546975135803,4.228784000133601,29.178229000081046,2.0,4749.62890625,10.0,1254.125
yolo11n.pt,4,vertical,102,2026-09-09,21:38:21.485,2026-09-09T21:38:21.485,3.3870999639998445,1,0.7503030300140381,4.1911439998330025,33.05912399991939,1.8,4749.62890625,10.0,1254.125
yolo11n.pt,4,vertical,103,2026-09-09,21:38:21.517,2026-09-09T21:38:21.517,3.4188112919996456,1,0.6485541462898254,4.340342999967106,28.869960000065475,3.9,4749.62890625,10.0,1254.125
yolo11n.pt,4,vertical,104,2026-09-09,21:38:21.550,2026-09-09T21:38:21.550,3.4511134780000248,1,0.18099644780158997,4.278654000245297,29.2809180000404,3.8,4749.62890625,10.0,1254.125
yolo11n.pt,4,vertical,105,2026-09-09,21:38:21.586,2026-09-09T21:38:21.586,3.487163899999814,1,0.5853157639503479,4.277444000308606,33.11461299972507,1.8,4749.62890625,10.0,1254.125
yolo11n.pt,4,vertical,106,2026-09-09,21:38:21.618,2026-09-09T21:38:21.618,3.519102477999695,1,0.6865020394325256,4.298953999750665,29.004488999817113,3.9,4749.62890625,10.0,1254.125
yolo11n.pt,4,vertical,107,2026-09-09,21:38:21.650,2026-09-09T21:38:21.650,3.551137305999873,1,0.4655956029891968,4.285273999812489,28.93106000010448,2.0,4749.62890625,10.0,1254.125
yolo11n.pt,4,vertical,108,2026-09-09,21:38:21.686,2026-09-09T21:38:21.686,3.58730913699992,1,0.6564761400222778,4.2339440001342155,33.121973000106664,3.4,4749.62890625,10.0,1254.125
yolo11n.pt,4,vertical,109,2026-09-09,21:38:21.718,2026-09-09T21:38:21.718,3.619313633999809,1,0.29912200570106506,4.22569400006978,28.94798899978923,3.9,4749.62890625,10.0,1254.125
yolo11n.pt,4,vertical,110,2026-09-09,21:38:21.750,2026-09-09T21:38:21.750,3.6513188419999096,1,0.4969704747200012,4.280722999737918,28.997988999890367,2.0,4749.87109375,10.0,1254.125
yolo11n.pt,4,vertical,111,2026-09-09,21:38:21.785,2026-09-09T21:38:21.785,3.6869230859997515,0,0.0,4.063394000240805,32.23863699986396,1.8,4750.11328125,10.0,1254.125
yolo11n.pt,4,vertical,112,2026-09-09,21:38:21.817,2026-09-09T21:38:21.817,3.7189373229998637,1,0.7095544338226318,4.263084000285744,29.29125800028487,5.7,4750.11328125,10.0,1254.125
yolo11n.pt,4,vertical,113,2026-09-09,21:38:21.849,2026-09-09T21:38:21.849,3.751165829999991,0,0.0,4.008964000149717,28.963359000044875,2.0,4750.11328125,10.0,1254.125
yolo11n.pt,4,vertical,114,2026-09-09,21:38:21.885,2026-09-09T21:38:21.885,3.7871623319997525,0,0.0,4.037374000290583,33.07141300001604,3.4,4750.11328125,10.0,1254.125
yolo11n.pt,4,vertical,115,2026-09-09,21:38:21.918,2026-09-09T21:38:21.918,3.819231158999628,1,0.8612460494041443,4.3674730000020645,29.51036700005716,2.0,4750.11328125,10.0,1254.125
yolo11n.pt,4,vertical,116,2026-09-09,21:38:21.949,2026-09-09T21:38:21.949,3.8511282869999377,1,0.6790885329246521,4.2052740000144695,28.811508999751823,3.8,4750.11328125,10.0,1254.125
yolo11n.pt,4,vertical,117,2026-09-09,21:38:21.986,2026-09-09T21:38:21.986,3.887036899999657,1,0.6079107522964478,4.341302999819163,33.0624030002582,3.5,4750.11328125,10.0,1254.125
yolo11n.pt,4,vertical,118,2026-09-09,21:38:22.017,2026-09-09T21:38:22.017,3.9188943579997613,1,0.7160902619361877,4.288422999707109,28.87922999980219,2.0,4750.11328125,10.0,1254.125
yolo11n.pt,4,vertical,119,2026-09-09,21:38:22.050,2026-09-09T21:38:22.050,3.951171093999619,1,0.5495703220367432,4.207504000078188,29.282616999807942,2.0,4750.11328125,10.0,1254.125
yolo11n.pt,4,vertical,120,2026-09-09,21:38:22.085,2026-09-09T21:38:22.085,3.98714330599978,1,0.4394727349281311,4.193323999970744,33.01229399994554,1.8,4750.11328125,10.0,1254.125
yolo11n.pt,4,vertical,121,2026-09-09,21:38:22.117,2026-09-09T21:38:22.117,4.018901154999639,0,0.0,4.07846400003109,28.53122100032124,3.9,4750.11328125,10.0,1254.125
yolo11n.pt,4,vertical,122,2026-09-09,21:38:22.154,2026-09-09T21:38:22.154,4.055149595999865,1,0.6972456574440002,4.202684000119916,33.49364100040475,1.8,4750.11328125,10.0,1254.125
yolo11n.pt,4,vertical,123,2026-09-09,21:38:22.185,2026-09-09T21:38:22.185,4.0870411139999305,1,0.7684052586555481,4.231884000091668,28.810198999963177,2.0,4750.11328125,10.0,1254.125
yolo11n.pt,4,vertical,124,2026-09-09,21:38:22.217,2026-09-09T21:38:22.217,4.119140451000021,1,0.5485676527023315,4.199594000056095,29.027948000020842,3.9,4750.11328125,10.0,1254.125
yolo11n.pt,4,vertical,125,2026-09-09,21:38:22.253,2026-09-09T21:38:22.253,4.154986123999606,0,0.0,4.06680400010373,32.62274500002604,1.8,4750.11328125,10.0,1254.125
yolo11n.pt,4,vertical,126,2026-09-09,21:38:22.285,2026-09-09T21:38:22.285,4.187082730999919,0,0.0,4.041463999783446,29.1132679999464,5.7,4750.11328125,10.0,1254.125
yolo11n.pt,4,vertical,127,2026-09-09,21:38:22.313,2026-09-09T21:38:22.313,4.214921343999777,0,0.0,4.072414999882312,24.807294999845908,0.0,4750.11328125,10.0,1254.125
yolo11n.pt,4,vertical,128,2026-09-09,21:38:22.353,2026-09-09T21:38:22.353,4.2548258019996865,1,0.16975411772727966,4.265433000000485,37.38618699981089,3.1,4750.11328125,10.0,1254.125
yolo11n.pt,4,vertical,129,2026-09-09,21:38:22.385,2026-09-09T21:38:22.385,4.287126887999875,0,0.0,4.007515000012063,29.00530900024023,2.0,4750.11328125,10.0,1254.125
yolo11n.pt,4,vertical,130,2026-09-09,21:38:22.417,2026-09-09T21:38:22.417,4.3189271459996235,0,0.0,4.077994999988732,28.92284999961703,3.8,4750.11328125,10.0,1254.125
yolo11n.pt,4,vertical,131,2026-09-09,21:38:22.453,2026-09-09T21:38:22.453,4.3550662179995925,0,0.0,4.043314000227838,33.09924300037892,1.8,4750.109375,10.0,1254.125
yolo11n.pt,4,vertical,132,2026-09-09,21:38:22.485,2026-09-09T21:38:22.485,4.387013216000014,1,0.20385050773620605,4.237212999669282,29.18223799997577,2.0,4750.3515625,10.0,1254.125
yolo11n.pt,4,vertical,133,2026-09-09,21:38:22.518,2026-09-09T21:38:22.518,4.419231851999939,1,0.21809296309947968,4.20966399997269,29.119328999968275,3.9,4750.3515625,10.0,1254.125
yolo11n.pt,4,vertical,134,2026-09-09,21:38:22.553,2026-09-09T21:38:22.553,4.455012064999664,0,0.0,4.105224999875645,32.607266000013624,3.4,4750.375,10.0,1254.125
yolo11n.pt,4,vertical,135,2026-09-09,21:38:22.585,2026-09-09T21:38:22.585,4.486786663999737,1,0.33610138297080994,4.235183000218967,29.129559000011795,3.9,4750.375,10.0,1254.125
yolo11n.pt,4,vertical,136,2026-09-09,21:38:22.617,2026-09-09T21:38:22.617,4.519091879999905,1,0.6497334241867065,4.208093999750417,29.239397999845096,2.0,4750.12890625,10.0,1254.125
yolo11n.pt,4,vertical,137,2026-09-09,21:38:22.653,2026-09-09T21:38:22.653,4.555065161999664,1,0.22574731707572937,4.246104000230844,33.05162400010886,1.8,4750.12890625,10.0,1254.125
yolo11n.pt,4,vertical,138,2026-09-09,21:38:22.685,2026-09-09T21:38:22.685,4.587016339999991,1,0.5428805947303772,4.3027729998357245,29.062918999898102,2.0,4750.12890625,10.0,1254.125
yolo11n.pt,4,vertical,139,2026-09-09,21:38:22.717,2026-09-09T21:38:22.717,4.618991186999665,1,0.7382083535194397,4.311233999942488,29.0098189998389,2.0,4750.12890625,10.0,1254.125
yolo11n.pt,4,vertical,140,2026-09-09,21:38:22.753,2026-09-09T21:38:22.753,4.655026189999717,1,0.7199387550354004,4.296294000141643,33.10804300008385,5.2,4750.12890625,10.0,1254.125
yolo11n.pt,4,vertical,141,2026-09-09,21:38:22.786,2026-09-09T21:38:22.786,4.687191297000027,1,0.6731207370758057,4.308623999804695,29.2037980002533,3.9,4755.10546875,10.0,1258.4375
yolo11n.pt,4,vertical,142,2026-09-09,21:38:22.817,2026-09-09T21:38:22.817,4.719232273999751,0,0.0,4.083934000391309,28.72765000029176,3.9,4755.35546875,10.0,1258.4375
yolo11n.pt,4,vertical,143,2026-09-09,21:38:22.854,2026-09-09T21:38:22.854,4.755035136999595,1,0.40337038040161133,4.31130300012228,33.29671199981021,3.5,4755.6015625,10.0,1258.4375
yolo11n.pt,4,vertical,144,2026-09-09,21:38:22.886,2026-09-09T21:38:22.886,4.787215122999896,1,0.48280414938926697,4.294294000374066,29.09099899989087,2.0,4755.6015625,10.0,1258.4375
yolo11n.pt,4,vertical,145,2026-09-09,21:38:22.917,2026-09-09T21:38:22.917,4.8191907709997395,0,0.0,4.08357399965098,28.707179999855725,3.8,4755.6015625,10.0,1258.4375
yolo11n.pt,4,vertical,146,2026-09-09,21:38:22.953,2026-09-09T21:38:22.953,4.855053883999972,1,0.6855567097663879,4.2340429999967455,33.16824299963628,3.5,4755.6015625,10.0,1258.4375
yolo11n.pt,4,vertical,147,2026-09-09,21:38:22.985,2026-09-09T21:38:22.985,4.887123620999773,1,0.2756037414073944,4.184423999959108,29.085968999879697,2.0,4755.6015625,10.0,1258.4375
yolo11n.pt,4,vertical,148,2026-09-09,21:38:23.018,2026-09-09T21:38:23.018,4.919133098999737,1,0.7768113017082214,4.206264000004012,29.146218999812845,2.0,4755.6015625,10.0,1258.4375
yolo11n.pt,4,vertical,149,2026-09-09,21:38:23.053,2026-09-09T21:38:23.053,4.955126750999625,1,0.6813463568687439,4.183873999863863,32.94307400028629,1.8,4755.6015625,10.0,1258.4375
yolo11n.pt,4,vertical,150,2026-09-09,21:38:23.085,2026-09-09T21:38:23.085,4.987176107999858,1,0.21329762041568756,4.161973999998736,29.011098999944807,5.7,4755.6015625,10.0,1258.4375
yolo11n.pt,4,vertical,151,2026-09-09,21:38:23.117,2026-09-09T21:38:23.117,5.019114735999665,0,0.0,4.0225239999927,28.64614000009169,2.0,4755.6015625,10.0,1258.4375
yolo11n.pt,4,vertical,152,2026-09-09,21:38:23.153,2026-09-09T21:38:23.153,5.05505502799997,1,0.7476192116737366,4.214844000216544,33.19047300010425,1.8,4755.6015625,10.0,1258.4375
yolo11n.pt,4,vertical,153,2026-09-09,21:38:23.185,2026-09-09T21:38:23.185,5.087092885999937,0,0.0,4.094935000011901,28.86919000002308,3.9,4755.6015625,10.0,1258.4375
yolo11n.pt,4,vertical,154,2026-09-09,21:38:23.218,2026-09-09T21:38:23.218,5.119198732999848,1,0.6591110229492188,4.339603000062198,29.492177000065567,1.9,4755.6015625,10.0,1258.4375
yolo11n.pt,4,vertical,155,2026-09-09,21:38:23.253,2026-09-09T21:38:23.253,5.154992225999649,0,0.0,4.053853999721468,32.46233600020787,1.8,4755.6015625,10.0,1258.4375
yolo11n.pt,4,vertical,156,2026-09-09,21:38:23.285,2026-09-09T21:38:23.285,5.186953982999967,1,0.6014308333396912,4.250964000220847,29.291598000327213,3.9,4755.6015625,10.0,1258.4375
yolo11n.pt,4,vertical,157,2026-09-09,21:38:23.318,2026-09-09T21:38:23.318,5.219223299999612,1,0.6002013683319092,4.207754000162822,29.164487999878475,2.0,4755.6015625,10.0,1258.4375
yolo11n.pt,4,vertical,158,2026-09-09,21:38:23.353,2026-09-09T21:38:23.353,5.255175561999749,0,0.0,3.9772750001247914,32.56553600022016,3.4,4755.6015625,10.0,1258.4375
yolo11n.pt,4,vertical,159,2026-09-09,21:38:23.385,2026-09-09T21:38:23.385,5.287163719999626,1,0.6671934127807617,4.167434000009962,29.32076800016148,2.0,4755.6015625,10.0,1258.4375
yolo11n.pt,4,vertical,160,2026-09-09,21:38:23.417,2026-09-09T21:38:23.417,5.319001287999981,1,0.400125652551651,4.240914000092744,28.911048999816558,2.0,4755.6015625,10.0,1258.4375
yolo11n.pt,4,vertical,161,2026-09-09,21:38:23.453,2026-09-09T21:38:23.453,5.35518564899985,0,0.0,4.13119499989989,33.0081639999662,3.4,4755.6015625,10.0,1258.4375
yolo11n.pt,4,vertical,162,2026-09-09,21:38:23.485,2026-09-09T21:38:23.485,5.387194666999676,0,0.0,4.09092400013833,28.992998999910924,3.9,4755.6015625,10.0,1258.4375
yolo11n.pt,4,vertical,163,2026-09-09,21:38:23.521,2026-09-09T21:38:23.521,5.423151458999655,0,0.0,3.9761950001775404,32.89592399960384,1.8,4755.6015625,10.0,1258.4375
yolo11n.pt,4,vertical,164,2026-09-09,21:38:23.554,2026-09-09T21:38:23.554,5.455182455999875,1,0.15367142856121063,4.151864000050409,29.37323700007255,2.0,4755.6015625,10.0,1258.4375
yolo11n.pt,4,vertical,165,2026-09-09,21:38:23.585,2026-09-09T21:38:23.585,5.487075023999751,0,0.0,4.033385000184353,28.626441000142222,2.0,4755.02734375,10.0,1258.4375
yolo11n.pt,4,vertical,166,2026-09-09,21:38:23.622,2026-09-09T21:38:23.622,5.523133845999837,1,0.3619772791862488,4.2104839999410615,33.27874300020994,3.4,4754.78125,10.0,1258.4375
yolo11n.pt,4,vertical,167,2026-09-09,21:38:23.654,2026-09-09T21:38:23.654,5.555042963999767,1,0.5537741780281067,4.28849399986575,28.957279000223934,3.8,4754.78125,10.0,1258.4375
yolo11n.pt,4,vertical,168,2026-09-09,21:38:23.685,2026-09-09T21:38:23.685,5.587080170999798,0,0.0,4.0673849998711376,28.55497100017601,2.0,4754.78125,10.0,1258.4375
yolo11n.pt,4,vertical,169,2026-09-09,21:38:23.721,2026-09-09T21:38:23.721,5.622993543999655,0,0.0,4.00996500002293,32.82179500001803,1.8,4755.0234375,10.0,1258.4375
yolo11n.pt,4,vertical,170,2026-09-09,21:38:23.753,2026-09-09T21:38:23.753,5.655008532000011,1,0.15641698241233826,4.277043000001868,29.38810800014835,5.6,4755.265625,10.0,1258.4375
yolo11n.pt,4,vertical,171,2026-09-09,21:38:23.785,2026-09-09T21:38:23.785,5.686853719999817,1,0.32521700859069824,4.227422999974806,28.79568999969706,2.0,4755.265625,10.0,1258.4375
yolo11n.pt,4,vertical,172,2026-09-09,21:38:23.821,2026-09-09T21:38:23.821,5.723031610999897,0,0.0,4.079993999766884,32.85394400018049,1.8,4755.265625,10.0,1258.4375
yolo11n.pt,4,vertical,173,2026-09-09,21:38:23.854,2026-09-09T21:38:23.854,5.755222307999702,1,0.1683259904384613,4.244803999881697,29.407516999981453,3.8,4755.265625,10.0,1258.4375
yolo11n.pt,4,vertical,174,2026-09-09,21:38:23.886,2026-09-09T21:38:23.886,5.7871258860000125,1,0.40054693818092346,4.246683000019402,28.761260000010225,2.0,4755.265625,10.0,1258.4375
yolo11n.pt,4,vertical,175,2026-09-09,21:38:23.922,2026-09-09T21:38:23.922,5.823161647999768,1,0.34828680753707886,4.181874000096286,32.969153999601986,3.4,4755.265625,10.0,1258.4375
yolo11n.pt,4,vertical,176,2026-09-09,21:38:23.954,2026-09-09T21:38:23.954,5.8551240249998955,1,0.6084195971488953,4.292284000257496,28.946299999915936,5.8,4755.265625,10.0,1258.4375
yolo11n.pt,4,vertical,177,2026-09-09,21:38:23.985,2026-09-09T21:38:23.985,5.8870929929998965,0,0.0,4.040384999825619,28.5236309996435,4.0,4755.265625,10.0,1258.4375
yolo11n.pt,4,vertical,178,2026-09-09,21:38:24.021,2026-09-09T21:38:24.021,5.922842985999978,1,0.5192901492118835,4.26439400007439,32.97946300017429,3.4,4755.265625,10.0,1258.4375
yolo11n.pt,4,vertical,179,2026-09-09,21:38:24.054,2026-09-09T21:38:24.054,5.955257141999937,1,0.708922266960144,4.226913999900717,29.317786999854434,2.0,4755.265625,10.0,1258.4375
yolo11n.pt,4,vertical,180,2026-09-09,21:38:24.085,2026-09-09T21:38:24.085,5.987127330000021,1,0.657476544380188,4.219504000047891,28.950389999863546,3.9,4755.265625,10.0,1258.4375
yolo11n.pt,4,vertical,181,2026-09-09,21:38:24.121,2026-09-09T21:38:24.121,6.022936262999792,1,0.16880662739276886,4.231593999975303,32.85189400003219,3.4,4755.265625,10.0,1258.4375
yolo11n.pt,4,vertical,182,2026-09-09,21:38:24.153,2026-09-09T21:38:24.153,6.054957059999651,1,0.3398225009441376,4.3427239997981815,29.189147999659326,2.0,4755.5078125,10.0,1258.4375
yolo11n.pt,4,vertical,183,2026-09-09,21:38:24.185,2026-09-09T21:38:24.185,6.086975107999933,1,0.6277542114257812,4.286373000013555,28.940328999851772,3.9,4755.2421875,10.0,1258.4375
yolo11n.pt,4,vertical,184,2026-09-09,21:38:24.221,2026-09-09T21:38:24.221,6.1230196599999545,1,0.5335816740989685,4.291773000204557,32.984363999730704,1.8,4755.2421875,10.0,1258.4375
yolo11n.pt,4,vertical,185,2026-09-09,21:38:24.253,2026-09-09T21:38:24.253,6.155084987000009,0,0.0,4.119723999792768,28.759849999914877,2.0,4755.2421875,10.0,1258.4375
yolo11n.pt,4,vertical,186,2026-09-09,21:38:24.285,2026-09-09T21:38:24.285,6.18712330399967,0,0.0,4.091025000434456,29.049869000118633,5.8,4755.2421875,10.0,1258.4375
yolo11n.pt,4,vertical,187,2026-09-09,21:38:24.321,2026-09-09T21:38:24.321,6.223096786999577,1,0.38710570335388184,4.19826400002421,33.09995300014634,1.8,4755.2421875,10.0,1258.4375
yolo11n.pt,4,vertical,188,2026-09-09,21:38:24.354,2026-09-09T21:38:24.354,6.255227073999777,1,0.5400105714797974,4.211254000438203,29.062818000056723,2.0,4755.2421875,10.0,1258.4375
yolo11n.pt,4,vertical,189,2026-09-09,21:38:24.386,2026-09-09T21:38:24.386,6.2872088809999696,1,0.49515074491500854,4.217883999899641,29.017788999681216,2.0,4755.2421875,10.0,1258.4375
yolo11n.pt,4,vertical,190,2026-09-09,21:38:24.422,2026-09-09T21:38:24.422,6.323185293999813,1,0.46363258361816406,4.16850399960822,32.98452399985763,3.4,4755.2421875,10.0,1258.4375
yolo11n.pt,4,vertical,191,2026-09-09,21:38:24.454,2026-09-09T21:38:24.454,6.3552729009998075,1,0.36008942127227783,4.225524000048608,29.137358000298264,2.0,4755.2421875,10.0,1258.4375
yolo11n.pt,4,vertical,192,2026-09-09,21:38:24.485,2026-09-09T21:38:24.485,6.387173968999832,1,0.5246427655220032,4.146023999965109,28.904909000175394,2.0,4755.484375,10.0,1258.4375
yolo11n.pt,4,vertical,193,2026-09-09,21:38:24.522,2026-09-09T21:38:24.522,6.423193690999597,1,0.45962396264076233,4.255963000105112,33.145162999971944,5.2,4754.7734375,10.0,1258.375
yolo11n.pt,4,vertical,194,2026-09-09,21:38:24.553,2026-09-09T21:38:24.553,6.455177347999779,1,0.5465193390846252,4.1392339999219985,28.925878999871202,2.0,4754.41796875,10.0,1258.375
yolo11n.pt,4,vertical,195,2026-09-09,21:38:24.586,2026-09-09T21:38:24.586,6.487235245999727,1,0.38566136360168457,4.217423000227427,29.131789000075514,2.0,4754.1875,10.0,1258.375
yolo11n.pt,4,vertical,196,2026-09-09,21:38:24.621,2026-09-09T21:38:24.621,6.523076657999809,1,0.5561543107032776,4.200614000183123,32.84537499985163,1.8,4754.1875,11.0,1258.375
yolo11n.pt,4,vertical,197,2026-09-09,21:38:24.653,2026-09-09T21:38:24.653,6.555143265999959,1,0.4165076017379761,4.167034000147396,28.962109000076453,5.7,4754.1875,11.0,1258.375
yolo11n.pt,4,vertical,198,2026-09-09,21:38:24.690,2026-09-09T21:38:24.690,6.591099117999875,1,0.5986247658729553,4.234773999996833,33.04324300006556,1.8,4754.1875,11.0,1258.375
yolo11n.pt,4,vertical,199,2026-09-09,21:38:24.721,2026-09-09T21:38:24.721,6.623078755999813,1,0.4952324628829956,4.209873000036168,28.913238999848545,2.0,4754.1875,11.0,1258.375
yolo11n.pt,4,vertical,200,2026-09-09,21:38:24.753,2026-09-09T21:38:24.753,6.655180222999661,0,0.0,4.067943999871204,28.855190000285802,3.9,4754.1875,11.0,1258.375
yolo11n.pt,4,vertical,201,2026-09-09,21:38:24.789,2026-09-09T21:38:24.789,6.691197964999901,0,0.0,4.062854000039806,32.982583999910275,1.8,4754.4140625,11.0,1257.5625
yolo11n.pt,4,vertical,202,2026-09-09,21:38:24.822,2026-09-09T21:38:24.822,6.723147171999699,1,0.40373674035072327,4.155725000146049,29.224167999927886,3.8,4754.4140625,11.0,1257.5625
yolo11n.pt,4,vertical,203,2026-09-09,21:38:24.853,2026-09-09T21:38:24.853,6.755019929999889,1,0.39077210426330566,4.23631400008162,28.822610000133864,3.9,4754.4140625,11.0,1257.5625
yolo11n.pt,4,vertical,204,2026-09-09,21:38:24.889,2026-09-09T21:38:24.889,6.790750683999704,0,0.0,4.079364000062924,32.50811599991721,3.5,4754.4140625,11.0,1257.5625
yolo11n.pt,4,vertical,205,2026-09-09,21:38:24.921,2026-09-09T21:38:24.921,6.822926960999666,1,0.17515678703784943,4.224794000037946,29.383988000063255,2.0,4754.4140625,11.0,1257.5625
yolo11n.pt,4,vertical,206,2026-09-09,21:38:24.953,2026-09-09T21:38:24.953,6.854871417999675,1,0.19125141203403473,4.266844000085257,28.999578999901132,3.8,4754.4140625,11.0,1257.5625
yolo11n.pt,4,vertical,207,2026-09-09,21:38:24.989,2026-09-09T21:38:24.989,6.89104006999969,0,0.0,4.204964000109612,32.91400399984923,1.8,4754.4140625,11.0,1257.5625
yolo11n.pt,4,vertical,208,2026-09-09,21:38:25.021,2026-09-09T21:38:25.021,6.923009867000019,1,0.5090557932853699,4.352594000010868,29.154208000363724,2.0,4754.4140625,11.0,1257.5625
yolo11n.pt,4,vertical,209,2026-09-09,21:38:25.053,2026-09-09T21:38:25.053,6.9550732349998725,0,0.0,4.102893999970547,28.625791000195022,5.9,4754.4140625,11.0,1257.5625
yolo11n.pt,4,vertical,210,2026-09-09,21:38:25.089,2026-09-09T21:38:25.089,6.991104166999776,1,0.28591468930244446,4.1715140000633255,33.15187299995159,1.8,4754.4140625,11.0,1257.5625
yolo11n.pt,4,vertical,211,2026-09-09,21:38:25.122,2026-09-09T21:38:25.122,7.023237943999902,1,0.6405429840087891,4.229792999922211,29.16402900018511,1.9,4754.4140625,10.0,1257.5625
yolo11n.pt,4,vertical,212,2026-09-09,21:38:25.154,2026-09-09T21:38:25.154,7.055156980999982,1,0.5781784057617188,4.187223999906564,28.76100999992559,2.0,4754.4140625,10.0,1257.5625
yolo11n.pt,4,vertical,213,2026-09-09,21:38:25.189,2026-09-09T21:38:25.189,7.091028043999813,1,0.5752285122871399,4.258133999883285,32.9926429999432,3.5,4754.4140625,10.0,1257.5625
yolo11n.pt,4,vertical,214,2026-09-09,21:38:25.221,2026-09-09T21:38:25.221,7.123009911999816,1,0.5616804957389832,4.272012999990693,29.055279000203882,2.0,4754.4140625,10.0,1257.5625
yolo11n.pt,4,vertical,215,2026-09-09,21:38:25.253,2026-09-09T21:38:25.253,7.155028788999971,1,0.8572897911071777,4.226173999995808,29.016419000072347,3.8,4754.4140625,10.0,1257.5625
yolo11n.pt,4,vertical,216,2026-09-09,21:38:25.289,2026-09-09T21:38:25.289,7.191180880999582,1,0.6427590847015381,4.138813999816193,32.998322999901575,1.8,4754.4140625,10.0,1257.5625
yolo11n.pt,4,vertical,217,2026-09-09,21:38:25.321,2026-09-09T21:38:25.321,7.222957168999983,1,0.24643929302692413,4.281133999938902,28.74259999998685,2.0,4754.4140625,10.0,1257.5625
yolo11n.pt,4,vertical,218,2026-09-09,21:38:25.353,2026-09-09T21:38:25.353,7.2551594159999695,1,0.5480053424835205,4.173853999873245,29.11733800010552,3.9,4754.65625,10.0,1257.5625
yolo11n.pt,4,vertical,219,2026-09-09,21:38:25.389,2026-09-09T21:38:25.389,7.291093207999893,1,0.2302764505147934,4.217203999814956,32.77249499979007,3.4,4754.65625,10.0,1257.5625
yolo11n.pt,4,vertical,220,2026-09-09,21:38:25.421,2026-09-09T21:38:25.421,7.323149225999714,0,0.0,3.987474000041402,28.689740000118036,3.9,4754.65625,10.0,1257.5625
yolo11n.pt,4,vertical,221,2026-09-09,21:38:25.454,2026-09-09T21:38:25.454,7.355195332999756,1,0.677944540977478,4.24066400000811,29.37180700018871,1.9,4754.65625,10.0,1257.5625
yolo11n.pt,4,vertical,222,2026-09-09,21:38:25.489,2026-09-09T21:38:25.489,7.391229494999607,0,0.0,4.0807640002640255,32.80052399986744,1.8,4754.8984375,10.0,1257.5625
yolo11n.pt,4,vertical,223,2026-09-09,21:38:25.521,2026-09-09T21:38:25.521,7.423134402999949,1,0.7271838188171387,4.18113399973663,29.126817999895138,3.8,4754.8984375,10.0,1257.5625
yolo11n.pt,4,vertical,224,2026-09-09,21:38:25.554,2026-09-09T21:38:25.554,7.455133349999869,1,0.2039700150489807,4.311163999773271,29.021328999988327,2.0,4754.00390625,10.0,1257.5625
yolo11n.pt,4,vertical,225,2026-09-09,21:38:25.590,2026-09-09T21:38:25.590,7.491231451999738,1,0.760545015335083,4.244394000124885,32.97684300014225,1.8,4753.44140625,10.0,1257.5625
yolo11n.pt,4,vertical,226,2026-09-09,21:38:25.621,2026-09-09T21:38:25.621,7.523169209999651,1,0.5929794311523438,4.1661840000415395,28.845328999977937,2.0,4753.44140625,10.0,1257.5625
yolo11n.pt,4,vertical,227,2026-09-09,21:38:25.653,2026-09-09T21:38:25.653,7.555042927999693,1,0.1528586745262146,4.279723000308877,28.951869000138686,5.7,4753.44140625,10.0,1257.5625
yolo11n.pt,4,vertical,228,2026-09-09,21:38:25.689,2026-09-09T21:38:25.689,7.590886790999775,0,0.0,4.046015000312764,32.56784499990317,1.8,4753.44140625,10.0,1257.5625
yolo11n.pt,4,vertical,229,2026-09-09,21:38:25.721,2026-09-09T21:38:25.721,7.622898507999707,0,0.0,4.0531950003241946,29.029399000137346,2.0,4753.44140625,10.0,1257.5625
yolo11n.pt,4,vertical,230,2026-09-09,21:38:25.754,2026-09-09T21:38:25.754,7.655282743999578,1,0.3240053653717041,4.226603999995859,29.692217000047094,5.7,4753.44140625,10.0,1257.5625
yolo11n.pt,4,vertical,231,2026-09-09,21:38:25.789,2026-09-09T21:38:25.789,7.69114635699998,1,0.600739061832428,4.1729640001904045,32.86558400031936,1.8,4750.28515625,10.0,1256.625
yolo11n.pt,4,vertical,232,2026-09-09,21:38:25.822,2026-09-09T21:38:25.822,7.723116923999896,1,0.7528117299079895,4.275593999864213,29.05458900022495,3.8,4750.28515625,10.0,1256.625
yolo11n.pt,4,vertical,233,2026-09-09,21:38:25.853,2026-09-09T21:38:25.853,7.755049231999692,1,0.17569242417812347,4.294173999824125,28.976838999824395,4.0,4750.51953125,10.0,1256.625
yolo11n.pt,4,vertical,234,2026-09-09,21:38:25.889,2026-09-09T21:38:25.889,7.7909680049997405,1,0.7536017894744873,4.240902999754326,32.89816400001655,3.4,4750.51953125,10.0,1256.625
yolo11n.pt,4,vertical,235,2026-09-09,21:38:25.921,2026-09-09T21:38:25.921,7.822939171999678,1,0.5735608339309692,4.247243999998318,28.927029999977094,2.0,4750.51953125,10.0,1256.625
yolo11n.pt,4,vertical,236,2026-09-09,21:38:25.954,2026-09-09T21:38:25.954,7.855172698999922,1,0.34400904178619385,4.171204000158468,29.102938000050926,3.9,4750.51953125,10.0,1256.625
yolo11n.pt,4,vertical,237,2026-09-09,21:38:25.989,2026-09-09T21:38:25.989,7.89090403199998,1,0.7132394909858704,4.300324000269029,32.78080400014005,1.8,4750.51953125,10.0,1256.625
yolo11n.pt,4,vertical,238,2026-09-09,21:38:26.021,2026-09-09T21:38:26.021,7.922722139999678,1,0.4195062816143036,4.265763999683259,28.880879000098503,3.9,4750.51953125,10.0,1256.625
yolo11n.pt,4,vertical,239,2026-09-09,21:38:26.057,2026-09-09T21:38:26.057,7.958930961999613,1,0.6935510039329529,4.259573000126693,33.213473000159865,1.8,4750.51953125,10.0,1256.625
yolo11n.pt,4,vertical,240,2026-09-09,21:38:26.089,2026-09-09T21:38:26.089,7.991020448999734,1,0.6962250471115112,4.240023999955156,29.036229000212188,3.8,4750.51953125,10.0,1256.625
yolo11n.pt,4,vertical,241,2026-09-09,21:38:26.121,2026-09-09T21:38:26.121,8.022930066999834,1,0.5696567296981812,4.301233000205684,28.812640000069223,2.0,4750.51953125,10.0,1256.625
yolo11n.pt,4,vertical,242,2026-09-09,21:38:26.157,2026-09-09T21:38:26.157,8.058865318999779,0,0.0,4.0550140001869295,32.49614500009557,1.8,4750.51953125,10.0,1256.625
yolo11n.pt,4,vertical,243,2026-09-09,21:38:26.189,2026-09-09T21:38:26.189,8.090886666999722,0,0.0,4.057633999764221,29.004019000240078,3.9,4750.75390625,10.0,1256.625
yolo11n.pt,4,vertical,244,2026-09-09,21:38:26.221,2026-09-09T21:38:26.221,8.122887473999981,0,0.0,4.049305000080494,29.030139000042254,2.0,4750.75390625,10.0,1256.625
yolo11n.pt,4,vertical,245,2026-09-09,21:38:26.257,2026-09-09T21:38:26.257,8.158914615999947,0,0.0,4.135883999879297,33.13690300001326,1.8,4750.75390625,10.0,1256.625
yolo11n.pt,4,vertical,246,2026-09-09,21:38:26.289,2026-09-09T21:38:26.289,8.190778683999724,1,0.2802441716194153,4.298993999782397,29.166567999709514,5.7,4750.75390625,10.0,1256.625
yolo11n.pt,4,vertical,247,2026-09-09,21:38:26.321,2026-09-09T21:38:26.321,8.222934320999684,1,0.43464523553848267,4.296943000099418,29.191507999712485,2.0,4750.75390625,10.0,1256.625
yolo11n.pt,4,vertical,248,2026-09-09,21:38:26.357,2026-09-09T21:38:26.357,8.25897968299978,1,0.18011735379695892,4.237274000388425,33.006473000114056,3.4,4750.75390625,10.0,1256.625
yolo11n.pt,4,vertical,249,2026-09-09,21:38:26.389,2026-09-09T21:38:26.389,8.29100352999967,1,0.3684398829936981,4.244704000029742,29.076498999984324,2.0,4750.75390625,10.0,1256.625
yolo11n.pt,4,vertical,250,2026-09-09,21:38:26.421,2026-09-09T21:38:26.421,8.322997357999611,1,0.3675650954246521,4.231483999774355,29.065188999993552,5.7,4750.75390625,10.0,1256.625
yolo11n.pt,4,vertical,251,2026-09-09,21:38:26.457,2026-09-09T21:38:26.457,8.35881929099969,0,0.0,4.0586340001027565,32.37372600005983,1.8,4750.3984375,10.0,1256.625
yolo11n.pt,4,vertical,252,2026-09-09,21:38:26.489,2026-09-09T21:38:26.489,8.390957747999892,1,0.6846065521240234,4.2523130000517995,29.388866999852326,2.0,4750.3984375,10.0,1256.625
yolo11n.pt,4,vertical,253,2026-09-09,21:38:26.517,2026-09-09T21:38:26.517,8.418931410999903,1,0.6846065521240234,4.259153000020888,25.020673999733845,4.3,4750.3984375,10.0,1256.625
yolo11n.pt,4,vertical,254,2026-09-09,21:38:26.557,2026-09-09T21:38:26.557,8.459029486999952,1,0.6675488948822021,4.265963999841915,37.31910800024707,1.6,4750.640625,10.0,1256.625
yolo11n.pt,4,vertical,255,2026-09-09,21:38:26.589,2026-09-09T21:38:26.589,8.490993294999953,1,0.6450430154800415,4.250453999702586,28.960009000002174,3.8,4747.94921875,10.0,1256.625
yolo11n.pt,4,vertical,256,2026-09-09,21:38:26.621,2026-09-09T21:38:26.621,8.522949621999942,1,0.8132749199867249,4.274244000043836,29.01945900021019,3.9,4747.91015625,9.0,1256.625
yolo11n.pt,4,vertical,257,2026-09-09,21:38:26.657,2026-09-09T21:38:26.657,8.558996293999826,1,0.3213326930999756,4.248253999776352,33.025584000370145,1.7,4747.6640625,9.0,1256.625
yolo11n.pt,4,vertical,258,2026-09-09,21:38:26.689,2026-09-09T21:38:26.689,8.590998481999577,1,0.6583409309387207,4.266682999968907,29.079297999942355,2.0,4747.609375,9.0,1256.625
yolo11n.pt,4,vertical,259,2026-09-09,21:38:26.721,2026-09-09T21:38:26.721,8.623003748999963,1,0.5413690805435181,4.241223999997601,28.961239000182104,5.8,4747.609375,9.0,1256.625
yolo11n.pt,4,vertical,260,2026-09-09,21:38:26.757,2026-09-09T21:38:26.757,8.659010502000001,1,0.8396739363670349,4.264823000085016,32.99122399994303,1.7,4747.609375,9.0,1256.625
yolo11n.pt,4,vertical,261,2026-09-09,21:38:26.789,2026-09-09T21:38:26.789,8.690955908999968,1,0.8192008137702942,4.231844000059937,28.894600000057835,2.0,4747.609375,9.0,1256.625
yolo11n.pt,4,vertical,262,2026-09-09,21:38:26.821,2026-09-09T21:38:26.821,8.723035576999791,0,0.0,4.041753999899811,28.68904000024486,3.9,4747.609375,9.0,1256.625
yolo11n.pt,4,vertical,263,2026-09-09,21:38:26.857,2026-09-09T21:38:26.857,8.758698639999693,0,0.0,4.055774000335077,32.58927499973652,3.6,4747.8515625,9.0,1256.625
yolo11n.pt,4,vertical,264,2026-09-09,21:38:26.889,2026-09-09T21:38:26.889,8.791033905999939,0,0.0,4.080834999967919,29.345458000079816,5.6,4748.2109375,9.0,1256.625
yolo11n.pt,4,vertical,265,2026-09-09,21:38:26.922,2026-09-09T21:38:26.922,8.823271272999591,1,0.6982005834579468,4.22257400032322,29.562706999968213,2.0,4748.2109375,9.0,1256.625
yolo11n.pt,4,vertical,266,2026-09-09,21:38:26.957,2026-09-09T21:38:26.957,8.858980655999858,1,0.4644961357116699,4.260644000169123,32.71585399988908,3.5,4747.96484375,9.0,1256.625
yolo11n.pt,4,vertical,267,2026-09-09,21:38:26.989,2026-09-09T21:38:26.989,8.890985703999831,1,0.6290038228034973,4.243023000071844,29.01560899999822,2.0,4747.96484375,9.0,1256.625
yolo11n.pt,4,vertical,268,2026-09-09,21:38:27.021,2026-09-09T21:38:27.021,8.922864681999727,0,0.0,4.038384000068618,28.589320999799384,3.9,4747.71875,9.0,1256.625
yolo11n.pt,4,vertical,269,2026-09-09,21:38:27.057,2026-09-09T21:38:27.057,8.95887931399966,1,0.7142465114593506,4.252492999967217,33.366621999903145,1.7,4747.71875,9.0,1256.625
yolo11n.pt,4,vertical,270,2026-09-09,21:38:27.089,2026-09-09T21:38:27.089,8.991090709999753,1,0.7322937250137329,4.202274000363104,29.1756289998375,3.9,4747.71875,9.0,1256.625
yolo11n.pt,4,vertical,271,2026-09-09,21:38:27.121,2026-09-09T21:38:27.121,9.02281234899965,1,0.7636818885803223,4.260123999756615,28.76286999980948,2.0,4747.71875,10.0,1256.625
yolo11n.pt,4,vertical,272,2026-09-09,21:38:27.157,2026-09-09T21:38:27.157,9.058931431000019,1,0.6746169924736023,4.245072999765398,33.15668300001562,1.8,4747.9609375,10.0,1256.625
yolo11n.pt,4,vertical,273,2026-09-09,21:38:27.189,2026-09-09T21:38:27.189,9.090998987999683,1,0.5580638647079468,4.229743999985658,29.102338000029704,5.7,4747.9609375,10.0,1256.625
yolo11n.pt,4,vertical,274,2026-09-09,21:38:27.221,2026-09-09T21:38:27.221,9.12297119599998,1,0.29895684123039246,4.257954000422615,29.045168999800808,2.0,4747.9609375,10.0,1256.625
yolo11n.pt,4,vertical,275,2026-09-09,21:38:27.258,2026-09-09T21:38:27.258,9.15893284799995,1,0.3475894331932068,4.311462999794458,32.8719839999394,3.4,4747.9609375,10.0,1256.625
yolo11n.pt,4,vertical,276,2026-09-09,21:38:27.289,2026-09-09T21:38:27.289,9.190888344999621,1,0.5501922369003296,4.234003999954439,28.67768000032811,2.0,4747.9609375,10.0,1256.625
yolo11n.pt,4,vertical,277,2026-09-09,21:38:27.325,2026-09-09T21:38:27.325,9.226908407999872,0,0.0,4.120665000300505,32.8553340000326,1.8,4747.9609375,10.0,1256.625
yolo11n.pt,4,vertical,278,2026-09-09,21:38:27.358,2026-09-09T21:38:27.358,9.259084984999845,1,0.7534540891647339,4.336783999860927,29.517767000015738,5.7,4747.9609375,10.0,1256.625
yolo11n.pt,4,vertical,279,2026-09-09,21:38:27.389,2026-09-09T21:38:27.389,9.29107506199989,1,0.5731502771377563,4.2893639997600985,28.705430000172782,2.0,4747.9609375,10.0,1256.625
yolo11n.pt,4,vertical,280,2026-09-09,21:38:27.425,2026-09-09T21:38:27.425,9.32670073600002,0,0.0,4.099134000171034,32.31525599994711,1.8,4747.9609375,10.0,1256.625
yolo11n.pt,4,vertical,281,2026-09-09,21:38:27.457,2026-09-09T21:38:27.457,9.358776012999897,1,0.1822711080312729,4.214944000068499,29.356417000144575,1.9,4747.9609375,10.0,1256.625
yolo11n.pt,4,vertical,282,2026-09-09,21:38:27.485,2026-09-09T21:38:27.485,9.386959544999627,1,0.1822711080312729,4.351202999714587,25.25770400006877,4.3,4747.9609375,10.0,1256.625
yolo11n.pt,4,vertical,283,2026-09-09,21:38:27.525,2026-09-09T21:38:27.525,9.42686342199977,0,0.0,4.058453999732592,36.76947900021332,1.6,4747.9609375,10.0,1256.625
yolo11n.pt,4,vertical,284,2026-09-09,21:38:27.557,2026-09-09T21:38:27.557,9.458908948999579,0,0.0,4.12898500007941,29.12111899968295,3.9,4744.5703125,10.0,1256.625
yolo11n.pt,4,vertical,285,2026-09-09,21:38:27.589,2026-09-09T21:38:27.589,9.49098445699974,1,0.48402994871139526,4.249143000379263,29.383257000063168,5.7,4744.5703125,10.0,1256.625
yolo11n.pt,4,vertical,286,2026-09-09,21:38:27.626,2026-09-09T21:38:27.626,9.527193147999697,1,0.3510967791080475,4.25368400010484,33.32787199997256,1.7,4744.203125,9.0,1256.625
yolo11n.pt,4,vertical,287,2026-09-09,21:38:27.658,2026-09-09T21:38:27.658,9.559111075999681,1,0.3536202013492584,4.480533000332798,29.11047800034794,3.9,4744.1953125,9.0,1256.625
yolo11n.pt,4,vertical,288,2026-09-09,21:38:27.689,2026-09-09T21:38:27.689,9.591109992999918,0,0.0,4.0432350001538,28.49975099979929,2.0,4743.94921875,9.0,1256.625
yolo11n.pt,4,vertical,289,2026-09-09,21:38:27.725,2026-09-09T21:38:27.725,9.626853106999988,1,0.3912353217601776,4.2521830000623595,33.0965240000296,3.5,4744.19140625,9.0,1256.625
yolo11n.pt,4,vertical,290,2026-09-09,21:38:27.757,2026-09-09T21:38:27.757,9.659002572999725,1,0.5557994842529297,4.286544000024151,29.213279000032344,2.0,4744.19140625,9.0,1256.625
yolo11n.pt,4,vertical,291,2026-09-09,21:38:27.789,2026-09-09T21:38:27.789,9.690911250999761,1,0.6708071231842041,4.220383999836486,28.88842999982444,3.8,4743.9453125,9.0,1256.625
yolo11n.pt,4,vertical,292,2026-09-09,21:38:27.826,2026-09-09T21:38:27.826,9.726953912999761,1,0.2011810541152954,4.432942999756051,33.19473299961828,3.4,4743.9453125,9.0,1256.625
yolo11n.pt,4,vertical,293,2026-09-09,21:38:27.857,2026-09-09T21:38:27.857,9.759095739999793,1,0.7232541441917419,4.233754000324552,28.959220000160713,2.0,4743.9453125,9.0,1256.625
yolo11n.pt,4,vertical,294,2026-09-09,21:38:27.890,2026-09-09T21:38:27.890,9.791462565999609,1,0.6845380067825317,4.276283999843145,29.39295799978936,3.8,4743.9453125,9.0,1256.625
yolo11n.pt,4,vertical,295,2026-09-09,21:38:27.926,2026-09-09T21:38:27.926,9.827022469999974,1,0.7226317524909973,4.31326399984755,32.61870500000441,1.8,4743.9453125,9.0,1256.625
yolo11n.pt,4,vertical,296,2026-09-09,21:38:27.957,2026-09-09T21:38:27.957,9.858889057999932,0,0.0,4.174463999788713,28.51320099989607,3.9,4743.9453125,9.0,1256.625
yolo11n.pt,4,vertical,297,2026-09-09,21:38:27.989,2026-09-09T21:38:27.989,9.89095095599987,1,0.8703381419181824,4.242482999870845,29.287037999893073,3.9,4743.9453125,9.0,1256.625
yolo11n.pt,4,vertical,298,2026-09-09,21:38:28.025,2026-09-09T21:38:28.025,9.926880277999771,0,0.0,4.046584999741754,32.73071400008121,1.8,4743.9453125,9.0,1256.625
yolo11n.pt,4,vertical,299,2026-09-09,21:38:28.057,2026-09-09T21:38:28.057,9.958747385999686,1,0.6098500490188599,4.20105400007742,29.1548079999302,3.8,4744.1875,9.0,1256.625
yolo11n.pt,4,vertical,300,2026-09-09,21:38:28.089,2026-09-09T21:38:28.089,9.991068282000015,1,0.5401784777641296,4.207534000215674,29.35148799997478,3.8,4744.1875,9.0,1256.625
yolo11n.pt,4,vertical,301,2026-09-09,21:38:28.125,2026-09-09T21:38:28.125,10.026968134999606,1,0.6300809383392334,4.391382999983762,33.05441399970732,3.5,4744.1875,10.0,1256.625
yolo11n.pt,5,free_depth_motion,1,2026-09-09,21:38:34.667,2026-09-09T21:38:34.667,0.03620977099990341,0,0.0,4.843041999720299,41.574160999971355,1.9,4738.28125,4.0,1256.625
yolo11n.pt,5,free_depth_motion,2,2026-09-09,21:38:34.697,2026-09-09T21:38:34.697,0.06743575200016494,0,0.0,4.281002999960037,27.521545000126935,4.1,4738.28125,4.0,1256.625
yolo11n.pt,5,free_depth_motion,3,2026-09-09,21:38:34.727,2026-09-09T21:38:34.727,0.09537871500015171,0,0.0,4.15346399995542,26.481868000246322,4.3,4730.4609375,4.0,1256.625
yolo11n.pt,5,free_depth_motion,4,2026-09-09,21:38:34.767,2026-09-09T21:38:34.767,0.13663641699986329,1,0.617168664932251,4.248863000157144,37.06522800030143,1.6,4734.015625,4.0,1256.625
yolo11n.pt,5,free_depth_motion,5,2026-09-09,21:38:34.797,2026-09-09T21:38:34.797,0.16727672900015023,1,0.8152325749397278,4.234583999732422,27.663613999720837,2.0,4734.015625,4.0,1256.625
yolo11n.pt,5,free_depth_motion,6,2026-09-09,21:38:34.829,2026-09-09T21:38:34.829,0.19943778600008955,1,0.45646584033966064,4.269443999874056,29.261478000080388,3.9,4734.015625,4.0,1256.625
yolo11n.pt,5,free_depth_motion,7,2026-09-09,21:38:34.865,2026-09-09T21:38:34.865,0.2353209190000598,1,0.5193697214126587,4.252403999998933,32.99642399997538,1.8,4734.24609375,4.0,1256.625
yolo11n.pt,5,free_depth_motion,8,2026-09-09,21:38:34.897,2026-09-09T21:38:34.897,0.26732639700003347,1,0.7450615763664246,4.282504000002518,29.022028000326827,2.0,4734.24609375,4.0,1256.625
yolo11n.pt,5,free_depth_motion,9,2026-09-09,21:38:34.930,2026-09-09T21:38:34.930,0.29946638299998085,0,0.0,4.423633999977028,29.242638999676274,3.8,4734.24609375,4.0,1256.625
yolo11n.pt,5,free_depth_motion,10,2026-09-09,21:38:34.965,2026-09-09T21:38:34.965,0.335450285999741,1,0.8006850481033325,4.2546029999357415,32.968093999897974,3.4,4734.24609375,4.0,1256.625
yolo11n.pt,5,free_depth_motion,11,2026-09-09,21:38:34.997,2026-09-09T21:38:34.997,0.3675846430001002,0,0.0,3.973154000050272,28.830498999923293,2.0,4734.24609375,4.0,1256.625
yolo11n.pt,5,free_depth_motion,12,2026-09-09,21:38:35.033,2026-09-09T21:38:35.033,0.4033996550001575,1,0.5018501281738281,4.263213999820437,33.2208729996637,1.8,4734.0,4.0,1256.625
yolo11n.pt,5,free_depth_motion,13,2026-09-09,21:38:35.065,2026-09-09T21:38:35.065,0.43526493399986066,1,0.678724467754364,4.244863000167243,28.9014899999529,3.9,4734.0,4.0,1256.625
yolo11n.pt,5,free_depth_motion,14,2026-09-09,21:38:35.097,2026-09-09T21:38:35.097,0.46743086000014955,1,0.7948366403579712,4.238054000325064,29.18678900005034,2.0,4734.0,4.0,1256.625
yolo11n.pt,5,free_depth_motion,15,2026-09-09,21:38:35.133,2026-09-09T21:38:35.133,0.5034115029998247,1,0.30328625440597534,4.232663000038883,32.992253999964305,3.5,4734.35546875,10.0,1256.625
yolo11n.pt,5,free_depth_motion,16,2026-09-09,21:38:35.165,2026-09-09T21:38:35.165,0.5354362299999593,1,0.6603706479072571,4.244643999754771,29.056928000045446,2.0,4734.35546875,10.0,1256.625
yolo11n.pt,5,free_depth_motion,17,2026-09-09,21:38:35.197,2026-09-09T21:38:35.197,0.567419548000089,1,0.6025289297103882,4.2289530001653475,29.024079000009806,3.9,4734.35546875,10.0,1256.625
yolo11n.pt,5,free_depth_motion,18,2026-09-09,21:38:35.233,2026-09-09T21:38:35.233,0.6033619700001509,1,0.5244667530059814,4.2559540002002905,32.97481300023719,1.8,4734.35546875,10.0,1256.625
yolo11n.pt,5,free_depth_motion,19,2026-09-09,21:38:35.265,2026-09-09T21:38:35.265,0.6354403669997737,0,0.0,4.029915000046458,28.675590999682754,2.0,4734.35546875,10.0,1256.625
yolo11n.pt,5,free_depth_motion,20,2026-09-09,21:38:35.297,2026-09-09T21:38:35.297,0.6674674749997394,1,0.25549420714378357,4.21268299987787,29.26532799983761,3.9,4734.35546875,10.0,1256.625
yolo11n.pt,5,free_depth_motion,21,2026-09-09,21:38:35.333,2026-09-09T21:38:35.333,0.7033684469997752,0,0.0,4.067665000093257,32.671434999883786,1.8,4734.35546875,10.0,1256.625
yolo11n.pt,5,free_depth_motion,22,2026-09-09,21:38:35.365,2026-09-09T21:38:35.365,0.7351324359997307,1,0.7726963758468628,4.290262999802508,29.03581900000063,2.0,4734.35546875,10.0,1256.625
yolo11n.pt,5,free_depth_motion,23,2026-09-09,21:38:35.397,2026-09-09T21:38:35.397,0.76740675200017,0,0.0,4.072355000062089,28.935469000316516,5.8,4734.35546875,10.0,1256.625
yolo11n.pt,5,free_depth_motion,24,2026-09-09,21:38:35.433,2026-09-09T21:38:35.433,0.8033090149997406,1,0.35373160243034363,4.306942999846797,33.283762999872124,1.8,4734.35546875,10.0,1256.625
yolo11n.pt,5,free_depth_motion,25,2026-09-09,21:38:35.465,2026-09-09T21:38:35.465,0.8354148419998637,0,0.0,4.145983999933378,28.883120000045892,2.0,4734.35546875,10.0,1256.625
yolo11n.pt,5,free_depth_motion,26,2026-09-09,21:38:35.497,2026-09-09T21:38:35.497,0.8674025790000996,0,0.0,4.161613999713154,29.037267999683536,3.8,4734.35546875,10.0,1256.625
yolo11n.pt,5,free_depth_motion,27,2026-09-09,21:38:35.533,2026-09-09T21:38:35.533,0.9032617919997392,0,0.0,4.187483999885444,32.95109400005458,1.8,4733.64453125,10.0,1256.625
yolo11n.pt,5,free_depth_motion,28,2026-09-09,21:38:35.565,2026-09-09T21:38:35.565,0.935291019000033,0,0.0,4.195204000097874,28.942569000264484,2.0,4733.64453125,10.0,1256.625
yolo11n.pt,5,free_depth_motion,29,2026-09-09,21:38:35.597,2026-09-09T21:38:35.597,0.967300676999912,0,0.0,4.160124000009091,28.959699000097316,3.9,4733.64453125,10.0,1256.625
yolo11n.pt,5,free_depth_motion,30,2026-09-09,21:38:35.633,2026-09-09T21:38:35.633,1.0031649200000174,0,0.0,4.143095000017638,32.93818399970405,1.7,4733.265625,10.0,1256.625
yolo11n.pt,5,free_depth_motion,31,2026-09-09,21:38:35.665,2026-09-09T21:38:35.665,1.0352692269998442,0,0.0,4.17667400006394,29.154268999718624,2.0,4733.265625,10.0,1256.625
yolo11n.pt,5,free_depth_motion,32,2026-09-09,21:38:35.697,2026-09-09T21:38:35.697,1.0673344440001529,1,0.25632211565971375,4.328452999743604,29.374107999956323,3.8,4733.265625,10.0,1256.625
yolo11n.pt,5,free_depth_motion,33,2026-09-09,21:38:35.733,2026-09-09T21:38:35.733,1.1033836960000372,0,0.0,4.16947399980927,32.847123999999894,1.8,4733.265625,10.0,1256.625
yolo11n.pt,5,free_depth_motion,34,2026-09-09,21:38:35.765,2026-09-09T21:38:35.765,1.1353621630000816,0,0.0,4.139944999678846,28.98918999972011,3.9,4733.265625,10.0,1256.625
yolo11n.pt,5,free_depth_motion,35,2026-09-09,21:38:35.797,2026-09-09T21:38:35.797,1.1674981000001026,0,0.0,3.978584999913437,29.04933899981188,3.8,4733.265625,10.0,1256.625
yolo11n.pt,5,free_depth_motion,36,2026-09-09,21:38:35.834,2026-09-09T21:38:35.834,1.2038262010000835,1,0.17907823622226715,4.842731999815442,34.3609479996303,1.8,4733.38671875,10.0,1256.625
yolo11n.pt,5,free_depth_motion,37,2026-09-09,21:38:35.865,2026-09-09T21:38:35.865,1.2352656709999792,1,0.2462298572063446,4.243833999680646,27.862053000262677,4.0,4733.15234375,10.0,1256.625
yolo11n.pt,5,free_depth_motion,38,2026-09-09,21:38:35.897,2026-09-09T21:38:35.897,1.267117029000019,0,0.0,4.065294999691105,28.601121000065177,2.0,4733.15234375,10.0,1256.625
yolo11n.pt,5,free_depth_motion,39,2026-09-09,21:38:35.933,2026-09-09T21:38:35.933,1.3032914810000875,1,0.1836761236190796,4.237242999806767,33.485731999917334,1.8,4733.15234375,10.0,1256.625
yolo11n.pt,5,free_depth_motion,40,2026-09-09,21:38:35.965,2026-09-09T21:38:35.965,1.3355647670000508,1,0.29734301567077637,4.151873999944655,29.13125900022351,3.8,4732.90625,10.0,1256.625
yolo11n.pt,5,free_depth_motion,41,2026-09-09,21:38:35.997,2026-09-09T21:38:35.997,1.3675655739998547,0,0.0,3.997625000010885,28.687969999737106,2.0,4732.90625,10.0,1256.625
yolo11n.pt,5,free_depth_motion,42,2026-09-09,21:38:36.033,2026-09-09T21:38:36.033,1.4036414560000594,0,0.0,4.050754999752826,33.09795299992402,1.8,4732.90625,10.0,1256.625
yolo11n.pt,5,free_depth_motion,43,2026-09-09,21:38:36.065,2026-09-09T21:38:36.065,1.4355989739997312,0,0.0,4.097993999948812,29.02107900035844,2.0,4732.90625,10.0,1254.125
yolo11n.pt,5,free_depth_motion,44,2026-09-09,21:38:36.097,2026-09-09T21:38:36.097,1.4675253219998012,0,0.0,4.002404999937426,28.756530999999086,3.9,4732.90625,10.0,1254.125
yolo11n.pt,5,free_depth_motion,45,2026-09-09,21:38:36.133,2026-09-09T21:38:36.133,1.5034481140000935,0,0.0,4.073454999797832,32.98359400014306,3.4,4733.1484375,10.0,1254.125
yolo11n.pt,5,free_depth_motion,46,2026-09-09,21:38:36.166,2026-09-09T21:38:36.166,1.5356231109999499,1,0.38773924112319946,4.284513999664341,29.47008699993603,2.0,4733.1484375,10.0,1254.125
yolo11n.pt,5,free_depth_motion,47,2026-09-09,21:38:36.197,2026-09-09T21:38:36.197,1.5673919699997896,0,0.0,4.089393999947788,28.424861000075907,2.0,4733.1484375,10.0,1254.125
yolo11n.pt,5,free_depth_motion,48,2026-09-09,21:38:36.232,2026-09-09T21:38:36.232,1.6023557359999359,0,0.0,4.221493999921222,32.032338000135496,3.5,4733.1484375,10.0,1254.125
yolo11n.pt,5,free_depth_motion,49,2026-09-09,21:38:36.265,2026-09-09T21:38:36.265,1.6354586789998393,1,0.1895962506532669,4.2131039999731,30.139863999920635,1.9,4733.1484375,10.0,1254.125
yolo11n.pt,5,free_depth_motion,50,2026-09-09,21:38:36.297,2026-09-09T21:38:36.297,1.6673907869999312,1,0.6239113807678223,4.3584329996519955,29.006289000335528,2.0,4733.1484375,10.0,1254.125
yolo11n.pt,5,free_depth_motion,51,2026-09-09,21:38:36.333,2026-09-09T21:38:36.333,1.7034761690001687,1,0.29891669750213623,4.213663999962591,32.908684000176436,3.4,4733.1484375,10.0,1254.125
yolo11n.pt,5,free_depth_motion,52,2026-09-09,21:38:36.365,2026-09-09T21:38:36.365,1.7354891559998578,0,0.0,4.176204000032158,28.867719000118086,3.9,4733.1484375,10.0,1254.125
yolo11n.pt,5,free_depth_motion,53,2026-09-09,21:38:36.402,2026-09-09T21:38:36.402,1.7712313289998747,1,0.564152181148529,4.837502000100358,33.529980999901454,1.8,4733.1484375,10.0,1254.125
yolo11n.pt,5,free_depth_motion,54,2026-09-09,21:38:36.433,2026-09-09T21:38:36.433,1.8032852569999704,1,0.2892330586910248,4.448253999726148,28.74149999979636,2.0,4733.1484375,10.0,1254.125
yolo11n.pt,5,free_depth_motion,55,2026-09-09,21:38:36.466,2026-09-09T21:38:36.466,1.8353262440000435,1,0.20069684088230133,4.737531999580824,29.367997000008472,3.8,4733.1484375,10.0,1254.125
yolo11n.pt,5,free_depth_motion,56,2026-09-09,21:38:36.501,2026-09-09T21:38:36.501,1.8713572560000102,0,0.0,4.076853999777086,32.307766000030824,1.8,4733.1484375,10.0,1254.125
yolo11n.pt,5,free_depth_motion,57,2026-09-09,21:38:36.533,2026-09-09T21:38:36.533,1.9034619129997736,1,0.16201689839363098,4.211143999782507,29.375456999787275,3.8,4733.1484375,10.0,1254.125
yolo11n.pt,5,free_depth_motion,58,2026-09-09,21:38:36.565,2026-09-09T21:38:36.565,1.9355757399998765,1,0.3820500075817108,4.159063999850332,29.103319000114425,2.0,4733.0390625,10.0,1254.125
yolo11n.pt,5,free_depth_motion,59,2026-09-09,21:38:36.601,2026-09-09T21:38:36.601,1.9713831829999435,1,0.6343721151351929,4.231074000017543,32.784893999632914,3.5,4732.5078125,10.0,1254.125
yolo11n.pt,5,free_depth_motion,60,2026-09-09,21:38:36.633,2026-09-09T21:38:36.633,2.003247500999805,1,0.5344874858856201,4.250704000241967,28.80561000029047,2.0,4732.5078125,10.0,1254.125
yolo11n.pt,5,free_depth_motion,61,2026-09-09,21:38:36.665,2026-09-09T21:38:36.665,2.0354383680000865,1,0.4188498854637146,4.216083999835973,29.11878799977785,2.0,4732.5078125,10.0,1254.125
yolo11n.pt,5,free_depth_motion,62,2026-09-09,21:38:36.701,2026-09-09T21:38:36.701,2.07148473999996,1,0.616891622543335,4.212704000110534,32.989744000133214,1.7,4732.5078125,10.0,1254.125
yolo11n.pt,5,free_depth_motion,63,2026-09-09,21:38:36.733,2026-09-09T21:38:36.733,2.1033681879998767,1,0.8631460070610046,4.221643999699154,28.902038999603974,3.9,4732.5078125,10.0,1254.125
yolo11n.pt,5,free_depth_motion,64,2026-09-09,21:38:36.765,2026-09-09T21:38:36.765,2.1355219649999526,1,0.30808737874031067,4.180604000339372,29.027689000031387,2.0,4732.5078125,10.0,1254.125
yolo11n.pt,5,free_depth_motion,65,2026-09-09,21:38:36.801,2026-09-09T21:38:36.801,2.1711807679998856,0,0.0,4.037945000163745,32.365106000270316,1.8,4732.5078125,10.0,1254.125
yolo11n.pt,5,free_depth_motion,66,2026-09-09,21:38:36.833,2026-09-09T21:38:36.833,2.203412235000087,1,0.8109456300735474,4.252653000094142,29.61138699993171,5.7,4732.5078125,10.0,1254.125
yolo11n.pt,5,free_depth_motion,67,2026-09-09,21:38:36.865,2026-09-09T21:38:36.865,2.235386391999782,1,0.8867815136909485,4.247014000156923,28.997759000048973,2.0,4732.5078125,10.0,1254.125
yolo11n.pt,5,free_depth_motion,68,2026-09-09,21:38:36.901,2026-09-09T21:38:36.901,2.2714861139997993,1,0.7112993001937866,4.209614000046713,33.08507300016572,1.8,4732.5078125,10.0,1254.125
yolo11n.pt,5,free_depth_motion,69,2026-09-09,21:38:36.934,2026-09-09T21:38:36.934,2.30356096100013,1,0.8385780453681946,4.198193999854993,29.095168999901944,3.8,4732.5078125,10.0,1254.125
yolo11n.pt,5,free_depth_motion,70,2026-09-09,21:38:36.965,2026-09-09T21:38:36.965,2.3353902089997973,1,0.8939242959022522,4.250173999935214,28.802809999888268,3.9,4732.5078125,10.0,1254.125
yolo11n.pt,5,free_depth_motion,71,2026-09-09,21:38:37.001,2026-09-09T21:38:37.001,2.3714467310001055,1,0.5685011744499207,4.260764000264317,33.09560400020928,1.8,4732.5078125,10.0,1254.125
yolo11n.pt,5,free_depth_motion,72,2026-09-09,21:38:37.033,2026-09-09T21:38:37.033,2.403499618999831,1,0.7542698979377747,4.194494000330451,28.961138999875402,1.9,4732.5078125,10.0,1254.125
yolo11n.pt,5,free_depth_motion,73,2026-09-09,21:38:37.065,2026-09-09T21:38:37.065,2.4352530569999544,0,0.0,4.066465000050812,28.482251000241376,4.0,4732.26171875,10.0,1254.125
yolo11n.pt,5,free_depth_motion,74,2026-09-09,21:38:37.102,2026-09-09T21:38:37.102,2.471492089000094,1,0.6335617303848267,4.271814000276208,33.562762000201474,3.4,4732.48046875,10.0,1254.125
yolo11n.pt,5,free_depth_motion,75,2026-09-09,21:38:37.133,2026-09-09T21:38:37.133,2.503383106000001,1,0.290767639875412,4.224774000249454,28.874879999875702,2.0,4732.48046875,10.0,1254.125
yolo11n.pt,5,free_depth_motion,76,2026-09-09,21:38:37.165,2026-09-09T21:38:37.165,2.5355037330000414,1,0.6692415475845337,4.20812400034265,29.128499000307784,3.8,4732.48046875,10.0,1254.125
yolo11n.pt,5,free_depth_motion,77,2026-09-09,21:38:37.201,2026-09-09T21:38:37.201,2.571365245999914,0,0.0,4.1094640000665095,32.694934999653924,1.8,4732.48046875,10.0,1254.125
yolo11n.pt,5,free_depth_motion,78,2026-09-09,21:38:37.233,2026-09-09T21:38:37.233,2.6033962440001233,1,0.712950587272644,4.305612999814912,29.356918000303267,2.0,4732.48046875,10.0,1254.125
yolo11n.pt,5,free_depth_motion,79,2026-09-09,21:38:37.265,2026-09-09T21:38:37.265,2.6351936219998606,1,0.597536563873291,4.296283000257972,28.765239999756886,3.8,4732.48046875,10.0,1254.125
yolo11n.pt,5,free_depth_motion,80,2026-09-09,21:38:37.297,2026-09-09T21:38:37.297,2.667378568999993,1,0.597536563873291,4.360523999821453,29.230868000013288,3.8,4732.48046875,10.0,1254.125
yolo11n.pt,5,free_depth_motion,81,2026-09-09,21:38:37.333,2026-09-09T21:38:37.333,2.7035081099998024,1,0.8050904273986816,4.176993999863043,33.17565299994385,1.8,4732.48046875,10.0,1254.125
yolo11n.pt,5,free_depth_motion,82,2026-09-09,21:38:37.365,2026-09-09T21:38:37.365,2.735471607999898,0,0.0,4.06083400002899,28.79680899968662,2.0,4732.48046875,10.0,1254.125
yolo11n.pt,5,free_depth_motion,83,2026-09-09,21:38:37.397,2026-09-09T21:38:37.397,2.7673681259998375,0,0.0,4.026764000172989,28.923468999892066,2.0,4732.48046875,10.0,1254.125
yolo11n.pt,5,free_depth_motion,84,2026-09-09,21:38:37.433,2026-09-09T21:38:37.433,2.803237828999954,1,0.4024079442024231,4.180964000170206,33.404541999971116,1.7,4732.48046875,10.0,1254.125
yolo11n.pt,5,free_depth_motion,85,2026-09-09,21:38:37.465,2026-09-09T21:38:37.465,2.8353867350001565,1,0.44760435819625854,4.251813999871956,29.154239000035886,3.8,4732.48046875,10.0,1254.125
yolo11n.pt,5,free_depth_motion,86,2026-09-09,21:38:37.501,2026-09-09T21:38:37.501,2.8714411569999356,1,0.7179513573646545,4.2634639999050705,33.08428399986951,1.8,4732.48046875,10.0,1254.125
yolo11n.pt,5,free_depth_motion,87,2026-09-09,21:38:37.533,2026-09-09T21:38:37.533,2.9034110950001377,1,0.44086790084838867,4.248414000358025,28.973219000363315,3.9,4732.48046875,10.0,1254.125
yolo11n.pt,5,free_depth_motion,88,2026-09-09,21:38:37.565,2026-09-09T21:38:37.565,2.935454011999809,0,0.0,4.096555000160151,28.696680999928503,3.9,4732.48046875,10.0,1254.125
yolo11n.pt,5,free_depth_motion,89,2026-09-09,21:38:37.601,2026-09-09T21:38:37.601,2.97150822399999,1,0.5639146566390991,4.199424000034924,33.236103000035655,1.8,4732.82421875,10.0,1254.125
yolo11n.pt,5,free_depth_motion,90,2026-09-09,21:38:37.633,2026-09-09T21:38:37.633,3.003409561999888,1,0.7175042629241943,4.245783999976993,28.943798999989667,2.0,4732.82421875,10.0,1254.125
yolo11n.pt,5,free_depth_motion,91,2026-09-09,21:38:37.669,2026-09-09T21:38:37.669,3.0391985649998787,1,0.7487407326698303,4.248724000262882,32.66634400006296,3.5,4732.82421875,10.0,1254.125
yolo11n.pt,5,free_depth_motion,92,2026-09-09,21:38:37.701,2026-09-09T21:38:37.701,3.0712867020001795,1,0.5632773041725159,4.272814000159997,29.21420799975749,2.0,4732.578125,10.0,1254.125
yolo11n.pt,5,free_depth_motion,93,2026-09-09,21:38:37.733,2026-09-09T21:38:37.733,3.1033622700001615,1,0.7075986862182617,4.2470830003367155,28.92371000007188,2.0,4732.578125,10.0,1254.125
yolo11n.pt,5,free_depth_motion,94,2026-09-09,21:38:37.769,2026-09-09T21:38:37.769,3.1394311119997838,1,0.760920524597168,4.252363999967201,33.118003999788925,3.4,4732.578125,10.0,1254.125
yolo11n.pt,5,free_depth_motion,95,2026-09-09,21:38:37.801,2026-09-09T21:38:37.801,3.1714079990001665,1,0.677969753742218,4.250363999744877,29.03092899987314,2.0,4732.578125,10.0,1254.125
yolo11n.pt,5,free_depth_motion,96,2026-09-09,21:38:37.833,2026-09-09T21:38:37.833,3.203521685999931,0,0.0,4.037294999761798,28.83358999997654,4.0,4732.8125,10.0,1254.125
yolo11n.pt,5,free_depth_motion,97,2026-09-09,21:38:37.870,2026-09-09T21:38:37.870,3.2395847980001236,1,0.6697961091995239,4.1637540002739115,33.29395199989449,3.4,4732.8125,10.0,1254.125
yolo11n.pt,5,free_depth_motion,98,2026-09-09,21:38:37.902,2026-09-09T21:38:37.902,3.2716474949997973,1,0.8000969290733337,4.25102400004107,29.077009000047838,1.9,4732.8125,10.0,1254.125
yolo11n.pt,5,free_depth_motion,99,2026-09-09,21:38:37.934,2026-09-09T21:38:37.934,3.30352016300003,1,0.7763357758522034,4.329293999944639,28.81301999968855,2.0,4732.8125,10.0,1254.125
yolo11n.pt,5,free_depth_motion,100,2026-09-09,21:38:37.969,2026-09-09T21:38:37.969,3.339236176999748,0,0.0,4.075785000168253,32.32623599978979,5.3,4732.8125,10.0,1254.125
yolo11n.pt,5,free_depth_motion,101,2026-09-09,21:38:38.001,2026-09-09T21:38:38.001,3.3714430029999676,0,0.0,4.164144000242231,29.211638000106177,2.0,4732.8125,10.0,1254.125
yolo11n.pt,5,free_depth_motion,102,2026-09-09,21:38:38.033,2026-09-09T21:38:38.033,3.4033518410001307,1,0.21593400835990906,4.320243000165647,29.15471799997249,2.0,4732.8125,10.0,1254.125
yolo11n.pt,5,free_depth_motion,103,2026-09-09,21:38:38.069,2026-09-09T21:38:38.069,3.4392411839999113,1,0.6618263721466064,4.2533040000307665,32.883493999634084,1.8,4732.8125,10.0,1254.125
yolo11n.pt,5,free_depth_motion,104,2026-09-09,21:38:38.101,2026-09-09T21:38:38.101,3.471472360000007,1,0.21449482440948486,4.198703999918507,29.10535900036848,3.8,4732.8125,10.0,1254.125
yolo11n.pt,5,free_depth_motion,105,2026-09-09,21:38:38.133,2026-09-09T21:38:38.133,3.503410297999835,0,0.0,4.070043999945483,28.73161000024993,3.9,4733.0546875,10.0,1254.125
yolo11n.pt,5,free_depth_motion,106,2026-09-09,21:38:38.169,2026-09-09T21:38:38.169,3.539222491000146,0,0.0,3.9931649998834473,32.78173499984405,1.8,4733.0546875,10.0,1254.125
yolo11n.pt,5,free_depth_motion,107,2026-09-09,21:38:38.201,2026-09-09T21:38:38.201,3.5712258789999396,1,0.42661017179489136,4.162083000210259,29.328908000024967,3.8,4733.0546875,10.0,1254.125
yolo11n.pt,5,free_depth_motion,108,2026-09-09,21:38:38.233,2026-09-09T21:38:38.233,3.603482784999869,1,0.4754442870616913,4.191264000382944,29.30313800015938,2.0,4733.0546875,10.0,1254.125
yolo11n.pt,5,free_depth_motion,109,2026-09-09,21:38:38.269,2026-09-09T21:38:38.269,3.639260087999901,0,0.0,4.325213000356598,32.86361400023452,1.8,4733.0546875,10.0,1254.125
yolo11n.pt,5,free_depth_motion,110,2026-09-09,21:38:38.302,2026-09-09T21:38:38.302,3.671507224999914,1,0.49565231800079346,4.284214000108477,29.342868000185263,3.8,4733.0546875,10.0,1254.125
yolo11n.pt,5,free_depth_motion,111,2026-09-09,21:38:38.334,2026-09-09T21:38:38.334,3.703695160999814,1,0.1681162267923355,4.223244000058912,29.197078999914083,2.0,4733.0546875,10.0,1254.125
yolo11n.pt,5,free_depth_motion,112,2026-09-09,21:38:38.369,2026-09-09T21:38:38.369,3.739581154000007,0,0.0,3.9803050003683893,32.55803499996546,5.2,4733.0546875,10.0,1254.125
yolo11n.pt,5,free_depth_motion,113,2026-09-09,21:38:38.401,2026-09-09T21:38:38.401,3.7715068819998123,1,0.1721682995557785,4.182694000064657,29.131197999959113,2.0,4733.0546875,10.0,1254.125
yolo11n.pt,5,free_depth_motion,114,2026-09-09,21:38:38.433,2026-09-09T21:38:38.433,3.8034923290001643,1,0.1672937124967575,4.18775399975857,28.9706590001515,2.0,4733.0546875,10.0,1254.125
yolo11n.pt,5,free_depth_motion,115,2026-09-09,21:38:38.469,2026-09-09T21:38:38.469,3.8393372820000877,0,0.0,4.107564000150887,32.72798399984822,1.8,4733.0546875,10.0,1254.125
yolo11n.pt,5,free_depth_motion,116,2026-09-09,21:38:38.501,2026-09-09T21:38:38.501,3.8714384889999565,0,0.0,4.095163999863871,29.13561800005482,2.0,4733.296875,10.0,1254.125
yolo11n.pt,5,free_depth_motion,117,2026-09-09,21:38:38.533,2026-09-09T21:38:38.533,3.903690455999822,0,0.0,4.125873999782925,29.280157999892253,3.8,4733.296875,10.0,1254.125
yolo11n.pt,5,free_depth_motion,118,2026-09-09,21:38:38.569,2026-09-09T21:38:38.569,3.9394315489998917,1,0.1737358272075653,4.237623999870266,32.99992399979601,1.8,4733.234375,10.0,1254.125
yolo11n.pt,5,free_depth_motion,119,2026-09-09,21:38:38.601,2026-09-09T21:38:38.601,3.9713027269999657,0,0.0,4.018165000161389,28.62887999981467,3.9,4733.234375,10.0,1254.125
yolo11n.pt,5,free_depth_motion,120,2026-09-09,21:38:38.633,2026-09-09T21:38:38.633,4.003415623999899,0,0.0,4.019503999643348,29.113997999957064,3.8,4733.234375,10.0,1254.125
yolo11n.pt,5,free_depth_motion,121,2026-09-09,21:38:38.669,2026-09-09T21:38:38.669,4.039450065999972,0,0.0,4.021835000003193,33.06404399972962,1.8,4733.234375,10.0,1254.125
yolo11n.pt,5,free_depth_motion,122,2026-09-09,21:38:38.701,2026-09-09T21:38:38.701,4.071344303999922,0,0.0,4.2466439999770955,29.169588999593543,2.0,4733.234375,10.0,1254.125
yolo11n.pt,5,free_depth_motion,123,2026-09-09,21:38:38.733,2026-09-09T21:38:38.733,4.103447090999907,0,0.0,4.042425000079675,28.96626899973853,3.9,4733.234375,10.0,1254.125
yolo11n.pt,5,free_depth_motion,124,2026-09-09,21:38:38.769,2026-09-09T21:38:38.769,4.139513182999963,0,0.0,4.114104000109364,33.13546300023518,1.8,4733.234375,10.0,1254.125
yolo11n.pt,5,free_depth_motion,125,2026-09-09,21:38:38.801,2026-09-09T21:38:38.801,4.171384030999889,0,0.0,4.174313999556034,28.851539999777742,3.8,4733.234375,10.0,1254.125
yolo11n.pt,5,free_depth_motion,126,2026-09-09,21:38:38.833,2026-09-09T21:38:38.833,4.203497787999822,0,0.0,4.126803999952244,29.008358999817574,3.9,4733.4765625,10.0,1254.125
yolo11n.pt,5,free_depth_motion,127,2026-09-09,21:38:38.869,2026-09-09T21:38:38.869,4.239516709999862,1,0.3461071252822876,4.1804839997894305,33.181632999912836,1.7,4733.4765625,10.0,1254.125
yolo11n.pt,5,free_depth_motion,128,2026-09-09,21:38:38.901,2026-09-09T21:38:38.901,4.271470317999956,0,0.0,4.029444000025251,28.719440000259056,3.9,4733.4765625,10.0,1254.125
yolo11n.pt,5,free_depth_motion,129,2026-09-09,21:38:38.937,2026-09-09T21:38:38.937,4.307322970999849,0,0.0,4.068694000125106,32.94539399985297,1.8,4733.4765625,10.0,1254.125
yolo11n.pt,5,free_depth_motion,130,2026-09-09,21:38:38.969,2026-09-09T21:38:38.969,4.339320428000065,0,0.0,4.086303999883967,28.89987900016422,2.0,4733.4765625,10.0,1254.125
yolo11n.pt,5,free_depth_motion,131,2026-09-09,21:38:39.001,2026-09-09T21:38:39.001,4.371363695000127,0,0.0,4.069685000104073,28.995999000017036,5.7,4733.4765625,10.0,1254.125
yolo11n.pt,5,free_depth_motion,132,2026-09-09,21:38:39.037,2026-09-09T21:38:39.037,4.407518457000151,0,0.0,4.086253999957989,33.2075530000111,3.4,4733.4765625,10.0,1254.125
yolo11n.pt,5,free_depth_motion,133,2026-09-09,21:38:39.069,2026-09-09T21:38:39.069,4.4395975839997845,0,0.0,4.223634000027232,29.176487999848177,2.0,4733.4765625,10.0,1254.125
yolo11n.pt,5,free_depth_motion,134,2026-09-09,21:38:39.101,2026-09-09T21:38:39.101,4.47133179299999,0,0.0,4.235543000049802,28.658270000050834,2.0,4733.4765625,10.0,1254.125
yolo11n.pt,5,free_depth_motion,135,2026-09-09,21:38:39.137,2026-09-09T21:38:39.137,4.507522733999849,0,0.0,4.032954999729554,32.92296399968109,5.1,4733.4765625,9.0,1254.125
yolo11n.pt,5,free_depth_motion,136,2026-09-09,21:38:39.169,2026-09-09T21:38:39.169,4.539441022000119,0,0.0,4.0626439999869035,28.995528999985254,2.0,4733.4765625,9.0,1254.125
yolo11n.pt,5,free_depth_motion,137,2026-09-09,21:38:39.201,2026-09-09T21:38:39.201,4.571382879999874,1,0.2185882180929184,4.259672999978648,29.337227999803872,3.8,4733.4765625,9.0,1254.125
yolo11n.pt,5,free_depth_motion,138,2026-09-09,21:38:39.237,2026-09-09T21:38:39.237,4.607542890999866,0,0.0,4.180174000339321,33.08194299961542,1.8,4733.4765625,9.0,1254.125
yolo11n.pt,5,free_depth_motion,139,2026-09-09,21:38:39.269,2026-09-09T21:38:39.269,4.639422139000089,0,0.0,4.095394000160013,28.74959000018862,3.8,4733.4765625,9.0,1254.125
yolo11n.pt,5,free_depth_motion,140,2026-09-09,21:38:39.301,2026-09-09T21:38:39.301,4.671324916999765,1,0.20003266632556915,4.228243999932602,29.109398000400688,2.0,4733.4765625,9.0,1254.125
yolo11n.pt,5,free_depth_motion,141,2026-09-09,21:38:39.337,2026-09-09T21:38:39.337,4.7073412790000475,1,0.49689891934394836,4.199353999865707,33.019294000041555,3.5,4733.4765625,9.0,1254.125
yolo11n.pt,5,free_depth_motion,142,2026-09-09,21:38:39.369,2026-09-09T21:38:39.369,4.739435756000148,1,0.1589275747537613,4.203043999950751,29.04845899956854,2.0,4733.4765625,9.0,1254.125
yolo11n.pt,5,free_depth_motion,143,2026-09-09,21:38:39.401,2026-09-09T21:38:39.401,4.771408353999959,0,0.0,4.032324000036169,28.72691999982635,3.8,4733.4765625,9.0,1254.125
yolo11n.pt,5,free_depth_motion,144,2026-09-09,21:38:39.437,2026-09-09T21:38:39.437,4.8073868960000254,0,0.0,4.057184999965102,32.9031340002075,1.8,4733.4765625,9.0,1254.125
yolo11n.pt,5,free_depth_motion,145,2026-09-09,21:38:39.469,2026-09-09T21:38:39.469,4.839329884000108,0,0.0,4.014774000097532,28.875238999717112,3.9,4733.4765625,9.0,1254.125
yolo11n.pt,5,free_depth_motion,146,2026-09-09,21:38:39.501,2026-09-09T21:38:39.501,4.871324692000144,0,0.0,4.068414999892411,29.031809000116482,2.0,4733.71875,9.0,1254.125
yolo11n.pt,5,free_depth_motion,147,2026-09-09,21:38:39.537,2026-09-09T21:38:39.537,4.907385503000114,0,0.0,4.129024000121717,33.035203000054025,5.1,4735.125,9.0,1258.4375
yolo11n.pt,5,free_depth_motion,148,2026-09-09,21:38:39.569,2026-09-09T21:38:39.569,4.939356170999872,1,0.15636299550533295,4.2698639999798615,29.142308000245976,2.0,4735.6796875,9.0,1258.4375
yolo11n.pt,5,free_depth_motion,149,2026-09-09,21:38:39.601,2026-09-09T21:38:39.601,4.9713655380001,1,0.2879559099674225,4.2336940000495815,28.977048999877297,2.0,4735.43359375,9.0,1258.4375
yolo11n.pt,5,free_depth_motion,150,2026-09-09,21:38:39.637,2026-09-09T21:38:39.637,5.007529380000051,0,0.0,3.9942050002537144,32.75235499995688,3.4,4735.43359375,11.0,1258.4375
yolo11n.pt,5,free_depth_motion,151,2026-09-09,21:38:39.669,2026-09-09T21:38:39.669,5.0393364379997365,0,0.0,4.080144999988988,28.78351899971676,2.0,4735.43359375,11.0,1258.4375
yolo11n.pt,5,free_depth_motion,152,2026-09-09,21:38:39.701,2026-09-09T21:38:39.701,5.07139383599997,0,0.0,4.106473999854643,29.11061900022105,5.8,4735.43359375,11.0,1258.4375
yolo11n.pt,5,free_depth_motion,153,2026-09-09,21:38:39.737,2026-09-09T21:38:39.737,5.107471537000038,0,0.0,4.016395000235207,33.07802300014373,1.8,4735.43359375,11.0,1258.4375
yolo11n.pt,5,free_depth_motion,154,2026-09-09,21:38:39.770,2026-09-09T21:38:39.770,5.139404614999876,1,0.3331274688243866,4.725612000129331,29.792515999815805,1.9,4735.43359375,11.0,1258.4375
yolo11n.pt,5,free_depth_motion,155,2026-09-09,21:38:39.802,2026-09-09T21:38:39.802,5.17146041199976,1,0.4380932152271271,4.311774000143487,28.54144000002634,2.0,4735.43359375,11.0,1258.4375
yolo11n.pt,5,free_depth_motion,156,2026-09-09,21:38:39.837,2026-09-09T21:38:39.837,5.2074854239999695,0,0.0,4.135724999741797,32.70302500004618,3.5,4735.43359375,11.0,1258.4375
yolo11n.pt,5,free_depth_motion,157,2026-09-09,21:38:39.869,2026-09-09T21:38:39.869,5.239395902000069,0,0.0,4.063835000124527,28.783929999917746,2.0,4735.43359375,11.0,1258.4375
yolo11n.pt,5,free_depth_motion,158,2026-09-09,21:38:39.901,2026-09-09T21:38:39.901,5.271453719999954,1,0.22548338770866394,4.260772999714391,29.311438000149792,5.7,4735.41796875,11.0,1258.4375
yolo11n.pt,5,free_depth_motion,159,2026-09-09,21:38:39.937,2026-09-09T21:38:39.937,5.307397451999805,0,0.0,4.074424000009458,32.68374400022367,1.8,4735.41796875,11.0,1258.4375
yolo11n.pt,5,free_depth_motion,160,2026-09-09,21:38:39.970,2026-09-09T21:38:39.970,5.339657748999798,1,0.22416304051876068,4.258324000147695,29.579486999864457,2.0,4735.41796875,11.0,1258.4375
yolo11n.pt,5,free_depth_motion,161,2026-09-09,21:38:40.001,2026-09-09T21:38:40.001,5.370692579999741,1,0.3644477128982544,4.217632999825582,27.96568300027502,4.0,4735.41796875,11.0,1258.4375
yolo11n.pt,5,free_depth_motion,162,2026-09-09,21:38:40.021,2026-09-09T21:38:40.021,5.391432420000001,0,0.0,4.181043999778922,17.519813000035356,3.1,4735.41796875,11.0,1258.4375
yolo11n.pt,5,free_depth_motion,163,2026-09-09,21:38:40.053,2026-09-09T21:38:40.053,5.423187998999765,1,0.2565097510814667,4.2557140000099025,29.039119000117353,3.8,4735.41796875,11.0,1258.4375
yolo11n.pt,5,free_depth_motion,164,2026-09-09,21:38:40.085,2026-09-09T21:38:40.085,5.455312556000081,1,0.4605412185192108,4.221793999931833,28.903508999974292,2.0,4735.41796875,11.0,1258.4375
yolo11n.pt,5,free_depth_motion,165,2026-09-09,21:38:40.121,2026-09-09T21:38:40.121,5.491496666999865,1,0.6833227276802063,4.226804000154516,33.109173999946506,1.7,4735.41796875,10.0,1258.4375
yolo11n.pt,5,free_depth_motion,166,2026-09-09,21:38:40.153,2026-09-09T21:38:40.153,5.523486054999921,0,0.0,4.0757339997981035,28.746009999849775,2.0,4735.41796875,10.0,1258.4375
yolo11n.pt,5,free_depth_motion,167,2026-09-09,21:38:40.185,2026-09-09T21:38:40.185,5.555336402999728,0,0.0,4.043013999762479,28.880118999950355,3.9,4735.41796875,10.0,1258.4375
yolo11n.pt,5,free_depth_motion,168,2026-09-09,21:38:40.221,2026-09-09T21:38:40.221,5.590961946999869,1,0.16630510985851288,4.275833000065177,32.97104400007811,3.4,4735.41796875,10.0,1258.4375
yolo11n.pt,5,free_depth_motion,169,2026-09-09,21:38:40.249,2026-09-09T21:38:40.249,5.619399837999936,1,0.16630510985851288,4.281152999737969,25.477622999915184,2.2,4735.41796875,10.0,1258.4375
yolo11n.pt,5,free_depth_motion,170,2026-09-09,21:38:40.285,2026-09-09T21:38:40.285,5.65549805899991,1,0.5365886688232422,4.2183539999314235,33.262793000176316,1.8,4735.41796875,10.0,1258.4375
yolo11n.pt,5,free_depth_motion,171,2026-09-09,21:38:40.321,2026-09-09T21:38:40.321,5.691515451999749,1,0.8468607664108276,4.185373999916919,32.988123999984964,3.4,4735.41796875,10.0,1258.4375
yolo11n.pt,5,free_depth_motion,172,2026-09-09,21:38:40.353,2026-09-09T21:38:40.353,5.723489228999824,1,0.8703307509422302,4.195054000319942,28.949829000339378,3.8,4735.66015625,10.0,1258.4375
yolo11n.pt,5,free_depth_motion,173,2026-09-09,21:38:40.385,2026-09-09T21:38:40.385,5.7554243469999165,1,0.8345510959625244,4.216383999846585,28.839238999808003,2.0,4735.66015625,10.0,1258.4375
yolo11n.pt,5,free_depth_motion,174,2026-09-09,21:38:40.421,2026-09-09T21:38:40.421,5.791355138999734,0,0.0,4.036475000248174,32.55682600001819,1.8,4735.66015625,10.0,1258.4375
yolo11n.pt,5,free_depth_motion,175,2026-09-09,21:38:40.453,2026-09-09T21:38:40.453,5.823355616999834,1,0.8232103586196899,4.237503999775072,29.32699799976035,5.7,4735.66015625,10.0,1258.4375
yolo11n.pt,5,free_depth_motion,176,2026-09-09,21:38:40.486,2026-09-09T21:38:40.486,5.855597462999867,1,0.8804953098297119,4.243343999860372,29.24656799996228,2.0,4735.66015625,10.0,1258.4375
yolo11n.pt,5,free_depth_motion,177,2026-09-09,21:38:40.521,2026-09-09T21:38:40.521,5.891481335999742,1,0.7533139586448669,4.200433999812958,32.824624000113545,1.8,4735.66015625,10.0,1258.4375
yolo11n.pt,5,free_depth_motion,178,2026-09-09,21:38:40.553,2026-09-09T21:38:40.553,5.9234221140000045,1,0.4055574834346771,4.3039929996666615,28.92598900007215,3.9,4735.66015625,10.0,1258.4375
yolo11n.pt,5,free_depth_motion,179,2026-09-09,21:38:40.586,2026-09-09T21:38:40.586,5.955584890999944,1,0.8380985260009766,4.212413999994169,29.028208999989147,2.0,4735.66015625,10.0,1258.4375
yolo11n.pt,5,free_depth_motion,180,2026-09-09,21:38:40.622,2026-09-09T21:38:40.622,5.9916164830001435,1,0.7050158381462097,4.251562999797898,33.04255300008663,1.7,4735.5703125,10.0,1258.4375
yolo11n.pt,5,free_depth_motion,181,2026-09-09,21:38:40.654,2026-09-09T21:38:40.654,6.02369877000001,1,0.23626543581485748,4.2571740000312275,29.106548000072507,3.9,4735.5703125,10.0,1258.4375
yolo11n.pt,5,free_depth_motion,182,2026-09-09,21:38:40.685,2026-09-09T21:38:40.685,6.05541016899997,1,0.20988689363002777,4.2585830001371505,28.748009999617352,3.9,4735.5703125,10.0,1258.4375
yolo11n.pt,5,free_depth_motion,183,2026-09-09,21:38:40.721,2026-09-09T21:38:40.721,6.091331100999923,0,0.0,4.11249399985536,32.7035249997607,1.8,4735.5703125,10.0,1258.4375
yolo11n.pt,5,free_depth_motion,184,2026-09-09,21:38:40.754,2026-09-09T21:38:40.754,6.123364487999879,1,0.8276890516281128,4.418352999891795,29.45515700002943,3.8,4735.5703125,10.0,1258.4375
yolo11n.pt,5,free_depth_motion,185,2026-09-09,21:38:40.781,2026-09-09T21:38:40.781,6.1514230610000595,1,0.8276890516281128,4.225293999752466,24.895464000110223,0.0,4735.5703125,10.0,1258.4375
yolo11n.pt,5,free_depth_motion,186,2026-09-09,21:38:40.805,2026-09-09T21:38:40.805,6.175398338999912,1,0.4880736768245697,4.276774000118166,21.27366800004893,2.6,4735.5703125,10.0,1258.4375
yolo11n.pt,5,free_depth_motion,187,2026-09-09,21:38:40.838,2026-09-09T21:38:40.838,6.207618305999858,1,0.8402355909347534,4.247982999913802,29.225858000245353,3.9,4735.8125,10.0,1258.4375
yolo11n.pt,5,free_depth_motion,188,2026-09-09,21:38:40.869,2026-09-09T21:38:40.869,6.239468394000141,1,0.8610156774520874,4.289612999855308,28.912668999964808,2.0,4736.0546875,10.0,1258.4375
yolo11n.pt,5,free_depth_motion,189,2026-09-09,21:38:40.905,2026-09-09T21:38:40.905,6.275469566000083,1,0.20036646723747253,4.2144640001424705,32.96278399966468,5.1,4736.0546875,10.0,1258.4375
yolo11n.pt,5,free_depth_motion,190,2026-09-09,21:38:40.937,2026-09-09T21:38:40.937,6.307483663999847,0,0.0,4.059554999912507,28.786439999748836,2.0,4736.0546875,10.0,1258.4375
yolo11n.pt,5,free_depth_motion,191,2026-09-09,21:38:40.969,2026-09-09T21:38:40.969,6.339283501999944,1,0.37993812561035156,4.258062999724643,29.243176999898424,2.0,4736.0546875,10.0,1258.4375
yolo11n.pt,5,free_depth_motion,192,2026-09-09,21:38:41.005,2026-09-09T21:38:41.005,6.375378654000087,1,0.7833163142204285,4.260383999735495,32.884723999814014,1.8,4736.0546875,10.0,1258.4375
yolo11n.pt,5,free_depth_motion,193,2026-09-09,21:38:41.037,2026-09-09T21:38:41.037,6.407469070999923,1,0.6675905585289001,4.1925540003830974,28.963598999780515,3.8,4736.0546875,10.0,1258.4375
yolo11n.pt,5,free_depth_motion,194,2026-09-09,21:38:41.069,2026-09-09T21:38:41.069,6.439376908999748,0,0.0,4.083283999989362,28.67000999958691,2.0,4736.0546875,10.0,1258.4375
yolo11n.pt,5,free_depth_motion,195,2026-09-09,21:38:41.106,2026-09-09T21:38:41.106,6.475369441000112,1,0.6263679265975952,4.317503000038414,33.34660300015457,1.7,4736.0546875,10.0,1258.4375
yolo11n.pt,5,free_depth_motion,196,2026-09-09,21:38:41.138,2026-09-09T21:38:41.138,6.507440527999734,1,0.30849817395210266,4.341753000062454,28.996629000175744,5.8,4736.0546875,10.0,1258.4375
yolo11n.pt,5,free_depth_motion,197,2026-09-09,21:38:41.170,2026-09-09T21:38:41.170,6.539502204999735,1,0.17694240808486938,4.2710939997050446,28.933528999914415,2.0,4736.0546875,10.0,1258.4375
yolo11n.pt,5,free_depth_motion,198,2026-09-09,21:38:41.206,2026-09-09T21:38:41.206,6.575586767000004,1,0.5796046853065491,4.166043999703106,32.930404000126146,3.4,4736.046875,10.0,1258.4375
yolo11n.pt,5,free_depth_motion,199,2026-09-09,21:38:41.238,2026-09-09T21:38:41.238,6.607694763999916,1,0.6796739101409912,4.232314000091719,29.164879000290966,2.0,4736.046875,10.0,1258.4375
yolo11n.pt,5,free_depth_motion,200,2026-09-09,21:38:41.269,2026-09-09T21:38:41.269,6.639643151999735,0,0.0,4.072354000072664,28.7029099999927,2.0,4736.046875,10.0,1258.4375
yolo11n.pt,5,free_depth_motion,201,2026-09-09,21:38:41.305,2026-09-09T21:38:41.305,6.675238285999967,1,0.7988888621330261,4.28794299978108,32.91425399993386,1.8,4736.046875,10.0,1258.4375
yolo11n.pt,5,free_depth_motion,202,2026-09-09,21:38:41.337,2026-09-09T21:38:41.337,6.7073276830001305,1,0.22990243136882782,4.288052999982028,28.981528999793227,3.9,4736.046875,10.0,1258.4375
yolo11n.pt,5,free_depth_motion,203,2026-09-09,21:38:41.369,2026-09-09T21:38:41.369,6.739157761000115,1,0.5269691944122314,4.451143000096636,28.948718999799894,2.0,4736.046875,10.0,1258.4375
yolo11n.pt,5,free_depth_motion,204,2026-09-09,21:38:41.389,2026-09-09T21:38:41.389,6.75907471499977,1,0.461859792470932,4.579172000376275,17.117734999828826,3.1,4736.046875,10.0,1258.4375
yolo11n.pt,5,free_depth_motion,205,2026-09-09,21:38:41.421,2026-09-09T21:38:41.421,6.791644039999937,0,0.0,4.08326400020087,28.868169000361377,3.9,4736.046875,10.0,1258.4375
yolo11n.pt,5,free_depth_motion,206,2026-09-09,21:38:41.453,2026-09-09T21:38:41.453,6.823638177999783,0,0.0,4.14246499985893,28.9662289997068,3.8,4736.046875,10.0,1258.4375
yolo11n.pt,5,free_depth_motion,207,2026-09-09,21:38:41.490,2026-09-09T21:38:41.490,6.859636979999777,1,0.7210796475410461,4.322653000144783,33.25811300010173,1.7,4736.046875,10.0,1258.4375
yolo11n.pt,5,free_depth_motion,208,2026-09-09,21:38:41.522,2026-09-09T21:38:41.522,6.89155695799991,1,0.553517758846283,4.320123000070453,28.86035899973649,5.9,4732.17578125,10.0,1256.25
yolo11n.pt,5,free_depth_motion,209,2026-09-09,21:38:41.554,2026-09-09T21:38:41.554,6.923510895000163,1,0.37079524993896484,4.329804000008153,28.82460999990144,2.0,4732.41796875,10.0,1256.25
yolo11n.pt,5,free_depth_motion,210,2026-09-09,21:38:41.589,2026-09-09T21:38:41.589,6.959573656999964,1,0.6139174103736877,4.158604000167543,32.82129499984876,1.8,4732.41796875,10.0,1256.25
yolo11n.pt,5,free_depth_motion,211,2026-09-09,21:38:41.621,2026-09-09T21:38:41.621,6.991606754999793,0,0.0,4.058104999785428,28.736779999690043,3.9,4732.41796875,10.0,1256.25
yolo11n.pt,5,free_depth_motion,212,2026-09-09,21:38:41.654,2026-09-09T21:38:41.654,7.023531041999831,1,0.46343427896499634,4.234153999732371,29.298187000222242,3.8,4732.41796875,10.0,1256.25
yolo11n.pt,5,free_depth_motion,213,2026-09-09,21:38:41.689,2026-09-09T21:38:41.689,7.059442525000122,1,0.8278464078903198,4.223154000101204,32.7372239999022,1.8,4732.41796875,10.0,1256.25
yolo11n.pt,5,free_depth_motion,214,2026-09-09,21:38:41.721,2026-09-09T21:38:41.721,7.091380482999739,1,0.8617710471153259,4.3351730000722455,28.96556999985478,2.0,4732.41796875,10.0,1256.25
yolo11n.pt,5,free_depth_motion,215,2026-09-09,21:38:41.753,2026-09-09T21:38:41.753,7.123432679999951,1,0.7699324488639832,4.275354000128573,28.993968999657227,5.7,4732.41796875,10.0,1256.25
yolo11n.pt,5,free_depth_motion,216,2026-09-09,21:38:41.790,2026-09-09T21:38:41.790,7.159538211999916,1,0.6538069248199463,4.21698300033313,32.97582400000465,1.8,4732.41796875,10.0,1256.25
yolo11n.pt,5,free_depth_motion,217,2026-09-09,21:38:41.822,2026-09-09T21:38:41.822,7.1914224100000865,1,0.6172311902046204,4.308283999762352,28.985359000216704,3.8,4732.41796875,10.0,1256.25
yolo11n.pt,5,free_depth_motion,218,2026-09-09,21:38:41.854,2026-09-09T21:38:41.854,7.223636295999768,1,0.6248089671134949,4.331644000103552,29.078718000164372,2.0,4732.89453125,10.0,1256.25
yolo11n.pt,5,free_depth_motion,219,2026-09-09,21:38:41.889,2026-09-09T21:38:41.889,7.259300069999881,0,0.0,4.056914000102552,32.30249599982926,3.5,4732.89453125,10.0,1256.25
yolo11n.pt,5,free_depth_motion,220,2026-09-09,21:38:41.922,2026-09-09T21:38:41.922,7.291556205999768,1,0.5336440205574036,4.193344000213983,29.39219800009596,2.0,4732.89453125,10.0,1256.25
yolo11n.pt,5,free_depth_motion,221,2026-09-09,21:38:41.953,2026-09-09T21:38:41.953,7.323418833999767,1,0.7984498143196106,4.271794000032969,28.872539000076358,2.0,4732.89453125,10.0,1256.25
yolo11n.pt,5,free_depth_motion,222,2026-09-09,21:38:41.989,2026-09-09T21:38:41.989,7.359253047000038,0,0.0,4.0974839998852985,32.57397500010484,3.5,4732.89453125,10.0,1256.25
yolo11n.pt,5,free_depth_motion,223,2026-09-09,21:38:42.021,2026-09-09T21:38:42.021,7.3913809340001535,1,0.6145227551460266,4.289213999982167,29.442087000006723,3.8,4732.89453125,10.0,1256.25
yolo11n.pt,5,free_depth_motion,224,2026-09-09,21:38:42.054,2026-09-09T21:38:42.054,7.423400071999822,1,0.7277159094810486,4.348583000137296,29.135157999917283,2.0,4732.89453125,10.0,1256.25
yolo11n.pt,5,free_depth_motion,225,2026-09-09,21:38:42.089,2026-09-09T21:38:42.089,7.459481342999879,0,0.0,4.041584999868064,32.6971549998234,1.8,4732.89453125,10.0,1256.25
yolo11n.pt,5,free_depth_motion,226,2026-09-09,21:38:42.122,2026-09-09T21:38:42.122,7.491536880999774,1,0.19739021360874176,4.2354029997113685,29.335358000025735,3.8,4732.89453125,10.0,1256.25
yolo11n.pt,5,free_depth_motion,227,2026-09-09,21:38:42.157,2026-09-09T21:38:42.157,7.527190064000024,1,0.7698296904563904,4.47666299987759,32.90428399986922,1.8,4732.89453125,10.0,1256.25
yolo11n.pt,5,free_depth_motion,228,2026-09-09,21:38:42.189,2026-09-09T21:38:42.189,7.559353521000048,1,0.31246238946914673,4.257033999692794,28.928248999818607,2.0,4732.89453125,10.0,1256.25
yolo11n.pt,5,free_depth_motion,229,2026-09-09,21:38:42.221,2026-09-09T21:38:42.221,7.5914507080001385,0,0.0,4.034295000110433,28.74240999972244,2.0,4732.89453125,10.0,1256.25
yolo11n.pt,5,free_depth_motion,230,2026-09-09,21:38:42.257,2026-09-09T21:38:42.257,7.627366280999922,1,0.5111566185951233,4.330533000029391,33.33647299996301,1.7,4732.89453125,10.0,1256.25
yolo11n.pt,5,free_depth_motion,231,2026-09-09,21:38:42.290,2026-09-09T21:38:42.290,7.659453138000117,1,0.6558132171630859,4.331472999638208,29.010999000092852,5.8,4732.89453125,10.0,1256.25
yolo11n.pt,5,free_depth_motion,232,2026-09-09,21:38:42.321,2026-09-09T21:38:42.321,7.691373185999964,1,0.3264416754245758,4.347873000369873,28.826589000345848,5.9,4732.18359375,10.0,1256.25
yolo11n.pt,5,free_depth_motion,233,2026-09-09,21:38:42.357,2026-09-09T21:38:42.357,7.727293307999844,1,0.1572185903787613,4.349082999851817,32.83962399973461,5.4,4732.546875,10.0,1256.25
yolo11n.pt,5,free_depth_motion,234,2026-09-09,21:38:42.390,2026-09-09T21:38:42.390,7.759425514999748,1,0.5646211504936218,4.4503529998110025,29.196098999818787,7.7,4732.546875,10.0,1256.25
yolo11n.pt,5,free_depth_motion,235,2026-09-09,21:38:42.422,2026-09-09T21:38:42.422,7.791503511999963,1,0.7113014459609985,4.2712139998002385,28.84683899992524,4.0,4732.546875,10.0,1256.25
yolo11n.pt,5,free_depth_motion,236,2026-09-09,21:38:42.453,2026-09-09T21:38:42.453,7.823402850000093,1,0.7113014459609985,4.267824000180553,28.836188999775914,5.9,4733.2578125,10.0,1256.25
yolo11n.pt,5,free_depth_motion,237,2026-09-09,21:38:42.490,2026-09-09T21:38:42.490,7.85934502300006,1,0.4512065351009369,4.5866730001762335,33.578151000256184,8.6,4739.09765625,10.0,1256.25
yolo11n.pt,5,free_depth_motion,238,2026-09-09,21:38:42.518,2026-09-09T21:38:42.518,7.887419525000041,1,0.4512065351009369,4.439313000148104,24.777436000022135,6.8,4751.07421875,10.0,1256.25
yolo11n.pt,5,free_depth_motion,239,2026-09-09,21:38:42.558,2026-09-09T21:38:42.558,7.92734738199988,1,0.6958646774291992,4.516032999617892,37.20750699994824,9.5,4761.1484375,10.0,1256.25
yolo11n.pt,5,free_depth_motion,240,2026-09-09,21:38:42.589,2026-09-09T21:38:42.589,7.959211800000048,1,0.21313637495040894,4.4440729998314055,28.726979999646574,5.9,4761.83984375,10.0,1256.25
yolo11n.pt,5,free_depth_motion,241,2026-09-09,21:38:42.621,2026-09-09T21:38:42.621,7.991616666000027,0,0.0,4.144374000134121,28.97169900006702,4.0,4761.83984375,9.0,1256.25
yolo11n.pt,5,free_depth_motion,242,2026-09-09,21:38:42.657,2026-09-09T21:38:42.657,8.027379349000057,0,0.0,4.158173999712744,32.76149399971473,6.9,4761.875,9.0,1256.25
yolo11n.pt,5,free_depth_motion,243,2026-09-09,21:38:42.690,2026-09-09T21:38:42.690,8.059610625999994,1,0.4131099283695221,4.394893000153388,29.758466000203043,5.9,4761.8671875,9.0,1256.25
yolo11n.pt,5,free_depth_motion,244,2026-09-09,21:38:42.722,2026-09-09T21:38:42.722,8.091567804000078,1,0.1931353360414505,4.356122999979561,28.720939999857364,5.9,4762.50390625,9.0,1256.25
yolo11n.pt,5,free_depth_motion,245,2026-09-09,21:38:42.758,2026-09-09T21:38:42.758,8.127323376999811,1,0.5424736738204956,4.398493000280723,32.80181399986759,7.0,4702.11328125,9.0,1256.25
yolo11n.pt,5,free_depth_motion,246,2026-09-09,21:38:42.790,2026-09-09T21:38:42.790,8.159511563999786,1,0.588627278804779,4.229484000006778,29.04825899986463,5.8,4701.9921875,9.0,1256.25
yolo11n.pt,5,free_depth_motion,247,2026-09-09,21:38:42.821,2026-09-09T21:38:42.821,8.191321861999768,0,0.0,4.181384000276012,28.629180999814707,8.0,4709.76953125,9.0,1256.25
yolo11n.pt,5,free_depth_motion,248,2026-09-09,21:38:42.857,2026-09-09T21:38:42.857,8.227378753999801,0,0.0,4.151273999923433,32.81412500018632,10.3,4726.49609375,9.0,1256.25
yolo11n.pt,5,free_depth_motion,249,2026-09-09,21:38:42.890,2026-09-09T21:38:42.890,8.259460160999879,1,0.15669728815555573,4.531763000159117,29.60138700018433,9.6,4727.84765625,9.0,1256.25
yolo11n.pt,5,free_depth_motion,250,2026-09-09,21:38:42.921,2026-09-09T21:38:42.921,8.291403938999792,1,0.18566009402275085,4.255592999925284,28.672540000115987,8.2,4727.84765625,9.0,1256.25
yolo11n.pt,5,free_depth_motion,251,2026-09-09,21:38:42.957,2026-09-09T21:38:42.957,8.327592199999799,0,0.0,3.59543600006873,32.477825000114535,8.8,4727.84765625,9.0,1256.25
yolo11n.pt,5,free_depth_motion,252,2026-09-09,21:38:42.989,2026-09-09T21:38:42.989,8.359425258000101,0,0.0,3.6950159997104493,29.00290900015534,8.0,4727.84765625,9.0,1256.25
yolo11n.pt,5,free_depth_motion,253,2026-09-09,21:38:43.018,2026-09-09T21:38:43.018,8.387400721000176,0,0.0,4.599042999871017,25.932650999948237,8.7,4728.203125,9.0,1256.25
yolo11n.pt,5,free_depth_motion,254,2026-09-09,21:38:43.057,2026-09-09T21:38:43.057,8.427227649000088,1,0.40674325823783875,4.229093999583711,36.709760000121605,7.9,4766.94921875,9.0,1256.25
yolo11n.pt,5,free_depth_motion,255,2026-09-09,21:38:43.089,2026-09-09T21:38:43.089,8.459444664999864,0,0.0,3.858126000068296,28.73736999981702,9.8,4783.1875,9.0,1256.25
yolo11n.pt,5,free_depth_motion,256,2026-09-09,21:38:43.121,2026-09-09T21:38:43.121,8.491730522000125,0,0.0,3.8528150003003248,29.27654800032542,9.6,4783.1875,9.0,1256.25
yolo11n.pt,5,free_depth_motion,257,2026-09-09,21:38:43.153,2026-09-09T21:38:43.153,8.523401421000017,0,0.0,4.177632999926573,29.00204900015524,7.8,4783.1875,9.0,1256.25
yolo11n.pt,5,free_depth_motion,258,2026-09-09,21:38:43.189,2026-09-09T21:38:43.189,8.55935822299989,1,0.3765765428543091,3.9248749999387655,33.146112999929755,8.8,4783.1875,9.0,1256.25
yolo11n.pt,5,free_depth_motion,259,2026-09-09,21:38:43.221,2026-09-09T21:38:43.221,8.59132382100006,0,0.0,3.6952560003555845,28.53715999981432,8.0,4783.1875,9.0,1256.25
yolo11n.pt,5,free_depth_motion,260,2026-09-09,21:38:43.241,2026-09-09T21:38:43.241,8.611377864000133,0,0.0,3.687905999868235,17.09721499992156,12.5,4783.1875,9.0,1256.25
yolo11n.pt,5,free_depth_motion,261,2026-09-09,21:38:43.269,2026-09-09T21:38:43.269,8.639403325999865,0,0.0,3.9370549998238857,25.346463000005315,6.7,4783.1875,9.0,1256.25
yolo11n.pt,5,free_depth_motion,262,2026-09-09,21:38:43.305,2026-09-09T21:38:43.305,8.67536453899993,1,0.3269023299217224,3.884514999754174,33.09930300019914,8.8,4783.1875,9.0,1256.25
yolo11n.pt,5,free_depth_motion,263,2026-09-09,21:38:43.341,2026-09-09T21:38:43.341,8.711276440999882,0,0.0,3.6980760000915325,32.578155000010156,10.3,4783.1875,9.0,1256.25
yolo11n.pt,5,free_depth_motion,264,2026-09-09,21:38:43.373,2026-09-09T21:38:43.373,8.743357808999917,1,0.6461482644081116,3.8581859998885193,29.229237999970792,7.8,4783.1875,9.0,1256.25
yolo11n.pt,5,free_depth_motion,265,2026-09-09,21:38:43.405,2026-09-09T21:38:43.405,8.775518954999825,1,0.15616357326507568,3.7709660000473377,29.175629000292247,8.0,4783.1875,9.0,1256.25
yolo11n.pt,5,free_depth_motion,266,2026-09-09,21:38:43.440,2026-09-09T21:38:43.440,8.811100109000108,0,0.0,3.722305999872333,32.48392599971339,10.3,4783.1875,9.0,1256.25
yolo11n.pt,5,free_depth_motion,267,2026-09-09,21:38:43.473,2026-09-09T21:38:43.473,8.843375984999966,1,0.748302161693573,3.852165999887802,29.587856000034662,7.8,4783.4296875,9.0,1256.25
yolo11n.pt,5,free_depth_motion,268,2026-09-09,21:38:43.505,2026-09-09T21:38:43.505,8.875304083000174,0,0.0,3.748445999917749,28.814320000037696,9.8,4783.4296875,9.0,1256.25
yolo11n.pt,5,free_depth_motion,269,2026-09-09,21:38:43.541,2026-09-09T21:38:43.541,8.911380784999892,1,0.6128766536712646,3.8640249999843945,33.341661999656935,7.1,4783.74609375,9.0,1256.25
yolo11n.pt,5,free_depth_motion,270,2026-09-09,21:38:43.573,2026-09-09T21:38:43.573,8.943344032999903,1,0.767404317855835,3.8929550000830204,29.04176899983213,11.3,4783.74609375,9.0,1256.25
yolo11n.pt,5,free_depth_motion,271,2026-09-09,21:38:43.605,2026-09-09T21:38:43.605,8.975289920999785,1,0.7098982930183411,3.8375359999918146,28.927298999860795,8.0,4783.96875,9.0,1256.25
yolo11n.pt,5,free_depth_motion,272,2026-09-09,21:38:43.641,2026-09-09T21:38:43.641,9.01138427199976,0,0.0,3.679605999877822,32.892184000047564,7.1,4783.96875,10.0,1256.25
yolo11n.pt,5,free_depth_motion,273,2026-09-09,21:38:43.673,2026-09-09T21:38:43.673,9.043337279999832,0,0.0,3.679645999909553,28.904319000048417,9.6,4783.96875,10.0,1256.25
yolo11n.pt,5,free_depth_motion,274,2026-09-09,21:38:43.705,2026-09-09T21:38:43.705,9.07541567699991,0,0.0,3.696536000006745,28.982458999962546,9.8,4783.96875,10.0,1256.25
yolo11n.pt,5,free_depth_motion,275,2026-09-09,21:38:43.741,2026-09-09T21:38:43.741,9.111143421000179,1,0.8686825633049011,3.8823959998808277,33.0954030000612,7.1,4783.96875,10.0,1256.25
yolo11n.pt,5,free_depth_motion,276,2026-09-09,21:38:43.773,2026-09-09T21:38:43.773,9.143421506999857,1,0.3929802477359772,4.001634999895032,29.466396999850986,9.6,4783.96875,10.0,1256.25
yolo11n.pt,5,free_depth_motion,277,2026-09-09,21:38:43.805,2026-09-09T21:38:43.805,9.17537421499992,1,0.8873090147972107,3.9518049998150673,28.834550000283343,9.8,4781.48046875,10.0,1256.25
yolo11n.pt,5,free_depth_motion,278,2026-09-09,21:38:43.842,2026-09-09T21:38:43.842,9.211411546999898,1,0.5614820718765259,4.461322999759432,33.52587200015478,8.6,4819.03125,10.0,1256.25
yolo11n.pt,5,free_depth_motion,279,2026-09-09,21:38:43.873,2026-09-09T21:38:43.873,9.243247334999978,1,0.725356936454773,4.268003000106546,28.583500999957323,9.8,4816.8984375,10.0,1256.25
yolo11n.pt,5,free_depth_motion,280,2026-09-09,21:38:43.905,2026-09-09T21:38:43.905,9.275289491999956,0,0.0,4.089034000116953,28.67610000021159,10.0,4824.25,10.0,1256.25
yolo11n.pt,5,free_depth_motion,281,2026-09-09,21:38:43.941,2026-09-09T21:38:43.941,9.311046044999784,1,0.882034182548523,4.075755000030767,32.83155400004034,5.3,4809.140625,10.0,1256.25
yolo11n.pt,5,free_depth_motion,282,2026-09-09,21:38:43.973,2026-09-09T21:38:43.973,9.343437660999825,0,0.0,3.764075999697525,29.061808999813366,9.8,4816.98828125,10.0,1256.25
yolo11n.pt,5,free_depth_motion,283,2026-09-09,21:38:44.010,2026-09-09T21:38:44.010,9.379584842999975,1,0.7113210558891296,4.160803999639029,33.73871100029646,8.5,4822.0390625,10.0,1256.25
yolo11n.pt,5,free_depth_motion,284,2026-09-09,21:38:44.037,2026-09-09T21:38:44.037,9.40740090600002,1,0.7113210558891296,4.232534000038868,24.867135000022245,9.1,4836.96875,10.0,1256.25
yolo11n.pt,5,free_depth_motion,285,2026-09-09,21:38:44.073,2026-09-09T21:38:44.073,9.443141100000048,1,0.80107581615448,3.8713660001121752,32.49558499965133,8.8,4836.96875,10.0,1256.25
yolo11n.pt,5,free_depth_motion,286,2026-09-09,21:38:44.109,2026-09-09T21:38:44.109,9.4792390409998,1,0.7358334064483643,3.8903549998394737,33.17904300001828,8.8,4836.96875,10.0,1256.25
yolo11n.pt,5,free_depth_motion,287,2026-09-09,21:38:44.141,2026-09-09T21:38:44.141,9.511246029000176,1,0.38081493973731995,3.8701050002600823,28.923549999944953,7.8,4836.96875,9.0,1256.25
yolo11n.pt,5,free_depth_motion,288,2026-09-09,21:38:44.174,2026-09-09T21:38:44.174,9.543352675999813,1,0.6467422246932983,4.40925300017625,29.734086000189563,11.3,4851.7578125,9.0,1256.25
yolo11n.pt,5,free_depth_motion,289,2026-09-09,21:38:44.210,2026-09-09T21:38:44.210,9.579661047000172,1,0.7541515827178955,4.156323999723099,33.04876299989701,7.1,4840.1640625,9.0,1256.25
yolo11n.pt,5,free_depth_motion,290,2026-09-09,21:38:44.241,2026-09-09T21:38:44.241,9.611441714999728,1,0.7594190239906311,4.021814999759954,28.555201000017405,9.8,4840.1640625,9.0,1256.25
yolo11n.pt,5,free_depth_motion,291,2026-09-09,21:38:44.273,2026-09-09T21:38:44.273,9.643501661999835,1,0.6082868576049805,3.9255449996744574,28.954728999906365,8.0,4840.1640625,9.0,1256.25
yolo11n.pt,5,free_depth_motion,292,2026-09-09,21:38:44.309,2026-09-09T21:38:44.309,9.679477374999806,1,0.6239416003227234,3.8481550000142306,32.91282400005002,8.8,4840.1640625,9.0,1256.25
yolo11n.pt,5,free_depth_motion,293,2026-09-09,21:38:44.341,2026-09-09T21:38:44.341,9.711326802999793,0,0.0,3.694305999943026,28.51539099992806,9.8,4840.40625,9.0,1256.25
yolo11n.pt,5,free_depth_motion,294,2026-09-09,21:38:44.373,2026-09-09T21:38:44.373,9.74335702999997,1,0.16178010404109955,3.870725000069797,29.338997999730054,7.8,4840.40625,9.0,1256.25
yolo11n.pt,5,free_depth_motion,295,2026-09-09,21:38:44.408,2026-09-09T21:38:44.408,9.77921857299998,0,0.0,3.6312759998509136,32.59999500005506,8.8,4840.40625,9.0,1256.25
yolo11n.pt,5,free_depth_motion,296,2026-09-09,21:38:44.440,2026-09-09T21:38:44.440,9.811225529999774,0,0.0,3.6242169999241014,28.990468999836594,9.8,4840.40625,9.0,1256.25
yolo11n.pt,5,free_depth_motion,297,2026-09-09,21:38:44.472,2026-09-09T21:38:44.472,9.843209858000137,0,0.0,3.634925999904226,29.003138999996736,7.8,4840.6484375,9.0,1256.25
yolo11n.pt,5,free_depth_motion,298,2026-09-09,21:38:44.509,2026-09-09T21:38:44.509,9.879451638999853,0,0.0,3.7580459998025617,33.38224200024342,8.8,4840.6484375,9.0,1253.75
yolo11n.pt,5,free_depth_motion,299,2026-09-09,21:38:44.541,2026-09-09T21:38:44.541,9.911213547999978,0,0.0,3.722245000062685,28.76030900006299,8.0,4840.6484375,9.0,1253.75
yolo11n.pt,5,free_depth_motion,300,2026-09-09,21:38:44.572,2026-09-09T21:38:44.572,9.942231748999802,0,0.0,3.7684949998038064,28.16202300027726,10.0,4840.53125,9.0,1253.75
yolo11n.pt,5,free_depth_motion,301,2026-09-09,21:38:44.605,2026-09-09T21:38:44.605,9.975409671999842,0,0.0,4.158904000178154,30.62077300000965,7.4,4839.0078125,9.0,1253.75
yolo11n.pt,5,free_depth_motion,302,2026-09-09,21:38:44.641,2026-09-09T21:38:44.641,10.01146384399999,0,0.0,3.671905999908631,32.68280499969478,8.9,4836.8046875,10.0,1253.75
yolo11s.pt,1,static,1,2026-09-09,21:43:00.721,2026-09-09T21:43:00.721,0.03290480399982698,1,0.2229987382888794,5.545179000364442,40.77522399984446,2.4,4783.58984375,2.0,1371.75
yolo11s.pt,1,static,2,2026-09-09,21:43:00.753,2026-09-09T21:43:00.753,0.06722662299989679,1,0.30648064613342285,5.028161000154796,29.095078999944235,1.9,4783.58984375,2.0,1371.75
yolo11s.pt,1,static,3,2026-09-09,21:43:00.785,2026-09-09T21:43:00.785,0.10011806700003945,1,0.3217267096042633,4.468332999749691,29.506217000289325,3.9,4783.58984375,2.0,1373.375
yolo11s.pt,1,static,4,2026-09-09,21:43:00.816,2026-09-09T21:43:00.816,0.13132159799988585,1,0.3105835020542145,4.459963000044809,28.365172000121675,2.0,4783.58984375,2.0,1373.375
yolo11s.pt,1,static,5,2026-09-09,21:43:00.852,2026-09-09T21:43:00.852,0.16764381799976036,1,0.3392619490623474,4.4401929999366985,33.53023199997551,3.4,4783.58984375,2.0,1373.375
yolo11s.pt,1,static,6,2026-09-09,21:43:00.884,2026-09-09T21:43:00.884,0.19963823599982788,1,0.23375162482261658,4.431382999882771,29.186129000208894,2.0,4783.58984375,2.0,1373.375
yolo11s.pt,1,static,7,2026-09-09,21:43:00.916,2026-09-09T21:43:00.916,0.23172562299987476,1,0.21278133988380432,4.399322999688593,29.26181800012273,3.8,4783.58984375,2.0,1373.375
yolo11s.pt,1,static,8,2026-09-09,21:43:00.952,2026-09-09T21:43:00.952,0.26763582600005975,1,0.25489041209220886,4.36033400001179,33.13094299983277,3.4,4783.58984375,2.0,1373.375
yolo11s.pt,1,static,9,2026-09-09,21:43:00.984,2026-09-09T21:43:00.984,0.2992964639997808,1,0.25035035610198975,4.401992999646609,28.758809999999357,4.0,4783.58984375,2.0,1373.6875
yolo11s.pt,1,static,10,2026-09-09,21:43:01.016,2026-09-09T21:43:01.016,0.33163069100010034,1,0.33617866039276123,4.401492999932088,29.51769700030127,2.0,4783.58984375,2.0,1373.6875
yolo11s.pt,1,static,11,2026-09-09,21:43:01.052,2026-09-09T21:43:01.052,0.3674670629998218,1,0.39231204986572266,4.403352999815979,33.06509399999413,3.4,4783.58984375,2.0,1373.6875
yolo11s.pt,1,static,12,2026-09-09,21:43:01.084,2026-09-09T21:43:01.084,0.3994712610001443,1,0.2743392288684845,4.3869629998880555,29.234459000235802,2.0,4783.58984375,2.0,1373.6875
yolo11s.pt,1,static,13,2026-09-09,21:43:01.116,2026-09-09T21:43:01.116,0.43148244799976965,1,0.2803775370121002,4.363923999790131,29.230917999939265,3.9,4783.58984375,2.0,1373.6875
yolo11s.pt,1,static,14,2026-09-09,21:43:01.152,2026-09-09T21:43:01.152,0.4676441199999317,1,0.2834196388721466,4.40458299999591,33.397653000065475,5.0,4783.58984375,2.0,1373.6875
yolo11s.pt,1,static,15,2026-09-09,21:43:01.184,2026-09-09T21:43:01.184,0.49967537700013054,1,0.32052212953567505,4.380483000204549,29.22711800010802,2.0,4783.58984375,9.0,1373.6875
yolo11s.pt,1,static,16,2026-09-09,21:43:01.216,2026-09-09T21:43:01.216,0.5316364450000037,1,0.2517653703689575,4.394512999624567,29.175369000313367,3.8,4783.58984375,9.0,1373.6875
yolo11s.pt,1,static,17,2026-09-09,21:43:01.252,2026-09-09T21:43:01.252,0.5676715069998863,1,0.26541051268577576,4.380833000141138,33.23127299972839,1.8,4783.58984375,9.0,1373.6875
yolo11s.pt,1,static,18,2026-09-09,21:43:01.284,2026-09-09T21:43:01.284,0.5994683849999092,1,0.3877173066139221,4.370344000108162,28.99512899966794,2.0,4783.58984375,9.0,1373.6875
yolo11s.pt,1,static,19,2026-09-09,21:43:01.316,2026-09-09T21:43:01.316,0.6314855830000852,1,0.258756160736084,4.356432999884419,29.271946999870124,3.8,4783.58984375,9.0,1373.6875
yolo11s.pt,1,static,20,2026-09-09,21:43:01.352,2026-09-09T21:43:01.352,0.6674688749999405,1,0.29836317896842957,4.390272999899025,33.22121299970604,3.4,4783.58984375,9.0,1373.6875
yolo11s.pt,1,static,21,2026-09-09,21:43:01.384,2026-09-09T21:43:01.384,0.6996567319997666,1,0.2561056613922119,4.380503999982466,29.393756999979814,2.0,4783.58984375,9.0,1373.6875
yolo11s.pt,1,static,22,2026-09-09,21:43:01.416,2026-09-09T21:43:01.416,0.7314622099997905,1,0.28883230686187744,4.398392999974021,29.03621799987377,2.0,4783.58984375,9.0,1373.6875
yolo11s.pt,1,static,23,2026-09-09,21:43:01.452,2026-09-09T21:43:01.452,0.7675149520000559,1,0.2884537875652313,4.391873000258784,33.272392000071704,1.8,4783.58984375,9.0,1373.6875
yolo11s.pt,1,static,24,2026-09-09,21:43:01.484,2026-09-09T21:43:01.484,0.7994933790000687,1,0.3057345747947693,4.3764540000665875,29.2346279998128,2.0,4783.58984375,9.0,1373.6875
yolo11s.pt,1,static,25,2026-09-09,21:43:01.516,2026-09-09T21:43:01.516,0.831522276999749,1,0.29027029871940613,4.363932999694953,29.255857999942236,3.8,4783.58984375,9.0,1373.6875
yolo11s.pt,1,static,26,2026-09-09,21:43:01.552,2026-09-09T21:43:01.552,0.8674408990000302,1,0.2912227213382721,4.383113999665511,33.18519300000844,1.8,4783.58984375,9.0,1373.6875
yolo11s.pt,1,static,27,2026-09-09,21:43:01.584,2026-09-09T21:43:01.584,0.8992937369998799,1,0.25302302837371826,4.381583999929717,29.12594800000079,3.9,4783.58984375,9.0,1373.6875
yolo11s.pt,1,static,28,2026-09-09,21:43:01.616,2026-09-09T21:43:01.616,0.9314313239997318,1,0.3169947862625122,4.404292999879544,29.37030800012508,1.9,4783.83203125,9.0,1373.6875
yolo11s.pt,1,static,29,2026-09-09,21:43:01.652,2026-09-09T21:43:01.652,0.9674813560000075,1,0.25921186804771423,4.451083000276412,33.30442300011782,3.4,4783.83203125,9.0,1373.6875
yolo11s.pt,1,static,30,2026-09-09,21:43:01.684,2026-09-09T21:43:01.684,0.9992755349999243,1,0.1831577569246292,4.420342999765126,28.93108900025254,3.9,4783.83203125,9.0,1373.5625
yolo11s.pt,1,static,31,2026-09-09,21:43:01.716,2026-09-09T21:43:01.716,1.0314994310001566,1,0.23904617130756378,4.401542999858066,29.380848000073456,2.0,4783.83203125,9.0,1373.5625
yolo11s.pt,1,static,32,2026-09-09,21:43:01.752,2026-09-09T21:43:01.752,1.0676383429999987,1,0.20150646567344666,4.405012999995961,33.309413000097265,3.4,4783.83203125,9.0,1373.5625
yolo11s.pt,1,static,33,2026-09-09,21:43:01.784,2026-09-09T21:43:01.784,1.0995063609998397,1,0.2600992023944855,4.387643000427488,29.074878000301396,3.8,4783.83203125,9.0,1373.5625
yolo11s.pt,1,static,34,2026-09-09,21:43:01.816,2026-09-09T21:43:01.816,1.1314890590001596,1,0.33205991983413696,4.374694000034651,29.158238000036363,2.0,4783.83203125,9.0,1373.5625
yolo11s.pt,1,static,35,2026-09-09,21:43:01.852,2026-09-09T21:43:01.852,1.1674795009998888,1,0.2945059835910797,4.512781999892468,33.36490199990294,5.1,4783.83203125,9.0,1373.5625
yolo11s.pt,1,static,36,2026-09-09,21:43:01.884,2026-09-09T21:43:01.884,1.1994580979999228,1,0.3324081599712372,4.449612999906094,29.122159000053216,3.9,4784.07421875,9.0,1373.5625
yolo11s.pt,1,static,37,2026-09-09,21:43:01.916,2026-09-09T21:43:01.916,1.2315260549999039,1,0.28699731826782227,4.4917129998793826,29.309988000022713,2.0,4784.07421875,9.0,1373.5625
yolo11s.pt,1,static,38,2026-09-09,21:43:01.952,2026-09-09T21:43:01.952,1.2674871780000103,1,0.2758132219314575,4.397282999889285,33.06531299995186,3.4,4784.07421875,9.0,1373.5625
yolo11s.pt,1,static,39,2026-09-09,21:43:01.984,2026-09-09T21:43:01.984,1.2993212460000905,1,0.28691616654396057,4.4074930001443136,29.0348480002649,3.9,4784.07421875,9.0,1373.5625
yolo11s.pt,1,static,40,2026-09-09,21:43:02.020,2026-09-09T21:43:02.020,1.3352647980000256,1,0.2684156000614166,4.416563000177121,33.14034300001367,1.8,4784.07421875,9.0,1373.5625
yolo11s.pt,1,static,41,2026-09-09,21:43:02.052,2026-09-09T21:43:02.052,1.3673164159999942,1,0.16896672546863556,4.411261999848648,29.275998000230175,2.0,4784.07421875,9.0,1373.5625
yolo11s.pt,1,static,42,2026-09-09,21:43:02.084,2026-09-09T21:43:02.084,1.3992841829999634,1,0.30368945002555847,4.404523000175686,29.174569000133488,2.0,4784.07421875,9.0,1373.5625
yolo11s.pt,1,static,43,2026-09-09,21:43:02.120,2026-09-09T21:43:02.120,1.435483474999728,1,0.23296885192394257,4.497373000049265,33.481491999737045,5.1,4784.07421875,9.0,1373.5625
yolo11s.pt,1,static,44,2026-09-09,21:43:02.152,2026-09-09T21:43:02.152,1.4674762619997637,1,0.22320817410945892,4.509483000219916,29.2037980002533,2.0,4783.1796875,9.0,1373.5625
yolo11s.pt,1,static,45,2026-09-09,21:43:02.184,2026-09-09T21:43:02.184,1.4994936990001406,1,0.2444663941860199,4.412372999922809,29.13509800009706,3.9,4783.1796875,9.0,1373.5625
yolo11s.pt,1,static,46,2026-09-09,21:43:02.220,2026-09-09T21:43:02.220,1.5354763719997209,1,0.27910852432250977,4.398473000037484,33.180812999944465,1.8,4783.1796875,9.0,1373.5625
yolo11s.pt,1,static,47,2026-09-09,21:43:02.252,2026-09-09T21:43:02.252,1.5675324690000707,1,0.2938327193260193,4.430362999755744,29.310336999969877,3.8,4783.1796875,9.0,1373.5625
yolo11s.pt,1,static,48,2026-09-09,21:43:02.284,2026-09-09T21:43:02.284,1.5994718169999942,1,0.32972949743270874,4.4077630000174395,29.12784800037116,2.0,4783.1796875,9.0,1373.5625
yolo11s.pt,1,static,49,2026-09-09,21:43:02.320,2026-09-09T21:43:02.320,1.6352457399998457,1,0.1959126740694046,4.393653000079212,32.97165399999358,3.4,4783.1796875,9.0,1373.5625
yolo11s.pt,1,static,50,2026-09-09,21:43:02.352,2026-09-09T21:43:02.352,1.6676041059999989,1,0.2512861490249634,4.607922000104736,29.733747000136646,2.0,4783.1796875,9.0,1373.5625
yolo11s.pt,1,static,51,2026-09-09,21:43:02.384,2026-09-09T21:43:02.384,1.6994432540000162,1,0.29343512654304504,4.396942999846942,28.836669999691367,2.0,4783.1796875,9.0,1373.5625
yolo11s.pt,1,static,52,2026-09-09,21:43:02.420,2026-09-09T21:43:02.420,1.7352703569999903,1,0.3881382346153259,4.4077630000174395,33.04384300008678,3.4,4783.1796875,9.0,1373.5625
yolo11s.pt,1,static,53,2026-09-09,21:43:02.452,2026-09-09T21:43:02.452,1.7675036929999806,1,0.32976219058036804,4.39108299997315,29.43064700002651,3.8,4783.1796875,9.0,1373.5625
yolo11s.pt,1,static,54,2026-09-09,21:43:02.484,2026-09-09T21:43:02.484,1.7996316700000534,1,0.347895085811615,4.397363999942172,29.324657999950432,2.0,4783.1796875,9.0,1373.5625
yolo11s.pt,1,static,55,2026-09-09,21:43:02.520,2026-09-09T21:43:02.520,1.8355121730000974,1,0.3140910267829895,4.334642999765492,33.024394000221946,1.8,4783.1796875,9.0,1373.5625
yolo11s.pt,1,static,56,2026-09-09,21:43:02.552,2026-09-09T21:43:02.552,1.8674790509999184,1,0.2416868358850479,4.3725430000449705,29.222928000308457,3.9,4783.1796875,9.0,1373.5625
yolo11s.pt,1,static,57,2026-09-09,21:43:02.584,2026-09-09T21:43:02.584,1.8995250379998652,1,0.2757050395011902,4.368102999706025,29.265487999964535,2.0,4783.1796875,9.0,1373.5625
yolo11s.pt,1,static,58,2026-09-09,21:43:02.620,2026-09-09T21:43:02.620,1.93561912999985,1,0.29485541582107544,4.536561999884725,33.50999199983562,1.8,4783.421875,9.0,1373.5625
yolo11s.pt,1,static,59,2026-09-09,21:43:02.652,2026-09-09T21:43:02.652,1.9674879780000083,1,0.27389273047447205,4.49246200014386,29.039929000191478,3.8,4783.421875,9.0,1373.5625
yolo11s.pt,1,static,60,2026-09-09,21:43:02.684,2026-09-09T21:43:02.684,1.9994596950000414,1,0.42033883929252625,4.477193000184343,29.16426899992075,2.0,4783.421875,10.0,1371.1875
yolo11s.pt,1,static,61,2026-09-09,21:43:02.720,2026-09-09T21:43:02.720,2.0352941080000164,1,0.3174111843109131,4.39350300030128,32.981803999973636,1.8,4783.421875,10.0,1371.1875
yolo11s.pt,1,static,62,2026-09-09,21:43:02.752,2026-09-09T21:43:02.752,2.0674624049997874,1,0.3437787592411041,4.371683000044868,29.327207999813254,3.9,4783.421875,10.0,1371.1875
yolo11s.pt,1,static,63,2026-09-09,21:43:02.784,2026-09-09T21:43:02.784,2.0995059619999665,1,0.26833510398864746,4.393943000195577,29.270287999679567,2.0,4783.421875,10.0,1371.1875
yolo11s.pt,1,static,64,2026-09-09,21:43:02.820,2026-09-09T21:43:02.820,2.1352986150000106,1,0.2712469696998596,4.365762999896106,32.9602540000451,1.8,4783.421875,10.0,1371.1875
yolo11s.pt,1,static,65,2026-09-09,21:43:02.853,2026-09-09T21:43:02.853,2.1673033429997304,1,0.3553546965122223,5.110930000228109,30.00548499994693,3.8,4783.421875,10.0,1371.1875
yolo11s.pt,1,static,66,2026-09-09,21:43:02.884,2026-09-09T21:43:02.884,2.1992523099997925,1,0.2334005981683731,4.372754000087298,28.297891999955027,4.0,4783.421875,10.0,1371.1875
yolo11s.pt,1,static,67,2026-09-09,21:43:02.920,2026-09-09T21:43:02.920,2.2355076119997648,1,0.26265856623649597,4.755100999773276,33.846911000182445,1.7,4783.4140625,10.0,1371.1875
yolo11s.pt,1,static,68,2026-09-09,21:43:02.952,2026-09-09T21:43:02.952,2.26753054899973,1,0.27241092920303345,4.678221999711241,29.14758899987646,2.0,4783.4140625,10.0,1371.1875
yolo11s.pt,1,static,69,2026-09-09,21:43:02.984,2026-09-09T21:43:02.984,2.299694435999754,1,0.3383253514766693,4.446152999662445,29.142608000256587,3.8,4783.4140625,10.0,1371.1875
yolo11s.pt,1,static,70,2026-09-09,21:43:03.020,2026-09-09T21:43:03.020,2.3355033990001175,1,0.2659566104412079,4.409022999880108,32.98354299977291,1.8,4783.4140625,10.0,1371.1875
yolo11s.pt,1,static,71,2026-09-09,21:43:03.052,2026-09-09T21:43:03.052,2.3675154259999545,1,0.2857511639595032,4.396832999645994,29.232628000045224,2.0,4783.4140625,10.0,1371.1875
yolo11s.pt,1,static,72,2026-09-09,21:43:03.084,2026-09-09T21:43:03.084,2.399526553999749,1,0.2532828450202942,4.405572999985452,29.211538000254222,2.0,4783.4140625,10.0,1371.1875
yolo11s.pt,1,static,73,2026-09-09,21:43:03.120,2026-09-09T21:43:03.120,2.435622935000083,1,0.24425488710403442,4.425894000178232,33.33104299963452,3.4,4783.4140625,10.0,1371.1875
yolo11s.pt,1,static,74,2026-09-09,21:43:03.152,2026-09-09T21:43:03.152,2.4674463040000774,1,0.25777000188827515,4.40860300022905,28.983699000036722,2.0,4783.4140625,10.0,1371.1875
yolo11s.pt,1,static,75,2026-09-09,21:43:03.184,2026-09-09T21:43:03.184,2.499486731000161,1,0.34503093361854553,4.444932999831508,29.30721699976857,2.0,4783.4140625,9.0,1371.1875
yolo11s.pt,1,static,76,2026-09-09,21:43:03.220,2026-09-09T21:43:03.220,2.5354475529998126,1,0.23167769610881805,4.4736730001204705,33.17502300023989,1.8,4783.4140625,9.0,1371.1875
yolo11s.pt,1,static,77,2026-09-09,21:43:03.252,2026-09-09T21:43:03.252,2.5673090010000124,1,0.2908935248851776,4.433563000020513,29.035348999968846,3.9,4783.4140625,9.0,1371.1875
yolo11s.pt,1,static,78,2026-09-09,21:43:03.288,2026-09-09T21:43:03.288,2.603629171999728,1,0.29577013850212097,4.482032999931107,33.55125100006262,5.1,4787.10546875,9.0,1371.75
yolo11s.pt,1,static,79,2026-09-09,21:43:03.320,2026-09-09T21:43:03.320,2.6355538799998612,1,0.2736174166202545,4.44464300016989,29.057108999950287,2.0,4787.10546875,9.0,1371.75
yolo11s.pt,1,static,80,2026-09-09,21:43:03.352,2026-09-09T21:43:03.352,2.6675192879997667,1,0.3170914053916931,4.435122999893792,29.119018000073993,2.0,4787.10546875,9.0,1371.75
yolo11s.pt,1,static,81,2026-09-09,21:43:03.388,2026-09-09T21:43:03.388,2.7033137009998427,1,0.28362905979156494,4.505823000272358,33.066433999920264,3.5,4787.10546875,9.0,1373.375
yolo11s.pt,1,static,82,2026-09-09,21:43:03.420,2026-09-09T21:43:03.420,2.73550880699986,1,0.2648284137248993,4.480892999708885,29.364437999902293,3.8,4787.10546875,9.0,1373.375
yolo11s.pt,1,static,83,2026-09-09,21:43:03.452,2026-09-09T21:43:03.452,2.767516694999813,1,0.29303646087646484,4.48234199984654,29.207678000148007,2.0,4787.10546875,9.0,1373.375
yolo11s.pt,1,static,84,2026-09-09,21:43:03.488,2026-09-09T21:43:03.488,2.8032891779998863,1,0.33225518465042114,4.371993000404473,32.86445399999138,1.8,4787.10546875,9.0,1373.375
yolo11s.pt,1,static,85,2026-09-09,21:43:03.520,2026-09-09T21:43:03.520,2.835515373999897,1,0.28803548216819763,4.409883999869635,29.49303700006567,2.0,4787.10546875,9.0,1373.375
yolo11s.pt,1,static,86,2026-09-09,21:43:03.552,2026-09-09T21:43:03.552,2.867486321999877,1,0.3172595500946045,4.3593929999588,29.11619900032747,3.8,4787.10546875,9.0,1373.375
yolo11s.pt,1,static,87,2026-09-09,21:43:03.588,2026-09-09T21:43:03.588,2.9033147949999147,1,0.31800612807273865,4.369313000097463,33.054594000077486,1.8,4786.24609375,9.0,1373.375
yolo11s.pt,1,static,88,2026-09-09,21:43:03.620,2026-09-09T21:43:03.620,2.935314142000152,1,0.25534892082214355,4.367903000002116,29.18854800009285,3.8,4785.53515625,9.0,1373.375
yolo11s.pt,1,static,89,2026-09-09,21:43:03.652,2026-09-09T21:43:03.652,2.9672999899999013,1,0.23782391846179962,4.398293000122067,29.23165800029892,2.0,4784.859375,9.0,1373.375
yolo11s.pt,1,static,90,2026-09-09,21:43:03.688,2026-09-09T21:43:03.688,3.003257391999796,1,0.31811410188674927,4.4959729998481635,33.26591199993345,3.4,4784.859375,9.0,1373.375
yolo11s.pt,1,static,91,2026-09-09,21:43:03.720,2026-09-09T21:43:03.720,3.0353258790000837,1,0.25622323155403137,4.872831999819027,29.6287660003145,2.0,4784.859375,9.0,1373.375
yolo11s.pt,1,static,92,2026-09-09,21:43:03.752,2026-09-09T21:43:03.752,3.0673563669997748,1,0.27356112003326416,4.761531999974977,29.121408999799314,2.0,4784.84375,9.0,1373.375
yolo11s.pt,1,static,93,2026-09-09,21:43:03.788,2026-09-09T21:43:03.788,3.1033496290001494,1,0.29561182856559753,4.367692999949213,32.80935500015403,3.5,4784.84375,9.0,1373.375
yolo11s.pt,1,static,94,2026-09-09,21:43:03.820,2026-09-09T21:43:03.820,3.1354927759998645,1,0.21444745361804962,4.444743000021845,29.43008700003702,2.0,4784.84375,9.0,1373.375
yolo11s.pt,1,static,95,2026-09-09,21:43:03.853,2026-09-09T21:43:03.853,3.167518762999862,1,0.3157980144023895,5.033220999848709,29.92111499997918,3.8,4785.078125,9.0,1373.375
yolo11s.pt,1,static,96,2026-09-09,21:43:03.888,2026-09-09T21:43:03.888,3.2034594060000927,1,0.3446868062019348,4.548961999716994,32.49798599972564,7.0,4784.7734375,9.0,1373.375
yolo11s.pt,1,static,97,2026-09-09,21:43:03.920,2026-09-09T21:43:03.920,3.2354778829999304,1,0.25166046619415283,4.455273000075977,29.134588000033546,3.8,4784.7734375,9.0,1373.375
yolo11s.pt,1,static,98,2026-09-09,21:43:03.952,2026-09-09T21:43:03.952,3.2674688510001033,1,0.2714841961860657,4.446042999916244,29.137738000372337,2.0,4784.52734375,9.0,1373.375
yolo11s.pt,1,static,99,2026-09-09,21:43:03.988,2026-09-09T21:43:03.988,3.303331572999923,1,0.3077152669429779,4.413572999965254,33.04326299985405,3.4,4784.76171875,9.0,1373.375
yolo11s.pt,1,static,100,2026-09-09,21:43:04.020,2026-09-09T21:43:04.020,3.3352923909997116,1,0.23232153058052063,4.3945729998995375,29.141868999886356,2.0,4784.76171875,9.0,1373.375
yolo11s.pt,1,static,101,2026-09-09,21:43:04.052,2026-09-09T21:43:04.052,3.3673439879999023,1,0.32621192932128906,4.389563000131602,29.27529799990225,2.0,4784.76171875,9.0,1373.375
yolo11s.pt,1,static,102,2026-09-09,21:43:04.088,2026-09-09T21:43:04.088,3.403325260999736,1,0.34387731552124023,4.397143000005599,33.17907299970102,1.8,4784.76171875,9.0,1373.375
yolo11s.pt,1,static,103,2026-09-09,21:43:04.120,2026-09-09T21:43:04.120,3.4355757570001515,1,0.254142165184021,4.3884130000151345,29.454967000219767,3.8,4784.76171875,9.0,1373.375
yolo11s.pt,1,static,104,2026-09-09,21:43:04.152,2026-09-09T21:43:04.152,3.467508435000127,1,0.30755966901779175,4.38260300006732,29.119438999714475,2.0,4784.76171875,9.0,1373.375
yolo11s.pt,1,static,105,2026-09-09,21:43:04.188,2026-09-09T21:43:04.188,3.5037418560000333,1,0.3165881335735321,4.499913000017841,33.55095100005201,1.7,4784.76171875,9.0,1373.375
yolo11s.pt,1,static,106,2026-09-09,21:43:04.221,2026-09-09T21:43:04.221,3.5354944549999345,1,0.26146200299263,4.819792000034795,29.246598000099766,3.8,4784.76171875,9.0,1373.375
yolo11s.pt,1,static,107,2026-09-09,21:43:04.252,2026-09-09T21:43:04.252,3.567740140999831,1,0.35117003321647644,4.424943000230996,29.079779000312556,2.0,4784.76171875,9.0,1373.375
yolo11s.pt,1,static,108,2026-09-09,21:43:04.288,2026-09-09T21:43:04.288,3.603306624999732,1,0.36634063720703125,4.412313000102586,32.74050400023043,1.8,4784.76171875,9.0,1373.25
yolo11s.pt,1,static,109,2026-09-09,21:43:04.320,2026-09-09T21:43:04.320,3.635371391999797,1,0.34151387214660645,4.406822999953874,29.261348000090948,2.0,4784.76171875,9.0,1373.25
yolo11s.pt,1,static,110,2026-09-09,21:43:04.352,2026-09-09T21:43:04.352,3.6675188789999993,1,0.2929171621799469,4.40166299995326,29.342887999973755,3.8,4785.828125,9.0,1373.25
yolo11s.pt,1,static,111,2026-09-09,21:43:04.388,2026-09-09T21:43:04.388,3.7032720719998906,1,0.26849669218063354,4.392193000057887,32.88779400008934,1.8,4785.828125,9.0,1373.25
yolo11s.pt,1,static,112,2026-09-09,21:43:04.420,2026-09-09T21:43:04.420,3.7352882000000136,1,0.3075805604457855,4.37858299983418,29.190828000082547,3.9,4785.828125,9.0,1373.25
yolo11s.pt,1,static,113,2026-09-09,21:43:04.452,2026-09-09T21:43:04.452,3.7673425670000142,1,0.2562183141708374,4.3621629997687705,29.25282799969864,2.0,4785.828125,9.0,1373.25
yolo11s.pt,1,static,114,2026-09-09,21:43:04.488,2026-09-09T21:43:04.488,3.8032782689997475,1,0.24473899602890015,4.563692999909108,33.34461199983707,3.4,4785.828125,9.0,1373.25
yolo11s.pt,1,static,115,2026-09-09,21:43:04.520,2026-09-09T21:43:04.520,3.8355581959999654,1,0.24427443742752075,4.48222299974077,29.383497000253556,2.0,4785.828125,9.0,1373.25
yolo11s.pt,1,static,116,2026-09-09,21:43:04.556,2026-09-09T21:43:04.556,3.871467147999738,1,0.2659560441970825,4.431642999861651,33.08677399991211,3.5,4784.859375,9.0,1373.25
yolo11s.pt,1,static,117,2026-09-09,21:43:04.588,2026-09-09T21:43:04.588,3.903574805000062,1,0.26897403597831726,4.431793000094331,29.288067999914347,3.8,4784.390625,9.0,1373.25
yolo11s.pt,1,static,118,2026-09-09,21:43:04.620,2026-09-09T21:43:04.620,3.9355612230001498,1,0.28452590107917786,4.478183000173885,29.215888000180712,2.0,4784.13671875,9.0,1373.25
yolo11s.pt,1,static,119,2026-09-09,21:43:04.656,2026-09-09T21:43:04.656,3.9713192859999253,1,0.3092002868652344,4.406793000271136,32.90925400006017,1.8,4784.13671875,9.0,1373.25
yolo11s.pt,1,static,120,2026-09-09,21:43:04.688,2026-09-09T21:43:04.688,4.003249834000144,1,0.3058856129646301,4.393993000121554,29.184947999965516,3.8,4784.13671875,10.0,1373.25
yolo11s.pt,1,static,121,2026-09-09,21:43:04.720,2026-09-09T21:43:04.720,4.035487419999754,1,0.3019880950450897,4.35974400033956,29.32379799995033,3.8,4784.13671875,10.0,1373.25
yolo11s.pt,1,static,122,2026-09-09,21:43:04.756,2026-09-09T21:43:04.756,4.071289532999799,1,0.350136399269104,4.424062999987655,33.08133399968938,1.8,4783.890625,10.0,1373.25
yolo11s.pt,1,static,123,2026-09-09,21:43:04.788,2026-09-09T21:43:04.788,4.103357560999939,1,0.24857568740844727,4.389693000121042,29.244217999803368,3.8,4784.1328125,10.0,1373.25
yolo11s.pt,1,static,124,2026-09-09,21:43:04.820,2026-09-09T21:43:04.820,4.135258568000154,1,0.27627691626548767,4.46143299996038,29.17280799965738,2.0,4784.1328125,10.0,1373.25
yolo11s.pt,1,static,125,2026-09-09,21:43:04.857,2026-09-09T21:43:04.857,4.171674318999976,1,0.26340338587760925,5.285779999667284,34.48395800023718,3.4,4784.1328125,10.0,1373.25
yolo11s.pt,1,static,126,2026-09-09,21:43:04.888,2026-09-09T21:43:04.888,4.203313768000044,1,0.2714692950248718,4.537882000022364,28.058752000106324,2.0,4784.1328125,10.0,1373.25
yolo11s.pt,1,static,127,2026-09-09,21:43:04.920,2026-09-09T21:43:04.920,4.235601383999892,1,0.23560218513011932,4.6387720003622235,29.59243700024672,2.0,4784.1328125,10.0,1373.25
yolo11s.pt,1,static,128,2026-09-09,21:43:04.956,2026-09-09T21:43:04.956,4.271452226999827,1,0.26373180747032166,4.45215299987467,32.84789400004229,3.4,4784.1328125,10.0,1373.25
yolo11s.pt,1,static,129,2026-09-09,21:43:04.988,2026-09-09T21:43:04.988,4.303297165000004,1,0.31903770565986633,4.439143000126933,29.048998999769537,2.0,4784.1328125,10.0,1373.25
yolo11s.pt,1,static,130,2026-09-09,21:43:05.020,2026-09-09T21:43:05.020,4.335323422999863,1,0.2781466543674469,4.429374000210373,29.228597999917838,2.0,4784.1328125,10.0,1373.25
yolo11s.pt,1,static,131,2026-09-09,21:43:05.056,2026-09-09T21:43:05.056,4.371558523999738,1,0.3100668787956238,4.488983000101143,33.50768100017376,1.8,4783.88671875,10.0,1373.25
yolo11s.pt,1,static,132,2026-09-09,21:43:05.088,2026-09-09T21:43:05.088,4.403501201999916,1,0.511658251285553,4.415022999637586,29.07210800003668,3.8,4783.88671875,10.0,1373.25
yolo11s.pt,1,static,133,2026-09-09,21:43:05.120,2026-09-09T21:43:05.120,4.435534278999967,1,0.39487048983573914,4.38779300020542,29.228628000055323,2.0,4783.88671875,10.0,1373.25
yolo11s.pt,1,static,134,2026-09-09,21:43:05.156,2026-09-09T21:43:05.156,4.471302961999754,1,0.34662941098213196,4.409843000303226,32.95682399993893,1.8,4783.88671875,10.0,1373.25
yolo11s.pt,1,static,135,2026-09-09,21:43:05.188,2026-09-09T21:43:05.188,4.503383798999948,1,0.2394130825996399,4.4464929997047875,29.309637999631377,2.0,4783.88671875,10.0,1373.25
yolo11s.pt,1,static,136,2026-09-09,21:43:05.220,2026-09-09T21:43:05.220,4.535355606999929,1,0.24282176792621613,4.371243000150571,29.091699000218796,3.8,4783.88671875,10.0,1373.25
yolo11s.pt,1,static,137,2026-09-09,21:43:05.256,2026-09-09T21:43:05.256,4.571542367999882,1,0.3127337098121643,4.393963000438816,33.40165200006595,3.4,4783.88671875,10.0,1373.25
yolo11s.pt,1,static,138,2026-09-09,21:43:05.288,2026-09-09T21:43:05.288,4.603316705999987,1,0.3156346082687378,4.794321999725071,29.362427999785723,2.0,4783.88671875,10.0,1372.1875
yolo11s.pt,1,static,139,2026-09-09,21:43:05.320,2026-09-09T21:43:05.320,4.6355625930000315,1,0.3946200907230377,4.3389229999775125,28.98032900020553,2.0,4783.88671875,10.0,1372.1875
yolo11s.pt,1,static,140,2026-09-09,21:43:05.356,2026-09-09T21:43:05.356,4.671370915999887,1,0.2514437437057495,4.467573000056291,33.12658300001203,3.4,4783.88671875,10.0,1372.1875
yolo11s.pt,1,static,141,2026-09-09,21:43:05.388,2026-09-09T21:43:05.388,4.703370113999881,1,0.3200921416282654,4.389053000068088,29.11339799993584,2.0,4783.88671875,10.0,1372.1875
yolo11s.pt,1,static,142,2026-09-09,21:43:05.420,2026-09-09T21:43:05.420,4.735386890999962,1,0.32616472244262695,4.427003000273544,29.248417999951926,2.0,4783.88671875,10.0,1372.1875
yolo11s.pt,1,static,143,2026-09-09,21:43:05.456,2026-09-09T21:43:05.456,4.771489732999726,1,0.33361366391181946,4.410703000303329,33.341461999953026,1.8,4783.88671875,10.0,1372.1875
yolo11s.pt,1,static,144,2026-09-09,21:43:05.488,2026-09-09T21:43:05.488,4.803250900999956,1,0.266687273979187,4.380102999675728,28.905559000122594,3.9,4783.88671875,10.0,1372.1875
yolo11s.pt,1,static,145,2026-09-09,21:43:05.520,2026-09-09T21:43:05.520,4.8353173189998415,1,0.3266828656196594,4.39238299986755,29.285338000136107,2.0,4783.88671875,10.0,1372.1875
yolo11s.pt,1,static,146,2026-09-09,21:43:05.556,2026-09-09T21:43:05.556,4.871337240999765,1,0.27864402532577515,4.409983000186912,33.20631299993693,3.4,4783.27734375,10.0,1372.1875
yolo11s.pt,1,static,147,2026-09-09,21:43:05.588,2026-09-09T21:43:05.588,4.903343737999876,1,0.327705055475235,4.417312999976275,29.20132899998862,2.0,4781.9453125,10.0,1372.1875
yolo11s.pt,1,static,148,2026-09-09,21:43:05.620,2026-09-09T21:43:05.620,4.935332884999752,1,0.3103058636188507,4.393654000068636,29.148178000014013,2.0,4781.69921875,10.0,1372.1875
yolo11s.pt,1,static,149,2026-09-09,21:43:05.656,2026-09-09T21:43:05.656,4.971372816999974,1,0.3801598846912384,4.381714000373904,33.21950299960008,1.8,4781.69921875,10.0,1372.1875
yolo11s.pt,1,static,150,2026-09-09,21:43:05.688,2026-09-09T21:43:05.688,5.0033106649998444,1,0.32812246680259705,4.364142999747855,29.095579000113503,2.0,4781.69921875,9.0,1372.1875
yolo11s.pt,1,static,151,2026-09-09,21:43:05.720,2026-09-09T21:43:05.720,5.035341833000075,1,0.25704100728034973,4.387023000163026,29.23334800016164,3.9,4781.69921875,9.0,1372.1875
yolo11s.pt,1,static,152,2026-09-09,21:43:05.756,2026-09-09T21:43:05.756,5.071324154999729,1,0.2453804910182953,4.4440729998314055,33.244383000237576,3.4,4781.69921875,9.0,1372.1875
yolo11s.pt,1,static,153,2026-09-09,21:43:05.788,2026-09-09T21:43:05.788,5.103284712000004,1,0.3824319541454315,4.484293000132311,29.199568999956682,2.0,4781.69921875,9.0,1372.1875
yolo11s.pt,1,static,154,2026-09-09,21:43:05.820,2026-09-09T21:43:05.820,5.135545248999733,1,0.3014238774776459,4.458742999759124,29.43921699989005,2.0,4781.69921875,9.0,1372.1875
yolo11s.pt,1,static,155,2026-09-09,21:43:05.856,2026-09-09T21:43:05.856,5.171384532000047,1,0.3867005705833435,4.412032999880466,32.99617299990132,3.5,4780.87109375,9.0,1372.1875
yolo11s.pt,1,static,156,2026-09-09,21:43:05.888,2026-09-09T21:43:05.888,5.203275789000145,1,0.39054548740386963,4.375704000267433,29.0798480000376,2.0,4780.87109375,9.0,1372.1875
yolo11s.pt,1,static,157,2026-09-09,21:43:05.924,2026-09-09T21:43:05.924,5.239373371000056,1,0.24868330359458923,4.368172999875242,33.27479300014602,3.4,4780.87109375,9.0,1372.1875
yolo11s.pt,1,static,158,2026-09-09,21:43:05.956,2026-09-09T21:43:05.956,5.271343329000047,1,0.3052785098552704,4.595782000251347,29.373427999871637,2.0,4780.87109375,9.0,1372.1875
yolo11s.pt,1,static,159,2026-09-09,21:43:05.988,2026-09-09T21:43:05.988,5.303334075999828,1,0.3241572380065918,4.3596240002443665,28.95869899975878,2.0,4780.87109375,9.0,1372.1875
yolo11s.pt,1,static,160,2026-09-09,21:43:06.024,2026-09-09T21:43:06.024,5.339478968000094,1,0.3075765073299408,4.408523000165587,33.40235299992855,1.7,4780.87109375,9.0,1372.1875
yolo11s.pt,1,static,161,2026-09-09,21:43:06.056,2026-09-09T21:43:06.056,5.371358085999873,1,0.3256409466266632,4.440932999841607,29.14660799979174,2.0,4780.87109375,9.0,1372.1875
yolo11s.pt,1,static,162,2026-09-09,21:43:06.088,2026-09-09T21:43:06.088,5.403265284000099,1,0.3769592344760895,4.459793000023637,29.14943800033143,3.8,4780.87109375,9.0,1372.1875
yolo11s.pt,1,static,163,2026-09-09,21:43:06.124,2026-09-09T21:43:06.124,5.439310925999962,1,0.3307487368583679,4.365142999631644,33.14787299996169,1.8,4780.87109375,9.0,1372.1875
yolo11s.pt,1,static,164,2026-09-09,21:43:06.156,2026-09-09T21:43:06.156,5.47134041299978,1,0.3404449224472046,4.410493000250426,29.25212800028021,2.0,4780.87109375,9.0,1372.1875
yolo11s.pt,1,static,165,2026-09-09,21:43:06.188,2026-09-09T21:43:06.188,5.503347491000113,1,0.250987708568573,4.333533000135503,29.118779000327777,2.0,4780.87109375,9.0,1372.1875
yolo11s.pt,1,static,166,2026-09-09,21:43:06.224,2026-09-09T21:43:06.224,5.539252712999769,1,0.28486594557762146,4.387342999962129,33.183992999965994,3.4,4780.87109375,9.0,1372.1875
yolo11s.pt,1,static,167,2026-09-09,21:43:06.256,2026-09-09T21:43:06.256,5.571301550000044,1,0.27162453532218933,4.402283999752399,29.22789800004466,2.0,4780.87109375,9.0,1372.1875
yolo11s.pt,1,static,168,2026-09-09,21:43:06.288,2026-09-09T21:43:06.288,5.603273048000119,1,0.32720184326171875,4.39415300024848,29.13207900019188,2.0,4780.87109375,9.0,1371.1875
yolo11s.pt,1,static,169,2026-09-09,21:43:06.324,2026-09-09T21:43:06.324,5.639369290000104,1,0.3497849404811859,4.381663000003755,33.26745200001824,3.4,4780.87109375,9.0,1371.1875
yolo11s.pt,1,static,170,2026-09-09,21:43:06.356,2026-09-09T21:43:06.356,5.671321347999765,1,0.2869998514652252,4.392742999698385,29.133878000266122,2.0,4780.87109375,9.0,1371.1875
yolo11s.pt,1,static,171,2026-09-09,21:43:06.388,2026-09-09T21:43:06.388,5.70332484499977,1,0.2855561673641205,4.4320729998617026,29.245249000268814,3.8,4780.87109375,9.0,1371.1875
yolo11s.pt,1,static,172,2026-09-09,21:43:06.424,2026-09-09T21:43:06.424,5.739559115999782,1,0.23686446249485016,4.398233000301843,33.404692000203795,1.8,4781.11328125,9.0,1371.1875
yolo11s.pt,1,static,173,2026-09-09,21:43:06.456,2026-09-09T21:43:06.456,5.771370913999817,1,0.34465622901916504,4.425163000178145,29.027898999629542,2.0,4781.11328125,9.0,1371.1875
yolo11s.pt,1,static,174,2026-09-09,21:43:06.488,2026-09-09T21:43:06.488,5.8035187209998185,1,0.32286009192466736,4.350694000095245,29.295318000094994,3.9,4781.10546875,9.0,1371.1875
yolo11s.pt,1,static,175,2026-09-09,21:43:06.524,2026-09-09T21:43:06.524,5.839532002999931,1,0.32328054308891296,4.453052999906504,33.29534300019077,1.8,4781.10546875,9.0,1371.1875
yolo11s.pt,1,static,176,2026-09-09,21:43:06.556,2026-09-09T21:43:06.556,5.871532080999714,1,0.2925388514995575,4.5087829998919915,29.23715799988713,2.0,4781.10546875,9.0,1371.1875
yolo11s.pt,1,static,177,2026-09-09,21:43:06.588,2026-09-09T21:43:06.588,5.90344426899992,1,0.3011458218097687,4.398992999995244,28.996539000218036,3.8,4778.26171875,9.0,1371.1875
yolo11s.pt,1,static,178,2026-09-09,21:43:06.624,2026-09-09T21:43:06.624,5.939469600999928,1,0.296454519033432,4.402603000016825,33.219143000223994,1.8,4777.8359375,9.0,1371.1875
yolo11s.pt,1,static,179,2026-09-09,21:43:06.656,2026-09-09T21:43:06.656,5.971561437999753,1,0.3494882881641388,4.401062999932037,29.316608000044653,2.0,4776.69140625,9.0,1371.1875
yolo11s.pt,1,static,180,2026-09-09,21:43:06.688,2026-09-09T21:43:06.688,6.003550014999746,1,0.2619093656539917,4.352114000084839,29.14433799969629,3.9,4776.69140625,9.0,1371.1875
yolo11s.pt,1,static,181,2026-09-09,21:43:06.724,2026-09-09T21:43:06.724,6.03955170800009,1,0.24526840448379517,4.436083000200597,33.26178199995411,1.7,4776.31640625,9.0,1371.1875
yolo11s.pt,1,static,182,2026-09-09,21:43:06.756,2026-09-09T21:43:06.756,6.0714720959999795,1,0.2573855519294739,4.4228319998183,29.093938999722013,2.0,4776.31640625,9.0,1371.1875
yolo11s.pt,1,static,183,2026-09-09,21:43:06.788,2026-09-09T21:43:06.788,6.10353298300015,1,0.30825042724609375,4.377013000066654,29.18711899974369,2.0,4776.31640625,9.0,1371.1875
yolo11s.pt,1,static,184,2026-09-09,21:43:06.824,2026-09-09T21:43:06.824,6.139526394999848,1,0.39289337396621704,4.3854929999724845,33.178993000092305,3.4,4776.31640625,9.0,1371.1875
yolo11s.pt,1,static,185,2026-09-09,21:43:06.856,2026-09-09T21:43:06.856,6.171636302000024,1,0.37632155418395996,4.387983000015083,29.310848000022816,3.9,4776.31640625,9.0,1371.1875
yolo11s.pt,1,static,186,2026-09-09,21:43:06.888,2026-09-09T21:43:06.888,6.203524359999847,1,0.30302637815475464,4.439332999936596,29.13736800019251,2.0,4776.31640625,9.0,1371.1875
yolo11s.pt,1,static,187,2026-09-09,21:43:06.924,2026-09-09T21:43:06.924,6.2394927919999645,1,0.3415469229221344,4.3569330000536866,33.10182299992448,3.5,4776.31640625,9.0,1371.1875
yolo11s.pt,1,static,188,2026-09-09,21:43:06.956,2026-09-09T21:43:06.956,6.271541260000049,1,0.27209821343421936,4.40883200008102,29.306897999958892,2.0,4776.31640625,9.0,1371.1875
yolo11s.pt,1,static,189,2026-09-09,21:43:06.988,2026-09-09T21:43:06.988,6.303576267000153,1,0.2844655513763428,4.389703000015288,29.223818999980722,2.0,4776.31640625,9.0,1371.1875
yolo11s.pt,1,static,190,2026-09-09,21:43:07.024,2026-09-09T21:43:07.024,6.339474659999723,1,0.23896080255508423,4.3660639998961415,33.090992999859736,3.5,4776.31640625,9.0,1371.1875
yolo11s.pt,1,static,191,2026-09-09,21:43:07.056,2026-09-09T21:43:07.056,6.371490536999772,1,0.40151703357696533,4.4854329998997855,29.344877999847085,2.0,4776.31640625,9.0,1371.1875
yolo11s.pt,1,static,192,2026-09-09,21:43:07.088,2026-09-09T21:43:07.088,6.40351214400016,1,0.31334465742111206,4.3793429999823275,29.121607999968546,3.8,4776.31640625,9.0,1371.1875
yolo11s.pt,1,static,193,2026-09-09,21:43:07.124,2026-09-09T21:43:07.124,6.439567315999739,1,0.35677728056907654,4.427422999924602,33.282922999660514,1.8,4776.31640625,9.0,1371.1875
yolo11s.pt,1,static,194,2026-09-09,21:43:07.156,2026-09-09T21:43:07.156,6.471464224000101,1,0.24420683085918427,4.445913000381552,29.1122489998088,3.8,4776.31640625,9.0,1371.1875
yolo11s.pt,1,static,195,2026-09-09,21:43:07.192,2026-09-09T21:43:07.192,6.507586985999751,1,0.3651869297027588,4.4063029999961145,33.26015199991161,1.8,4776.31640625,9.0,1371.1875
yolo11s.pt,1,static,196,2026-09-09,21:43:07.224,2026-09-09T21:43:07.224,6.5395404939999935,1,0.3617420792579651,4.372642999896925,29.110788000252796,2.0,4776.31640625,9.0,1371.1875
yolo11s.pt,1,static,197,2026-09-09,21:43:07.256,2026-09-09T21:43:07.256,6.571571780999875,1,0.42856544256210327,4.405263000080595,29.250849000163726,2.0,4776.31640625,9.0,1371.1875
yolo11s.pt,1,static,198,2026-09-09,21:43:07.292,2026-09-09T21:43:07.292,6.607512282999778,1,0.38819777965545654,4.491922999932285,33.2306029999927,3.4,4776.31640625,9.0,1371.1875
yolo11s.pt,1,static,199,2026-09-09,21:43:07.324,2026-09-09T21:43:07.324,6.639499841000088,1,0.29455628991127014,4.503932000261557,29.195697999966796,2.0,4776.31640625,9.0,1371.1875
yolo11s.pt,1,static,200,2026-09-09,21:43:07.356,2026-09-09T21:43:07.356,6.6715264780000325,1,0.33978375792503357,4.4984830001340015,29.19789799989303,2.0,4776.31640625,9.0,1371.1875
yolo11s.pt,1,static,201,2026-09-09,21:43:07.392,2026-09-09T21:43:07.392,6.70753620000005,1,0.2923436760902405,4.4026929999745334,33.1296829999701,1.8,4776.31640625,9.0,1371.1875
yolo11s.pt,1,static,202,2026-09-09,21:43:07.424,2026-09-09T21:43:07.424,6.739274518999991,1,0.28902295231819153,4.369143000076292,28.873080000266782,3.9,4776.31640625,9.0,1371.1875
yolo11s.pt,1,static,203,2026-09-09,21:43:07.456,2026-09-09T21:43:07.456,6.771525114999804,1,0.25811684131622314,4.464052999992418,29.535226999996667,1.9,4776.31640625,9.0,1371.1875
yolo11s.pt,1,static,204,2026-09-09,21:43:07.492,2026-09-09T21:43:07.492,6.807354688000032,1,0.2872241139411926,4.375982999590633,32.937734000370256,1.8,4776.31640625,9.0,1371.1875
yolo11s.pt,1,static,205,2026-09-09,21:43:07.524,2026-09-09T21:43:07.524,6.8393696560001445,1,0.2026386708021164,4.361654000149429,29.20267799981957,3.8,4776.31640625,9.0,1371.1875
yolo11s.pt,1,static,206,2026-09-09,21:43:07.556,2026-09-09T21:43:07.556,6.8713122630001635,1,0.24425910413265228,4.483852999783267,29.268838000007236,5.8,4774.9296875,9.0,1371.1875
yolo11s.pt,1,static,207,2026-09-09,21:43:07.592,2026-09-09T21:43:07.592,6.907358925000153,1,0.2549954652786255,4.428473000189115,33.23554200005674,1.8,4772.44140625,9.0,1371.1875
yolo11s.pt,1,static,208,2026-09-09,21:43:07.624,2026-09-09T21:43:07.624,6.939270143000158,1,0.36643099784851074,4.438113000105659,29.01396900006148,2.0,4772.35546875,9.0,1371.1875
yolo11s.pt,1,static,209,2026-09-09,21:43:07.656,2026-09-09T21:43:07.656,6.971377569999731,1,0.2627345025539398,4.4816730001002725,29.34425800003737,3.8,4772.10546875,9.0,1371.1875
yolo11s.pt,1,static,210,2026-09-09,21:43:07.692,2026-09-09T21:43:07.692,7.007353471999977,1,0.21061722934246063,4.388434000247798,33.10339300014675,1.8,4772.10546875,10.0,1371.1875
yolo11s.pt,1,static,211,2026-09-09,21:43:07.724,2026-09-09T21:43:07.724,7.039374139999836,1,0.2510974705219269,4.418922999775532,29.233398000087618,2.0,4772.10546875,10.0,1371.1875
yolo11s.pt,1,static,212,2026-09-09,21:43:07.756,2026-09-09T21:43:07.756,7.071349886999997,1,0.3102968633174896,4.377982999812957,29.149537999728636,3.9,4772.10546875,10.0,1371.1875
yolo11s.pt,1,static,213,2026-09-09,21:43:07.792,2026-09-09T21:43:07.792,7.1072998700001335,1,0.33955079317092896,4.402982999636151,33.20704299994759,1.8,4772.10546875,10.0,1371.1875
yolo11s.pt,1,static,214,2026-09-09,21:43:07.824,2026-09-09T21:43:07.824,7.1392778270001145,1,0.2547355890274048,4.383743999824219,29.15977800012115,2.0,4772.10546875,10.0,1371.1875
yolo11s.pt,1,static,215,2026-09-09,21:43:07.856,2026-09-09T21:43:07.856,7.171331664999798,1,0.3170620799064636,4.407443000218336,29.327947999718162,3.9,4771.46484375,10.0,1371.1875
yolo11s.pt,1,static,216,2026-09-09,21:43:07.892,2026-09-09T21:43:07.892,7.207346827000038,1,0.26671820878982544,4.428523000115092,33.206071999757114,5.2,4772.93359375,10.0,1371.9375
yolo11s.pt,1,static,217,2026-09-09,21:43:07.924,2026-09-09T21:43:07.924,7.239265955000064,1,0.43274661898612976,4.412713999954576,29.125588000169955,2.0,4772.93359375,10.0,1371.9375
yolo11s.pt,1,static,218,2026-09-09,21:43:07.956,2026-09-09T21:43:07.956,7.271336771999813,1,0.3543892204761505,4.431332999956794,29.284497999924497,2.0,4772.93359375,10.0,1371.9375
yolo11s.pt,1,static,219,2026-09-09,21:43:07.992,2026-09-09T21:43:07.992,7.307298983999772,1,0.278988242149353,4.369112999938807,33.1175730002542,3.4,4772.93359375,10.0,1371.9375
yolo11s.pt,1,static,220,2026-09-09,21:43:08.024,2026-09-09T21:43:08.024,7.339296352000019,1,0.3701137900352478,4.377403000034974,29.1927680000299,2.0,4772.93359375,10.0,1371.9375
yolo11s.pt,1,static,221,2026-09-09,21:43:08.056,2026-09-09T21:43:08.056,7.371387548999792,1,0.319735050201416,4.41442300007111,29.312508000202797,2.0,4772.93359375,10.0,1371.9375
yolo11s.pt,1,static,222,2026-09-09,21:43:08.092,2026-09-09T21:43:08.092,7.407265711000036,1,0.27162984013557434,4.420093000135239,33.103932999893004,1.8,4772.93359375,10.0,1371.9375
yolo11s.pt,1,static,223,2026-09-09,21:43:08.124,2026-09-09T21:43:08.124,7.439371647999906,1,0.30640217661857605,4.515782999988005,29.398157999821706,3.8,4772.93359375,10.0,1371.9375
yolo11s.pt,1,static,224,2026-09-09,21:43:08.156,2026-09-09T21:43:08.156,7.471295345999806,1,0.3828257620334625,4.479492999962531,29.076619000079518,3.9,4772.93359375,10.0,1371.9375
yolo11s.pt,1,static,225,2026-09-09,21:43:08.192,2026-09-09T21:43:08.192,7.507396477999919,1,0.23296049237251282,4.379413000151544,33.21600299977945,1.8,4772.93359375,10.0,1371.9375
yolo11s.pt,1,static,226,2026-09-09,21:43:08.224,2026-09-09T21:43:08.224,7.539290275999974,1,0.19168590009212494,4.461853000066185,29.20208800014734,5.9,4773.64453125,10.0,1378.125
yolo11s.pt,1,static,227,2026-09-09,21:43:08.256,2026-09-09T21:43:08.256,7.5714006429998335,1,0.2337297648191452,4.467833000035171,29.334408000067924,2.0,4773.64453125,10.0,1378.125
yolo11s.pt,1,static,228,2026-09-09,21:43:08.292,2026-09-09T21:43:08.292,7.607359054999961,1,0.3607339859008789,4.404273000091052,33.0458630000976,3.5,4773.64453125,10.0,1378.3125
yolo11s.pt,1,static,229,2026-09-09,21:43:08.324,2026-09-09T21:43:08.324,7.639347942999848,1,0.3780134320259094,4.377963000024465,29.15504900011001,2.0,4773.64453125,10.0,1378.3125
yolo11s.pt,1,static,230,2026-09-09,21:43:08.356,2026-09-09T21:43:08.356,7.671358099999907,1,0.33492520451545715,4.394293000132166,29.19741800042175,3.8,4773.64453125,10.0,1378.3125
yolo11s.pt,1,static,231,2026-09-09,21:43:08.392,2026-09-09T21:43:08.392,7.707564761999947,1,0.32526203989982605,4.46761199964385,33.44913200044175,1.8,4773.64453125,10.0,1378.3125
yolo11s.pt,1,static,232,2026-09-09,21:43:08.424,2026-09-09T21:43:08.424,7.739356619999853,1,0.3865368068218231,4.514662000019598,29.01485899974432,3.9,4773.64453125,10.0,1378.3125
yolo11s.pt,1,static,233,2026-09-09,21:43:08.460,2026-09-09T21:43:08.460,7.775395111999842,1,0.29783856868743896,4.429182999956538,33.19205400021019,1.8,4773.64453125,10.0,1378.3125
yolo11s.pt,1,static,234,2026-09-09,21:43:08.492,2026-09-09T21:43:08.492,7.807395988999815,1,0.3285902440547943,4.422134000378719,29.269967999880464,7.7,4775.33984375,10.0,1378.3125
yolo11s.pt,1,static,235,2026-09-09,21:43:08.524,2026-09-09T21:43:08.524,7.839397256999746,1,0.3257741630077362,4.4947430001229804,29.183798000303796,3.9,4775.33984375,10.0,1380.5
yolo11s.pt,1,static,236,2026-09-09,21:43:08.560,2026-09-09T21:43:08.560,7.875296628999877,1,0.26484864950180054,4.449912999916705,33.00415400008205,1.8,4775.3359375,10.0,1380.5
yolo11s.pt,1,static,237,2026-09-09,21:43:08.592,2026-09-09T21:43:08.592,7.9073148269999365,1,0.3661113381385803,4.422262999923987,29.194298000220442,3.8,4772.46484375,10.0,1380.5
yolo11s.pt,1,static,238,2026-09-09,21:43:08.624,2026-09-09T21:43:08.624,7.939292234999812,1,0.3812648057937622,4.346603000158211,29.089827999996487,2.0,4772.46484375,10.0,1380.5
yolo11s.pt,1,static,239,2026-09-09,21:43:08.660,2026-09-09T21:43:08.660,7.975409885999852,1,0.5103721022605896,4.419772999881388,33.33991299996342,1.7,4772.46484375,10.0,1380.5
yolo11s.pt,1,static,240,2026-09-09,21:43:08.692,2026-09-09T21:43:08.692,8.007343063999997,1,0.23614980280399323,4.355883000243921,29.070738999962487,2.0,4772.46484375,10.0,1380.5
yolo11s.pt,1,static,241,2026-09-09,21:43:08.724,2026-09-09T21:43:08.724,8.039320701999713,1,0.25094327330589294,4.460163000203465,29.254847999709455,3.8,4772.46484375,10.0,1380.5
yolo11s.pt,1,static,242,2026-09-09,21:43:08.760,2026-09-09T21:43:08.760,8.075361723999777,1,0.3971310257911682,4.456062999906862,33.25525300033405,3.5,4772.46484375,10.0,1380.5
yolo11s.pt,1,static,243,2026-09-09,21:43:08.792,2026-09-09T21:43:08.792,8.107424900999831,1,0.29437243938446045,4.407292999985657,29.21301800006404,2.0,4772.46484375,10.0,1380.5
yolo11s.pt,1,static,244,2026-09-09,21:43:08.824,2026-09-09T21:43:08.824,8.139386799000022,1,0.3481387495994568,4.371732999970845,29.125897999620065,3.9,4772.46484375,10.0,1380.5
yolo11s.pt,1,static,245,2026-09-09,21:43:08.860,2026-09-09T21:43:08.860,8.17563500999995,1,0.2204640507698059,4.5828920001440565,33.68957100019543,5.1,4772.44140625,10.0,1381.1875
yolo11s.pt,1,static,246,2026-09-09,21:43:08.892,2026-09-09T21:43:08.892,8.207274749000135,1,0.26450008153915405,4.504351999912615,28.67556000001059,2.0,4772.44140625,10.0,1381.1875
yolo11s.pt,1,static,247,2026-09-09,21:43:08.924,2026-09-09T21:43:08.924,8.239319975999933,1,0.258477121591568,4.4399329999578185,29.194507999818597,2.0,4772.44140625,10.0,1381.1875
yolo11s.pt,1,static,248,2026-09-09,21:43:08.960,2026-09-09T21:43:08.960,8.275371367999924,1,0.5140789747238159,4.431413000020257,33.22697299972788,3.4,4772.44140625,10.0,1381.1875
yolo11s.pt,1,static,249,2026-09-09,21:43:08.992,2026-09-09T21:43:08.992,8.307302885999889,1,0.2921466529369354,4.311452999900212,29.06737900002554,2.0,4772.44140625,10.0,1381.1875
yolo11s.pt,1,static,250,2026-09-09,21:43:09.024,2026-09-09T21:43:09.024,8.339370082999721,1,0.200911745429039,4.389993000131653,29.309248000117805,2.0,4772.44140625,10.0,1381.1875
yolo11s.pt,1,static,251,2026-09-09,21:43:09.060,2026-09-09T21:43:09.060,8.375382034999802,1,0.34323832392692566,4.69321199989281,33.526580999932776,3.5,4772.44140625,10.0,1381.1875
yolo11s.pt,1,static,252,2026-09-09,21:43:09.092,2026-09-09T21:43:09.092,8.407389662999776,1,0.3335922360420227,4.3816440002046875,28.88481900026818,2.0,4772.44140625,10.0,1381.1875
yolo11s.pt,1,static,253,2026-09-09,21:43:09.124,2026-09-09T21:43:09.124,8.439400969999951,1,0.17918874323368073,4.361262999736937,29.205387999809318,3.9,4772.44140625,10.0,1381.1875
yolo11s.pt,1,static,254,2026-09-09,21:43:09.160,2026-09-09T21:43:09.160,8.475551000999985,1,0.3699288070201874,4.439253000327881,33.40626199997132,1.7,4772.44140625,10.0,1381.1875
yolo11s.pt,1,static,255,2026-09-09,21:43:09.192,2026-09-09T21:43:09.192,8.507392940000045,1,0.28586408495903015,4.68422299991289,29.303618000085407,3.8,4772.44140625,10.0,1381.1875
yolo11s.pt,1,static,256,2026-09-09,21:43:09.224,2026-09-09T21:43:09.224,8.539525676999801,1,0.2809944450855255,4.433541999787849,29.019409000284213,2.0,4772.44140625,10.0,1381.1875
yolo11s.pt,1,static,257,2026-09-09,21:43:09.260,2026-09-09T21:43:09.260,8.575462778999736,1,0.2860640585422516,4.409832999954233,33.101473999977316,3.4,4772.44140625,10.0,1381.1875
yolo11s.pt,1,static,258,2026-09-09,21:43:09.292,2026-09-09T21:43:09.292,8.607378976999826,1,0.4061395227909088,4.394302999571664,29.08052900011171,2.0,4772.44140625,10.0,1381.1875
yolo11s.pt,1,static,259,2026-09-09,21:43:09.324,2026-09-09T21:43:09.324,8.639423554000132,1,0.4079146385192871,4.407852999975148,29.256738000185578,2.0,4772.44140625,10.0,1381.1875
yolo11s.pt,1,static,260,2026-09-09,21:43:09.360,2026-09-09T21:43:09.360,8.6752873370001,1,0.2614005208015442,4.368573000192555,33.034584000233735,1.8,4772.44140625,10.0,1381.1875
yolo11s.pt,1,static,261,2026-09-09,21:43:09.392,2026-09-09T21:43:09.392,8.707313454000086,1,0.21819917857646942,4.378272999929322,29.227217999959976,3.8,4772.44140625,10.0,1381.1875
yolo11s.pt,1,static,262,2026-09-09,21:43:09.424,2026-09-09T21:43:09.424,8.739271601999917,1,0.32930493354797363,4.404443000112224,29.202557999724377,3.9,4772.44140625,10.0,1381.1875
yolo11s.pt,1,static,263,2026-09-09,21:43:09.460,2026-09-09T21:43:09.460,8.775381074000052,1,0.3108443319797516,4.380713000045944,33.26016199980586,1.8,4772.44140625,10.0,1381.1875
yolo11s.pt,1,static,264,2026-09-09,21:43:09.492,2026-09-09T21:43:09.492,8.807360791000065,1,0.3921733796596527,4.380613000193989,29.166517999783537,2.0,4772.44140625,10.0,1381.1875
yolo11s.pt,1,static,265,2026-09-09,21:43:09.524,2026-09-09T21:43:09.524,8.839391127999988,1,0.28913092613220215,4.390414000226883,29.255358000227716,2.0,4772.44140625,10.0,1381.1875
yolo11s.pt,1,static,266,2026-09-09,21:43:09.560,2026-09-09T21:43:09.560,8.875368390999938,1,0.3136543929576874,4.375282999717456,33.16216299981534,3.4,4772.44140625,10.0,1381.1875
yolo11s.pt,1,static,267,2026-09-09,21:43:09.592,2026-09-09T21:43:09.592,8.907414278000033,1,0.2664920389652252,4.391822999878059,29.258527999900252,2.0,4771.78515625,10.0,1381.1875
yolo11s.pt,1,static,268,2026-09-09,21:43:09.624,2026-09-09T21:43:09.624,8.939367676000074,1,0.19145962595939636,4.413752999880671,29.205128000285185,2.0,4769.98828125,10.0,1381.1875
yolo11s.pt,1,static,269,2026-09-09,21:43:09.660,2026-09-09T21:43:09.660,8.975341077999929,1,0.462518572807312,4.434182999830227,33.20341200014809,5.1,4769.98828125,10.0,1381.1875
yolo11s.pt,1,static,270,2026-09-09,21:43:09.692,2026-09-09T21:43:09.692,9.007542195000042,1,0.4032282829284668,4.418313000314811,29.397156999948493,2.0,4769.98828125,10.0,1381.1875
yolo11s.pt,1,static,271,2026-09-09,21:43:09.729,2026-09-09T21:43:09.729,9.043610267000076,1,0.2940159738063812,4.757521000101406,33.606641000005766,1.8,4769.98828125,10.0,1381.1875
yolo11s.pt,1,static,272,2026-09-09,21:43:09.760,2026-09-09T21:43:09.760,9.075483345000066,1,0.35591259598731995,4.378922999876522,28.672389999883308,2.0,4769.98046875,10.0,1381.1875
yolo11s.pt,1,static,273,2026-09-09,21:43:09.792,2026-09-09T21:43:09.792,9.10756658199989,1,0.24202048778533936,4.541711999991094,29.471367000041937,3.8,4769.734375,10.0,1381.1875
yolo11s.pt,1,static,274,2026-09-09,21:43:09.828,2026-09-09T21:43:09.828,9.143533993999881,1,0.17105942964553833,4.3361529997127946,32.96003400009795,1.8,4769.734375,10.0,1381.1875
yolo11s.pt,1,static,275,2026-09-09,21:43:09.860,2026-09-09T21:43:09.860,9.175762810999913,1,0.3427504599094391,4.509211999902618,29.651146999640332,2.0,4768.79296875,10.0,1381.1875
yolo11s.pt,1,static,276,2026-09-09,21:43:09.892,2026-09-09T21:43:09.892,9.20748501900016,1,0.292498379945755,4.422983000040404,28.81552000008014,4.0,4768.7890625,10.0,1377.625
yolo11s.pt,1,static,277,2026-09-09,21:43:09.928,2026-09-09T21:43:09.928,9.243580971000029,1,0.32690757513046265,4.502342999785469,33.33024199991996,3.4,4768.7890625,10.0,1377.625
yolo11s.pt,1,static,278,2026-09-09,21:43:09.960,2026-09-09T21:43:09.960,9.27553909900007,1,0.3566746413707733,4.446153000117192,29.04465900019204,2.0,4768.7890625,10.0,1377.625
yolo11s.pt,1,static,279,2026-09-09,21:43:09.992,2026-09-09T21:43:09.992,9.307533975999831,1,0.32862958312034607,4.378233000352338,29.135049000160507,2.0,4768.7890625,10.0,1377.625
yolo11s.pt,1,static,280,2026-09-09,21:43:10.028,2026-09-09T21:43:10.028,9.343564138000147,1,0.37369588017463684,4.407942999932857,33.2266030000028,3.4,4768.7890625,10.0,1377.625
yolo11s.pt,1,static,281,2026-09-09,21:43:10.060,2026-09-09T21:43:10.060,9.375760164999974,1,0.2726432979106903,4.400193000037689,29.362907000177074,3.8,4768.7890625,10.0,1377.625
yolo11s.pt,1,static,282,2026-09-09,21:43:10.092,2026-09-09T21:43:10.092,9.407749852000052,1,0.24896742403507233,4.37984400014102,29.131838000012067,2.0,4768.7890625,10.0,1377.625
yolo11s.pt,1,static,283,2026-09-09,21:43:10.128,2026-09-09T21:43:10.128,9.443631385000117,1,0.3010902404785156,4.625691999990522,33.34657300001709,1.8,4768.7890625,10.0,1377.625
yolo11s.pt,1,static,284,2026-09-09,21:43:10.160,2026-09-09T21:43:10.160,9.475622933000068,1,0.28531402349472046,4.590182999891113,29.10340800008271,3.8,4768.7890625,10.0,1377.625
yolo11s.pt,1,static,285,2026-09-09,21:43:10.192,2026-09-09T21:43:10.192,9.507623659999808,1,0.31951770186424255,4.568211999867344,29.14497800020399,2.0,4768.7890625,9.0,1377.625
yolo11s.pt,1,static,286,2026-09-09,21:43:10.228,2026-09-09T21:43:10.228,9.543745001999923,1,0.18445728719234467,4.370673000266834,33.03795400006493,1.8,4768.7890625,9.0,1377.625
yolo11s.pt,1,static,287,2026-09-09,21:43:10.260,2026-09-09T21:43:10.260,9.5753751809998,1,0.3273301422595978,4.399612999804958,28.844419000051857,3.9,4768.7890625,9.0,1377.625
yolo11s.pt,1,static,288,2026-09-09,21:43:10.292,2026-09-09T21:43:10.292,9.607351537999875,1,0.28602102398872375,4.3748939997385605,29.148948000056407,2.0,4768.7890625,9.0,1377.625
yolo11s.pt,1,static,289,2026-09-09,21:43:10.328,2026-09-09T21:43:10.328,9.643411439999909,1,0.2950705885887146,4.351444000349147,33.20308299998942,3.4,4768.7890625,9.0,1377.625
yolo11s.pt,1,static,290,2026-09-09,21:43:10.360,2026-09-09T21:43:10.360,9.67535683799997,1,0.24704568088054657,4.325923000124021,29.10276900001918,3.8,4768.7890625,9.0,1377.625
yolo11s.pt,1,static,291,2026-09-09,21:43:10.392,2026-09-09T21:43:10.392,9.707404835000034,1,0.2842254638671875,4.358313000011549,29.275218000293535,2.0,4768.7890625,9.0,1377.625
yolo11s.pt,1,static,292,2026-09-09,21:43:10.428,2026-09-09T21:43:10.428,9.743358228000034,1,0.38590335845947266,4.405333999784489,33.183213000029355,1.8,4768.7890625,9.0,1377.625
yolo11s.pt,1,static,293,2026-09-09,21:43:10.460,2026-09-09T21:43:10.460,9.775295224999809,1,0.29751160740852356,4.432362999978068,29.143399000076897,3.9,4768.7890625,9.0,1377.625
yolo11s.pt,1,static,294,2026-09-09,21:43:10.492,2026-09-09T21:43:10.492,9.807349882999915,1,0.37629270553588867,4.380472999855556,29.17658800015488,2.0,4768.7890625,9.0,1377.625
yolo11s.pt,1,static,295,2026-09-09,21:43:10.528,2026-09-09T21:43:10.528,9.843382914999893,1,0.30196133255958557,4.348822999872937,33.17789399989124,3.4,4768.7890625,9.0,1377.625
yolo11s.pt,1,static,296,2026-09-09,21:43:10.560,2026-09-09T21:43:10.560,9.875372502000118,1,0.29392749071121216,4.361002999758057,29.175088000101823,2.0,4760.6640625,9.0,1377.625
yolo11s.pt,1,static,297,2026-09-09,21:43:10.592,2026-09-09T21:43:10.592,9.90737726999987,1,0.33999985456466675,4.393464000258973,29.223367999748007,2.0,4760.1484375,9.0,1377.625
yolo11s.pt,1,static,298,2026-09-09,21:43:10.628,2026-09-09T21:43:10.628,9.943363492000117,1,0.2847999334335327,4.34416300004159,33.130423000329756,3.4,4760.1484375,9.0,1377.625
yolo11s.pt,1,static,299,2026-09-09,21:43:10.660,2026-09-09T21:43:10.660,9.975313580000147,1,0.31239110231399536,4.3841729998348455,29.178097999647434,3.8,4760.1484375,9.0,1377.625
yolo11s.pt,1,static,300,2026-09-09,21:43:10.692,2026-09-09T21:43:10.692,10.007341136999912,1,0.3277561366558075,4.348633000063273,29.171718999805307,2.0,4760.1484375,10.0,1377.625
yolo11s.pt,2,horizontal_slow,1,2026-09-09,21:43:19.037,2026-09-09T21:43:19.037,0.032046286999957374,0,0.0,5.244299999958457,37.7033949998804,1.7,4734.6796875,3.0,1373.6875
yolo11s.pt,2,horizontal_slow,2,2026-09-09,21:43:19.068,2026-09-09T21:43:19.068,0.06348395599979995,0,0.0,4.353444000116724,27.626134999991336,4.1,4734.6796875,3.0,1373.6875
yolo11s.pt,2,horizontal_slow,3,2026-09-09,21:43:19.104,2026-09-09T21:43:19.104,0.0995463680001194,0,0.0,4.172614000253816,33.053832999939914,1.8,4734.6796875,3.0,1373.6875
yolo11s.pt,2,horizontal_slow,4,2026-09-09,21:43:19.136,2026-09-09T21:43:19.136,0.13152537599989955,1,0.233254075050354,4.440733000137698,29.597816000205057,3.8,4731.47265625,3.0,1373.6875
yolo11s.pt,2,horizontal_slow,5,2026-09-09,21:43:19.168,2026-09-09T21:43:19.168,0.16353631399988444,1,0.22602780163288116,4.345734000253287,29.096088000187592,2.0,4731.12890625,3.0,1371.75
yolo11s.pt,2,horizontal_slow,6,2026-09-09,21:43:19.203,2026-09-09T21:43:19.203,0.19933368600004542,0,0.0,4.197694000140473,32.7352740000606,1.8,4731.37109375,10.0,1371.75
yolo11s.pt,2,horizontal_slow,7,2026-09-09,21:43:19.236,2026-09-09T21:43:19.236,0.2313602140002331,1,0.23368793725967407,4.368082999917533,29.509137999866653,2.0,4731.37109375,10.0,1371.75
yolo11s.pt,2,horizontal_slow,8,2026-09-09,21:43:19.268,2026-09-09T21:43:19.268,0.26330032099986056,1,0.3408306837081909,4.3567239999902085,29.123878000063996,3.8,4731.37109375,10.0,1371.75
yolo11s.pt,2,horizontal_slow,9,2026-09-09,21:43:19.304,2026-09-09T21:43:19.304,0.29952620299991395,1,0.24637733399868011,4.461643000013282,33.531471000060264,1.8,4731.37109375,10.0,1371.75
yolo11s.pt,2,horizontal_slow,10,2026-09-09,21:43:19.336,2026-09-09T21:43:19.336,0.3314847699998609,1,0.2569858431816101,4.704441999820119,29.394758000307775,3.8,4731.37109375,10.0,1371.75
yolo11s.pt,2,horizontal_slow,11,2026-09-09,21:43:19.368,2026-09-09T21:43:19.368,0.363361027999872,1,0.18796461820602417,4.4829830003436655,28.866710000329476,2.0,4731.61328125,10.0,1371.75
yolo11s.pt,2,horizontal_slow,12,2026-09-09,21:43:19.404,2026-09-09T21:43:19.404,0.39964629999985846,0,0.0,4.184643999906257,33.08918299990182,1.8,4731.61328125,10.0,1371.75
yolo11s.pt,2,horizontal_slow,13,2026-09-09,21:43:19.436,2026-09-09T21:43:19.436,0.431521807000081,1,0.21354898810386658,4.349144000116212,29.33121800015215,2.0,4731.61328125,10.0,1371.75
yolo11s.pt,2,horizontal_slow,14,2026-09-09,21:43:19.467,2026-09-09T21:43:19.467,0.4633227160002207,0,0.0,4.195183999854635,28.73066900019694,5.8,4731.61328125,10.0,1371.75
yolo11s.pt,2,horizontal_slow,15,2026-09-09,21:43:19.504,2026-09-09T21:43:19.504,0.4993724679998195,1,0.3500617444515228,4.336822999903234,33.483692000118026,1.8,4731.61328125,10.0,1371.75
yolo11s.pt,2,horizontal_slow,16,2026-09-09,21:43:19.536,2026-09-09T21:43:19.536,0.5314591950000249,1,0.15497715771198273,4.394733000026463,29.34398700017482,3.8,4731.61328125,10.0,1371.75
yolo11s.pt,2,horizontal_slow,17,2026-09-09,21:43:19.568,2026-09-09T21:43:19.568,0.563378923000073,1,0.15161579847335815,4.336042999966594,29.072117999930924,2.0,4731.61328125,10.0,1371.75
yolo11s.pt,2,horizontal_slow,18,2026-09-09,21:43:19.604,2026-09-09T21:43:19.604,0.5995020139998815,1,0.40847495198249817,4.565703000025678,33.54156099976535,1.8,4730.59765625,10.0,1371.75
yolo11s.pt,2,horizontal_slow,19,2026-09-09,21:43:19.636,2026-09-09T21:43:19.636,0.6313932319999367,1,0.3571113348007202,4.381424000257539,28.90095900011147,2.0,4730.10546875,10.0,1371.75
yolo11s.pt,2,horizontal_slow,20,2026-09-09,21:43:19.668,2026-09-09T21:43:19.668,0.6633345599998393,1,0.20132823288440704,4.416812999807007,29.193748999659874,3.9,4730.10546875,10.0,1371.75
yolo11s.pt,2,horizontal_slow,21,2026-09-09,21:43:19.704,2026-09-09T21:43:19.704,0.6995287009999629,1,0.514733076095581,4.3815139997605,33.37423199991463,1.8,4730.10546875,12.0,1371.75
yolo11s.pt,2,horizontal_slow,22,2026-09-09,21:43:19.736,2026-09-09T21:43:19.736,0.7315273789999992,0,0.0,4.435632999957306,29.16804799997408,2.0,4730.10546875,12.0,1371.75
yolo11s.pt,2,horizontal_slow,23,2026-09-09,21:43:19.768,2026-09-09T21:43:19.768,0.7635335370000575,1,0.34771379828453064,4.379724000045826,29.240507999929832,2.0,4730.10546875,12.0,1371.75
yolo11s.pt,2,horizontal_slow,24,2026-09-09,21:43:19.804,2026-09-09T21:43:19.804,0.7993670189998738,1,0.7159335613250732,4.47322299987718,33.12976400002299,1.8,4730.10546875,12.0,1371.75
yolo11s.pt,2,horizontal_slow,25,2026-09-09,21:43:19.836,2026-09-09T21:43:19.836,0.8315277860001515,1,0.6764587759971619,4.454113000065263,29.33607800014215,3.8,4730.10546875,12.0,1371.75
yolo11s.pt,2,horizontal_slow,26,2026-09-09,21:43:19.868,2026-09-09T21:43:19.868,0.8633186739998564,1,0.6937838196754456,4.416303000198241,29.00524899996526,2.0,4730.58203125,12.0,1371.75
yolo11s.pt,2,horizontal_slow,27,2026-09-09,21:43:19.904,2026-09-09T21:43:19.904,0.899552746000154,1,0.682163655757904,4.371272999833309,33.38696299988442,5.1,4730.58203125,12.0,1371.75
yolo11s.pt,2,horizontal_slow,28,2026-09-09,21:43:19.936,2026-09-09T21:43:19.936,0.9315320330001668,1,0.6501691341400146,4.379602999961207,29.202407999946445,2.0,4730.58203125,12.0,1371.75
yolo11s.pt,2,horizontal_slow,29,2026-09-09,21:43:19.968,2026-09-09T21:43:19.968,0.9635765009998067,1,0.7398319840431213,4.363893000117969,29.230738000023848,2.0,4730.58203125,12.0,1371.75
yolo11s.pt,2,horizontal_slow,30,2026-09-09,21:43:20.004,2026-09-09T21:43:20.004,0.9993553839999549,1,0.44610679149627686,4.39848299993173,33.03105300028619,3.4,4730.58203125,12.0,1371.75
yolo11s.pt,2,horizontal_slow,31,2026-09-09,21:43:20.036,2026-09-09T21:43:20.036,1.0313985510001658,1,0.5190656781196594,4.350382999746216,29.186787999606167,2.0,4730.58203125,12.0,1371.75
yolo11s.pt,2,horizontal_slow,32,2026-09-09,21:43:20.068,2026-09-09T21:43:20.068,1.0633735689998502,1,0.6290754675865173,4.340562999914255,29.141028999674745,2.0,4730.58203125,12.0,1371.75
yolo11s.pt,2,horizontal_slow,33,2026-09-09,21:43:20.104,2026-09-09T21:43:20.104,1.0995284400000855,1,0.6432666778564453,4.424862999712786,33.44016199980615,3.4,4730.58203125,12.0,1371.75
yolo11s.pt,2,horizontal_slow,34,2026-09-09,21:43:20.136,2026-09-09T21:43:20.136,1.1314997680001397,1,0.5058264136314392,4.484142999899632,29.257528000016464,2.0,4730.58203125,12.0,1371.75
yolo11s.pt,2,horizontal_slow,35,2026-09-09,21:43:20.172,2026-09-09T21:43:20.172,1.1675520899998446,1,0.42420724034309387,4.368143000192504,33.14485400005651,3.4,4730.58203125,12.0,1371.75
yolo11s.pt,2,horizontal_slow,36,2026-09-09,21:43:20.204,2026-09-09T21:43:20.204,1.1996335970002292,1,0.37111592292785645,4.417973000272468,29.33862700001555,3.9,4730.58203125,10.0,1371.75
yolo11s.pt,2,horizontal_slow,37,2026-09-09,21:43:20.236,2026-09-09T21:43:20.236,1.2315607250002358,1,0.28794023394584656,4.393053000057989,29.091498000070715,2.0,4730.58203125,10.0,1371.75
yolo11s.pt,2,horizontal_slow,38,2026-09-09,21:43:20.272,2026-09-09T21:43:20.272,1.267335758000172,1,0.3130051791667938,4.497442000229057,33.13294300005509,3.5,4734.26953125,10.0,1372.25
yolo11s.pt,2,horizontal_slow,39,2026-09-09,21:43:20.304,2026-09-09T21:43:20.304,1.2994849749998139,1,0.3901163637638092,4.390434000015375,29.213497999990068,2.0,4734.26953125,10.0,1372.25
yolo11s.pt,2,horizontal_slow,40,2026-09-09,21:43:20.336,2026-09-09T21:43:20.336,1.3313658420001957,1,0.29628583788871765,4.364163999980519,29.043219000413956,3.9,4734.26953125,10.0,1372.25
yolo11s.pt,2,horizontal_slow,41,2026-09-09,21:43:20.372,2026-09-09T21:43:20.372,1.3675201139999444,1,0.31093093752861023,4.401413000323373,33.32286300019405,3.4,4734.26953125,10.0,1372.25
yolo11s.pt,2,horizontal_slow,42,2026-09-09,21:43:20.404,2026-09-09T21:43:20.404,1.3995093120001911,1,0.24952134490013123,4.416321999997308,29.199227999924915,2.0,4734.26953125,10.0,1372.25
yolo11s.pt,2,horizontal_slow,43,2026-09-09,21:43:20.436,2026-09-09T21:43:20.436,1.4314017599999715,1,0.26720550656318665,4.41729399972246,29.0913690000707,2.0,4734.26953125,10.0,1372.25
yolo11s.pt,2,horizontal_slow,44,2026-09-09,21:43:20.472,2026-09-09T21:43:20.472,1.4675192210002024,1,0.24324405193328857,4.4012329999532085,33.29432300006374,3.4,4734.51171875,10.0,1372.25
yolo11s.pt,2,horizontal_slow,45,2026-09-09,21:43:20.504,2026-09-09T21:43:20.504,1.4995791179999287,1,0.4994230270385742,4.367204000118363,29.233528000077058,2.0,4734.51171875,10.0,1372.25
yolo11s.pt,2,horizontal_slow,46,2026-09-09,21:43:20.536,2026-09-09T21:43:20.536,1.5315543259998776,1,0.27676326036453247,4.3674829998963105,29.20007800003077,3.8,4734.51171875,10.0,1372.25
yolo11s.pt,2,horizontal_slow,47,2026-09-09,21:43:20.572,2026-09-09T21:43:20.572,1.5675496079998084,1,0.18214775621891022,4.426093000347464,33.253303000037704,1.8,4734.26171875,10.0,1372.25
yolo11s.pt,2,horizontal_slow,48,2026-09-09,21:43:20.604,2026-09-09T21:43:20.604,1.5995357759998114,1,0.3125308156013489,4.505532000166568,29.253077999783272,2.0,4734.26171875,10.0,1372.25
yolo11s.pt,2,horizontal_slow,49,2026-09-09,21:43:20.632,2026-09-09T21:43:20.632,1.6272153700001581,1,0.3125308156013489,4.31279300028109,24.65368599996509,2.3,4734.26171875,10.0,1370.9375
yolo11s.pt,2,horizontal_slow,50,2026-09-09,21:43:20.672,2026-09-09T21:43:20.672,1.6675261250002222,1,0.3777405917644501,4.386564000014914,37.57536599960076,1.6,4734.26171875,10.0,1370.9375
yolo11s.pt,2,horizontal_slow,51,2026-09-09,21:43:20.704,2026-09-09T21:43:20.704,1.699568392999936,1,0.3817431926727295,4.356572999768105,29.219079000085912,3.8,4734.26171875,11.0,1370.9375
yolo11s.pt,2,horizontal_slow,52,2026-09-09,21:43:20.736,2026-09-09T21:43:20.736,1.7313779209998756,1,0.4851911664009094,4.402843000207213,29.051318999790965,2.0,4734.26171875,11.0,1370.9375
yolo11s.pt,2,horizontal_slow,53,2026-09-09,21:43:20.772,2026-09-09T21:43:20.772,1.7674009830002433,1,0.5457330346107483,4.381123000257503,33.19485300016822,3.4,4734.26171875,11.0,1370.9375
yolo11s.pt,2,horizontal_slow,54,2026-09-09,21:43:20.804,2026-09-09T21:43:20.804,1.7993455209998501,1,0.2727442979812622,4.373092999685468,29.114517999914824,3.8,4734.26171875,11.0,1370.9375
yolo11s.pt,2,horizontal_slow,55,2026-09-09,21:43:20.836,2026-09-09T21:43:20.836,1.8313877579998916,1,0.2184656262397766,4.362342999684188,29.21435799999017,2.0,4734.26171875,11.0,1370.9375
yolo11s.pt,2,horizontal_slow,56,2026-09-09,21:43:20.872,2026-09-09T21:43:20.872,1.8674940900000365,1,0.17887869477272034,4.411333000007289,33.33717199984676,3.5,4734.015625,11.0,1370.9375
yolo11s.pt,2,horizontal_slow,57,2026-09-09,21:43:20.904,2026-09-09T21:43:20.904,1.899547117000111,1,0.48969605565071106,4.443502999947668,29.287677999946027,2.0,4734.015625,11.0,1370.9375
yolo11s.pt,2,horizontal_slow,58,2026-09-09,21:43:20.936,2026-09-09T21:43:20.936,1.9314945950000038,1,0.3965185284614563,4.394102999867755,29.11177800024234,2.0,4734.015625,11.0,1370.9375
yolo11s.pt,2,horizontal_slow,59,2026-09-09,21:43:20.972,2026-09-09T21:43:20.972,1.9675512469998466,1,0.2928411066532135,4.363992999969923,33.20276200020089,3.4,4734.015625,11.0,1370.9375
yolo11s.pt,2,horizontal_slow,60,2026-09-09,21:43:21.004,2026-09-09T21:43:21.004,1.9995287340002506,1,0.29703524708747864,4.376262999812752,29.174667999996018,2.0,4734.015625,11.0,1370.9375
yolo11s.pt,2,horizontal_slow,61,2026-09-09,21:43:21.036,2026-09-09T21:43:21.036,2.0315669020001224,1,0.3576352298259735,4.361562999747548,29.20083800017892,2.0,4734.015625,11.0,1370.9375
yolo11s.pt,2,horizontal_slow,62,2026-09-09,21:43:21.072,2026-09-09T21:43:21.072,2.067514054000185,1,0.31297051906585693,4.38396300023669,33.170322999922064,1.7,4734.015625,11.0,1370.9375
yolo11s.pt,2,horizontal_slow,63,2026-09-09,21:43:21.104,2026-09-09T21:43:21.104,2.0993744219999826,1,0.3445647060871124,4.381712999929732,29.040539000106946,2.0,4734.015625,11.0,1370.9375
yolo11s.pt,2,horizontal_slow,64,2026-09-09,21:43:21.136,2026-09-09T21:43:21.136,2.131513269000152,1,0.5028893947601318,4.3816429997605155,29.31719800017163,3.8,4734.015625,11.0,1370.9375
yolo11s.pt,2,horizontal_slow,65,2026-09-09,21:43:21.172,2026-09-09T21:43:21.172,2.1673830119998456,1,0.2853213846683502,4.374842999823159,33.051793000140606,1.8,4734.015625,11.0,1370.9375
yolo11s.pt,2,horizontal_slow,66,2026-09-09,21:43:21.204,2026-09-09T21:43:21.204,2.199336399999993,1,0.49404194951057434,4.41572299996551,29.171348000090802,2.0,4734.015625,9.0,1370.9375
yolo11s.pt,2,horizontal_slow,67,2026-09-09,21:43:21.236,2026-09-09T21:43:21.236,2.2313806769998337,1,0.3989562690258026,4.378863000056299,29.207108999798947,2.0,4734.015625,9.0,1370.9375
yolo11s.pt,2,horizontal_slow,68,2026-09-09,21:43:21.272,2026-09-09T21:43:21.272,2.267493578000085,1,0.6628615260124207,4.39468400008991,33.340211999984604,3.4,4734.015625,9.0,1370.75
yolo11s.pt,2,horizontal_slow,69,2026-09-09,21:43:21.304,2026-09-09T21:43:21.304,2.2995624959999077,1,0.3878191411495209,4.373183000097924,29.243227999813826,3.8,4734.015625,9.0,1370.75
yolo11s.pt,2,horizontal_slow,70,2026-09-09,21:43:21.336,2026-09-09T21:43:21.336,2.331556763000208,1,0.33582803606987,4.404303000228538,29.24379800015231,2.0,4734.015625,9.0,1370.75
yolo11s.pt,2,horizontal_slow,71,2026-09-09,21:43:21.372,2026-09-09T21:43:21.372,2.367527225000231,1,0.394161581993103,4.483322999931261,33.28877300009481,3.4,4734.015625,9.0,1370.75
yolo11s.pt,2,horizontal_slow,72,2026-09-09,21:43:21.404,2026-09-09T21:43:21.404,2.3994905529998505,1,0.4699673056602478,4.4256529999984195,29.12841900024432,2.0,4734.015625,9.0,1370.75
yolo11s.pt,2,horizontal_slow,73,2026-09-09,21:43:21.440,2026-09-09T21:43:21.440,2.4354138859998784,1,0.5360066890716553,4.3595830002232105,33.06042299982437,1.8,4734.015625,9.0,1370.75
yolo11s.pt,2,horizontal_slow,74,2026-09-09,21:43:21.472,2026-09-09T21:43:21.472,2.467525023000235,1,0.42522478103637695,4.394612999931269,29.34701699996367,2.0,4734.015625,9.0,1370.75
yolo11s.pt,2,horizontal_slow,75,2026-09-09,21:43:21.504,2026-09-09T21:43:21.504,2.4995796100001826,1,0.33632829785346985,4.380353000215109,29.250948000026256,3.8,4734.015625,9.0,1370.75
yolo11s.pt,2,horizontal_slow,76,2026-09-09,21:43:21.540,2026-09-09T21:43:21.540,2.5353087829998913,1,0.18910951912403107,4.391223000311584,32.965754000088054,1.8,4734.015625,9.0,1370.75
yolo11s.pt,2,horizontal_slow,77,2026-09-09,21:43:21.572,2026-09-09T21:43:21.572,2.567396970000118,1,0.16585958003997803,4.347103999862156,29.255508000005648,2.0,4734.015625,9.0,1370.75
yolo11s.pt,2,horizontal_slow,78,2026-09-09,21:43:21.604,2026-09-09T21:43:21.604,2.599314248000155,1,0.23715627193450928,4.395033000037074,29.16599900026995,2.0,4734.015625,9.0,1370.75
yolo11s.pt,2,horizontal_slow,79,2026-09-09,21:43:21.640,2026-09-09T21:43:21.640,2.6355546400000094,1,0.3309507966041565,4.433003000031022,33.49006200005533,1.8,4733.62109375,9.0,1370.75
yolo11s.pt,2,horizontal_slow,80,2026-09-09,21:43:21.672,2026-09-09T21:43:21.672,2.667519387000084,1,0.42344939708709717,4.5059829999445355,29.25006800023766,3.8,4733.8671875,9.0,1370.75
yolo11s.pt,2,horizontal_slow,81,2026-09-09,21:43:21.704,2026-09-09T21:43:21.704,2.6995473140000286,1,0.21797297894954681,4.410764000112977,29.16955799992138,2.0,4733.8671875,10.0,1370.75
yolo11s.pt,2,horizontal_slow,82,2026-09-09,21:43:21.740,2026-09-09T21:43:21.740,2.7355733670001428,1,0.38653162121772766,4.372763999981544,33.217231999969954,3.5,4733.8671875,10.0,1370.75
yolo11s.pt,2,horizontal_slow,83,2026-09-09,21:43:21.772,2026-09-09T21:43:21.772,2.767393125000126,1,0.4870382249355316,4.512192000220239,29.19748799968147,5.8,4733.8671875,10.0,1370.5625
yolo11s.pt,2,horizontal_slow,84,2026-09-09,21:43:21.804,2026-09-09T21:43:21.804,2.7995597610001823,1,0.2195184975862503,4.586123000080988,29.426356999920245,2.0,4733.86328125,10.0,1370.5625
yolo11s.pt,2,horizontal_slow,85,2026-09-09,21:43:21.840,2026-09-09T21:43:21.840,2.835357925000153,1,0.2158098816871643,4.369633999885991,32.832024000072124,1.8,4733.86328125,10.0,1370.5625
yolo11s.pt,2,horizontal_slow,86,2026-09-09,21:43:21.872,2026-09-09T21:43:21.872,2.8673709919999055,1,0.3340702950954437,4.388722999919992,29.219469000054232,3.8,4734.33984375,10.0,1370.5625
yolo11s.pt,2,horizontal_slow,87,2026-09-09,21:43:21.904,2026-09-09T21:43:21.904,2.899557439000091,1,0.36587584018707275,4.371882999748777,29.35518799995407,2.0,4734.33984375,10.0,1370.5625
yolo11s.pt,2,horizontal_slow,88,2026-09-09,21:43:21.940,2026-09-09T21:43:21.940,2.9353548419999242,1,0.3853096067905426,4.391962999761745,33.02159299983032,5.2,4734.33984375,10.0,1370.5625
yolo11s.pt,2,horizontal_slow,89,2026-09-09,21:43:21.972,2026-09-09T21:43:21.972,2.967361618999803,1,0.3749837875366211,4.434702999787987,29.244478000236995,2.0,4734.33984375,10.0,1370.5625
yolo11s.pt,2,horizontal_slow,90,2026-09-09,21:43:22.004,2026-09-09T21:43:22.004,2.999351596999986,1,0.21121354401111603,4.428192999966996,29.171707999921637,2.0,4734.33984375,10.0,1370.5625
yolo11s.pt,2,horizontal_slow,91,2026-09-09,21:43:22.040,2026-09-09T21:43:22.040,3.0355744479998066,1,0.2532673180103302,4.365512999811472,33.33914299992102,1.8,4734.33984375,10.0,1370.5625
yolo11s.pt,2,horizontal_slow,92,2026-09-09,21:43:22.072,2026-09-09T21:43:22.072,3.06751373599991,1,0.21007530391216278,4.386053000416723,29.186868000124377,3.8,4734.33984375,10.0,1370.5625
yolo11s.pt,2,horizontal_slow,93,2026-09-09,21:43:22.104,2026-09-09T21:43:22.104,3.099583513000198,1,0.3638751208782196,4.367702999843459,29.24539800005732,2.0,4734.33984375,10.0,1370.5625
yolo11s.pt,2,horizontal_slow,94,2026-09-09,21:43:22.140,2026-09-09T21:43:22.140,3.1355198850001216,1,0.5501887202262878,4.547373000150401,33.33610299978318,3.4,4734.33984375,10.0,1370.5625
yolo11s.pt,2,horizontal_slow,95,2026-09-09,21:43:22.172,2026-09-09T21:43:22.172,3.167543442999886,1,0.5594639778137207,4.465292999611847,29.13855799988596,2.0,4734.33984375,10.0,1370.5625
yolo11s.pt,2,horizontal_slow,96,2026-09-09,21:43:22.204,2026-09-09T21:43:22.204,3.1995317900000373,1,0.436271607875824,4.460293000192905,29.20360799998889,2.0,4734.33984375,11.0,1370.5625
yolo11s.pt,2,horizontal_slow,97,2026-09-09,21:43:22.240,2026-09-09T21:43:22.240,3.235567782000089,1,0.5156513452529907,4.380733000289183,33.15613300037512,3.4,4734.33984375,11.0,1370.5625
yolo11s.pt,2,horizontal_slow,98,2026-09-09,21:43:22.272,2026-09-09T21:43:22.272,3.267539360000228,1,0.3817814886569977,4.396072999952594,29.201457999988634,2.0,4734.33984375,11.0,1370.5625
yolo11s.pt,2,horizontal_slow,99,2026-09-09,21:43:22.304,2026-09-09T21:43:22.304,3.2995598070001506,1,0.38134416937828064,4.329964000135078,29.0917479997006,2.0,4734.33984375,11.0,1370.5625
yolo11s.pt,2,horizontal_slow,100,2026-09-09,21:43:22.340,2026-09-09T21:43:22.340,3.3353773799999544,1,0.36924493312835693,4.414822999933676,33.10308299978715,3.4,4734.33203125,11.0,1370.5625
yolo11s.pt,2,horizontal_slow,101,2026-09-09,21:43:22.372,2026-09-09T21:43:22.372,3.367405946999952,1,0.4461353123188019,4.371743999854516,29.14151800041509,3.8,4734.33203125,11.0,1370.5625
yolo11s.pt,2,horizontal_slow,102,2026-09-09,21:43:22.404,2026-09-09T21:43:22.404,3.39937507500008,1,0.5757308006286621,4.4064030003028165,29.203097999925376,2.0,4734.33203125,11.0,1370.5625
yolo11s.pt,2,horizontal_slow,103,2026-09-09,21:43:22.440,2026-09-09T21:43:22.440,3.4355496459997994,1,0.5404293537139893,4.392573999666638,33.35982199996579,1.7,4734.33203125,11.0,1370.5625
yolo11s.pt,2,horizontal_slow,104,2026-09-09,21:43:22.472,2026-09-09T21:43:22.472,3.467519394000192,1,0.7082799673080444,4.367203000128939,29.15605799989862,3.9,4734.33203125,11.0,1370.5625
yolo11s.pt,2,horizontal_slow,105,2026-09-09,21:43:22.504,2026-09-09T21:43:22.504,3.4995522519998303,1,0.7501238584518433,4.3844030001309875,29.241107999951055,3.8,4734.33203125,11.0,1370.5625
yolo11s.pt,2,horizontal_slow,106,2026-09-09,21:43:22.540,2026-09-09T21:43:22.540,3.5355592139999317,1,0.529052197933197,4.381132999697002,33.2113429999481,1.8,4734.33203125,11.0,1370.5625
yolo11s.pt,2,horizontal_slow,107,2026-09-09,21:43:22.572,2026-09-09T21:43:22.572,3.5674151019998135,1,0.4250844419002533,4.399642999942444,29.08722799975294,2.0,4734.15625,11.0,1370.5625
yolo11s.pt,2,horizontal_slow,108,2026-09-09,21:43:22.604,2026-09-09T21:43:22.604,3.59965315799991,1,0.5675158500671387,4.393523000089772,29.419447000236687,3.8,4734.40234375,11.0,1370.5625
yolo11s.pt,2,horizontal_slow,109,2026-09-09,21:43:22.640,2026-09-09T21:43:22.640,3.6356636900000012,1,0.546913743019104,4.477542999666184,33.26784299997598,1.8,4734.40234375,11.0,1370.5625
yolo11s.pt,2,horizontal_slow,110,2026-09-09,21:43:22.672,2026-09-09T21:43:22.672,3.667530999000064,1,0.348126620054245,4.395423000005394,28.98371900027996,2.0,4734.40234375,11.0,1370.5625
yolo11s.pt,2,horizontal_slow,111,2026-09-09,21:43:22.708,2026-09-09T21:43:22.708,3.7035664710001583,1,0.6296451687812805,4.34722399995735,33.18746300010389,3.4,4734.40234375,11.0,1370.5625
yolo11s.pt,2,horizontal_slow,112,2026-09-09,21:43:22.740,2026-09-09T21:43:22.740,3.73553500800017,1,0.6979129910469055,4.423623000093357,29.244138000194653,2.0,4734.40234375,11.0,1370.5625
yolo11s.pt,2,horizontal_slow,113,2026-09-09,21:43:22.772,2026-09-09T21:43:22.772,3.7675671349998083,1,0.6826136112213135,4.348943999957555,29.116738000084297,3.8,4734.40234375,11.0,1370.5625
yolo11s.pt,2,horizontal_slow,114,2026-09-09,21:43:22.808,2026-09-09T21:43:22.808,3.8036497670000244,1,0.6240221858024597,4.371842999717046,33.292812000127014,1.8,4734.40234375,11.0,1370.5625
yolo11s.pt,2,horizontal_slow,115,2026-09-09,21:43:22.840,2026-09-09T21:43:22.840,3.8355153349998545,1,0.5741558074951172,4.378553000151442,29.096548999859806,3.8,4734.40234375,11.0,1370.5625
yolo11s.pt,2,horizontal_slow,116,2026-09-09,21:43:22.872,2026-09-09T21:43:22.872,3.8675630829998227,1,0.5132936835289001,4.473601999961829,29.372337999575393,3.9,4734.64453125,11.0,1370.5625
yolo11s.pt,2,horizontal_slow,117,2026-09-09,21:43:22.908,2026-09-09T21:43:22.908,3.903636393999932,1,0.3702382743358612,4.478173000279639,33.22253299984368,1.8,4734.64453125,11.0,1370.5625
yolo11s.pt,2,horizontal_slow,118,2026-09-09,21:43:22.940,2026-09-09T21:43:22.940,3.9355251619999763,1,0.4965268075466156,4.379733999940072,28.985739000290778,2.0,4734.64453125,11.0,1370.5625
yolo11s.pt,2,horizontal_slow,119,2026-09-09,21:43:22.972,2026-09-09T21:43:22.972,3.9676663390000613,1,0.29746395349502563,4.457063000245398,29.3955779998214,3.8,4734.64453125,11.0,1370.5625
yolo11s.pt,2,horizontal_slow,120,2026-09-09,21:43:23.008,2026-09-09T21:43:23.008,4.003359323000041,1,0.6102803945541382,4.364024000096833,32.76846399967326,1.8,4734.64453125,11.0,1370.5625
yolo11s.pt,2,horizontal_slow,121,2026-09-09,21:43:23.040,2026-09-09T21:43:23.040,4.035561379000228,1,0.5526958107948303,4.320034000102169,29.313417000139452,2.0,4734.64453125,11.0,1370.5625
yolo11s.pt,2,horizontal_slow,122,2026-09-09,21:43:23.072,2026-09-09T21:43:23.072,4.067559576999884,1,0.6056929230690002,4.414643000018259,29.285867999988113,3.9,4734.64453125,11.0,1370.5625
yolo11s.pt,2,horizontal_slow,123,2026-09-09,21:43:23.108,2026-09-09T21:43:23.108,4.1033763099999305,1,0.35195857286453247,4.324143000303593,32.90543399998569,1.8,4734.64453125,11.0,1370.5625
yolo11s.pt,2,horizontal_slow,124,2026-09-09,21:43:23.140,2026-09-09T21:43:23.140,4.1355291959998794,1,0.3964245319366455,4.5629530000042,29.584596999939095,2.0,4734.64453125,11.0,1370.5625
yolo11s.pt,2,horizontal_slow,125,2026-09-09,21:43:23.172,2026-09-09T21:43:23.172,4.167553163999855,1,0.41834086179733276,4.349112999989302,28.985518999888882,2.0,4734.64453125,11.0,1370.5625
yolo11s.pt,2,horizontal_slow,126,2026-09-09,21:43:23.208,2026-09-09T21:43:23.208,4.2035166959999515,1,0.4498247504234314,4.491213000164862,33.29554200036,3.4,4734.64453125,9.0,1370.5625
yolo11s.pt,2,horizontal_slow,127,2026-09-09,21:43:23.240,2026-09-09T21:43:23.240,4.235608302999935,1,0.28172045946121216,4.439872999682848,29.25600799972017,2.0,4734.64453125,9.0,1370.5625
yolo11s.pt,2,horizontal_slow,128,2026-09-09,21:43:23.272,2026-09-09T21:43:23.272,4.267376182000135,1,0.4211542308330536,4.556331999992835,29.079499000090436,2.0,4731.390625,9.0,1369.875
yolo11s.pt,2,horizontal_slow,129,2026-09-09,21:43:23.308,2026-09-09T21:43:23.308,4.303508883000177,1,0.2982112765312195,4.312803999710013,33.084483000038745,3.5,4731.390625,9.0,1369.875
yolo11s.pt,2,horizontal_slow,130,2026-09-09,21:43:23.340,2026-09-09T21:43:23.340,4.3356254599998465,1,0.45212745666503906,4.374123999696167,29.382407999946736,2.0,4731.390625,9.0,1369.875
yolo11s.pt,2,horizontal_slow,131,2026-09-09,21:43:23.372,2026-09-09T21:43:23.372,4.367682826999953,1,0.45628222823143005,4.369104000033985,29.25272800030143,3.8,4731.390625,9.0,1369.875
yolo11s.pt,2,horizontal_slow,132,2026-09-09,21:43:23.408,2026-09-09T21:43:23.408,4.403578630000084,1,0.2523325979709625,4.380323000077624,33.07469400033369,3.5,4731.390625,9.0,1369.875
yolo11s.pt,2,horizontal_slow,133,2026-09-09,21:43:23.440,2026-09-09T21:43:23.440,4.435551397999916,1,0.2158040702342987,4.349764000380674,29.17623800021829,2.0,4731.390625,9.0,1369.875
yolo11s.pt,2,horizontal_slow,134,2026-09-09,21:43:23.472,2026-09-09T21:43:23.472,4.467538644999877,1,0.24211375415325165,4.369362999568693,29.17870800001765,3.9,4731.390625,9.0,1369.875
yolo11s.pt,2,horizontal_slow,135,2026-09-09,21:43:23.508,2026-09-09T21:43:23.508,4.503406987999824,0,0.0,4.233683000165911,32.80581399985749,1.8,4731.6328125,9.0,1369.875
yolo11s.pt,2,horizontal_slow,136,2026-09-09,21:43:23.540,2026-09-09T21:43:23.540,4.535511564999979,0,0.0,4.236644000229717,29.302367999662238,2.0,4731.6328125,9.0,1369.875
yolo11s.pt,2,horizontal_slow,137,2026-09-09,21:43:23.572,2026-09-09T21:43:23.572,4.567553851999946,1,0.1689009815454483,4.330404000029375,29.45167699999729,2.0,4731.3984375,9.0,1369.875
yolo11s.pt,2,horizontal_slow,138,2026-09-09,21:43:23.608,2026-09-09T21:43:23.608,4.603581033999944,1,0.2405126839876175,4.373222999674908,33.24470300003668,3.4,4731.3984375,9.0,1369.875
yolo11s.pt,2,horizontal_slow,139,2026-09-09,21:43:23.640,2026-09-09T21:43:23.640,4.635579662000055,0,0.0,4.265442999894731,28.94720899985259,2.0,4731.38671875,9.0,1369.875
yolo11s.pt,2,horizontal_slow,140,2026-09-09,21:43:23.672,2026-09-09T21:43:23.672,4.667540799000108,1,0.21727798879146576,4.361243999937869,29.34742700017523,2.0,4731.62890625,9.0,1369.875
yolo11s.pt,2,horizontal_slow,141,2026-09-09,21:43:23.708,2026-09-09T21:43:23.708,4.703322823000235,1,0.23735091090202332,4.366323999875021,32.971183999961795,5.1,4731.62890625,10.0,1369.875
yolo11s.pt,2,horizontal_slow,142,2026-09-09,21:43:23.740,2026-09-09T21:43:23.740,4.7355389989998,1,0.2137834131717682,4.399512999953004,29.46063800027332,2.0,4731.62890625,10.0,1369.875
yolo11s.pt,2,horizontal_slow,143,2026-09-09,21:43:23.772,2026-09-09T21:43:23.772,4.767586466000012,1,0.4963439702987671,4.358713999863539,29.221687999779533,3.9,4731.62890625,10.0,1369.875
yolo11s.pt,2,horizontal_slow,144,2026-09-09,21:43:23.808,2026-09-09T21:43:23.808,4.803532338999958,1,0.23157399892807007,4.3764329998339235,33.166492999953334,1.8,4731.62890625,10.0,1369.875
yolo11s.pt,2,horizontal_slow,145,2026-09-09,21:43:23.840,2026-09-09T21:43:23.840,4.835561465999945,1,0.27542194724082947,4.394112999762001,29.23340800043661,3.8,4731.62890625,10.0,1369.875
yolo11s.pt,2,horizontal_slow,146,2026-09-09,21:43:23.872,2026-09-09T21:43:23.872,4.86755068399998,1,0.16808968782424927,4.444022999905428,29.233918000045378,5.9,4733.3515625,10.0,1370.6875
yolo11s.pt,2,horizontal_slow,147,2026-09-09,21:43:23.907,2026-09-09T21:43:23.907,4.903387747000124,0,0.0,4.161754000051587,32.64769499992326,1.8,4733.3515625,10.0,1370.6875
yolo11s.pt,2,horizontal_slow,148,2026-09-09,21:43:23.940,2026-09-09T21:43:23.940,4.9355324439998185,1,0.2852928042411804,4.377423000278213,29.585007000150654,1.9,4733.3515625,10.0,1370.6875
yolo11s.pt,2,horizontal_slow,149,2026-09-09,21:43:23.972,2026-09-09T21:43:23.972,4.967598590999842,1,0.18420836329460144,4.414142999848991,29.28302799955418,2.0,4733.3515625,10.0,1370.6875
yolo11s.pt,2,horizontal_slow,150,2026-09-09,21:43:24.008,2026-09-09T21:43:24.008,5.003364384000179,1,0.23951104283332825,4.381103000014264,32.92648400019971,3.5,4733.3515625,10.0,1370.6875
yolo11s.pt,2,horizontal_slow,151,2026-09-09,21:43:24.040,2026-09-09T21:43:24.040,5.0355579910001325,1,0.19741135835647583,4.693922000114981,29.656435999640962,3.8,4733.3515625,10.0,1370.6875
yolo11s.pt,2,horizontal_slow,152,2026-09-09,21:43:24.076,2026-09-09T21:43:24.076,5.071553393000158,1,0.4481844902038574,4.347043000052508,32.853974000317976,1.8,4733.3515625,10.0,1370.6875
yolo11s.pt,2,horizontal_slow,153,2026-09-09,21:43:24.108,2026-09-09T21:43:24.108,5.103555619999952,1,0.5096836090087891,4.349793000073987,29.18071800013422,2.0,4733.3515625,10.0,1370.6875
yolo11s.pt,2,horizontal_slow,154,2026-09-09,21:43:24.140,2026-09-09T21:43:24.140,5.135745927000244,1,0.31555840373039246,4.513533000135794,29.530237000017223,3.8,4733.3515625,10.0,1370.6875
yolo11s.pt,2,horizontal_slow,155,2026-09-09,21:43:24.176,2026-09-09T21:43:24.176,5.171395071000006,1,0.18734602630138397,4.3728429996008344,32.70325499988758,1.8,4733.3515625,10.0,1370.6875
yolo11s.pt,2,horizontal_slow,156,2026-09-09,21:43:24.208,2026-09-09T21:43:24.208,5.203572036999958,1,0.39934098720550537,4.449883000233967,29.417088000172953,2.0,4733.3515625,11.0,1370.6875
yolo11s.pt,2,horizontal_slow,157,2026-09-09,21:43:24.240,2026-09-09T21:43:24.240,5.235376266000003,1,0.3274838328361511,4.437503999724868,29.082928999741853,2.0,4733.3515625,11.0,1370.6875
yolo11s.pt,2,horizontal_slow,158,2026-09-09,21:43:24.276,2026-09-09T21:43:24.276,5.271369158000198,1,0.29657644033432007,4.374893000203883,33.03717400012829,5.2,4733.3515625,11.0,1370.6875
yolo11s.pt,2,horizontal_slow,159,2026-09-09,21:43:24.308,2026-09-09T21:43:24.308,5.30358057400008,1,0.4366689622402191,4.366544000276917,29.38759700009541,2.0,4733.3515625,11.0,1370.6875
yolo11s.pt,2,horizontal_slow,160,2026-09-09,21:43:24.340,2026-09-09T21:43:24.340,5.335315023000021,1,0.7280160784721375,4.378442999950494,28.963468999791075,2.0,4733.3515625,11.0,1370.6875
yolo11s.pt,2,horizontal_slow,161,2026-09-09,21:43:24.376,2026-09-09T21:43:24.376,5.371572114000173,1,0.6246696710586548,4.338193999956275,33.40312199998152,1.7,4733.3515625,11.0,1370.6875
yolo11s.pt,2,horizontal_slow,162,2026-09-09,21:43:24.408,2026-09-09T21:43:24.408,5.403606431999833,1,0.5745455622673035,4.394764000153373,29.290577999745437,3.9,4733.59765625,11.0,1370.6875
yolo11s.pt,2,horizontal_slow,163,2026-09-09,21:43:24.440,2026-09-09T21:43:24.440,5.435560119000002,1,0.650699257850647,4.382373000225925,29.151888000342296,2.0,4733.59765625,11.0,1370.6875
yolo11s.pt,2,horizontal_slow,164,2026-09-09,21:43:24.476,2026-09-09T21:43:24.476,5.471382321999954,1,0.7266177535057068,4.49022300017532,33.145573000183504,3.5,4733.59765625,11.0,1370.6875
yolo11s.pt,2,horizontal_slow,165,2026-09-09,21:43:24.508,2026-09-09T21:43:24.508,5.503587429000163,1,0.7271599769592285,4.478953000216279,29.392717000064295,3.8,4733.59765625,11.0,1370.6875
yolo11s.pt,2,horizontal_slow,166,2026-09-09,21:43:24.540,2026-09-09T21:43:24.540,5.5355608260001645,1,0.4824712574481964,4.368544000044494,29.103088999818283,2.0,4733.59765625,11.0,1370.6875
yolo11s.pt,2,horizontal_slow,167,2026-09-09,21:43:24.576,2026-09-09T21:43:24.576,5.571591419000015,1,0.5564556121826172,4.370863999611174,33.17193300017607,1.8,4733.59765625,11.0,1370.6875
yolo11s.pt,2,horizontal_slow,168,2026-09-09,21:43:24.608,2026-09-09T21:43:24.608,5.603570226000102,1,0.5713233351707458,4.389412999898923,29.179188999933103,3.8,4733.58984375,11.0,1370.6875
yolo11s.pt,2,horizontal_slow,169,2026-09-09,21:43:24.640,2026-09-09T21:43:24.640,5.635434654000164,1,0.6987475752830505,4.3482130004122155,29.048459000023286,2.0,4733.58984375,11.0,1370.6875
yolo11s.pt,2,horizontal_slow,170,2026-09-09,21:43:24.676,2026-09-09T21:43:24.676,5.671336837000126,1,0.45492708683013916,4.370354000002408,33.130433000224,3.4,4733.0546875,11.0,1370.6875
yolo11s.pt,2,horizontal_slow,171,2026-09-09,21:43:24.708,2026-09-09T21:43:24.708,5.703392374000032,1,0.5199576616287231,4.3610430002445355,29.25651800023843,2.0,4733.30078125,12.0,1370.6875
yolo11s.pt,2,horizontal_slow,172,2026-09-09,21:43:24.740,2026-09-09T21:43:24.740,5.735376110999823,1,0.3812197744846344,4.349623999587493,29.157557999951678,3.8,4733.30078125,12.0,1370.6875
yolo11s.pt,2,horizontal_slow,173,2026-09-09,21:43:24.776,2026-09-09T21:43:24.776,5.771387014000084,1,0.22209222614765167,4.474631999983103,33.33103300019502,3.4,4733.30078125,12.0,1370.6875
yolo11s.pt,2,horizontal_slow,174,2026-09-09,21:43:24.808,2026-09-09T21:43:24.808,5.803566709999814,1,0.31464189291000366,4.517493000093964,29.465737999998964,2.0,4733.29296875,12.0,1370.6875
yolo11s.pt,2,horizontal_slow,175,2026-09-09,21:43:24.840,2026-09-09T21:43:24.840,5.8355782379999255,1,0.5962451100349426,4.660722000153328,29.32181699998182,3.9,4733.29296875,12.0,1370.6875
yolo11s.pt,2,horizontal_slow,176,2026-09-09,21:43:24.876,2026-09-09T21:43:24.876,5.8715924500002075,1,0.45225995779037476,4.374282999833667,32.91318399988086,1.8,4733.52734375,12.0,1370.4375
yolo11s.pt,2,horizontal_slow,177,2026-09-09,21:43:24.908,2026-09-09T21:43:24.908,5.90359388700017,1,0.5003540515899658,4.378424000151426,29.24526800006788,3.8,4733.52734375,12.0,1370.4375
yolo11s.pt,2,horizontal_slow,178,2026-09-09,21:43:24.940,2026-09-09T21:43:24.940,5.935574035000172,1,0.49440836906433105,4.378612999971665,29.235437999886926,2.0,4733.52734375,12.0,1370.4375
yolo11s.pt,2,horizontal_slow,179,2026-09-09,21:43:24.976,2026-09-09T21:43:24.976,5.971387208000124,1,0.5118491053581238,4.394643000068754,33.02457300014794,1.8,4733.52734375,12.0,1370.4375
yolo11s.pt,2,horizontal_slow,180,2026-09-09,21:43:25.008,2026-09-09T21:43:25.008,6.003363584999988,1,0.38341808319091797,4.349073999946995,29.104277999977057,3.8,4733.52734375,12.0,1370.4375
yolo11s.pt,2,horizontal_slow,181,2026-09-09,21:43:25.040,2026-09-09T21:43:25.040,6.035579131999839,1,0.24299626052379608,4.390802999751031,29.408768000394048,2.0,4733.52734375,12.0,1370.4375
yolo11s.pt,2,horizontal_slow,182,2026-09-09,21:43:25.076,2026-09-09T21:43:25.076,6.07136517500021,1,0.43898600339889526,4.400613000143494,32.98006400018494,3.5,4733.52734375,12.0,1370.4375
yolo11s.pt,2,horizontal_slow,183,2026-09-09,21:43:25.108,2026-09-09T21:43:25.108,6.103380592000121,1,0.3290046155452728,4.4153829999231675,29.239307999887387,2.0,4733.52734375,12.0,1370.4375
yolo11s.pt,2,horizontal_slow,184,2026-09-09,21:43:25.140,2026-09-09T21:43:25.140,6.135360650000166,1,0.3769724369049072,4.38654299978225,29.137518999959866,3.9,4733.52734375,12.0,1370.4375
yolo11s.pt,2,horizontal_slow,185,2026-09-09,21:43:25.176,2026-09-09T21:43:25.176,6.1715953009997975,1,0.5234493613243103,4.4671430000562395,33.516641999995045,3.4,4733.52734375,12.0,1370.4375
yolo11s.pt,2,horizontal_slow,186,2026-09-09,21:43:25.208,2026-09-09T21:43:25.208,6.203437729000143,1,0.49141401052474976,4.453163000107452,29.045709000001807,2.0,4733.52734375,12.0,1370.4375
yolo11s.pt,2,horizontal_slow,187,2026-09-09,21:43:25.240,2026-09-09T21:43:25.240,6.235656916000153,1,0.4266365170478821,4.373622999992222,29.33116800022617,3.8,4733.52734375,12.0,1370.4375
yolo11s.pt,2,horizontal_slow,188,2026-09-09,21:43:25.277,2026-09-09T21:43:25.277,6.271575818000201,1,0.4744267165660858,4.9121820002255845,33.7063910001234,1.7,4733.52734375,12.0,1370.4375
yolo11s.pt,2,horizontal_slow,189,2026-09-09,21:43:25.308,2026-09-09T21:43:25.308,6.3035870960002285,1,0.4496029019355774,4.5215730001473275,28.740420000303857,2.0,4733.5625,12.0,1370.4375
yolo11s.pt,2,horizontal_slow,190,2026-09-09,21:43:25.344,2026-09-09T21:43:25.344,6.339581027999884,0,0.0,4.220413999973971,32.77173500009667,1.8,4733.8046875,12.0,1370.4375
yolo11s.pt,2,horizontal_slow,191,2026-09-09,21:43:25.376,2026-09-09T21:43:25.376,6.371602856000209,1,0.581008791923523,4.380602999844996,29.487657000117906,3.8,4733.8046875,12.0,1370.4375
yolo11s.pt,2,horizontal_slow,192,2026-09-09,21:43:25.408,2026-09-09T21:43:25.408,6.403415553999821,1,0.3204353451728821,4.530432000137807,29.171798000334093,2.0,4733.8046875,12.0,1370.4375
yolo11s.pt,2,horizontal_slow,193,2026-09-09,21:43:25.444,2026-09-09T21:43:25.444,6.439419585999985,1,0.278968870639801,4.443443000127445,33.085643999584136,1.8,4733.8046875,12.0,1370.4375
yolo11s.pt,2,horizontal_slow,194,2026-09-09,21:43:25.476,2026-09-09T21:43:25.476,6.47132287400018,1,0.5060166716575623,4.42498299980798,29.085397999551788,3.8,4733.8046875,12.0,1370.4375
yolo11s.pt,2,horizontal_slow,195,2026-09-09,21:43:25.508,2026-09-09T21:43:25.508,6.503387771000234,0,0.0,4.297262999898521,29.012228000283358,3.9,4733.8046875,12.0,1370.4375
yolo11s.pt,2,horizontal_slow,196,2026-09-09,21:43:25.544,2026-09-09T21:43:25.544,6.539593812000021,1,0.21717923879623413,4.5362330001808004,33.73991099988416,1.7,4733.69921875,12.0,1370.4375
yolo11s.pt,2,horizontal_slow,197,2026-09-09,21:43:25.576,2026-09-09T21:43:25.576,6.571617690000039,1,0.2615874409675598,4.540351999821723,29.214088000117044,3.9,4733.9453125,12.0,1370.4375
yolo11s.pt,2,horizontal_slow,198,2026-09-09,21:43:25.608,2026-09-09T21:43:25.608,6.603561647999868,1,0.2166127860546112,4.498462000356085,29.096718999880977,2.0,4733.90234375,12.0,1370.4375
yolo11s.pt,2,horizontal_slow,199,2026-09-09,21:43:25.644,2026-09-09T21:43:25.644,6.639603059999899,0,0.0,4.224332999910985,32.84589400027471,1.8,4733.90234375,12.0,1370.4375
yolo11s.pt,2,horizontal_slow,200,2026-09-09,21:43:25.676,2026-09-09T21:43:25.676,6.671591747000093,0,0.0,4.261444000349002,29.224838000118325,2.0,4733.90234375,12.0,1370.4375
yolo11s.pt,2,horizontal_slow,201,2026-09-09,21:43:25.708,2026-09-09T21:43:25.708,6.70361005399991,1,0.2179758995771408,4.410414000176388,29.483286999948177,3.8,4733.90234375,11.0,1370.4375
yolo11s.pt,2,horizontal_slow,202,2026-09-09,21:43:25.744,2026-09-09T21:43:25.744,6.739389998000206,1,0.18741339445114136,4.555863000405225,33.16467299964643,1.8,4733.90234375,11.0,1370.4375
yolo11s.pt,2,horizontal_slow,203,2026-09-09,21:43:25.776,2026-09-09T21:43:25.776,6.771392395000021,1,0.2781688868999481,4.484262999994826,29.155438000088907,3.9,4733.90234375,11.0,1370.4375
yolo11s.pt,2,horizontal_slow,204,2026-09-09,21:43:25.808,2026-09-09T21:43:25.808,6.803413943000123,1,0.26006871461868286,4.407674000049155,29.11630900007367,2.0,4733.90234375,11.0,1370.4375
yolo11s.pt,2,horizontal_slow,205,2026-09-09,21:43:25.844,2026-09-09T21:43:25.844,6.839563584000189,1,0.49336498975753784,4.488863000005949,33.4155020000253,1.8,4732.8359375,11.0,1370.4375
yolo11s.pt,2,horizontal_slow,206,2026-09-09,21:43:25.876,2026-09-09T21:43:25.876,6.871566752000035,1,0.17006926238536835,4.513552999924286,29.221588000382326,5.8,4733.078125,11.0,1369.9375
yolo11s.pt,2,horizontal_slow,207,2026-09-09,21:43:25.908,2026-09-09T21:43:25.908,6.903408050000053,1,0.25874555110931396,4.441612999926292,28.943909000190615,2.0,4733.078125,11.0,1369.9375
yolo11s.pt,2,horizontal_slow,208,2026-09-09,21:43:25.944,2026-09-09T21:43:25.944,6.939583151000079,0,0.0,4.264294000222435,33.04931399998168,1.8,4733.078125,11.0,1369.9375
yolo11s.pt,2,horizontal_slow,209,2026-09-09,21:43:25.976,2026-09-09T21:43:25.976,6.971590139,1,0.25050127506256104,4.4258930001888075,29.470426999978372,2.0,4733.078125,11.0,1369.9375
yolo11s.pt,2,horizontal_slow,210,2026-09-09,21:43:26.008,2026-09-09T21:43:26.008,7.003448497000136,1,0.1515493243932724,4.446192999694176,29.045779000171024,3.9,4733.078125,11.0,1369.9375
yolo11s.pt,2,horizontal_slow,211,2026-09-09,21:43:26.044,2026-09-09T21:43:26.044,7.039591948000179,0,0.0,4.339663999871846,33.10191399987161,1.8,4733.078125,11.0,1369.9375
yolo11s.pt,2,horizontal_slow,212,2026-09-09,21:43:26.076,2026-09-09T21:43:26.076,7.071501656000237,0,0.0,4.321154000081151,29.082488999847556,3.8,4733.078125,11.0,1369.9375
yolo11s.pt,2,horizontal_slow,213,2026-09-09,21:43:26.108,2026-09-09T21:43:26.108,7.103587603000051,1,0.42235130071640015,4.517753000072844,29.589657000087755,3.8,4733.078125,11.0,1369.9375
yolo11s.pt,2,horizontal_slow,214,2026-09-09,21:43:26.144,2026-09-09T21:43:26.144,7.139561326000148,0,0.0,4.1479450001133955,32.67795500005377,1.8,4732.72265625,11.0,1369.9375
yolo11s.pt,2,horizontal_slow,215,2026-09-09,21:43:26.176,2026-09-09T21:43:26.176,7.171608763000222,0,0.0,4.209383999750571,29.271298000367096,2.0,4732.72265625,11.0,1369.9375
yolo11s.pt,2,horizontal_slow,216,2026-09-09,21:43:26.208,2026-09-09T21:43:26.208,7.20358810100015,0,0.0,4.16118400016785,29.09675899991271,3.8,4732.72265625,10.0,1369.9375
yolo11s.pt,2,horizontal_slow,217,2026-09-09,21:43:26.244,2026-09-09T21:43:26.244,7.239617313000053,0,0.0,4.167294000126276,33.20382299989433,1.8,4732.72265625,10.0,1369.9375
yolo11s.pt,2,horizontal_slow,218,2026-09-09,21:43:26.276,2026-09-09T21:43:26.276,7.2715798899998845,1,0.17571577429771423,4.369853000298463,29.46112700010417,3.8,4732.72265625,10.0,1369.9375
yolo11s.pt,2,horizontal_slow,219,2026-09-09,21:43:26.308,2026-09-09T21:43:26.308,7.303401757999836,0,0.0,4.1768639998736035,28.730349999932514,2.0,4732.96484375,10.0,1369.9375
yolo11s.pt,2,horizontal_slow,220,2026-09-09,21:43:26.344,2026-09-09T21:43:26.344,7.339584849999937,1,0.3200574815273285,4.463482999653934,33.74039099981019,3.4,4732.96484375,10.0,1369.9375
yolo11s.pt,2,horizontal_slow,221,2026-09-09,21:43:26.376,2026-09-09T21:43:26.376,7.371582936999857,0,0.0,4.26969399995869,28.858109999873705,2.0,4732.96484375,10.0,1369.9375
yolo11s.pt,2,horizontal_slow,222,2026-09-09,21:43:26.408,2026-09-09T21:43:26.408,7.403578975000073,0,0.0,4.307022999910259,29.237818000183324,2.0,4732.96484375,10.0,1369.9375
yolo11s.pt,2,horizontal_slow,223,2026-09-09,21:43:26.444,2026-09-09T21:43:26.444,7.439613457000178,1,0.18405649065971375,4.393192999941675,33.40073300023505,3.4,4732.96484375,10.0,1369.9375
yolo11s.pt,2,horizontal_slow,224,2026-09-09,21:43:26.476,2026-09-09T21:43:26.476,7.471435644999929,0,0.0,4.208013999686955,28.74067999982799,3.9,4732.96484375,10.0,1369.9375
yolo11s.pt,2,horizontal_slow,225,2026-09-09,21:43:26.508,2026-09-09T21:43:26.508,7.503664991999813,1,0.2656964063644409,4.4010139999954845,29.717616000198177,2.0,4732.96484375,10.0,1369.9375
yolo11s.pt,2,horizontal_slow,226,2026-09-09,21:43:26.544,2026-09-09T21:43:26.544,7.5393957950000186,1,0.31492167711257935,4.407153000101971,32.96967400001449,1.8,4732.5078125,10.0,1369.9375
yolo11s.pt,2,horizontal_slow,227,2026-09-09,21:43:26.576,2026-09-09T21:43:26.576,7.571759371000098,1,0.4806688725948334,4.430792999755795,29.504496999834373,3.8,4732.5078125,10.0,1369.9375
yolo11s.pt,2,horizontal_slow,228,2026-09-09,21:43:26.612,2026-09-09T21:43:26.612,7.607593503999851,1,0.41616418957710266,4.363432999980432,32.94666299962046,3.4,4732.4296875,10.0,1369.9375
yolo11s.pt,2,horizontal_slow,229,2026-09-09,21:43:26.644,2026-09-09T21:43:26.644,7.639617240999996,1,0.41900545358657837,4.370513000139908,29.26039799967839,2.0,4732.67578125,10.0,1369.9375
yolo11s.pt,2,horizontal_slow,230,2026-09-09,21:43:26.676,2026-09-09T21:43:26.676,7.671497498999997,1,0.41939130425453186,4.583431999890308,29.33285800008889,5.9,4733.3828125,10.0,1370.75
yolo11s.pt,2,horizontal_slow,231,2026-09-09,21:43:26.712,2026-09-09T21:43:26.712,7.707616611000049,1,0.38791424036026,4.452053000022715,33.098872999744344,3.5,4733.3828125,11.0,1370.75
yolo11s.pt,2,horizontal_slow,232,2026-09-09,21:43:26.744,2026-09-09T21:43:26.744,7.739719778000108,1,0.5266313552856445,4.3687029997272475,29.187389000071562,2.0,4733.3828125,11.0,1370.75
yolo11s.pt,2,horizontal_slow,233,2026-09-09,21:43:26.776,2026-09-09T21:43:26.776,7.771709645000101,1,0.3896871507167816,4.432892999830074,29.20396800027447,2.0,4733.3828125,11.0,1370.75
yolo11s.pt,2,horizontal_slow,234,2026-09-09,21:43:26.812,2026-09-09T21:43:26.812,7.807468357999824,0,0.0,4.210844000226643,32.6232649999838,1.8,4733.3828125,11.0,1370.75
yolo11s.pt,2,horizontal_slow,235,2026-09-09,21:43:26.844,2026-09-09T21:43:26.844,7.839730454999881,1,0.30392786860466003,4.40964300014457,29.737747000126546,3.8,4733.3828125,11.0,1370.75
yolo11s.pt,2,horizontal_slow,236,2026-09-09,21:43:26.876,2026-09-09T21:43:26.876,7.871605202999945,1,0.39965561032295227,4.39809299996341,29.05329899977005,2.0,4733.859375,11.0,1370.75
yolo11s.pt,2,horizontal_slow,237,2026-09-09,21:43:26.912,2026-09-09T21:43:26.912,7.9077099850001105,1,0.38130640983581543,4.305963000206248,33.25404299994261,3.4,4733.859375,11.0,1370.75
yolo11s.pt,2,horizontal_slow,238,2026-09-09,21:43:26.944,2026-09-09T21:43:26.944,7.939489483000216,1,0.5229973793029785,4.331912999987253,28.96894900004554,3.9,4733.859375,11.0,1370.75
yolo11s.pt,2,horizontal_slow,239,2026-09-09,21:43:26.976,2026-09-09T21:43:26.976,7.971624159999919,1,0.7221992015838623,4.447292999884667,29.435547000048246,2.0,4733.859375,11.0,1370.75
yolo11s.pt,2,horizontal_slow,240,2026-09-09,21:43:27.012,2026-09-09T21:43:27.012,8.00772974199981,1,0.5161374807357788,4.360523000286776,33.18750300013562,3.4,4734.1015625,11.0,1370.75
yolo11s.pt,2,horizontal_slow,241,2026-09-09,21:43:27.044,2026-09-09T21:43:27.044,8.039755919000072,1,0.5588407516479492,4.328222999902209,29.161477999878116,2.0,4734.1015625,11.0,1370.75
yolo11s.pt,2,horizontal_slow,242,2026-09-09,21:43:27.076,2026-09-09T21:43:27.076,8.071760107000046,1,0.37833887338638306,4.317292999985511,29.229909000150656,2.0,4734.1015625,11.0,1370.75
yolo11s.pt,2,horizontal_slow,243,2026-09-09,21:43:27.112,2026-09-09T21:43:27.112,8.107666168999913,1,0.3118264079093933,4.536353000275994,33.260491999953956,5.1,4734.1015625,11.0,1370.75
yolo11s.pt,2,horizontal_slow,244,2026-09-09,21:43:27.144,2026-09-09T21:43:27.144,8.139744485999927,1,0.4610949754714966,4.398433999995177,29.11709799991513,2.0,4734.1015625,11.0,1370.75
yolo11s.pt,2,horizontal_slow,245,2026-09-09,21:43:27.176,2026-09-09T21:43:27.176,8.171775824000179,1,0.7017350196838379,4.4635429999289045,29.277428000114014,2.0,4734.1015625,11.0,1370.75
yolo11s.pt,2,horizontal_slow,246,2026-09-09,21:43:27.212,2026-09-09T21:43:27.212,8.207615777000228,1,0.6138296723365784,4.400253999847337,32.97549399985655,3.4,4734.1015625,12.0,1370.75
yolo11s.pt,2,horizontal_slow,247,2026-09-09,21:43:27.244,2026-09-09T21:43:27.244,8.239784763999978,1,0.4376087486743927,4.363114000170754,29.315246999885858,2.0,4734.1015625,12.0,1370.75
yolo11s.pt,2,horizontal_slow,248,2026-09-09,21:43:27.276,2026-09-09T21:43:27.276,8.271606102000078,1,0.5300452709197998,4.359213000043383,28.960210000150255,2.0,4734.1015625,12.0,1370.75
yolo11s.pt,2,horizontal_slow,249,2026-09-09,21:43:27.312,2026-09-09T21:43:27.312,8.307646644000215,1,0.5175032615661621,4.417853000177274,33.27670299995589,1.8,4734.1015625,12.0,1370.75
yolo11s.pt,2,horizontal_slow,250,2026-09-09,21:43:27.344,2026-09-09T21:43:27.344,8.33966971100017,1,0.24152259528636932,4.379202999643894,29.177038999932847,3.8,4734.1015625,12.0,1370.75
yolo11s.pt,2,horizontal_slow,251,2026-09-09,21:43:27.376,2026-09-09T21:43:27.376,8.371697948000019,1,0.3504222333431244,4.3569740000748425,29.194117999850278,2.0,4734.1015625,12.0,1370.75
yolo11s.pt,2,horizontal_slow,252,2026-09-09,21:43:27.412,2026-09-09T21:43:27.412,8.407582630999968,1,0.31575924158096313,4.365512999811472,33.07259399980467,1.8,4734.1015625,12.0,1370.75
yolo11s.pt,2,horizontal_slow,253,2026-09-09,21:43:27.444,2026-09-09T21:43:27.444,8.439629048999905,1,0.3154311180114746,4.357874000106676,29.24195800005691,3.8,4734.1015625,12.0,1370.75
yolo11s.pt,2,horizontal_slow,254,2026-09-09,21:43:27.476,2026-09-09T21:43:27.476,8.471610365999823,1,0.42861124873161316,4.377992999707203,29.18025899998611,2.0,4734.1015625,12.0,1370.75
yolo11s.pt,2,horizontal_slow,255,2026-09-09,21:43:27.512,2026-09-09T21:43:27.512,8.507612008000251,1,0.242325559258461,4.359722999652149,33.167252999646735,1.8,4734.1015625,12.0,1370.75
yolo11s.pt,2,horizontal_slow,256,2026-09-09,21:43:27.544,2026-09-09T21:43:27.544,8.539385695999954,1,0.18352745473384857,4.349833999640396,28.9283689999138,3.9,4734.1015625,12.0,1370.75
yolo11s.pt,2,horizontal_slow,257,2026-09-09,21:43:27.576,2026-09-09T21:43:27.576,8.571697072999996,1,0.6628493666648865,4.4441630002438615,29.615915999784193,3.8,4734.375,12.0,1370.75
yolo11s.pt,2,horizontal_slow,258,2026-09-09,21:43:27.612,2026-09-09T21:43:27.612,8.607695584999874,1,0.3158004581928253,4.307512999730534,33.088962999954674,1.8,4734.375,12.0,1370.75
yolo11s.pt,2,horizontal_slow,259,2026-09-09,21:43:27.644,2026-09-09T21:43:27.644,8.639604352999868,1,0.4740222096443176,4.3738630001826095,29.129678000117565,3.8,4734.375,12.0,1370.75
yolo11s.pt,2,horizontal_slow,260,2026-09-09,21:43:27.676,2026-09-09T21:43:27.676,8.671692750000147,1,0.1584441363811493,4.401482999583095,29.30832799984273,2.0,4734.375,12.0,1370.125
yolo11s.pt,2,horizontal_slow,261,2026-09-09,21:43:27.712,2026-09-09T21:43:27.712,8.707745132000127,1,0.36100342869758606,4.34753300032753,33.17565299994385,3.5,4734.375,11.0,1370.125
yolo11s.pt,2,horizontal_slow,262,2026-09-09,21:43:27.744,2026-09-09T21:43:27.744,8.739717100000234,1,0.22174938023090363,4.374632999770256,29.19415799988201,2.0,4734.375,11.0,1370.125
yolo11s.pt,2,horizontal_slow,263,2026-09-09,21:43:27.776,2026-09-09T21:43:27.776,8.771474818000115,1,0.223344624042511,4.39180299963482,28.95209899998008,2.0,4734.375,11.0,1370.125
yolo11s.pt,2,horizontal_slow,264,2026-09-09,21:43:27.812,2026-09-09T21:43:27.812,8.807399020000048,1,0.21515920758247375,4.348364000179572,33.08484299986958,1.8,4734.375,11.0,1370.125
yolo11s.pt,2,horizontal_slow,265,2026-09-09,21:43:27.844,2026-09-09T21:43:27.844,8.839411068000118,1,0.53593510389328,4.3547730001591844,29.209798000010778,2.0,4734.546875,11.0,1370.125
yolo11s.pt,2,horizontal_slow,266,2026-09-09,21:43:27.880,2026-09-09T21:43:27.880,8.875549180000235,0,0.0,4.260583000359475,33.12322299962034,3.5,4734.546875,11.0,1370.125
yolo11s.pt,2,horizontal_slow,267,2026-09-09,21:43:27.912,2026-09-09T21:43:27.912,8.907373357999859,1,0.21968959271907806,4.471642999760661,29.350998000154505,5.9,4734.546875,11.0,1370.125
yolo11s.pt,2,horizontal_slow,268,2026-09-09,21:43:27.944,2026-09-09T21:43:27.944,8.939483685000141,0,0.0,4.2782329996953194,28.993948999868735,2.0,4734.78125,11.0,1370.125
yolo11s.pt,2,horizontal_slow,269,2026-09-09,21:43:27.980,2026-09-09T21:43:27.980,8.975623685999835,1,0.30362188816070557,4.412422999848786,33.558311000433605,3.4,4735.50390625,11.0,1370.125
yolo11s.pt,2,horizontal_slow,270,2026-09-09,21:43:28.012,2026-09-09T21:43:28.012,9.007627393999883,1,0.3377901315689087,4.373862999727862,29.15788899963445,2.0,4735.50390625,11.0,1370.125
yolo11s.pt,2,horizontal_slow,271,2026-09-09,21:43:28.044,2026-09-09T21:43:28.044,9.039448171999993,1,0.2533584237098694,4.4075229998270515,29.063919000236638,2.0,4735.50390625,11.0,1370.125
yolo11s.pt,2,horizontal_slow,272,2026-09-09,21:43:28.080,2026-09-09T21:43:28.080,9.075379785000223,1,0.2763505280017853,4.40711300007024,33.113573000264296,3.4,4735.50390625,11.0,1370.125
yolo11s.pt,2,horizontal_slow,273,2026-09-09,21:43:28.112,2026-09-09T21:43:28.112,9.107623711000087,1,0.2891993522644043,4.393582999909995,29.39292800010662,2.0,4735.50390625,11.0,1370.125
yolo11s.pt,2,horizontal_slow,274,2026-09-09,21:43:28.144,2026-09-09T21:43:28.144,9.139367730000231,1,0.3564026951789856,4.398953999952937,28.91512899986992,3.9,4735.50390625,11.0,1370.125
yolo11s.pt,2,horizontal_slow,275,2026-09-09,21:43:28.180,2026-09-09T21:43:28.180,9.175415992000126,1,0.24485500156879425,4.604761999871698,33.53423099997599,3.5,4734.79296875,11.0,1370.5625
yolo11s.pt,2,horizontal_slow,276,2026-09-09,21:43:28.212,2026-09-09T21:43:28.212,9.207368229000167,1,0.2513647675514221,4.44023299996843,28.9138789999015,3.9,4734.41796875,11.0,1370.5625
yolo11s.pt,2,horizontal_slow,277,2026-09-09,21:43:28.244,2026-09-09T21:43:28.244,9.239598535999903,1,0.15421374142169952,4.385662999993656,29.200787999798195,3.8,4734.41796875,11.0,1370.5625
yolo11s.pt,2,horizontal_slow,278,2026-09-09,21:43:28.280,2026-09-09T21:43:28.280,9.275554847999956,1,0.1758592128753662,4.384463000405958,33.12851300006514,1.8,4734.41796875,11.0,1370.5625
yolo11s.pt,2,horizontal_slow,279,2026-09-09,21:43:28.312,2026-09-09T21:43:28.312,9.307618616000127,1,0.47168901562690735,4.349203999936435,29.231697999875905,3.9,4734.41796875,11.0,1370.5625
yolo11s.pt,2,horizontal_slow,280,2026-09-09,21:43:28.344,2026-09-09T21:43:28.344,9.33958725299999,1,0.23834063112735748,4.359592999662709,29.144578999876103,2.0,4734.41796875,11.0,1370.5625
yolo11s.pt,2,horizontal_slow,281,2026-09-09,21:43:28.380,2026-09-09T21:43:28.380,9.375688695000008,1,0.3404562771320343,4.4374029998834885,33.38862199962023,1.8,4734.41796875,11.0,1370.5625
yolo11s.pt,2,horizontal_slow,282,2026-09-09,21:43:28.412,2026-09-09T21:43:28.412,9.407471883000198,1,0.2570200562477112,4.43984300000011,28.977598999972543,3.8,4734.41796875,11.0,1370.5625
yolo11s.pt,2,horizontal_slow,283,2026-09-09,21:43:28.444,2026-09-09T21:43:28.444,9.439627119999841,1,0.549950361251831,4.45617300010781,29.37678699981916,3.9,4734.41796875,11.0,1370.5625
yolo11s.pt,2,horizontal_slow,284,2026-09-09,21:43:28.480,2026-09-09T21:43:28.480,9.475432213000204,1,0.4940450191497803,4.435672999989038,32.99654300008115,3.5,4734.41796875,11.0,1370.5625
yolo11s.pt,2,horizontal_slow,285,2026-09-09,21:43:28.512,2026-09-09T21:43:28.512,9.507613990000209,1,0.3368949592113495,4.352532999746472,29.264638000313425,3.8,4734.41796875,11.0,1370.5625
yolo11s.pt,2,horizontal_slow,286,2026-09-09,21:43:28.544,2026-09-09T21:43:28.544,9.53960067700018,1,0.5280730724334717,4.382353999972111,29.260938000334136,2.0,4734.41796875,11.0,1370.5625
yolo11s.pt,2,horizontal_slow,287,2026-09-09,21:43:28.580,2026-09-09T21:43:28.580,9.57536872999981,1,0.38374707102775574,4.358734000106779,32.921473999977025,1.8,4734.41796875,11.0,1370.5625
yolo11s.pt,2,horizontal_slow,288,2026-09-09,21:43:28.612,2026-09-09T21:43:28.612,9.607394998000018,1,0.3380015790462494,4.367752999769436,29.22647799960032,2.0,4734.41796875,11.0,1370.5625
yolo11s.pt,2,horizontal_slow,289,2026-09-09,21:43:28.644,2026-09-09T21:43:28.644,9.639414235000004,1,0.331340491771698,4.361723000329221,29.212687999915943,2.0,4734.41796875,11.0,1370.5625
yolo11s.pt,2,horizontal_slow,290,2026-09-09,21:43:28.680,2026-09-09T21:43:28.680,9.675410287999966,1,0.6164836287498474,4.415303000314452,33.25338300010117,3.4,4734.703125,11.0,1370.5625
yolo11s.pt,2,horizontal_slow,291,2026-09-09,21:43:28.712,2026-09-09T21:43:28.712,9.70762426400006,1,0.3952818810939789,4.35141299976749,29.362528000092425,2.0,4734.703125,10.0,1370.5625
yolo11s.pt,2,horizontal_slow,292,2026-09-09,21:43:28.744,2026-09-09T21:43:28.744,9.739390513000217,1,0.4141019880771637,4.435404000105336,29.041189000054146,2.0,4734.703125,10.0,1370.5625
yolo11s.pt,2,horizontal_slow,293,2026-09-09,21:43:28.780,2026-09-09T21:43:28.780,9.77564673400002,1,0.7119655013084412,4.33352299978651,33.35005300004923,5.0,4734.703125,10.0,1370.5625
yolo11s.pt,2,horizontal_slow,294,2026-09-09,21:43:28.812,2026-09-09T21:43:28.812,9.807403771999816,1,0.7431135773658752,4.380443000172818,28.98079900023731,2.0,4734.703125,10.0,1370.5625
yolo11s.pt,2,horizontal_slow,295,2026-09-09,21:43:28.844,2026-09-09T21:43:28.844,9.839459059000092,1,0.45940035581588745,4.376484000204073,29.248847999951977,2.0,4734.703125,10.0,1370.5625
yolo11s.pt,2,horizontal_slow,296,2026-09-09,21:43:28.880,2026-09-09T21:43:28.880,9.875560881000183,1,0.564723789691925,4.379463000077521,33.30796299997019,3.5,4734.703125,10.0,1370.5625
yolo11s.pt,2,horizontal_slow,297,2026-09-09,21:43:28.912,2026-09-09T21:43:28.912,9.907444619000216,1,0.6254517436027527,4.378082999664912,29.08407899985832,2.0,4734.703125,10.0,1370.5625
yolo11s.pt,2,horizontal_slow,298,2026-09-09,21:43:28.944,2026-09-09T21:43:28.944,9.93961104600021,1,0.5590481758117676,4.393673000322451,29.383837999830575,2.0,4734.703125,10.0,1370.5625
yolo11s.pt,2,horizontal_slow,299,2026-09-09,21:43:28.980,2026-09-09T21:43:28.980,9.975401878999946,1,0.40434619784355164,4.343673000221315,32.955113999832975,3.5,4734.703125,10.0,1370.5625
yolo11s.pt,2,horizontal_slow,300,2026-09-09,21:43:29.012,2026-09-09T21:43:29.012,10.007415476000006,1,0.5800558924674988,4.417712999838841,29.29091799978778,2.0,4734.703125,10.0,1370.5625
yolo11s.pt,3,horizontal_fast,1,2026-09-09,21:43:33.618,2026-09-09T21:43:33.618,0.0325005049999163,1,0.18216650187969208,5.47544899973218,38.58667200029231,2.2,4716.64453125,3.0,1371.9375
yolo11s.pt,3,horizontal_fast,2,2026-09-09,21:43:33.653,2026-09-09T21:43:33.653,0.06901361599966549,1,0.20977811515331268,4.353003000233002,32.479665000209934,3.6,4724.0546875,3.0,1371.9375
yolo11s.pt,3,horizontal_fast,3,2026-09-09,21:43:33.686,2026-09-09T21:43:33.686,0.09990456800005632,1,0.4341239333152771,4.71616200002245,29.74475600012738,3.8,4710.73828125,8.0,1371.125
yolo11s.pt,3,horizontal_fast,4,2026-09-09,21:43:33.717,2026-09-09T21:43:33.717,0.13245837299973573,1,0.24054017663002014,4.291792999993049,28.016143000058946,2.0,4714.765625,8.0,1371.125
yolo11s.pt,3,horizontal_fast,5,2026-09-09,21:43:33.753,2026-09-09T21:43:33.753,0.1686431640000592,1,0.3645305335521698,4.391023999687604,33.400692000213894,3.4,4714.765625,8.0,1371.125
yolo11s.pt,3,horizontal_fast,6,2026-09-09,21:43:33.784,2026-09-09T21:43:33.784,0.19988026500004707,1,0.6259060502052307,4.37981300001411,28.438962000109314,2.0,4714.765625,8.0,1371.125
yolo11s.pt,3,horizontal_fast,7,2026-09-09,21:43:33.816,2026-09-09T21:43:33.816,0.23189540199973635,1,0.4508891999721527,4.345992999787995,29.241967999951157,3.9,4714.765625,8.0,1371.125
yolo11s.pt,3,horizontal_fast,8,2026-09-09,21:43:33.852,2026-09-09T21:43:33.852,0.26784569399978864,1,0.46428999304771423,4.535623000265332,33.361682999839104,1.8,4714.765625,8.0,1371.125
yolo11s.pt,3,horizontal_fast,9,2026-09-09,21:43:33.884,2026-09-09T21:43:33.884,0.29993187199988824,1,0.5276642441749573,4.530801999862888,29.27903800036802,3.8,4714.765625,8.0,1371.125
yolo11s.pt,3,horizontal_fast,10,2026-09-09,21:43:33.916,2026-09-09T21:43:33.916,0.33186399899977914,1,0.4529745280742645,4.355443999884301,28.98445900018487,2.0,4714.765625,8.0,1371.125
yolo11s.pt,3,horizontal_fast,11,2026-09-09,21:43:33.952,2026-09-09T21:43:33.952,0.36781945199982147,1,0.2954915165901184,4.382283000268217,33.20122400009495,1.8,4714.765625,8.0,1371.125
yolo11s.pt,3,horizontal_fast,12,2026-09-09,21:43:33.984,2026-09-09T21:43:33.984,0.3998677089998637,1,0.34429681301116943,4.366572999970231,29.272448000028817,5.8,4715.0078125,8.0,1371.125
yolo11s.pt,3,horizontal_fast,13,2026-09-09,21:43:34.016,2026-09-09T21:43:34.016,0.4318186769996828,1,0.47922876477241516,4.3262230001346325,29.195737999998528,2.0,4715.0078125,8.0,1371.125
yolo11s.pt,3,horizontal_fast,14,2026-09-09,21:43:34.052,2026-09-09T21:43:34.052,0.46784977900006197,1,0.46105849742889404,4.364132999853609,33.300243000212504,3.4,4715.0078125,8.0,1371.125
yolo11s.pt,3,horizontal_fast,15,2026-09-09,21:43:34.084,2026-09-09T21:43:34.084,0.4996124669996789,1,0.5001349449157715,4.255383999861806,28.933678999692347,2.0,4715.0078125,8.0,1371.125
yolo11s.pt,3,horizontal_fast,16,2026-09-09,21:43:34.116,2026-09-09T21:43:34.116,0.531731703999867,1,0.271699458360672,4.405662999943161,29.42852700016374,2.0,4715.0078125,8.0,1371.125
yolo11s.pt,3,horizontal_fast,17,2026-09-09,21:43:34.152,2026-09-09T21:43:34.152,0.5678753859997414,1,0.5700686573982239,4.369942999801424,33.309543000086705,1.8,4715.0078125,8.0,1371.125
yolo11s.pt,3,horizontal_fast,18,2026-09-09,21:43:34.184,2026-09-09T21:43:34.184,0.599903323000035,1,0.6514209508895874,4.375513000013598,29.258497999762767,3.8,4715.0078125,11.0,1371.125
yolo11s.pt,3,horizontal_fast,19,2026-09-09,21:43:34.216,2026-09-09T21:43:34.216,0.6317002409996348,1,0.5755831003189087,4.476433000036195,29.093028999795933,2.0,4715.0078125,11.0,1371.125
yolo11s.pt,3,horizontal_fast,20,2026-09-09,21:43:34.252,2026-09-09T21:43:34.252,0.667886642999747,1,0.7221657037734985,4.362693000075524,33.28733300031672,3.4,4715.0078125,11.0,1371.125
yolo11s.pt,3,horizontal_fast,21,2026-09-09,21:43:34.284,2026-09-09T21:43:34.284,0.6998717609999403,1,0.5097824931144714,4.349154000010458,29.211688000032154,2.0,4715.0078125,11.0,1371.125
yolo11s.pt,3,horizontal_fast,22,2026-09-09,21:43:34.320,2026-09-09T21:43:34.320,0.7357700729999124,1,0.5678994059562683,4.401443000006111,33.14206300001388,5.1,4715.0078125,11.0,1371.125
yolo11s.pt,3,horizontal_fast,23,2026-09-09,21:43:34.352,2026-09-09T21:43:34.352,0.7675234819998877,1,0.24430349469184875,4.3365729998186,28.93519000008382,2.0,4715.0078125,11.0,1371.125
yolo11s.pt,3,horizontal_fast,24,2026-09-09,21:43:34.384,2026-09-09T21:43:34.384,0.7997862979996171,1,0.36572277545928955,4.389373000321939,29.543286999796692,2.0,4715.0078125,11.0,1371.125
yolo11s.pt,3,horizontal_fast,25,2026-09-09,21:43:34.420,2026-09-09T21:43:34.420,0.8358564599998317,1,0.49374186992645264,4.404422999868984,33.30693299994891,3.4,4715.0078125,11.0,1371.125
yolo11s.pt,3,horizontal_fast,26,2026-09-09,21:43:34.452,2026-09-09T21:43:34.452,0.8678836569997657,1,0.6065988540649414,4.481512999973347,29.339398000047368,2.0,4715.0078125,11.0,1371.125
yolo11s.pt,3,horizontal_fast,27,2026-09-09,21:43:34.484,2026-09-09T21:43:34.484,0.899840144999871,1,0.3947852551937103,4.499922999912087,29.170487999635952,3.9,4715.0078125,11.0,1371.125
yolo11s.pt,3,horizontal_fast,28,2026-09-09,21:43:34.520,2026-09-09T21:43:34.520,0.9358308269997906,0,0.0,4.23709400001826,32.81062499991094,1.8,4715.0078125,11.0,1371.125
yolo11s.pt,3,horizontal_fast,29,2026-09-09,21:43:34.552,2026-09-09T21:43:34.552,0.9678962240000146,1,0.45122265815734863,4.364823999821965,29.490046999853803,2.0,4715.01171875,11.0,1371.125
yolo11s.pt,3,horizontal_fast,30,2026-09-09,21:43:34.584,2026-09-09T21:43:34.584,0.9996737530000246,1,0.4176699221134186,4.425163000178145,29.010238999944704,5.8,4714.765625,11.0,1371.125
yolo11s.pt,3,horizontal_fast,31,2026-09-09,21:43:34.620,2026-09-09T21:43:34.620,1.0358866940000553,1,0.2723228633403778,4.399923000164563,33.38194200023281,1.8,4714.765625,11.0,1371.125
yolo11s.pt,3,horizontal_fast,32,2026-09-09,21:43:34.652,2026-09-09T21:43:34.652,1.0676418719999674,1,0.24147559702396393,4.3919639997511695,29.01114900032553,2.0,4714.765625,11.0,1371.125
yolo11s.pt,3,horizontal_fast,33,2026-09-09,21:43:34.684,2026-09-09T21:43:34.684,1.099905058999866,1,0.5062963366508484,4.317073000038363,29.439726999953564,3.9,4714.765625,12.0,1371.125
yolo11s.pt,3,horizontal_fast,34,2026-09-09,21:43:34.720,2026-09-09T21:43:34.720,1.135702721999678,1,0.5662272572517395,4.406352999922092,33.09979400000884,1.8,4714.765625,12.0,1371.125
yolo11s.pt,3,horizontal_fast,35,2026-09-09,21:43:34.752,2026-09-09T21:43:34.752,1.1679019589996642,1,0.3163641095161438,4.365793000033591,29.385757000000012,3.8,4714.765625,12.0,1371.125
yolo11s.pt,3,horizontal_fast,36,2026-09-09,21:43:34.784,2026-09-09T21:43:34.784,1.1998769960000573,1,0.5920266509056091,4.390433000025951,29.251817999920604,2.0,4714.765625,12.0,1371.125
yolo11s.pt,3,horizontal_fast,37,2026-09-09,21:43:34.820,2026-09-09T21:43:34.820,1.23589624799979,1,0.16585761308670044,4.442322999693715,33.31813200020406,3.5,4714.765625,12.0,1371.125
yolo11s.pt,3,horizontal_fast,38,2026-09-09,21:43:34.852,2026-09-09T21:43:34.852,1.2678807459997188,1,0.292031854391098,4.371092999917892,29.13530899968464,2.0,4714.765625,12.0,1371.125
yolo11s.pt,3,horizontal_fast,39,2026-09-09,21:43:34.884,2026-09-09T21:43:34.884,1.2998876530000416,1,0.16098439693450928,4.338683999776549,29.223688000001857,3.9,4715.0078125,12.0,1371.125
yolo11s.pt,3,horizontal_fast,40,2026-09-09,21:43:34.920,2026-09-09T21:43:34.920,1.3358154059997105,1,0.33614885807037354,4.424632999871392,33.222771999589895,3.4,4715.0078125,12.0,1371.125
yolo11s.pt,3,horizontal_fast,41,2026-09-09,21:43:34.952,2026-09-09T21:43:34.952,1.3678589829996781,1,0.27555006742477417,4.388202999962232,29.249578000417387,2.0,4715.0078125,12.0,1371.125
yolo11s.pt,3,horizontal_fast,42,2026-09-09,21:43:34.984,2026-09-09T21:43:34.984,1.3995941419998417,1,0.43166348338127136,4.453553000075772,29.02553900003113,3.9,4715.0078125,12.0,1371.125
yolo11s.pt,3,horizontal_fast,43,2026-09-09,21:43:35.020,2026-09-09T21:43:35.020,1.4358082629996716,1,0.7253521680831909,4.400603000249248,33.39852299995982,3.4,4715.0078125,12.0,1371.125
yolo11s.pt,3,horizontal_fast,44,2026-09-09,21:43:35.052,2026-09-09T21:43:35.052,1.467769099999714,1,0.21602767705917358,4.368634000002203,29.111027999988437,2.0,4715.0078125,12.0,1371.125
yolo11s.pt,3,horizontal_fast,45,2026-09-09,21:43:35.084,2026-09-09T21:43:35.084,1.499868767999942,1,0.4051774740219116,4.366472999663529,29.342646999793942,3.8,4715.0,12.0,1371.125
yolo11s.pt,3,horizontal_fast,46,2026-09-09,21:43:35.120,2026-09-09T21:43:35.120,1.535791320000044,0,0.0,4.174803999831056,32.83556399992449,1.8,4715.0,12.0,1371.125
yolo11s.pt,3,horizontal_fast,47,2026-09-09,21:43:35.152,2026-09-09T21:43:35.152,1.5677390579999155,1,0.3142808675765991,4.372353000235307,29.489756999737438,1.9,4715.0,12.0,1371.125
yolo11s.pt,3,horizontal_fast,48,2026-09-09,21:43:35.184,2026-09-09T21:43:35.184,1.599639095999919,0,0.0,4.228223999689362,28.846210000210704,2.0,4715.0,11.0,1371.125
yolo11s.pt,3,horizontal_fast,49,2026-09-09,21:43:35.220,2026-09-09T21:43:35.220,1.6358866870000384,1,0.34306055307388306,4.398193000270112,33.76570099999299,3.4,4715.0,11.0,1371.125
yolo11s.pt,3,horizontal_fast,50,2026-09-09,21:43:35.252,2026-09-09T21:43:35.252,1.6678930039997795,1,0.5027555823326111,4.375334000087605,29.24704799988831,2.0,4715.0,11.0,1371.125
yolo11s.pt,3,horizontal_fast,51,2026-09-09,21:43:35.284,2026-09-09T21:43:35.284,1.6999042719999125,1,0.37380215525627136,4.359063000265451,29.252377999910095,2.0,4715.0,11.0,1371.125
yolo11s.pt,3,horizontal_fast,52,2026-09-09,21:43:35.320,2026-09-09T21:43:35.320,1.7358012039999267,1,0.3236570358276367,4.411092999816901,33.19260300031601,3.4,4715.0,11.0,1371.125
yolo11s.pt,3,horizontal_fast,53,2026-09-09,21:43:35.352,2026-09-09T21:43:35.352,1.7678491619999477,1,0.4219962954521179,4.377842999929271,29.27363799972227,2.0,4715.0,11.0,1371.125
yolo11s.pt,3,horizontal_fast,54,2026-09-09,21:43:35.384,2026-09-09T21:43:35.384,1.7999109989996214,1,0.4257204234600067,4.379853000045841,29.264398000123037,5.7,4715.0,11.0,1371.125
yolo11s.pt,3,horizontal_fast,55,2026-09-09,21:43:35.420,2026-09-09T21:43:35.420,1.8358143010000276,1,0.7435913681983948,4.538502999821503,33.25279299997419,1.8,4715.0,11.0,1371.125
yolo11s.pt,3,horizontal_fast,56,2026-09-09,21:43:35.452,2026-09-09T21:43:35.452,1.867751288999898,1,0.6833363175392151,4.3832229998770345,28.976138999951218,3.8,4715.0,11.0,1371.125
yolo11s.pt,3,horizontal_fast,57,2026-09-09,21:43:35.484,2026-09-09T21:43:35.484,1.899834626000029,1,0.337763249874115,4.359482999916509,29.29188799998883,2.0,4715.0,11.0,1371.125
yolo11s.pt,3,horizontal_fast,58,2026-09-09,21:43:35.520,2026-09-09T21:43:35.520,1.9359146179999698,1,0.8135755062103271,4.379533000246738,33.330852999824856,3.4,4715.0,11.0,1371.125
yolo11s.pt,3,horizontal_fast,59,2026-09-09,21:43:35.552,2026-09-09T21:43:35.552,1.9678775859997586,1,0.8667473793029785,4.3598530000963365,29.152067999802966,2.0,4715.0,11.0,1371.125
yolo11s.pt,3,horizontal_fast,60,2026-09-09,21:43:35.584,2026-09-09T21:43:35.584,1.9998993029998928,1,0.7785723805427551,4.367893999642547,29.25238799980434,2.0,4714.796875,11.0,1371.125
yolo11s.pt,3,horizontal_fast,61,2026-09-09,21:43:35.620,2026-09-09T21:43:35.620,2.0355205870000646,1,0.30447813868522644,4.368612999769539,32.869395000034274,3.5,4714.55078125,11.0,1371.125
yolo11s.pt,3,horizontal_fast,62,2026-09-09,21:43:35.652,2026-09-09T21:43:35.652,2.0678833629999644,1,0.3974591791629791,4.418782999891846,29.62745700006053,2.0,4714.55078125,11.0,1371.125
yolo11s.pt,3,horizontal_fast,63,2026-09-09,21:43:35.688,2026-09-09T21:43:35.688,2.103657935999763,1,0.6008244156837463,4.38007299999299,33.01943399992524,1.8,4714.55078125,12.0,1371.125
yolo11s.pt,3,horizontal_fast,64,2026-09-09,21:43:35.720,2026-09-09T21:43:35.720,2.135840812999959,1,0.3904806077480316,4.472173000067414,29.502647000299476,3.8,4714.55078125,12.0,1371.125
yolo11s.pt,3,horizontal_fast,65,2026-09-09,21:43:35.752,2026-09-09T21:43:35.752,2.1678940499996315,1,0.33212780952453613,4.343603000052099,29.18121799984874,2.0,4714.55078125,12.0,1371.125
yolo11s.pt,3,horizontal_fast,66,2026-09-09,21:43:35.788,2026-09-09T21:43:35.788,2.2037041629996565,1,0.291622519493103,4.3546729998524825,33.039064000149665,3.4,4714.55078125,12.0,1371.125
yolo11s.pt,3,horizontal_fast,67,2026-09-09,21:43:35.820,2026-09-09T21:43:35.820,2.2356932210000195,0,0.0,4.211083999962284,28.97494899980302,3.9,4714.55078125,12.0,1371.125
yolo11s.pt,3,horizontal_fast,68,2026-09-09,21:43:35.852,2026-09-09T21:43:35.852,2.267752488000042,1,0.17259036004543304,4.382432999591401,29.552426999998715,2.0,4714.55078125,12.0,1371.125
yolo11s.pt,3,horizontal_fast,69,2026-09-09,21:43:35.888,2026-09-09T21:43:35.888,2.3037105899998096,0,0.0,4.173013999661634,32.8676640001504,1.8,4714.30078125,12.0,1371.125
yolo11s.pt,3,horizontal_fast,70,2026-09-09,21:43:35.920,2026-09-09T21:43:35.920,2.3356744879997677,1,0.3744535446166992,4.380732999834436,29.47525699983089,3.8,4714.30078125,12.0,1371.125
yolo11s.pt,3,horizontal_fast,71,2026-09-09,21:43:35.952,2026-09-09T21:43:35.952,2.367491856000015,1,0.472750723361969,4.255023000041547,28.94175900019036,2.0,4714.30078125,12.0,1371.125
yolo11s.pt,3,horizontal_fast,72,2026-09-09,21:43:35.988,2026-09-09T21:43:35.988,2.403673876999619,1,0.40622255206108093,4.37131299986504,33.45881199993528,1.7,4714.30078125,12.0,1371.125
yolo11s.pt,3,horizontal_fast,73,2026-09-09,21:43:36.020,2026-09-09T21:43:36.020,2.4356642249999823,1,0.5194700956344604,4.3452229997456016,29.209128999809764,2.0,4714.30078125,12.0,1371.125
yolo11s.pt,3,horizontal_fast,74,2026-09-09,21:43:36.052,2026-09-09T21:43:36.052,2.467673531999935,1,0.5190556645393372,4.379703999802587,29.254518000016105,5.8,4714.30078125,12.0,1371.125
yolo11s.pt,3,horizontal_fast,75,2026-09-09,21:43:36.088,2026-09-09T21:43:36.088,2.5035621649999484,1,0.7702827453613281,4.352053000275191,33.06776399995215,1.8,4714.30078125,12.0,1371.125
yolo11s.pt,3,horizontal_fast,76,2026-09-09,21:43:36.120,2026-09-09T21:43:36.120,2.5356696320000083,1,0.711493730545044,4.344833000232029,29.301808000127494,3.8,4714.30078125,12.0,1371.125
yolo11s.pt,3,horizontal_fast,77,2026-09-09,21:43:36.152,2026-09-09T21:43:36.152,2.567628699999659,0,0.0,4.1730039997673884,28.901419999783684,2.0,4714.30078125,12.0,1371.125
yolo11s.pt,3,horizontal_fast,78,2026-09-09,21:43:36.188,2026-09-09T21:43:36.188,2.6035546919997614,1,0.6576500535011292,4.341672999998991,33.39947199992821,1.8,4714.30078125,12.0,1371.125
yolo11s.pt,3,horizontal_fast,79,2026-09-09,21:43:36.220,2026-09-09T21:43:36.220,2.6356413889998294,1,0.5826724171638489,4.379692999918916,29.358587999922747,3.8,4714.546875,12.0,1371.125
yolo11s.pt,3,horizontal_fast,80,2026-09-09,21:43:36.252,2026-09-09T21:43:36.252,2.6676720569998906,1,0.5806504487991333,4.385753000406112,29.254377999677672,2.0,4714.546875,12.0,1371.125
yolo11s.pt,3,horizontal_fast,81,2026-09-09,21:43:36.288,2026-09-09T21:43:36.288,2.703721908999796,1,0.29513368010520935,4.337663000114844,33.22193199983303,3.5,4714.546875,12.0,1371.125
yolo11s.pt,3,horizontal_fast,82,2026-09-09,21:43:36.320,2026-09-09T21:43:36.320,2.7356651959999,1,0.3689093291759491,4.36688400031926,29.178178000165644,2.0,4714.54296875,12.0,1371.125
yolo11s.pt,3,horizontal_fast,83,2026-09-09,21:43:36.352,2026-09-09T21:43:36.352,2.767691413999728,1,0.2324185073375702,4.354083000180253,29.242958000395447,3.8,4714.54296875,12.0,1371.125
yolo11s.pt,3,horizontal_fast,84,2026-09-09,21:43:36.388,2026-09-09T21:43:36.388,2.8036066959998607,1,0.5706720352172852,4.344413999660901,33.108803000232,3.5,4714.54296875,12.0,1371.125
yolo11s.pt,3,horizontal_fast,85,2026-09-09,21:43:36.420,2026-09-09T21:43:36.420,2.835645203999775,1,0.3259294331073761,4.379713000162155,29.308237999885023,2.0,4714.54296875,12.0,1371.125
yolo11s.pt,3,horizontal_fast,86,2026-09-09,21:43:36.452,2026-09-09T21:43:36.452,2.867694510999627,1,0.5254812836647034,4.360043000360747,29.242067999803112,2.0,4714.54296875,12.0,1371.125
yolo11s.pt,3,horizontal_fast,87,2026-09-09,21:43:36.488,2026-09-09T21:43:36.488,2.903650302999722,1,0.4266801178455353,4.363133999959246,33.189053000114654,3.5,4714.54296875,12.0,1371.125
yolo11s.pt,3,horizontal_fast,88,2026-09-09,21:43:36.520,2026-09-09T21:43:36.520,2.9356591910000134,1,0.25647008419036865,4.447394000180793,29.374188000019785,3.8,4714.54296875,12.0,1371.125
yolo11s.pt,3,horizontal_fast,89,2026-09-09,21:43:36.552,2026-09-09T21:43:36.552,2.96762366799976,1,0.7866811156272888,4.337483000199427,29.009918999690854,2.0,4714.54296875,12.0,1371.125
yolo11s.pt,3,horizontal_fast,90,2026-09-09,21:43:36.588,2026-09-09T21:43:36.588,3.00351523099971,1,0.4665602743625641,4.279152999970393,33.044324000002234,3.4,4714.95703125,12.0,1371.125
yolo11s.pt,3,horizontal_fast,91,2026-09-09,21:43:36.620,2026-09-09T21:43:36.620,3.035711997999897,1,0.6153540015220642,4.3777330001830705,29.469967000295583,2.0,4714.95703125,12.0,1371.125
yolo11s.pt,3,horizontal_fast,92,2026-09-09,21:43:36.652,2026-09-09T21:43:36.652,3.0676987849997204,1,0.5831096768379211,4.405332999795064,29.225467999822285,3.8,4714.95703125,12.0,1371.125
yolo11s.pt,3,horizontal_fast,93,2026-09-09,21:43:36.688,2026-09-09T21:43:36.688,3.1036465669999416,1,0.5026773810386658,4.322163999859185,33.09781300004033,3.4,4714.95703125,12.0,1371.125
yolo11s.pt,3,horizontal_fast,94,2026-09-09,21:43:36.720,2026-09-09T21:43:36.720,3.135640394999882,1,0.5247169733047485,4.360583000106999,29.261048000080336,2.0,4714.95703125,12.0,1371.125
yolo11s.pt,3,horizontal_fast,95,2026-09-09,21:43:36.752,2026-09-09T21:43:36.752,3.167708391999895,1,0.6194208860397339,4.392982999888773,29.35234799997488,3.8,4714.95703125,12.0,1371.125
yolo11s.pt,3,horizontal_fast,96,2026-09-09,21:43:36.788,2026-09-09T21:43:36.788,3.2036650539998845,1,0.28266701102256775,4.370524000023579,33.15155300015249,1.8,4714.95703125,12.0,1371.125
yolo11s.pt,3,horizontal_fast,97,2026-09-09,21:43:36.820,2026-09-09T21:43:36.820,3.2356176220000634,1,0.3704070746898651,4.390422999676957,29.203198000232078,3.9,4714.95703125,12.0,1371.125
yolo11s.pt,3,horizontal_fast,98,2026-09-09,21:43:36.852,2026-09-09T21:43:36.852,3.2676747000000432,1,0.6519092321395874,4.386264000004303,29.272018000028766,3.8,4714.95703125,12.0,1371.125
yolo11s.pt,3,horizontal_fast,99,2026-09-09,21:43:36.888,2026-09-09T21:43:36.888,3.3036987020000197,1,0.2361496239900589,4.360472999906051,33.20299300003171,3.5,4715.43359375,12.0,1371.125
yolo11s.pt,3,horizontal_fast,100,2026-09-09,21:43:36.920,2026-09-09T21:43:36.920,3.3356774889998633,1,0.5955199003219604,4.36521299980086,29.19960799999899,3.8,4715.1875,12.0,1371.125
yolo11s.pt,3,horizontal_fast,101,2026-09-09,21:43:36.956,2026-09-09T21:43:36.956,3.371577571999751,1,0.535711407661438,4.35478300005343,33.12030400002186,1.8,4715.1875,12.0,1371.125
yolo11s.pt,3,horizontal_fast,102,2026-09-09,21:43:36.988,2026-09-09T21:43:36.988,3.403703119000056,1,0.3456382751464844,4.486961999646155,29.465446999893175,2.0,4715.1875,12.0,1371.125
yolo11s.pt,3,horizontal_fast,103,2026-09-09,21:43:37.020,2026-09-09T21:43:37.020,3.4356700859998455,1,0.4230480492115021,4.427762999966944,29.14012900009766,3.8,4715.1875,12.0,1371.125
yolo11s.pt,3,horizontal_fast,104,2026-09-09,21:43:37.056,2026-09-09T21:43:37.056,3.471615568999823,1,0.23681342601776123,4.370563000065886,33.11404299984133,3.4,4715.1875,12.0,1371.125
yolo11s.pt,3,horizontal_fast,105,2026-09-09,21:43:37.088,2026-09-09T21:43:37.088,3.503671825999845,1,0.4296829402446747,4.356853000444971,29.277948000071774,2.0,4715.1875,12.0,1371.125
yolo11s.pt,3,horizontal_fast,106,2026-09-09,21:43:37.120,2026-09-09T21:43:37.120,3.5356103639996945,1,0.37844112515449524,4.378523000013956,29.17076799985807,3.8,4715.1875,12.0,1371.125
yolo11s.pt,3,horizontal_fast,107,2026-09-09,21:43:37.156,2026-09-09T21:43:37.156,3.5717253549996713,1,0.36986637115478516,4.408363000038662,33.374102000379935,3.4,4715.1875,12.0,1371.125
yolo11s.pt,3,horizontal_fast,108,2026-09-09,21:43:37.188,2026-09-09T21:43:37.188,3.603551922999941,1,0.6419657468795776,4.382294000151887,29.00892899970131,2.0,4715.1875,12.0,1367.375
yolo11s.pt,3,horizontal_fast,109,2026-09-09,21:43:37.220,2026-09-09T21:43:37.220,3.6356789409996964,1,0.3902398347854614,4.392393000216543,29.36812700045266,5.7,4715.1875,12.0,1367.375
yolo11s.pt,3,horizontal_fast,110,2026-09-09,21:43:37.256,2026-09-09T21:43:37.256,3.67169190300001,1,0.553026556968689,4.387182999835204,33.21515300012834,1.8,4715.1875,12.0,1367.375
yolo11s.pt,3,horizontal_fast,111,2026-09-09,21:43:37.288,2026-09-09T21:43:37.288,3.703644169999734,1,0.6428930759429932,4.501292999975703,29.337986999962595,4.0,4714.8515625,12.0,1371.1875
yolo11s.pt,3,horizontal_fast,112,2026-09-09,21:43:37.320,2026-09-09T21:43:37.320,3.7356821680000394,1,0.7931745052337646,4.425044000072376,29.093949000071007,3.8,4714.8515625,12.0,1371.1875
yolo11s.pt,3,horizontal_fast,113,2026-09-09,21:43:37.356,2026-09-09T21:43:37.356,3.771702129999994,1,0.6381308436393738,4.391793000195321,33.21364200019161,1.8,4714.8515625,12.0,1371.1875
yolo11s.pt,3,horizontal_fast,114,2026-09-09,21:43:37.388,2026-09-09T21:43:37.388,3.803697376999935,0,0.0,4.229663999922195,28.934959000253002,5.8,4714.8515625,12.0,1371.1875
yolo11s.pt,3,horizontal_fast,115,2026-09-09,21:43:37.420,2026-09-09T21:43:37.420,3.8358132539997314,1,0.5287220478057861,4.381663000003755,29.602466999676835,2.0,4714.8515625,12.0,1371.1875
yolo11s.pt,3,horizontal_fast,116,2026-09-09,21:43:37.456,2026-09-09T21:43:37.456,3.871710186999735,1,0.6317554116249084,4.335713000273245,33.0737140002384,1.8,4714.8515625,12.0,1371.1875
yolo11s.pt,3,horizontal_fast,117,2026-09-09,21:43:37.488,2026-09-09T21:43:37.488,3.9038352539996595,1,0.4525548219680786,4.358773000149085,29.38148800012641,3.9,4714.8515625,12.0,1371.1875
yolo11s.pt,3,horizontal_fast,118,2026-09-09,21:43:37.520,2026-09-09T21:43:37.520,3.935727231999863,1,0.521639883518219,4.371063000235154,29.124158999820793,2.0,4714.8515625,12.0,1371.1875
yolo11s.pt,3,horizontal_fast,119,2026-09-09,21:43:37.556,2026-09-09T21:43:37.556,3.9717953639997177,1,0.44971734285354614,4.357903000254737,33.289831999809394,1.8,4715.08203125,12.0,1371.1875
yolo11s.pt,3,horizontal_fast,120,2026-09-09,21:43:37.588,2026-09-09T21:43:37.588,4.0038148109997564,1,0.391356885433197,4.366872999980842,29.22599800012904,3.9,4715.08203125,12.0,1371.1875
yolo11s.pt,3,horizontal_fast,121,2026-09-09,21:43:37.620,2026-09-09T21:43:37.620,4.035737678999794,0,0.0,4.174354000042513,28.839529999913793,3.8,4715.08203125,12.0,1371.1875
yolo11s.pt,3,horizontal_fast,122,2026-09-09,21:43:37.656,2026-09-09T21:43:37.656,4.071755820999897,1,0.2729915976524353,4.462803000023996,33.618370999647595,1.8,4715.328125,12.0,1371.1875
yolo11s.pt,3,horizontal_fast,123,2026-09-09,21:43:37.688,2026-09-09T21:43:37.688,4.10399041699975,0,0.0,4.162924999945972,29.094978000102856,3.8,4715.328125,11.0,1371.1875
yolo11s.pt,3,horizontal_fast,124,2026-09-09,21:43:37.720,2026-09-09T21:43:37.720,4.135894945000018,0,0.0,4.298584000025585,29.23977799991917,2.0,4715.328125,11.0,1371.1875
yolo11s.pt,3,horizontal_fast,125,2026-09-09,21:43:37.756,2026-09-09T21:43:37.756,4.171689057999629,1,0.383060097694397,4.4452530000853585,33.25445300015417,3.4,4715.328125,11.0,1371.1875
yolo11s.pt,3,horizontal_fast,126,2026-09-09,21:43:37.788,2026-09-09T21:43:37.788,4.203629255999658,1,0.27507951855659485,4.481803000089712,29.193498000040563,5.8,4715.30859375,11.0,1371.4375
yolo11s.pt,3,horizontal_fast,127,2026-09-09,21:43:37.820,2026-09-09T21:43:37.820,4.2358358229998885,0,0.0,4.334303000177897,29.189168000357313,2.0,4715.30859375,11.0,1371.4375
yolo11s.pt,3,horizontal_fast,128,2026-09-09,21:43:37.856,2026-09-09T21:43:37.856,4.271891644999869,1,0.2719510793685913,4.382532999898103,33.40156200010824,3.4,4715.55078125,11.0,1371.4375
yolo11s.pt,3,horizontal_fast,129,2026-09-09,21:43:37.888,2026-09-09T21:43:37.888,4.303836251999655,1,0.41301122307777405,4.3502039998202235,29.18169799977477,3.9,4715.55078125,11.0,1371.4375
yolo11s.pt,3,horizontal_fast,130,2026-09-09,21:43:37.920,2026-09-09T21:43:37.920,4.3357286399996156,1,0.7904210090637207,4.388793000089208,29.158957999698032,2.0,4715.55078125,11.0,1371.4375
yolo11s.pt,3,horizontal_fast,131,2026-09-09,21:43:37.956,2026-09-09T21:43:37.956,4.371786881999924,1,0.3508020043373108,4.3579639996096375,33.24695299988889,5.1,4715.55078125,11.0,1371.4375
yolo11s.pt,3,horizontal_fast,132,2026-09-09,21:43:37.988,2026-09-09T21:43:37.988,4.40380290999974,1,0.6516071557998657,4.3478729999151255,29.212849000032293,3.9,4715.55078125,11.0,1371.4375
yolo11s.pt,3,horizontal_fast,133,2026-09-09,21:43:38.020,2026-09-09T21:43:38.020,4.435764346999804,1,0.6150345802307129,4.378523000013956,29.272127999774966,2.0,4715.55078125,11.0,1371.4375
yolo11s.pt,3,horizontal_fast,134,2026-09-09,21:43:38.056,2026-09-09T21:43:38.056,4.4716906499998,1,0.8266540765762329,4.405582999879698,33.13621300003433,3.4,4715.55078125,11.0,1371.4375
yolo11s.pt,3,horizontal_fast,135,2026-09-09,21:43:38.088,2026-09-09T21:43:38.088,4.503672967000057,1,0.6569289565086365,4.420363000008365,29.184277999775077,2.0,4715.55078125,11.0,1371.4375
yolo11s.pt,3,horizontal_fast,136,2026-09-09,21:43:38.120,2026-09-09T21:43:38.120,4.535705575000065,1,0.1640937626361847,4.429603000062343,29.23016800014011,3.8,4715.55078125,11.0,1371.4375
yolo11s.pt,3,horizontal_fast,137,2026-09-09,21:43:38.156,2026-09-09T21:43:38.156,4.571710057000018,1,0.693568229675293,4.357493000043178,33.171853000112606,1.8,4715.55078125,11.0,1371.4375
yolo11s.pt,3,horizontal_fast,138,2026-09-09,21:43:38.188,2026-09-09T21:43:38.188,4.603826923999804,1,0.3078712821006775,4.405733000112377,29.35865700010254,3.9,4715.55078125,12.0,1371.4375
yolo11s.pt,3,horizontal_fast,139,2026-09-09,21:43:38.224,2026-09-09T21:43:38.224,4.639622186999986,1,0.41681987047195435,4.366332999779843,33.02352399987285,1.8,4715.55078125,12.0,1371.4375
yolo11s.pt,3,horizontal_fast,140,2026-09-09,21:43:38.256,2026-09-09T21:43:38.256,4.671640893999665,1,0.5417935848236084,4.355743999894912,29.175447999932658,3.8,4715.55078125,12.0,1371.4375
yolo11s.pt,3,horizontal_fast,141,2026-09-09,21:43:38.288,2026-09-09T21:43:38.288,4.70374626199964,1,0.6779722571372986,4.378124000140815,29.342556999836233,2.0,4715.55078125,12.0,1371.4375
yolo11s.pt,3,horizontal_fast,142,2026-09-09,21:43:38.324,2026-09-09T21:43:38.324,4.739639063999675,1,0.46663907170295715,4.342433000147139,32.96358399984456,1.8,4715.55078125,12.0,1371.4375
yolo11s.pt,3,horizontal_fast,143,2026-09-09,21:43:38.356,2026-09-09T21:43:38.356,4.771703970999624,1,0.38503724336624146,4.484723000132362,29.466087999935553,3.8,4715.55078125,12.0,1371.4375
yolo11s.pt,3,horizontal_fast,144,2026-09-09,21:43:38.388,2026-09-09T21:43:38.388,4.803656308999962,1,0.414449542760849,4.401852999762923,29.094239000187372,2.0,4715.55078125,12.0,1371.4375
yolo11s.pt,3,horizontal_fast,145,2026-09-09,21:43:38.424,2026-09-09T21:43:38.424,4.839890960000048,1,0.6188706159591675,4.354214000159118,33.428081999772985,1.8,4715.55078125,12.0,1371.4375
yolo11s.pt,3,horizontal_fast,146,2026-09-09,21:43:38.456,2026-09-09T21:43:38.456,4.871759487999952,1,0.5447526574134827,4.348812999978691,29.092837999996846,3.8,4715.55078125,12.0,1371.4375
yolo11s.pt,3,horizontal_fast,147,2026-09-09,21:43:38.488,2026-09-09T21:43:38.488,4.903980824999962,1,0.3778982162475586,4.376462999971409,29.444067999975232,2.0,4715.55078125,12.0,1371.4375
yolo11s.pt,3,horizontal_fast,148,2026-09-09,21:43:38.524,2026-09-09T21:43:38.524,4.939704067999628,1,0.3784032464027405,4.399852999995346,32.9174140001669,3.5,4715.55078125,12.0,1371.4375
yolo11s.pt,3,horizontal_fast,149,2026-09-09,21:43:38.556,2026-09-09T21:43:38.556,4.9717933049996645,1,0.5576524138450623,4.404123999847798,29.33612800006813,3.8,4715.55078125,12.0,1371.4375
yolo11s.pt,3,horizontal_fast,150,2026-09-09,21:43:38.588,2026-09-09T21:43:38.588,5.003721473000041,1,0.26649707555770874,4.432422999798291,29.184469000028912,3.9,4715.6953125,12.0,1371.4375
yolo11s.pt,3,horizontal_fast,151,2026-09-09,21:43:38.624,2026-09-09T21:43:38.624,5.039807184999972,1,0.3177303075790405,4.375543000151083,33.23380300025747,1.8,4715.6953125,12.0,1371.4375
yolo11s.pt,3,horizontal_fast,152,2026-09-09,21:43:38.656,2026-09-09T21:43:38.656,5.0718868919998386,1,0.4669395983219147,4.342552999787586,29.264708000027895,3.8,4715.6953125,12.0,1371.4375
yolo11s.pt,3,horizontal_fast,153,2026-09-09,21:43:38.688,2026-09-09T21:43:38.688,5.103855619999649,1,0.3459206521511078,4.349652999735554,29.199747999882675,2.0,4715.6953125,11.0,1371.4375
yolo11s.pt,3,horizontal_fast,154,2026-09-09,21:43:38.724,2026-09-09T21:43:38.724,5.13975893199995,0,0.0,4.595031999997445,33.20318199985195,1.8,4715.6953125,11.0,1371.4375
yolo11s.pt,3,horizontal_fast,155,2026-09-09,21:43:38.756,2026-09-09T21:43:38.756,5.171702789999927,1,0.1545480191707611,4.299643000194919,28.994818999763083,3.8,4715.6953125,11.0,1371.4375
yolo11s.pt,3,horizontal_fast,156,2026-09-09,21:43:38.788,2026-09-09T21:43:38.788,5.203679156999897,1,0.5510267019271851,4.344483999830118,29.177418000017497,2.0,4715.6953125,11.0,1371.4375
yolo11s.pt,3,horizontal_fast,157,2026-09-09,21:43:38.824,2026-09-09T21:43:38.824,5.239685589999681,1,0.4703196585178375,4.501551999965159,33.40407199993933,6.8,4716.54296875,11.0,1377.3125
yolo11s.pt,3,horizontal_fast,158,2026-09-09,21:43:38.856,2026-09-09T21:43:38.856,5.271738326999639,1,0.4976222813129425,4.525071999978536,29.282768000030046,3.9,4717.40234375,11.0,1378.0
yolo11s.pt,3,horizontal_fast,159,2026-09-09,21:43:38.888,2026-09-09T21:43:38.888,5.30371375499999,0,0.0,4.23576299999695,28.76453999988371,2.0,4717.6484375,11.0,1378.0
yolo11s.pt,3,horizontal_fast,160,2026-09-09,21:43:38.924,2026-09-09T21:43:38.924,5.339746226999978,0,0.0,4.182313000001159,33.14917300031084,5.1,4717.6484375,11.0,1378.0
yolo11s.pt,3,horizontal_fast,161,2026-09-09,21:43:38.956,2026-09-09T21:43:38.956,5.371762234000016,1,0.5349458456039429,4.349552999883599,29.488047000086226,3.8,4717.40234375,11.0,1378.0
yolo11s.pt,3,horizontal_fast,162,2026-09-09,21:43:38.988,2026-09-09T21:43:38.988,5.4036662119997345,1,0.388638436794281,4.399092999847198,29.137968000213732,2.0,4717.40234375,11.0,1378.0
yolo11s.pt,3,horizontal_fast,163,2026-09-09,21:43:39.024,2026-09-09T21:43:39.024,5.439632613999947,0,0.0,4.156203999627905,32.83675400007269,3.5,4717.15625,11.0,1378.0
yolo11s.pt,3,horizontal_fast,164,2026-09-09,21:43:39.056,2026-09-09T21:43:39.056,5.471722290999878,1,0.5344089269638062,4.346994000115956,29.604806999941502,1.9,4717.64453125,11.0,1378.0
yolo11s.pt,3,horizontal_fast,165,2026-09-09,21:43:39.088,2026-09-09T21:43:39.088,5.503630358999999,1,0.5547201633453369,4.392242999983864,28.94279900010588,2.0,4717.3984375,11.0,1378.0
yolo11s.pt,3,horizontal_fast,166,2026-09-09,21:43:39.124,2026-09-09T21:43:39.124,5.53971656099975,1,0.7348394989967346,4.34935300017969,33.24222299988833,1.8,4717.3984375,11.0,1378.0
yolo11s.pt,3,horizontal_fast,167,2026-09-09,21:43:39.156,2026-09-09T21:43:39.156,5.571680108999772,1,0.38484442234039307,4.371332999653532,29.19553800029462,5.7,4717.3984375,11.0,1378.0
yolo11s.pt,3,horizontal_fast,168,2026-09-09,21:43:39.188,2026-09-09T21:43:39.188,5.603743696000038,1,0.41974759101867676,4.35303299991574,29.245017999983247,3.9,4717.3984375,11.0,1378.0
yolo11s.pt,3,horizontal_fast,169,2026-09-09,21:43:39.224,2026-09-09T21:43:39.224,5.6397578279998015,1,0.4295712113380432,4.485702999772911,33.37387200008379,1.7,4717.640625,11.0,1378.0
yolo11s.pt,3,horizontal_fast,170,2026-09-09,21:43:39.256,2026-09-09T21:43:39.256,5.672037433999776,1,0.1924508512020111,4.354694000085146,29.312147000382538,3.9,4717.640625,11.0,1378.0
yolo11s.pt,3,horizontal_fast,171,2026-09-09,21:43:39.288,2026-09-09T21:43:39.288,5.703757902999769,1,0.4865990877151489,4.357942999831721,28.932559000168112,2.0,4717.640625,11.0,1377.6875
yolo11s.pt,3,horizontal_fast,172,2026-09-09,21:43:39.324,2026-09-09T21:43:39.324,5.739663135999763,1,0.24527299404144287,4.425343000093562,33.17818300001818,1.8,4717.640625,11.0,1377.6875
yolo11s.pt,3,horizontal_fast,173,2026-09-09,21:43:39.356,2026-09-09T21:43:39.356,5.771750333,1,0.17755809426307678,4.505441999754112,29.386017999968317,3.8,4717.640625,11.0,1377.6875
yolo11s.pt,3,horizontal_fast,174,2026-09-09,21:43:39.388,2026-09-09T21:43:39.388,5.803629381000064,1,0.16466055810451508,4.514653000114777,29.14877900002466,4.0,4717.640625,11.0,1377.625
yolo11s.pt,3,horizontal_fast,175,2026-09-09,21:43:39.424,2026-09-09T21:43:39.424,5.839771691999886,0,0.0,4.176653999820701,32.9183839999132,1.8,4717.640625,11.0,1377.625
yolo11s.pt,3,horizontal_fast,176,2026-09-09,21:43:39.456,2026-09-09T21:43:39.456,5.871811769000033,0,0.0,4.172443999777897,29.173987999911333,2.0,4717.640625,11.0,1377.625
yolo11s.pt,3,horizontal_fast,177,2026-09-09,21:43:39.492,2026-09-09T21:43:39.492,5.907818811999732,0,0.0,4.1963539997595944,33.25570200013317,3.4,4717.640625,11.0,1377.625
yolo11s.pt,3,horizontal_fast,178,2026-09-09,21:43:39.524,2026-09-09T21:43:39.524,5.939746990000003,1,0.28356319665908813,4.360983999958989,29.374076999829413,2.0,4717.640625,11.0,1377.625
yolo11s.pt,3,horizontal_fast,179,2026-09-09,21:43:39.556,2026-09-09T21:43:39.556,5.9717254369998045,1,0.3946692943572998,4.3207730000176525,29.1189489998942,3.9,4717.34375,11.0,1377.625
yolo11s.pt,3,horizontal_fast,180,2026-09-09,21:43:39.592,2026-09-09T21:43:39.592,6.007673519000036,1,0.5560989379882812,4.483382999751484,33.32446299964431,3.4,4717.34375,11.0,1377.625
yolo11s.pt,3,horizontal_fast,181,2026-09-09,21:43:39.624,2026-09-09T21:43:39.624,6.039712096999665,1,0.4825727343559265,4.4012130001647165,29.157067999676656,2.0,4717.34375,11.0,1377.625
yolo11s.pt,3,horizontal_fast,182,2026-09-09,21:43:39.656,2026-09-09T21:43:39.656,6.071736663999673,1,0.45207881927490234,4.47640299989871,29.28895700006251,5.7,4717.34765625,11.0,1377.625
yolo11s.pt,3,horizontal_fast,183,2026-09-09,21:43:39.692,2026-09-09T21:43:39.692,6.107711295999707,1,0.7620078921318054,4.386742999940907,33.14004300000306,1.8,4717.34765625,11.0,1377.625
yolo11s.pt,3,horizontal_fast,184,2026-09-09,21:43:39.724,2026-09-09T21:43:39.724,6.139719343999786,1,0.7107480764389038,4.811540999980934,29.62153699991177,3.8,4717.34765625,11.0,1377.625
yolo11s.pt,3,horizontal_fast,185,2026-09-09,21:43:39.756,2026-09-09T21:43:39.756,6.171718821000013,1,0.1713850349187851,4.352692999873398,28.770760000043083,2.0,4717.34765625,11.0,1377.625
yolo11s.pt,3,horizontal_fast,186,2026-09-09,21:43:39.792,2026-09-09T21:43:39.792,6.207655144,1,0.6797089576721191,4.329322999637952,33.10284300005151,1.8,4717.34765625,11.0,1377.625
yolo11s.pt,3,horizontal_fast,187,2026-09-09,21:43:39.824,2026-09-09T21:43:39.824,6.239713291000044,1,0.6170572638511658,4.333173000304669,29.281818000072235,2.0,4717.34765625,11.0,1377.625
yolo11s.pt,3,horizontal_fast,188,2026-09-09,21:43:39.856,2026-09-09T21:43:39.856,6.271644748999734,1,0.39803484082221985,4.38247300007788,29.179828999986057,5.8,4717.34765625,11.0,1377.625
yolo11s.pt,3,horizontal_fast,189,2026-09-09,21:43:39.892,2026-09-09T21:43:39.892,6.307642710999971,1,0.49020054936408997,4.359383000064554,33.184922999680566,3.4,4717.34765625,11.0,1377.625
yolo11s.pt,3,horizontal_fast,190,2026-09-09,21:43:39.924,2026-09-09T21:43:39.924,6.339704038000036,1,0.5812000036239624,4.3506330002855975,29.236807999950543,3.9,4717.34765625,11.0,1377.625
yolo11s.pt,3,horizontal_fast,191,2026-09-09,21:43:39.956,2026-09-09T21:43:39.956,6.371805814999789,0,0.0,4.180303999874013,29.045389000202704,2.0,4717.34765625,11.0,1377.625
yolo11s.pt,3,horizontal_fast,192,2026-09-09,21:43:39.992,2026-09-09T21:43:39.992,6.407744648000062,1,0.37695279717445374,4.322322999996686,33.394123000107356,1.8,4717.58984375,11.0,1377.625
yolo11s.pt,3,horizontal_fast,193,2026-09-09,21:43:40.024,2026-09-09T21:43:40.024,6.43968744499989,1,0.4346412718296051,4.314633999911166,29.17464799975278,2.0,4717.58984375,11.0,1377.625
yolo11s.pt,3,horizontal_fast,194,2026-09-09,21:43:40.056,2026-09-09T21:43:40.056,6.471622442999887,1,0.5064738988876343,4.348883000147907,29.188347999934194,3.8,4717.58984375,11.0,1377.625
yolo11s.pt,3,horizontal_fast,195,2026-09-09,21:43:40.092,2026-09-09T21:43:40.092,6.5077175049996185,1,0.32442453503608704,4.487242999857699,33.42510200036486,1.8,4717.58984375,11.0,1377.625
yolo11s.pt,3,horizontal_fast,196,2026-09-09,21:43:40.124,2026-09-09T21:43:40.124,6.539686732000064,1,0.22840702533721924,4.366663999917364,29.024177999872336,3.9,4717.58984375,11.0,1377.625
yolo11s.pt,3,horizontal_fast,197,2026-09-09,21:43:40.156,2026-09-09T21:43:40.156,6.5717179499997656,1,0.5471751093864441,4.363862999980483,29.263148000154615,2.0,4717.58984375,11.0,1377.625
yolo11s.pt,3,horizontal_fast,198,2026-09-09,21:43:40.192,2026-09-09T21:43:40.192,6.607783671999641,1,0.5458082556724548,4.342943000210653,33.30754299986438,1.8,4717.58984375,11.0,1377.625
yolo11s.pt,3,horizontal_fast,199,2026-09-09,21:43:40.224,2026-09-09T21:43:40.224,6.6397945489998165,1,0.6872650384902954,4.3492539998624125,29.245818000163126,5.7,4717.58984375,11.0,1377.625
yolo11s.pt,3,horizontal_fast,200,2026-09-09,21:43:40.256,2026-09-09T21:43:40.256,6.671831586999815,0,0.0,4.184514999906241,28.96978900025715,2.0,4717.58984375,11.0,1377.625
yolo11s.pt,3,horizontal_fast,201,2026-09-09,21:43:40.292,2026-09-09T21:43:40.292,6.707785129000058,1,0.34703925251960754,4.3327430003046175,33.43672200026049,1.8,4717.58984375,11.0,1373.5
yolo11s.pt,3,horizontal_fast,202,2026-09-09,21:43:40.324,2026-09-09T21:43:40.324,6.739914375999888,1,0.5311737656593323,4.348962999756623,29.328548000194132,3.8,4717.58984375,11.0,1373.5
yolo11s.pt,3,horizontal_fast,203,2026-09-09,21:43:40.356,2026-09-09T21:43:40.356,6.771888213999773,1,0.5138033032417297,4.336903000421444,29.137938000076247,2.0,4717.58984375,11.0,1373.5
yolo11s.pt,3,horizontal_fast,204,2026-09-09,21:43:40.392,2026-09-09T21:43:40.392,6.807796545999736,1,0.35523343086242676,4.389922999962437,33.16522300019642,3.4,4717.8359375,11.0,1373.5
yolo11s.pt,3,horizontal_fast,205,2026-09-09,21:43:40.424,2026-09-09T21:43:40.424,6.839767993999885,1,0.33446481823921204,4.595511999923474,29.397878000054334,2.0,4717.8359375,11.0,1373.5
yolo11s.pt,3,horizontal_fast,206,2026-09-09,21:43:40.456,2026-09-09T21:43:40.456,6.871840621000047,0,0.0,4.209054000057222,28.77768999996988,2.0,4717.8359375,11.0,1373.5
yolo11s.pt,3,horizontal_fast,207,2026-09-09,21:43:40.492,2026-09-09T21:43:40.492,6.907980371999656,1,0.6257014870643616,4.377744000066741,33.59158100010973,3.4,4717.8359375,11.0,1373.5
yolo11s.pt,3,horizontal_fast,208,2026-09-09,21:43:40.524,2026-09-09T21:43:40.524,6.939954250000028,1,0.3895129859447479,4.334653000114486,29.129998999906093,3.8,4717.8359375,11.0,1373.5
yolo11s.pt,3,horizontal_fast,209,2026-09-09,21:43:40.556,2026-09-09T21:43:40.556,6.971873647999928,1,0.4312360882759094,4.386232999877393,29.20836800012694,3.9,4717.58984375,11.0,1373.5
yolo11s.pt,3,horizontal_fast,210,2026-09-09,21:43:40.592,2026-09-09T21:43:40.592,7.007682891000059,1,0.6114649176597595,4.35824300029708,32.94360299969412,3.4,4717.58984375,11.0,1373.5
yolo11s.pt,3,horizontal_fast,211,2026-09-09,21:43:40.624,2026-09-09T21:43:40.624,7.03968311799963,1,0.2794010639190674,4.335323999839602,29.172878000281344,2.0,4717.58984375,11.0,1373.5
yolo11s.pt,3,horizontal_fast,212,2026-09-09,21:43:40.660,2026-09-09T21:43:40.660,7.075795599999765,1,0.6027938723564148,4.402972999741905,33.38950299985299,3.4,4717.58984375,11.0,1373.5
yolo11s.pt,3,horizontal_fast,213,2026-09-09,21:43:40.692,2026-09-09T21:43:40.692,7.107673827999861,1,0.47054916620254517,4.375562999939575,29.098798999712017,2.0,4717.58984375,11.0,1373.5
yolo11s.pt,3,horizontal_fast,214,2026-09-09,21:43:40.724,2026-09-09T21:43:40.724,7.139720794999903,0,0.0,4.265523999947618,29.036459000053583,3.9,4717.58984375,11.0,1373.5
yolo11s.pt,3,horizontal_fast,215,2026-09-09,21:43:40.760,2026-09-09T21:43:40.760,7.175686387000042,1,0.36689719557762146,4.372693999812327,33.400481999706244,3.4,4717.58984375,11.0,1373.5
yolo11s.pt,3,horizontal_fast,216,2026-09-09,21:43:40.792,2026-09-09T21:43:40.792,7.207684754999718,1,0.414578914642334,4.344853000020521,29.17980800020814,2.0,4717.58984375,11.0,1373.5
yolo11s.pt,3,horizontal_fast,217,2026-09-09,21:43:40.824,2026-09-09T21:43:40.824,7.239720551999653,0,0.0,4.192234000129247,28.964438999992126,3.9,4717.58984375,11.0,1373.5
yolo11s.pt,3,horizontal_fast,218,2026-09-09,21:43:40.860,2026-09-09T21:43:40.860,7.275644694999755,1,0.63103187084198,4.405792999932601,33.46973199995773,3.4,4718.06640625,11.0,1373.5
yolo11s.pt,3,horizontal_fast,219,2026-09-09,21:43:40.892,2026-09-09T21:43:40.892,7.307632101999843,1,0.2732780873775482,4.464672999802133,29.273118000219256,3.8,4718.06640625,11.0,1373.5
yolo11s.pt,3,horizontal_fast,220,2026-09-09,21:43:40.924,2026-09-09T21:43:40.924,7.339567049999914,1,0.30822357535362244,4.361382999832131,29.006819000187534,2.0,4718.06640625,11.0,1373.5
yolo11s.pt,3,horizontal_fast,221,2026-09-09,21:43:40.960,2026-09-09T21:43:40.960,7.375727110999833,1,0.7160061001777649,4.396154000005481,33.39672199990673,3.4,4718.06640625,11.0,1373.5
yolo11s.pt,3,horizontal_fast,222,2026-09-09,21:43:40.992,2026-09-09T21:43:40.992,7.407619499999782,1,0.7901806235313416,4.339854000136256,29.02263799978755,2.0,4718.06640625,11.0,1373.5
yolo11s.pt,3,horizontal_fast,223,2026-09-09,21:43:41.024,2026-09-09T21:43:41.024,7.4397535169996445,1,0.3354707360267639,4.3309739999131125,29.33678699992015,2.0,4718.06640625,11.0,1373.5
yolo11s.pt,3,horizontal_fast,224,2026-09-09,21:43:41.060,2026-09-09T21:43:41.060,7.475583658999767,0,0.0,4.225474000122631,32.82308400002876,1.8,4718.06640625,11.0,1373.5
yolo11s.pt,3,horizontal_fast,225,2026-09-09,21:43:41.092,2026-09-09T21:43:41.092,7.507708965999882,1,0.17940403521060944,4.397863000122015,29.67368700001316,5.8,4718.06640625,11.0,1373.5
yolo11s.pt,3,horizontal_fast,226,2026-09-09,21:43:41.124,2026-09-09T21:43:41.124,7.539697693999642,1,0.35262230038642883,4.355532999852585,29.10129900010361,2.0,4718.06640625,11.0,1373.5
yolo11s.pt,3,horizontal_fast,227,2026-09-09,21:43:41.160,2026-09-09T21:43:41.160,7.575837944999876,1,0.37231817841529846,4.379513999992923,33.38432200007446,5.1,4718.06640625,11.0,1373.5
yolo11s.pt,3,horizontal_fast,228,2026-09-09,21:43:41.192,2026-09-09T21:43:41.192,7.607750742999997,0,0.0,4.304993999994622,28.95758900012879,6.0,4718.06640625,11.0,1375.0625
yolo11s.pt,3,horizontal_fast,229,2026-09-09,21:43:41.224,2026-09-09T21:43:41.224,7.639769130999866,1,0.1906697154045105,4.4026929999745334,29.395077000117453,3.8,4718.06640625,11.0,1375.0625
yolo11s.pt,3,horizontal_fast,230,2026-09-09,21:43:41.260,2026-09-09T21:43:41.260,7.675747742999647,0,0.0,4.222453999773279,32.83558400016773,1.8,4718.06640625,11.0,1375.0625
yolo11s.pt,3,horizontal_fast,231,2026-09-09,21:43:41.292,2026-09-09T21:43:41.292,7.707825779999894,0,0.0,4.216584000005241,29.271558000345976,3.9,4718.06640625,11.0,1372.5
yolo11s.pt,3,horizontal_fast,232,2026-09-09,21:43:41.324,2026-09-09T21:43:41.324,7.739746007999656,0,0.0,4.222953999942547,29.092208999827562,2.0,4718.30859375,11.0,1372.5
yolo11s.pt,3,horizontal_fast,233,2026-09-09,21:43:41.360,2026-09-09T21:43:41.360,7.775599521000004,0,0.0,4.231623999658041,33.11408299987306,1.8,4718.30859375,11.0,1372.5
yolo11s.pt,3,horizontal_fast,234,2026-09-09,21:43:41.393,2026-09-09T21:43:41.393,7.807711248000032,1,0.31236469745635986,5.046110999955999,30.236294000133057,5.7,4718.30859375,11.0,1375.0
yolo11s.pt,3,horizontal_fast,235,2026-09-09,21:43:41.424,2026-09-09T21:43:41.424,7.839710985999773,1,0.2345728874206543,4.376104000129999,28.531251000003977,2.0,4718.30859375,11.0,1375.0
yolo11s.pt,3,horizontal_fast,236,2026-09-09,21:43:41.460,2026-09-09T21:43:41.460,7.875835586999983,1,0.2557217478752136,4.435793000084232,33.347593000144116,3.4,4718.30859375,11.0,1375.0
yolo11s.pt,3,horizontal_fast,237,2026-09-09,21:43:41.492,2026-09-09T21:43:41.492,7.907656444999702,1,0.5562571287155151,4.632763000245177,29.295658000137337,2.0,4718.3046875,11.0,1375.0
yolo11s.pt,3,horizontal_fast,238,2026-09-09,21:43:41.524,2026-09-09T21:43:41.524,7.93988248200003,1,0.5021378993988037,4.404782999699819,29.159569000057672,3.9,4718.3046875,11.0,1375.0
yolo11s.pt,3,horizontal_fast,239,2026-09-09,21:43:41.560,2026-09-09T21:43:41.560,7.975773355000001,1,0.4787154197692871,4.4049729999642295,33.09371300019848,1.8,4718.3046875,11.0,1375.0
yolo11s.pt,3,horizontal_fast,240,2026-09-09,21:43:41.592,2026-09-09T21:43:41.592,8.007772581999689,1,0.21295250952243805,4.362062999916816,29.171707999921637,5.7,4718.42578125,11.0,1375.0
yolo11s.pt,3,horizontal_fast,241,2026-09-09,21:43:41.624,2026-09-09T21:43:41.624,8.039842538999892,1,0.44730326533317566,4.449783000382013,29.35779800009186,3.9,4718.671875,11.0,1375.0
yolo11s.pt,3,horizontal_fast,242,2026-09-09,21:43:41.660,2026-09-09T21:43:41.660,8.075825431999874,1,0.48463234305381775,4.417632999775378,33.083183000144345,1.8,4718.671875,11.0,1375.0
yolo11s.pt,3,horizontal_fast,243,2026-09-09,21:43:41.692,2026-09-09T21:43:41.692,8.107793158999812,1,0.6747487187385559,4.3708939997486596,29.149737999887293,3.9,4718.671875,12.0,1375.0
yolo11s.pt,3,horizontal_fast,244,2026-09-09,21:43:41.724,2026-09-09T21:43:41.724,8.139702377000049,1,0.5436945557594299,4.4155229998068535,29.174709000017174,2.0,4718.671875,12.0,1375.0
yolo11s.pt,3,horizontal_fast,245,2026-09-09,21:43:41.760,2026-09-09T21:43:41.760,8.175759598999775,1,0.4106200933456421,4.434932999629382,33.30367299986392,1.8,4718.671875,12.0,1375.0
yolo11s.pt,3,horizontal_fast,246,2026-09-09,21:43:41.792,2026-09-09T21:43:41.792,8.20777664599973,1,0.23042339086532593,4.4037729999217845,29.222097999991092,3.8,4718.671875,12.0,1375.0
yolo11s.pt,3,horizontal_fast,247,2026-09-09,21:43:41.828,2026-09-09T21:43:41.828,8.24363244899996,1,0.1946570873260498,4.390402999888465,33.05506399965452,1.8,4718.671875,12.0,1375.0
yolo11s.pt,3,horizontal_fast,248,2026-09-09,21:43:41.860,2026-09-09T21:43:41.860,8.27582728599964,1,0.2462390512228012,4.409552999732114,29.426956999941467,3.8,4719.640625,12.0,1375.0
yolo11s.pt,3,horizontal_fast,249,2026-09-09,21:43:41.892,2026-09-09T21:43:41.892,8.307809763000023,1,0.6498145461082458,4.350593999788543,29.16319799987832,3.9,4719.640625,12.0,1375.0
yolo11s.pt,3,horizontal_fast,250,2026-09-09,21:43:41.924,2026-09-09T21:43:41.924,8.339718080999774,1,0.2766970098018646,4.416103000039584,29.16979800011177,2.0,4719.640625,12.0,1375.0
yolo11s.pt,3,horizontal_fast,251,2026-09-09,21:43:41.960,2026-09-09T21:43:41.960,8.375855702999615,1,0.5174418091773987,4.413203000240173,33.34965200019724,3.5,4719.640625,12.0,1375.0
yolo11s.pt,3,horizontal_fast,252,2026-09-09,21:43:41.992,2026-09-09T21:43:41.992,8.40773265100006,1,0.6433104872703552,4.4935119999536255,29.146838000087882,2.0,4719.640625,12.0,1375.0
yolo11s.pt,3,horizontal_fast,253,2026-09-09,21:43:42.024,2026-09-09T21:43:42.024,8.439714147999894,0,0.0,4.6553619999940565,29.24338799994075,5.8,4719.640625,12.0,1375.0
yolo11s.pt,3,horizontal_fast,254,2026-09-09,21:43:42.060,2026-09-09T21:43:42.060,8.475657690999924,1,0.4303203523159027,4.387902999951621,33.03770299999087,1.8,4719.640625,12.0,1375.0
yolo11s.pt,3,horizontal_fast,255,2026-09-09,21:43:42.092,2026-09-09T21:43:42.092,8.508076907000031,1,0.7841350436210632,4.447623000032763,29.696225999941817,2.0,4719.640625,12.0,1375.0
yolo11s.pt,3,horizontal_fast,256,2026-09-09,21:43:42.128,2026-09-09T21:43:42.128,8.54351189099998,1,0.19551967084407806,4.381053000088286,32.681884999874455,1.8,4719.640625,12.0,1375.0
yolo11s.pt,3,horizontal_fast,257,2026-09-09,21:43:42.160,2026-09-09T21:43:42.160,8.57553728799985,1,0.4579654037952423,4.396622999593092,28.941409999788448,3.9,4719.640625,12.0,1375.0
yolo11s.pt,3,horizontal_fast,258,2026-09-09,21:43:42.192,2026-09-09T21:43:42.192,8.607630434999919,1,0.25482067465782166,4.4774429998142296,29.40439800022432,3.9,4719.88671875,12.0,1375.0
yolo11s.pt,3,horizontal_fast,259,2026-09-09,21:43:42.228,2026-09-09T21:43:42.228,8.643626716999734,1,0.20723243057727814,4.407504000027984,32.86303400000179,1.8,4719.88671875,12.0,1375.0
yolo11s.pt,3,horizontal_fast,260,2026-09-09,21:43:42.260,2026-09-09T21:43:42.260,8.67564851499992,1,0.1846388280391693,4.775632000018959,29.531687000144302,3.9,4720.12890625,12.0,1375.0
yolo11s.pt,3,horizontal_fast,261,2026-09-09,21:43:42.292,2026-09-09T21:43:42.292,8.707663231999959,1,0.36962077021598816,4.377344000204175,28.834939999796916,3.9,4720.12890625,12.0,1374.8125
yolo11s.pt,3,horizontal_fast,262,2026-09-09,21:43:42.328,2026-09-09T21:43:42.328,8.743479504999868,1,0.523248553276062,4.327854000166553,32.9776639996453,1.8,4720.12890625,12.0,1374.8125
yolo11s.pt,3,horizontal_fast,263,2026-09-09,21:43:42.360,2026-09-09T21:43:42.360,8.775691322000057,1,0.4955209195613861,4.4114930001342145,29.494658000203344,3.8,4720.12890625,12.0,1374.8125
yolo11s.pt,3,horizontal_fast,264,2026-09-09,21:43:42.392,2026-09-09T21:43:42.392,8.807716138999695,1,0.48085787892341614,4.398833000323066,29.217987999800243,3.8,4720.12890625,12.0,1374.8125
yolo11s.pt,3,horizontal_fast,265,2026-09-09,21:43:42.428,2026-09-09T21:43:42.428,8.84365844199965,1,0.6973640322685242,4.413853000187373,33.189402999596496,3.5,4720.12890625,12.0,1374.8125
yolo11s.pt,3,horizontal_fast,266,2026-09-09,21:43:42.460,2026-09-09T21:43:42.460,8.875729208999928,1,0.66551673412323,4.431572999692435,29.29890700033866,2.0,4720.12890625,12.0,1374.8125
yolo11s.pt,3,horizontal_fast,267,2026-09-09,21:43:42.492,2026-09-09T21:43:42.492,8.907760315999894,1,0.7840625643730164,4.397273999984463,29.223527999874932,3.8,4720.12890625,12.0,1374.8125
yolo11s.pt,3,horizontal_fast,268,2026-09-09,21:43:42.528,2026-09-09T21:43:42.528,8.943549658999927,1,0.673745334148407,4.387714000131382,32.96031400032007,1.8,4720.12890625,12.0,1374.8125
yolo11s.pt,3,horizontal_fast,269,2026-09-09,21:43:42.560,2026-09-09T21:43:42.560,8.975740635999955,1,0.5754663944244385,4.411482999785221,29.425128000184486,3.8,4719.6796875,12.0,1374.8125
yolo11s.pt,3,horizontal_fast,270,2026-09-09,21:43:42.592,2026-09-09T21:43:42.592,9.007749973000045,1,0.5140922665596008,4.3635239999275655,29.15575799988801,2.0,4719.6796875,12.0,1374.8125
yolo11s.pt,3,horizontal_fast,271,2026-09-09,21:43:42.628,2026-09-09T21:43:42.628,9.043548635999741,1,0.2756785750389099,4.368513999907009,32.985793000079866,3.4,4719.6796875,12.0,1374.8125
yolo11s.pt,3,horizontal_fast,272,2026-09-09,21:43:42.660,2026-09-09T21:43:42.660,9.07551965399989,1,0.6102123856544495,4.371623000224645,29.15960800009998,2.0,4719.6796875,12.0,1374.8125
yolo11s.pt,3,horizontal_fast,273,2026-09-09,21:43:42.692,2026-09-09T21:43:42.692,9.107679190999988,0,0.0,4.280443999959971,29.176539000218327,3.9,4719.6796875,12.0,1374.8125
yolo11s.pt,3,horizontal_fast,274,2026-09-09,21:43:42.727,2026-09-09T21:43:42.727,9.143510153999614,0,0.0,4.158984000241617,32.94871400021293,1.8,4719.6796875,12.0,1374.8125
yolo11s.pt,3,horizontal_fast,275,2026-09-09,21:43:42.760,2026-09-09T21:43:42.760,9.175667320999764,1,0.48320305347442627,4.437352999957511,29.71624600013456,2.0,4719.6796875,12.0,1374.8125
yolo11s.pt,3,horizontal_fast,276,2026-09-09,21:43:42.792,2026-09-09T21:43:42.792,9.207715387999997,1,0.25765523314476013,4.380113000024721,29.173218000323686,3.9,4719.6796875,12.0,1374.8125
yolo11s.pt,3,horizontal_fast,277,2026-09-09,21:43:42.828,2026-09-09T21:43:42.828,9.243579750999743,1,0.4361766278743744,4.398963000312506,33.08566299983795,5.1,4719.6796875,12.0,1374.8125
yolo11s.pt,3,horizontal_fast,278,2026-09-09,21:43:42.860,2026-09-09T21:43:42.860,9.275606138000057,0,0.0,4.217543999857298,28.89418899985685,3.9,4719.4296875,12.0,1374.8125
yolo11s.pt,3,horizontal_fast,279,2026-09-09,21:43:42.892,2026-09-09T21:43:42.892,9.307668404999731,1,0.7332577109336853,4.385943999750452,29.556776999925205,2.0,4719.1484375,12.0,1374.8125
yolo11s.pt,3,horizontal_fast,280,2026-09-09,21:43:42.928,2026-09-09T21:43:42.928,9.343528588000027,1,0.21631045639514923,4.481082999973296,33.15361400018446,3.4,4719.1484375,12.0,1374.8125
yolo11s.pt,3,horizontal_fast,281,2026-09-09,21:43:42.960,2026-09-09T21:43:42.960,9.375693834999765,0,0.0,4.252134000125807,29.049389000192605,2.0,4719.1484375,12.0,1374.8125
yolo11s.pt,3,horizontal_fast,282,2026-09-09,21:43:42.992,2026-09-09T21:43:42.992,9.40758365299962,1,0.33679357171058655,4.377823000140779,29.330427999866515,3.8,4719.1484375,12.0,1374.8125
yolo11s.pt,3,horizontal_fast,283,2026-09-09,21:43:43.028,2026-09-09T21:43:43.028,9.443681024999933,1,0.38896360993385315,4.3920329999309615,33.31175199991776,1.7,4719.1484375,12.0,1374.8125
yolo11s.pt,3,horizontal_fast,284,2026-09-09,21:43:43.060,2026-09-09T21:43:43.060,9.475647131999722,0,0.0,4.234244000144827,28.84778899988305,2.0,4719.1484375,12.0,1374.8125
yolo11s.pt,3,horizontal_fast,285,2026-09-09,21:43:43.089,2026-09-09T21:43:43.089,9.505307419000019,0,0.0,4.195233999780612,26.83731799970701,2.1,4719.1484375,12.0,1374.8125
yolo11s.pt,3,horizontal_fast,286,2026-09-09,21:43:43.128,2026-09-09T21:43:43.128,9.543592841999725,1,0.17440670728683472,4.40127299998494,35.77793299973564,1.6,4719.1484375,12.0,1374.8125
yolo11s.pt,3,horizontal_fast,287,2026-09-09,21:43:43.160,2026-09-09T21:43:43.160,9.575731788999747,1,0.24667826294898987,4.4062830002076225,29.350918000091042,3.8,4719.1484375,12.0,1374.8125
yolo11s.pt,3,horizontal_fast,288,2026-09-09,21:43:43.192,2026-09-09T21:43:43.192,9.607610276999822,1,0.4324773848056793,4.376583000066603,29.058499000257143,2.0,4719.1484375,12.0,1374.8125
yolo11s.pt,3,horizontal_fast,289,2026-09-09,21:43:43.228,2026-09-09T21:43:43.228,9.643588558999909,1,0.19757220149040222,4.403464000006352,33.191973000157304,5.1,4719.1484375,12.0,1374.8125
yolo11s.pt,3,horizontal_fast,290,2026-09-09,21:43:43.260,2026-09-09T21:43:43.260,9.675701096000012,0,0.0,4.23326400004953,29.02979899999991,3.9,4719.1484375,12.0,1374.8125
yolo11s.pt,3,horizontal_fast,291,2026-09-09,21:43:43.292,2026-09-09T21:43:43.292,9.707795713999985,1,0.4151395857334137,4.471841999929893,29.648835999978473,2.0,4715.91796875,12.0,1371.5
yolo11s.pt,3,horizontal_fast,292,2026-09-09,21:43:43.327,2026-09-09T21:43:43.327,9.743469146999814,0,0.0,4.154224000103568,32.48783600020033,1.8,4715.91796875,12.0,1371.5
yolo11s.pt,3,horizontal_fast,293,2026-09-09,21:43:43.360,2026-09-09T21:43:43.360,9.775732393999988,1,0.6934890151023865,4.406692999964434,29.785056000037002,1.9,4715.91796875,12.0,1371.5
yolo11s.pt,3,horizontal_fast,294,2026-09-09,21:43:43.396,2026-09-09T21:43:43.396,9.811780155999713,1,0.3584240972995758,4.3620240003292565,33.18843199986077,3.4,4715.91796875,12.0,1371.5
yolo11s.pt,3,horizontal_fast,295,2026-09-09,21:43:43.428,2026-09-09T21:43:43.428,9.84368926299976,1,0.21204331517219543,4.330564000156301,29.093898000155605,2.0,4715.91796875,12.0,1371.5
yolo11s.pt,3,horizontal_fast,296,2026-09-09,21:43:43.460,2026-09-09T21:43:43.460,9.875771641000028,1,0.5524170994758606,4.3943440000475675,29.34143699985725,2.0,4715.91796875,12.0,1371.5
yolo11s.pt,3,horizontal_fast,297,2026-09-09,21:43:43.496,2026-09-09T21:43:43.496,9.911697253000057,1,0.26117318868637085,4.384932999982993,33.131962999959796,3.4,4715.91796875,12.0,1371.5
yolo11s.pt,3,horizontal_fast,298,2026-09-09,21:43:43.528,2026-09-09T21:43:43.528,9.94360954099966,1,0.7813076376914978,4.389013000036357,29.126607999842236,2.0,4715.91796875,12.0,1371.5
yolo11s.pt,3,horizontal_fast,299,2026-09-09,21:43:43.560,2026-09-09T21:43:43.560,9.975743547999627,1,0.6139662265777588,4.4076729996049835,29.359178000049724,3.8,4716.12890625,12.0,1371.5
yolo11s.pt,3,horizontal_fast,300,2026-09-09,21:43:43.596,2026-09-09T21:43:43.596,10.01167063999992,1,0.5632808208465576,4.369264000160911,33.07861299981596,3.4,4716.12890625,12.0,1371.5
yolo11s.pt,4,vertical,1,2026-09-09,21:43:49.201,2026-09-09T21:43:49.201,0.03189757800009829,0,0.0,5.1732000001720735,37.50466600013169,1.9,4729.90625,3.0,1373.4375
yolo11s.pt,4,vertical,2,2026-09-09,21:43:49.232,2026-09-09T21:43:49.232,0.0634293670000261,0,0.0,4.239974000029179,27.69327499981955,4.1,4729.90625,3.0,1373.4375
yolo11s.pt,4,vertical,3,2026-09-09,21:43:49.268,2026-09-09T21:43:49.268,0.09925405000012688,1,0.3495073616504669,4.476882999824738,33.6291710000296,1.7,4722.12890625,3.0,1373.4375
yolo11s.pt,4,vertical,4,2026-09-09,21:43:49.300,2026-09-09T21:43:49.300,0.1319039149998389,0,0.0,4.265072999714903,29.29228699986197,5.9,4722.1171875,3.0,1373.4375
yolo11s.pt,4,vertical,5,2026-09-09,21:43:49.332,2026-09-09T21:43:49.332,0.16338506400006736,0,0.0,4.212823999750981,28.593580000233487,2.0,4722.6015625,3.0,1373.4375
yolo11s.pt,4,vertical,6,2026-09-09,21:43:49.368,2026-09-09T21:43:49.368,0.19927596699972128,0,0.0,4.216303999783122,33.03473400001167,5.2,4722.6015625,3.0,1373.4375
yolo11s.pt,4,vertical,7,2026-09-09,21:43:49.400,2026-09-09T21:43:49.400,0.23135280399992553,0,0.0,4.2389139998704195,29.329928000151995,2.0,4722.6015625,3.0,1373.4375
yolo11s.pt,4,vertical,8,2026-09-09,21:43:49.432,2026-09-09T21:43:49.432,0.2633233219999056,0,0.0,4.228344000239304,29.163839000375447,3.8,4722.6015625,3.0,1373.4375
yolo11s.pt,4,vertical,9,2026-09-09,21:43:49.468,2026-09-09T21:43:49.468,0.299312873999952,1,0.37003374099731445,4.411663000155386,33.49329200000284,1.8,4722.6015625,3.0,1373.4375
yolo11s.pt,4,vertical,10,2026-09-09,21:43:49.500,2026-09-09T21:43:49.500,0.3313517110000248,1,0.4073849618434906,4.4155129999126075,29.24583799995162,5.7,4722.6015625,3.0,1373.4375
yolo11s.pt,4,vertical,11,2026-09-09,21:43:49.532,2026-09-09T21:43:49.532,0.3633633889999146,0,0.0,4.234553000060259,28.969828999834135,2.0,4722.6015625,3.0,1373.4375
yolo11s.pt,4,vertical,12,2026-09-09,21:43:49.568,2026-09-09T21:43:49.568,0.3995874100000947,1,0.265821635723114,4.405352999583556,33.71812100021998,1.7,4722.6015625,3.0,1373.4375
yolo11s.pt,4,vertical,13,2026-09-09,21:43:49.600,2026-09-09T21:43:49.600,0.43155581800010623,0,0.0,4.205912999623251,28.90863899983742,2.0,4722.25,3.0,1373.4375
yolo11s.pt,4,vertical,14,2026-09-09,21:43:49.636,2026-09-09T21:43:49.636,0.46731722100003026,0,0.0,4.239692999817635,33.01094299968099,3.4,4722.25,3.0,1373.4375
yolo11s.pt,4,vertical,15,2026-09-09,21:43:49.668,2026-09-09T21:43:49.668,0.4993630879998818,0,0.0,4.193174000192812,29.227607999928296,2.0,4722.4765625,3.0,1373.4375
yolo11s.pt,4,vertical,16,2026-09-09,21:43:49.700,2026-09-09T21:43:49.700,0.5315181850000954,0,0.0,4.25511399998868,29.417757999908645,2.0,4722.4765625,11.0,1373.4375
yolo11s.pt,4,vertical,17,2026-09-09,21:43:49.732,2026-09-09T21:43:49.732,0.5632252229997903,0,0.0,4.232814000260987,28.902898999604076,5.8,4722.23046875,11.0,1373.4375
yolo11s.pt,4,vertical,18,2026-09-09,21:43:49.768,2026-09-09T21:43:49.768,0.5993674950000241,0,0.0,4.225313999995706,33.353922000060265,1.8,4722.23046875,11.0,1373.4375
yolo11s.pt,4,vertical,19,2026-09-09,21:43:49.800,2026-09-09T21:43:49.800,0.6312097139998514,0,0.0,4.2244940000273346,29.079378999995242,3.8,4722.23046875,11.0,1373.4375
yolo11s.pt,4,vertical,20,2026-09-09,21:43:49.836,2026-09-09T21:43:49.836,0.6673719350001193,0,0.0,4.215274000216596,33.362003000092955,1.8,4722.23046875,11.0,1373.4375
yolo11s.pt,4,vertical,21,2026-09-09,21:43:49.868,2026-09-09T21:43:49.868,0.6992904329999874,0,0.0,4.195184000309382,29.132828999991034,3.9,4722.71875,11.0,1373.4375
yolo11s.pt,4,vertical,22,2026-09-09,21:43:49.900,2026-09-09T21:43:49.900,0.7313927499999409,0,0.0,4.222203000153968,29.350686999805475,2.0,4722.71875,11.0,1373.4375
yolo11s.pt,4,vertical,23,2026-09-09,21:43:49.936,2026-09-09T21:43:49.936,0.7674138620000122,1,0.15388426184654236,4.392112999994424,33.54623100040044,3.4,4722.71875,11.0,1373.4375
yolo11s.pt,4,vertical,24,2026-09-09,21:43:49.968,2026-09-09T21:43:49.968,0.7992300999999316,0,0.0,4.206823999993503,28.752760000315902,2.0,4722.71875,11.0,1373.4375
yolo11s.pt,4,vertical,25,2026-09-09,21:43:50.000,2026-09-09T21:43:50.000,0.8315325059998031,0,0.0,4.262034000021231,29.58419699962178,3.8,4722.71875,11.0,1373.4375
yolo11s.pt,4,vertical,26,2026-09-09,21:43:50.036,2026-09-09T21:43:50.036,0.8675116189997425,1,0.2427695393562317,4.389423000247916,33.38775199972588,1.8,4722.71875,11.0,1373.4375
yolo11s.pt,4,vertical,27,2026-09-09,21:43:50.068,2026-09-09T21:43:50.068,0.8992829369999527,0,0.0,4.207403999771486,28.60257099973751,3.9,4722.71875,11.0,1373.4375
yolo11s.pt,4,vertical,28,2026-09-09,21:43:50.100,2026-09-09T21:43:50.100,0.9315134929997839,0,0.0,4.2375340003673045,29.465677000189316,3.8,4722.71875,11.0,1373.4375
yolo11s.pt,4,vertical,29,2026-09-09,21:43:50.136,2026-09-09T21:43:50.136,0.9675323960000242,1,0.5270524024963379,4.364104000160296,33.486341000298125,3.4,4722.71875,11.0,1373.4375
yolo11s.pt,4,vertical,30,2026-09-09,21:43:50.168,2026-09-09T21:43:50.168,0.9992134539998005,1,0.5094724297523499,4.369163000319531,28.91990900025121,2.0,4722.71875,11.0,1373.4375
yolo11s.pt,4,vertical,31,2026-09-09,21:43:50.200,2026-09-09T21:43:50.200,1.0315165409997462,1,0.3397788405418396,4.395303000364947,29.553727000347862,5.7,4722.71875,11.0,1373.4375
yolo11s.pt,4,vertical,32,2026-09-09,21:43:50.236,2026-09-09T21:43:50.236,1.0673061439997582,1,0.5979295969009399,4.396583000016108,33.052162999865686,1.8,4722.71875,11.0,1373.4375
yolo11s.pt,4,vertical,33,2026-09-09,21:43:50.268,2026-09-09T21:43:50.268,1.0993650010000238,1,0.5489681959152222,4.386423000141804,29.293448000316857,2.0,4722.71875,11.0,1373.4375
yolo11s.pt,4,vertical,34,2026-09-09,21:43:50.300,2026-09-09T21:43:50.300,1.13137100799986,1,0.5645210146903992,4.467533000024559,29.28167800018855,3.8,4722.71875,11.0,1373.4375
yolo11s.pt,4,vertical,35,2026-09-09,21:43:50.336,2026-09-09T21:43:50.336,1.1674349099998835,1,0.6487204432487488,4.350813999735692,33.204953000222304,3.4,4722.71875,11.0,1373.4375
yolo11s.pt,4,vertical,36,2026-09-09,21:43:50.368,2026-09-09T21:43:50.368,1.19914960899996,1,0.43503570556640625,4.3765529999291175,28.95463999993808,2.0,4722.71875,11.0,1373.4375
yolo11s.pt,4,vertical,37,2026-09-09,21:43:50.400,2026-09-09T21:43:50.400,1.231313795999995,1,0.6475540399551392,4.401322999910917,29.43505700022797,3.8,4722.71875,11.0,1373.4375
yolo11s.pt,4,vertical,38,2026-09-09,21:43:50.436,2026-09-09T21:43:50.436,1.267193627999859,1,0.29036757349967957,4.375733000415494,33.078772999942885,1.8,4722.71875,11.0,1373.4375
yolo11s.pt,4,vertical,39,2026-09-09,21:43:50.468,2026-09-09T21:43:50.468,1.2991856459998417,1,0.719376266002655,4.374223000013444,29.22403899992787,2.0,4722.71875,11.0,1373.4375
yolo11s.pt,4,vertical,40,2026-09-09,21:43:50.500,2026-09-09T21:43:50.500,1.3313864430001559,1,0.5423023104667664,4.39906300016446,29.4199669997397,3.8,4722.71875,11.0,1373.4375
yolo11s.pt,4,vertical,41,2026-09-09,21:43:50.536,2026-09-09T21:43:50.536,1.3672671049998826,1,0.29225391149520874,4.400432999773329,33.10796300002039,5.1,4722.71875,11.0,1373.4375
yolo11s.pt,4,vertical,42,2026-09-09,21:43:50.568,2026-09-09T21:43:50.568,1.3993743020000693,1,0.3865501284599304,4.431543000009697,29.33763800001543,2.0,4722.71875,11.0,1373.4375
yolo11s.pt,4,vertical,43,2026-09-09,21:43:50.604,2026-09-09T21:43:50.604,1.4354448439999032,1,0.6851425170898438,4.370932999790966,33.236452999972244,3.4,4722.71875,11.0,1373.4375
yolo11s.pt,4,vertical,44,2026-09-09,21:43:50.636,2026-09-09T21:43:50.636,1.4673833419997209,1,0.4274978041648865,4.382492999866372,29.18401900024037,3.8,4722.71875,11.0,1373.4375
yolo11s.pt,4,vertical,45,2026-09-09,21:43:50.668,2026-09-09T21:43:50.668,1.4994425589998173,1,0.3887324333190918,4.329913999754353,29.243447999760974,2.0,4722.71875,11.0,1373.4375
yolo11s.pt,4,vertical,46,2026-09-09,21:43:50.700,2026-09-09T21:43:50.700,1.5314667469997403,1,0.5315748453140259,4.428853000263189,29.329968000183726,3.8,4722.71875,12.0,1373.4375
yolo11s.pt,4,vertical,47,2026-09-09,21:43:50.736,2026-09-09T21:43:50.736,1.5672691400000076,1,0.32059982419013977,4.391534000205866,33.03956299987476,1.8,4722.71875,12.0,1373.4375
yolo11s.pt,4,vertical,48,2026-09-09,21:43:50.768,2026-09-09T21:43:50.768,1.5993309870000303,1,0.34378519654273987,4.400463000365562,29.299787000127253,3.9,4721.2890625,12.0,1372.4375
yolo11s.pt,4,vertical,49,2026-09-09,21:43:50.800,2026-09-09T21:43:50.800,1.6314779639997141,1,0.18635360896587372,4.413113000282465,29.352637000101822,2.0,4721.2890625,12.0,1370.3125
yolo11s.pt,4,vertical,50,2026-09-09,21:43:50.836,2026-09-09T21:43:50.836,1.6672418069997548,0,0.0,4.194793999886315,32.66106499995658,3.5,4721.2890625,12.0,1370.3125
yolo11s.pt,4,vertical,51,2026-09-09,21:43:50.868,2026-09-09T21:43:50.868,1.6993508739997196,0,0.0,4.175734000000375,29.303968000021996,2.0,4721.6484375,12.0,1370.3125
yolo11s.pt,4,vertical,52,2026-09-09,21:43:50.904,2026-09-09T21:43:50.904,1.7355220360000203,1,0.34504449367523193,4.381964000003791,33.71480099986002,3.4,4721.6484375,12.0,1370.3125
yolo11s.pt,4,vertical,53,2026-09-09,21:43:50.936,2026-09-09T21:43:50.936,1.767379052999786,1,0.3722049593925476,4.372544000034395,29.05554899962226,2.0,4721.6484375,12.0,1370.3125
yolo11s.pt,4,vertical,54,2026-09-09,21:43:50.968,2026-09-09T21:43:50.968,1.7994619709998005,0,0.0,4.183884000212856,28.963678999843978,3.8,4721.6484375,12.0,1370.3125
yolo11s.pt,4,vertical,55,2026-09-09,21:43:51.000,2026-09-09T21:43:51.000,1.8313390979997166,1,0.26111891865730286,4.359604000001127,29.36832699970182,2.0,4721.6484375,12.0,1370.3125
yolo11s.pt,4,vertical,56,2026-09-09,21:43:51.036,2026-09-09T21:43:51.036,1.8673628110000209,0,0.0,4.195764000087365,32.945533999736654,1.8,4721.6484375,12.0,1370.3125
yolo11s.pt,4,vertical,57,2026-09-09,21:43:51.068,2026-09-09T21:43:51.068,1.899223678999988,0,0.0,4.193083999780356,29.086188000292168,3.9,4721.6484375,12.0,1370.3125
yolo11s.pt,4,vertical,58,2026-09-09,21:43:51.104,2026-09-09T21:43:51.104,1.935406569999941,1,0.3225261867046356,4.362032999779331,33.6601110002448,3.4,4721.6484375,12.0,1370.3125
yolo11s.pt,4,vertical,59,2026-09-09,21:43:51.136,2026-09-09T21:43:51.136,1.9673386780000328,0,0.0,4.175974000190763,28.8519499999893,2.0,4721.6484375,12.0,1370.3125
yolo11s.pt,4,vertical,60,2026-09-09,21:43:51.168,2026-09-09T21:43:51.168,1.999437084999954,0,0.0,4.180513999926916,29.300418000275386,3.8,4721.6484375,12.0,1370.3125
yolo11s.pt,4,vertical,61,2026-09-09,21:43:51.204,2026-09-09T21:43:51.204,2.0354613670001527,0,0.0,4.182084000149189,33.25229300025967,5.1,4721.6484375,11.0,1370.3125
yolo11s.pt,4,vertical,62,2026-09-09,21:43:51.236,2026-09-09T21:43:51.236,2.067522454000027,0,0.0,4.179164000106539,29.285277999861137,2.0,4721.6484375,11.0,1370.3125
yolo11s.pt,4,vertical,63,2026-09-09,21:43:51.267,2026-09-09T21:43:51.267,2.099145892999786,0,0.0,4.201393999665015,28.844269000273925,3.9,4721.6484375,11.0,1370.3125
yolo11s.pt,4,vertical,64,2026-09-09,21:43:51.304,2026-09-09T21:43:51.304,2.135374954999861,0,0.0,4.204552999908628,33.41840199982471,1.8,4721.6484375,11.0,1370.3125
yolo11s.pt,4,vertical,65,2026-09-09,21:43:51.336,2026-09-09T21:43:51.336,2.167414911999913,1,0.21174167096614838,4.455703000076028,29.635216000315268,2.0,4721.6484375,11.0,1370.3125
yolo11s.pt,4,vertical,66,2026-09-09,21:43:51.368,2026-09-09T21:43:51.368,2.1993766189998496,0,0.0,4.324703999827761,28.951008999683836,3.8,4722.00390625,11.0,1370.3125
yolo11s.pt,4,vertical,67,2026-09-09,21:43:51.404,2026-09-09T21:43:51.404,2.235425931000009,0,0.0,4.208094000205165,33.16845299968918,1.8,4722.00390625,11.0,1370.3125
yolo11s.pt,4,vertical,68,2026-09-09,21:43:51.436,2026-09-09T21:43:51.436,2.2675498379999226,0,0.0,4.239114000029076,29.37014700000873,2.0,4722.00390625,11.0,1370.3125
yolo11s.pt,4,vertical,69,2026-09-09,21:43:51.468,2026-09-09T21:43:51.468,2.299183997,1,0.4512571096420288,4.357843999969191,29.081639000196446,2.0,4722.00390625,11.0,1370.3125
yolo11s.pt,4,vertical,70,2026-09-09,21:43:51.504,2026-09-09T21:43:51.504,2.3352730589999737,0,0.0,4.200454000056197,33.02370399978827,5.2,4722.00390625,11.0,1370.3125
yolo11s.pt,4,vertical,71,2026-09-09,21:43:51.536,2026-09-09T21:43:51.536,2.3674489859999994,1,0.3973621129989624,4.3558829997891735,29.68177699995067,1.9,4722.00390625,11.0,1370.3125
yolo11s.pt,4,vertical,72,2026-09-09,21:43:51.567,2026-09-09T21:43:51.567,2.399170604000119,0,0.0,4.197673999897233,28.658810000251833,2.0,4721.43359375,11.0,1370.3125
yolo11s.pt,4,vertical,73,2026-09-09,21:43:51.604,2026-09-09T21:43:51.604,2.4354813750001085,0,0.0,4.193364000002475,33.516521000365174,3.4,4721.1875,11.0,1370.3125
yolo11s.pt,4,vertical,74,2026-09-09,21:43:51.636,2026-09-09T21:43:51.636,2.4674863430000187,0,0.0,4.198284000267449,29.221317999599705,2.0,4721.1875,11.0,1370.3125
yolo11s.pt,4,vertical,75,2026-09-09,21:43:51.668,2026-09-09T21:43:51.668,2.4992171220001183,1,0.2709251046180725,4.338412999913999,29.217767999853095,3.9,4721.1875,11.0,1370.3125
yolo11s.pt,4,vertical,76,2026-09-09,21:43:51.704,2026-09-09T21:43:51.704,2.5354986629999985,1,0.26827967166900635,4.3816229999720235,33.53272100002869,3.4,4721.1875,11.0,1370.3125
yolo11s.pt,4,vertical,77,2026-09-09,21:43:51.736,2026-09-09T21:43:51.736,2.5675208600000587,1,0.3238159716129303,4.374383000140369,29.252657999677467,2.0,4721.1875,11.0,1370.3125
yolo11s.pt,4,vertical,78,2026-09-09,21:43:51.768,2026-09-09T21:43:51.768,2.5992281889998594,1,0.3304843008518219,4.374244000246108,28.835509000145976,2.0,4721.1875,11.0,1370.3125
yolo11s.pt,4,vertical,79,2026-09-09,21:43:51.804,2026-09-09T21:43:51.804,2.6355046499998025,1,0.3981611728668213,4.391442999803985,33.527450999827124,3.4,4721.1875,11.0,1370.3125
yolo11s.pt,4,vertical,80,2026-09-09,21:43:51.836,2026-09-09T21:43:51.836,2.667442946999927,1,0.5041974782943726,4.3620540000119945,29.14811800019379,3.9,4720.94140625,11.0,1370.3125
yolo11s.pt,4,vertical,81,2026-09-09,21:43:51.868,2026-09-09T21:43:51.868,2.6993194050000966,1,0.38390177488327026,4.381403000024875,29.12767799989524,7.5,4720.94140625,11.0,1370.3125
yolo11s.pt,4,vertical,82,2026-09-09,21:43:51.904,2026-09-09T21:43:51.904,2.7353338980001354,0,0.0,4.188212999906682,32.9227140000512,1.8,4720.94140625,11.0,1370.3125
yolo11s.pt,4,vertical,83,2026-09-09,21:43:51.936,2026-09-09T21:43:51.936,2.767373085000145,1,0.44257017970085144,4.343892999713717,29.545596999923873,2.0,4720.94140625,11.0,1370.3125
yolo11s.pt,4,vertical,84,2026-09-09,21:43:51.968,2026-09-09T21:43:51.968,2.799280902999726,1,0.6900830268859863,4.3664029999490594,29.124798999873747,3.9,4720.5859375,11.0,1370.3125
yolo11s.pt,4,vertical,85,2026-09-09,21:43:52.004,2026-09-09T21:43:52.004,2.8352568450000035,1,0.572637140750885,4.365403000065271,33.19935300032739,1.8,4720.5859375,11.0,1370.3125
yolo11s.pt,4,vertical,86,2026-09-09,21:43:52.036,2026-09-09T21:43:52.036,2.867153693000091,1,0.7264276742935181,4.405492999921989,29.229367999960232,3.9,4720.5859375,11.0,1370.3125
yolo11s.pt,4,vertical,87,2026-09-09,21:43:52.068,2026-09-09T21:43:52.068,2.8991776899997603,1,0.37220898270606995,4.37475299986545,29.15445799999361,2.0,4720.5859375,11.0,1370.3125
yolo11s.pt,4,vertical,88,2026-09-09,21:43:52.104,2026-09-09T21:43:52.104,2.9353516520000085,1,0.6058580279350281,4.368093000266526,33.363343000019086,3.4,4720.5859375,11.0,1370.3125
yolo11s.pt,4,vertical,89,2026-09-09,21:43:52.134,2026-09-09T21:43:52.134,2.965741964999779,1,0.16491954028606415,4.3816540000989335,27.64197399983459,2.1,4720.5859375,11.0,1370.3125
yolo11s.pt,4,vertical,90,2026-09-09,21:43:52.168,2026-09-09T21:43:52.168,2.9992822270000943,1,0.34805282950401306,4.3816130000777775,30.74602300011975,3.7,4720.5859375,11.0,1370.3125
yolo11s.pt,4,vertical,91,2026-09-09,21:43:52.204,2026-09-09T21:43:52.204,3.0354324589998214,1,0.6609145998954773,4.374203000224952,33.35549200028254,1.7,4720.5859375,12.0,1370.3125
yolo11s.pt,4,vertical,92,2026-09-09,21:43:52.236,2026-09-09T21:43:52.236,3.067322306999813,0,0.0,4.222433999984787,28.782449000118504,4.0,4720.5859375,12.0,1370.3125
yolo11s.pt,4,vertical,93,2026-09-09,21:43:52.268,2026-09-09T21:43:52.268,3.099254014000053,1,0.26769521832466125,4.390912999951979,29.434547000164457,3.8,4720.5859375,12.0,1370.3125
yolo11s.pt,4,vertical,94,2026-09-09,21:43:52.304,2026-09-09T21:43:52.304,3.1354114259997914,1,0.7382767796516418,4.395933000068908,33.37281299991446,1.7,4720.5703125,12.0,1370.3125
yolo11s.pt,4,vertical,95,2026-09-09,21:43:52.336,2026-09-09T21:43:52.336,3.16754788299977,1,0.520003080368042,4.369352999674447,29.374366999945778,3.9,4720.5703125,12.0,1370.3125
yolo11s.pt,4,vertical,96,2026-09-09,21:43:52.372,2026-09-09T21:43:52.372,3.203341745999751,1,0.5163734555244446,4.391323000163538,32.98875400014367,1.8,4720.5703125,12.0,1370.3125
yolo11s.pt,4,vertical,97,2026-09-09,21:43:52.404,2026-09-09T21:43:52.404,3.235183563999726,1,0.7633761167526245,4.3527930001801,29.009308999775385,3.9,4720.5703125,12.0,1370.3125
yolo11s.pt,4,vertical,98,2026-09-09,21:43:52.436,2026-09-09T21:43:52.436,3.2673465110001416,1,0.24143733084201813,4.374532999918301,29.39907800009678,2.0,4720.5703125,12.0,1370.3125
yolo11s.pt,4,vertical,99,2026-09-09,21:43:52.472,2026-09-09T21:43:52.472,3.303521652999734,1,0.4518461227416992,4.370383999685146,33.40175200037265,1.7,4720.5703125,12.0,1370.3125
yolo11s.pt,4,vertical,100,2026-09-09,21:43:52.504,2026-09-09T21:43:52.504,3.335551740000028,1,0.4375191032886505,4.367013000319275,29.19973799998843,3.9,4720.5703125,12.0,1370.3125
yolo11s.pt,4,vertical,101,2026-09-09,21:43:52.536,2026-09-09T21:43:52.536,3.367470348000097,1,0.6081234812736511,4.448902000149246,29.2052079998939,2.0,4720.80859375,12.0,1370.3125
yolo11s.pt,4,vertical,102,2026-09-09,21:43:52.572,2026-09-09T21:43:52.572,3.4034919299997455,0,0.0,4.2145530001107545,32.86690400000225,1.8,4720.80859375,12.0,1370.3125
yolo11s.pt,4,vertical,103,2026-09-09,21:43:52.604,2026-09-09T21:43:52.604,3.435348657999839,1,0.22849173843860626,4.347333000168874,29.319367999960377,5.7,4720.5,12.0,1370.3125
yolo11s.pt,4,vertical,104,2026-09-09,21:43:52.636,2026-09-09T21:43:52.636,3.467461175000153,0,0.0,4.204673999993247,29.07481900001585,2.0,4720.5,12.0,1370.3125
yolo11s.pt,4,vertical,105,2026-09-09,21:43:52.672,2026-09-09T21:43:52.672,3.5033200769998984,0,0.0,4.179914000360441,33.06967299977259,1.8,4720.5,12.0,1370.3125
yolo11s.pt,4,vertical,106,2026-09-09,21:43:52.704,2026-09-09T21:43:52.704,3.5354719839997415,1,0.16255328059196472,4.382103999887477,29.662766000001284,3.8,4720.5,11.0,1370.3125
yolo11s.pt,4,vertical,107,2026-09-09,21:43:52.736,2026-09-09T21:43:52.736,3.567333182999846,0,0.0,4.203663999760465,28.849229000115884,4.0,4720.5,11.0,1370.3125
yolo11s.pt,4,vertical,108,2026-09-09,21:43:52.772,2026-09-09T21:43:52.772,3.6033503049998217,1,0.2282070517539978,4.372312999748829,33.50679100003617,1.7,4720.5,11.0,1370.3125
yolo11s.pt,4,vertical,109,2026-09-09,21:43:52.804,2026-09-09T21:43:52.804,3.6354965519999496,1,0.4592120945453644,4.389572999571101,29.40023699966332,2.0,4720.4921875,11.0,1370.3125
yolo11s.pt,4,vertical,110,2026-09-09,21:43:52.836,2026-09-09T21:43:52.836,3.667383478999909,1,0.5144975185394287,4.375414000151068,29.11081800039028,3.9,4720.4921875,11.0,1370.3125
yolo11s.pt,4,vertical,111,2026-09-09,21:43:52.872,2026-09-09T21:43:52.872,3.703247892000036,1,0.17848457396030426,4.356413000095927,33.090323000124044,3.5,4720.4921875,11.0,1370.3125
yolo11s.pt,4,vertical,112,2026-09-09,21:43:52.904,2026-09-09T21:43:52.904,3.7352415199998177,1,0.34376993775367737,4.367203000128939,29.21831799994834,3.8,4720.734375,11.0,1370.3125
yolo11s.pt,4,vertical,113,2026-09-09,21:43:52.936,2026-09-09T21:43:52.936,3.767493135999757,0,0.0,4.21459400013191,29.227068000182044,2.0,4720.734375,11.0,1370.3125
yolo11s.pt,4,vertical,114,2026-09-09,21:43:52.972,2026-09-09T21:43:52.972,3.8033299690000604,0,0.0,4.218504000164103,33.04242400008661,3.4,4720.734375,11.0,1370.3125
yolo11s.pt,4,vertical,115,2026-09-09,21:43:53.004,2026-09-09T21:43:53.004,3.8353452060000564,0,0.0,4.249014000379248,29.259667999667727,2.0,4720.734375,11.0,1370.3125
yolo11s.pt,4,vertical,116,2026-09-09,21:43:53.036,2026-09-09T21:43:53.036,3.867472902999907,0,0.0,4.216664000068704,29.308037999726366,5.8,4720.734375,11.0,1370.3125
yolo11s.pt,4,vertical,117,2026-09-09,21:43:53.072,2026-09-09T21:43:53.072,3.903440405999845,1,0.3637153208255768,4.408612999668549,33.522580999942875,1.7,4720.734375,11.0,1370.3125
yolo11s.pt,4,vertical,118,2026-09-09,21:43:53.104,2026-09-09T21:43:53.104,3.9352279839999937,0,0.0,4.230293999626156,28.71580000009999,2.0,4720.734375,11.0,1370.3125
yolo11s.pt,4,vertical,119,2026-09-09,21:43:53.136,2026-09-09T21:43:53.136,3.9674487209999825,1,0.30005669593811035,4.421993000050861,29.732685999988462,3.8,4720.734375,11.0,1370.3125
yolo11s.pt,4,vertical,120,2026-09-09,21:43:53.172,2026-09-09T21:43:53.172,4.003267164000135,1,0.17396457493305206,4.381922999982635,33.005612999659206,1.8,4720.734375,11.0,1370.3125
yolo11s.pt,4,vertical,121,2026-09-09,21:43:53.204,2026-09-09T21:43:53.204,4.035300840999753,0,0.0,4.199334000077215,28.95224900021276,3.9,4720.734375,12.0,1370.3125
yolo11s.pt,4,vertical,122,2026-09-09,21:43:53.232,2026-09-09T21:43:53.232,4.0631609940001,0,0.0,4.26484400031768,25.132704000043304,4.3,4720.734375,12.0,1370.3125
yolo11s.pt,4,vertical,123,2026-09-09,21:43:53.272,2026-09-09T21:43:53.272,4.10327025100014,0,0.0,4.172064000158571,37.19370799990429,1.6,4720.734375,12.0,1370.3125
yolo11s.pt,4,vertical,124,2026-09-09,21:43:53.304,2026-09-09T21:43:53.304,4.1352739779999865,0,0.0,4.141823999816552,29.181077999965055,2.0,4720.734375,12.0,1370.3125
yolo11s.pt,4,vertical,125,2026-09-09,21:43:53.336,2026-09-09T21:43:53.336,4.1673654249998435,0,0.0,4.180393999831722,29.345397999804845,3.9,4721.08984375,12.0,1370.3125
yolo11s.pt,4,vertical,126,2026-09-09,21:43:53.372,2026-09-09T21:43:53.372,4.203325028000108,1,0.19600749015808105,4.379782999876625,33.485101999758626,3.4,4721.08984375,12.0,1370.3125
yolo11s.pt,4,vertical,127,2026-09-09,21:43:53.404,2026-09-09T21:43:53.404,4.2351506959998915,1,0.3329298496246338,4.370702999949572,29.034699000021646,3.9,4721.08984375,12.0,1370.3125
yolo11s.pt,4,vertical,128,2026-09-09,21:43:53.436,2026-09-09T21:43:53.436,4.267359762000069,0,0.0,4.188913999769284,29.13574800004426,2.0,4721.08984375,12.0,1370.3125
yolo11s.pt,4,vertical,129,2026-09-09,21:43:53.472,2026-09-09T21:43:53.472,4.303351044999999,0,0.0,4.238063999764563,33.27858200009359,1.7,4721.08984375,12.0,1370.3125
yolo11s.pt,4,vertical,130,2026-09-09,21:43:53.504,2026-09-09T21:43:53.504,4.335594750999917,1,0.35899055004119873,4.330443000071682,29.69487600012144,3.8,4721.08984375,12.0,1370.3125
yolo11s.pt,4,vertical,131,2026-09-09,21:43:53.540,2026-09-09T21:43:53.540,4.371423663999849,0,0.0,4.237394000028871,32.82026499982749,1.8,4721.08984375,12.0,1370.3125
yolo11s.pt,4,vertical,132,2026-09-09,21:43:53.572,2026-09-09T21:43:53.572,4.403409880999789,1,0.36405128240585327,4.38101400004598,29.443406999689614,3.8,4721.015625,12.0,1370.3125
yolo11s.pt,4,vertical,133,2026-09-09,21:43:53.604,2026-09-09T21:43:53.604,4.435585677999825,1,0.313178688287735,4.427713000040967,29.46634699992501,2.0,4721.015625,12.0,1370.3125
yolo11s.pt,4,vertical,134,2026-09-09,21:43:53.640,2026-09-09T21:43:53.640,4.471464051000112,1,0.6068264245986938,4.431912999734777,33.075924000058876,3.4,4721.015625,12.0,1370.3125
yolo11s.pt,4,vertical,135,2026-09-09,21:43:53.672,2026-09-09T21:43:53.672,4.503432398999848,1,0.17416666448116302,4.3634530002236716,29.16494800001601,2.0,4721.015625,12.0,1370.3125
yolo11s.pt,4,vertical,136,2026-09-09,21:43:53.704,2026-09-09T21:43:53.704,4.535506125999746,1,0.38127583265304565,4.456402999949205,29.37505699992471,5.7,4721.015625,11.0,1370.3125
yolo11s.pt,4,vertical,137,2026-09-09,21:43:53.740,2026-09-09T21:43:53.740,4.571440037999764,1,0.5480098128318787,4.410643000028358,33.104013000411214,1.8,4721.015625,11.0,1370.3125
yolo11s.pt,4,vertical,138,2026-09-09,21:43:53.772,2026-09-09T21:43:53.772,4.603309566000007,0,0.0,4.190313999970385,28.740790000028937,2.0,4720.0859375,11.0,1370.3125
yolo11s.pt,4,vertical,139,2026-09-09,21:43:53.800,2026-09-09T21:43:53.800,4.6311857800001235,0,0.0,4.312182999910874,25.205194000136544,2.2,4720.0859375,11.0,1370.3125
yolo11s.pt,4,vertical,140,2026-09-09,21:43:53.840,2026-09-09T21:43:53.840,4.671331055999872,0,0.0,4.2197740003757644,37.244728000132454,4.5,4720.0859375,11.0,1370.3125
yolo11s.pt,4,vertical,141,2026-09-09,21:43:53.872,2026-09-09T21:43:53.872,4.703315363999991,1,0.6094621419906616,4.479333000290353,29.635907000283623,5.9,4721.98046875,11.0,1371.9375
yolo11s.pt,4,vertical,142,2026-09-09,21:43:53.904,2026-09-09T21:43:53.904,4.735401900999932,1,0.3287425935268402,4.375182999865501,29.14543799988678,2.0,4721.98046875,11.0,1371.9375
yolo11s.pt,4,vertical,143,2026-09-09,21:43:53.940,2026-09-09T21:43:53.940,4.771480232000158,1,0.5700945854187012,4.432633000305941,33.35816199978581,3.4,4721.98046875,11.0,1371.9375
yolo11s.pt,4,vertical,144,2026-09-09,21:43:53.972,2026-09-09T21:43:53.972,4.803280060999896,1,0.5792967677116394,4.398173000026873,28.95447900027648,2.0,4721.98046875,11.0,1371.9375
yolo11s.pt,4,vertical,145,2026-09-09,21:43:54.004,2026-09-09T21:43:54.004,4.8353855979999025,1,0.34957870841026306,4.375493000225106,29.291226999703213,3.8,4721.98046875,11.0,1371.9375
yolo11s.pt,4,vertical,146,2026-09-09,21:43:54.040,2026-09-09T21:43:54.040,4.871314389999952,0,0.0,4.218044000026566,32.83992400019997,5.2,4721.98046875,11.0,1371.9375
yolo11s.pt,4,vertical,147,2026-09-09,21:43:54.072,2026-09-09T21:43:54.072,4.9034522070001,1,0.6582306623458862,4.3493230000422045,29.61733699976321,3.8,4721.98046875,11.0,1371.9375
yolo11s.pt,4,vertical,148,2026-09-09,21:43:54.104,2026-09-09T21:43:54.104,4.9355454239998835,1,0.4476003646850586,4.478473000290251,29.43214800006899,2.0,4721.98046875,11.0,1371.9375
yolo11s.pt,4,vertical,149,2026-09-09,21:43:54.140,2026-09-09T21:43:54.140,4.971393487000114,1,0.5802726149559021,4.747892000068532,33.35834200015597,1.8,4721.98046875,11.0,1371.9375
yolo11s.pt,4,vertical,150,2026-09-09,21:43:54.172,2026-09-09T21:43:54.172,5.003188874999978,1,0.23555147647857666,4.384082999877137,28.716119999899092,2.0,4721.98046875,11.0,1371.9375
yolo11s.pt,4,vertical,151,2026-09-09,21:43:54.204,2026-09-09T21:43:54.204,5.035340492000159,1,0.6915573477745056,4.381013000056555,29.308887999832223,5.7,4721.98046875,11.0,1371.9375
yolo11s.pt,4,vertical,152,2026-09-09,21:43:54.240,2026-09-09T21:43:54.240,5.071399544000087,1,0.5960497260093689,4.410572999859141,33.29912300023352,1.8,4721.98046875,11.0,1371.9375
yolo11s.pt,4,vertical,153,2026-09-09,21:43:54.272,2026-09-09T21:43:54.272,5.10336031199995,1,0.3584023714065552,4.382552999686595,29.167139000037423,2.0,4721.98046875,11.0,1371.9375
yolo11s.pt,4,vertical,154,2026-09-09,21:43:54.300,2026-09-09T21:43:54.300,5.131179924999742,1,0.3584023714065552,4.4231229999240895,25.031743999988976,2.2,4721.98046875,11.0,1371.9375
yolo11s.pt,4,vertical,155,2026-09-09,21:43:54.340,2026-09-09T21:43:54.340,5.171409540999775,1,0.6950274705886841,4.412293000314094,37.46315699982006,3.1,4721.98046875,11.0,1371.9375
yolo11s.pt,4,vertical,156,2026-09-09,21:43:54.372,2026-09-09T21:43:54.372,5.203416858999844,1,0.48054319620132446,4.359212999588635,29.123819000233198,3.9,4721.98046875,11.0,1371.9375
yolo11s.pt,4,vertical,157,2026-09-09,21:43:54.404,2026-09-09T21:43:54.404,5.235367416999907,1,0.33699512481689453,4.343193000295287,29.145497999707004,2.0,4721.98046875,11.0,1371.9375
yolo11s.pt,4,vertical,158,2026-09-09,21:43:54.440,2026-09-09T21:43:54.440,5.271383558999787,0,0.0,4.252403000009508,33.02970300001107,3.5,4721.98046875,11.0,1371.9375
yolo11s.pt,4,vertical,159,2026-09-09,21:43:54.472,2026-09-09T21:43:54.472,5.303455696000128,1,0.3330395817756653,4.370442999970692,29.526557000281173,3.8,4721.98046875,11.0,1371.9375
yolo11s.pt,4,vertical,160,2026-09-09,21:43:54.504,2026-09-09T21:43:54.504,5.3353615339997305,0,0.0,4.250173000400537,28.899909000301705,2.0,4722.22265625,11.0,1371.9375
yolo11s.pt,4,vertical,161,2026-09-09,21:43:54.540,2026-09-09T21:43:54.540,5.3713897960001304,1,0.24808065593242645,4.40010300007998,33.53782100020908,3.4,4722.22265625,11.0,1371.9375
yolo11s.pt,4,vertical,162,2026-09-09,21:43:54.572,2026-09-09T21:43:54.572,5.403361903000132,0,0.0,4.19716399983372,28.862309000032838,3.9,4722.38671875,11.0,1371.9375
yolo11s.pt,4,vertical,163,2026-09-09,21:43:54.604,2026-09-09T21:43:54.604,5.435356950999903,1,0.35869476199150085,4.364763000012317,29.488326999853598,5.7,4722.13671875,11.0,1371.9375
yolo11s.pt,4,vertical,164,2026-09-09,21:43:54.640,2026-09-09T21:43:54.640,5.471343402999992,1,0.25333571434020996,4.397243000312301,33.249733000047854,1.7,4722.13671875,11.0,1371.9375
yolo11s.pt,4,vertical,165,2026-09-09,21:43:54.672,2026-09-09T21:43:54.672,5.503459510000084,0,0.0,4.165994000231876,28.98767900023813,2.0,4722.13671875,11.0,1371.9375
yolo11s.pt,4,vertical,166,2026-09-09,21:43:54.704,2026-09-09T21:43:54.704,5.535374428000068,1,0.2910168766975403,4.368722999970487,29.424397999719076,2.0,4722.13671875,11.0,1371.9375
yolo11s.pt,4,vertical,167,2026-09-09,21:43:54.740,2026-09-09T21:43:54.740,5.571296009999969,0,0.0,4.210193999824696,32.89435399983631,5.2,4722.13671875,11.0,1371.9375
yolo11s.pt,4,vertical,168,2026-09-09,21:43:54.772,2026-09-09T21:43:54.772,5.603325097999914,1,0.4671472907066345,4.3547730001591844,29.476437000084843,2.0,4722.13671875,11.0,1371.9375
yolo11s.pt,4,vertical,169,2026-09-09,21:43:54.807,2026-09-09T21:43:54.807,5.6391631209999105,0,0.0,4.1946439996536355,32.78138400037278,1.8,4722.13671875,11.0,1371.9375
yolo11s.pt,4,vertical,170,2026-09-09,21:43:54.840,2026-09-09T21:43:54.840,5.671355706999748,0,0.0,4.225724000207265,29.38541699995767,5.7,4722.13671875,11.0,1371.9375
yolo11s.pt,4,vertical,171,2026-09-09,21:43:54.872,2026-09-09T21:43:54.872,5.703432684999825,0,0.0,4.180964000170206,29.2166190001808,2.0,4723.10546875,11.0,1371.9375
yolo11s.pt,4,vertical,172,2026-09-09,21:43:54.904,2026-09-09T21:43:54.904,5.735413381999933,0,0.0,4.182383999705053,29.139847999886115,5.7,4723.10546875,11.0,1371.9375
yolo11s.pt,4,vertical,173,2026-09-09,21:43:54.940,2026-09-09T21:43:54.940,5.771447013999932,1,0.28858575224876404,4.400812999847403,33.568882000054145,3.4,4723.10546875,11.0,1371.9375
yolo11s.pt,4,vertical,174,2026-09-09,21:43:54.971,2026-09-09T21:43:54.971,5.8031884629999695,0,0.0,4.222313999889593,28.640359999826615,2.0,4723.10546875,11.0,1371.9375
yolo11s.pt,4,vertical,175,2026-09-09,21:43:55.008,2026-09-09T21:43:55.008,5.83934770399992,1,0.19668903946876526,4.3637529997795355,33.644460999767034,1.7,4723.10546875,11.0,1371.9375
yolo11s.pt,4,vertical,176,2026-09-09,21:43:55.040,2026-09-09T21:43:55.040,5.871343582000009,1,0.44882330298423767,4.386572999919736,29.1960080003264,5.7,4723.10546875,11.0,1371.9375
yolo11s.pt,4,vertical,177,2026-09-09,21:43:55.072,2026-09-09T21:43:55.072,5.903168790000109,1,0.4364127814769745,4.358022999895184,29.03615900004297,2.0,4723.10546875,11.0,1371.9375
yolo11s.pt,4,vertical,178,2026-09-09,21:43:55.107,2026-09-09T21:43:55.107,5.939189132000138,0,0.0,4.188653999790404,32.89706400028081,3.5,4723.10546875,11.0,1371.9375
yolo11s.pt,4,vertical,179,2026-09-09,21:43:55.140,2026-09-09T21:43:55.140,5.971272609000152,1,0.42481040954589844,4.39238299986755,29.597296999781975,1.9,4723.10546875,11.0,1371.9375
yolo11s.pt,4,vertical,180,2026-09-09,21:43:55.172,2026-09-09T21:43:55.172,6.003378846000032,1,0.24841362237930298,4.357033999895066,29.278898000029585,5.8,4723.10546875,11.0,1371.9375
yolo11s.pt,4,vertical,181,2026-09-09,21:43:55.208,2026-09-09T21:43:55.208,6.039318888999787,1,0.31162241101264954,4.46214300018255,33.259963000091375,1.8,4723.08984375,12.0,1372.125
yolo11s.pt,4,vertical,182,2026-09-09,21:43:55.240,2026-09-09T21:43:55.240,6.071369255999798,1,0.4296441674232483,4.416682999817567,29.20330799997828,5.7,4723.08984375,12.0,1372.125
yolo11s.pt,4,vertical,183,2026-09-09,21:43:55.272,2026-09-09T21:43:55.272,6.103339874000085,1,0.17871598899364471,4.358842999863555,29.142097999738326,2.0,4723.08984375,12.0,1372.125
yolo11s.pt,4,vertical,184,2026-09-09,21:43:55.309,2026-09-09T21:43:55.309,6.13949751500013,1,0.5539624691009521,4.720911999811506,33.86632000001555,3.4,4723.08984375,12.0,1372.125
yolo11s.pt,4,vertical,185,2026-09-09,21:43:55.340,2026-09-09T21:43:55.340,6.171396502999869,1,0.156668558716774,4.426593000061985,28.6714909998409,3.9,4723.08984375,12.0,1372.125
yolo11s.pt,4,vertical,186,2026-09-09,21:43:55.372,2026-09-09T21:43:55.372,6.203410879999865,1,0.44731178879737854,4.389893999814376,29.26746799994362,3.9,4723.08203125,12.0,1372.125
yolo11s.pt,4,vertical,187,2026-09-09,21:43:55.408,2026-09-09T21:43:55.408,6.239256013000158,1,0.4402772784233093,4.47179299999334,33.12697299998035,1.8,4723.32421875,12.0,1372.375
yolo11s.pt,4,vertical,188,2026-09-09,21:43:55.440,2026-09-09T21:43:55.440,6.271410139999716,1,0.35081180930137634,4.453182999895944,29.296557000179746,3.8,4723.5703125,12.0,1372.375
yolo11s.pt,4,vertical,189,2026-09-09,21:43:55.472,2026-09-09T21:43:55.472,6.303139678999742,1,0.7918277978897095,4.404433000217978,28.92578900036824,2.0,4723.5703125,12.0,1372.375
yolo11s.pt,4,vertical,190,2026-09-09,21:43:55.508,2026-09-09T21:43:55.508,6.3392878999998175,1,0.3298277258872986,4.433832999893639,33.39062300028672,1.7,4723.5703125,12.0,1372.375
yolo11s.pt,4,vertical,191,2026-09-09,21:43:55.540,2026-09-09T21:43:55.540,6.371119148000162,1,0.2964177131652832,4.380763999961346,29.047269000329834,3.9,4723.3984375,12.0,1372.375
yolo11s.pt,4,vertical,192,2026-09-09,21:43:55.572,2026-09-09T21:43:55.572,6.4031908259999,0,0.0,4.545392999716569,29.307668000001286,2.0,4723.15234375,12.0,1372.375
yolo11s.pt,4,vertical,193,2026-09-09,21:43:55.608,2026-09-09T21:43:55.608,6.439401246999751,1,0.37457573413848877,4.4230930002413515,33.423752000089735,3.4,4722.9609375,12.0,1372.375
yolo11s.pt,4,vertical,194,2026-09-09,21:43:55.640,2026-09-09T21:43:55.640,6.471490303999872,1,0.5174992084503174,4.448133000096277,29.3617769998491,2.0,4722.93359375,12.0,1372.375
yolo11s.pt,4,vertical,195,2026-09-09,21:43:55.672,2026-09-09T21:43:55.672,6.503328581999995,1,0.5705299377441406,4.4230129997231415,29.038788999969256,2.0,4722.93359375,12.0,1372.375
yolo11s.pt,4,vertical,196,2026-09-09,21:43:55.708,2026-09-09T21:43:55.708,6.539236815000095,1,0.5173825025558472,4.444802999842068,33.12049300029685,3.5,4722.93359375,11.0,1372.375
yolo11s.pt,4,vertical,197,2026-09-09,21:43:55.740,2026-09-09T21:43:55.740,6.57138710199979,1,0.2848958969116211,4.425303000061831,29.345378000016353,3.8,4722.93359375,11.0,1372.375
yolo11s.pt,4,vertical,198,2026-09-09,21:43:55.772,2026-09-09T21:43:55.772,6.60331824900004,1,0.5900388956069946,4.426602999956231,29.091029000028357,2.0,4722.93359375,11.0,1372.375
yolo11s.pt,4,vertical,199,2026-09-09,21:43:55.808,2026-09-09T21:43:55.808,6.639301471999715,1,0.27426594495773315,4.41144299975349,33.186303000093176,3.4,4722.93359375,11.0,1372.375
yolo11s.pt,4,vertical,200,2026-09-09,21:43:55.840,2026-09-09T21:43:55.840,6.671464877999824,1,0.40814754366874695,4.46519300021464,29.39733699986391,2.0,4722.93359375,11.0,1372.375
yolo11s.pt,4,vertical,201,2026-09-09,21:43:55.876,2026-09-09T21:43:55.876,6.707421670999793,0,0.0,4.227374000038253,32.84238500009451,3.5,4722.9296875,11.0,1371.4375
yolo11s.pt,4,vertical,202,2026-09-09,21:43:55.908,2026-09-09T21:43:55.908,6.739226909000081,1,0.5416529774665833,4.4143029999759165,29.292398000052344,2.0,4722.9296875,11.0,1371.4375
yolo11s.pt,4,vertical,203,2026-09-09,21:43:55.940,2026-09-09T21:43:55.940,6.771329335999781,1,0.17769183218479156,4.460893000214128,29.399637999631523,3.8,4722.9296875,11.0,1371.4375
yolo11s.pt,4,vertical,204,2026-09-09,21:43:55.972,2026-09-09T21:43:55.972,6.803221413999836,0,0.0,4.213264000100025,28.73756000008143,2.0,4722.9296875,11.0,1371.4375
yolo11s.pt,4,vertical,205,2026-09-09,21:43:56.008,2026-09-09T21:43:56.008,6.8391656859998875,1,0.4205145239830017,4.417702999944595,33.48962199970629,3.4,4722.9296875,11.0,1371.4375
yolo11s.pt,4,vertical,206,2026-09-09,21:43:56.040,2026-09-09T21:43:56.040,6.871380433000013,1,0.6192958950996399,4.450513000392675,29.43938699991122,2.0,4722.9296875,11.0,1371.4375
yolo11s.pt,4,vertical,207,2026-09-09,21:43:56.072,2026-09-09T21:43:56.072,6.903297581000061,0,0.0,4.232574000070599,28.841249999913998,5.8,4722.9296875,11.0,1371.4375
yolo11s.pt,4,vertical,208,2026-09-09,21:43:56.108,2026-09-09T21:43:56.108,6.939280242999757,1,0.22630153596401215,4.427462999956333,33.47949199996947,3.4,4722.9296875,11.0,1371.4375
yolo11s.pt,4,vertical,209,2026-09-09,21:43:56.140,2026-09-09T21:43:56.140,6.971552779999911,1,0.4817781150341034,4.439802999968379,29.51758700010032,2.0,4723.421875,11.0,1371.4375
yolo11s.pt,4,vertical,210,2026-09-09,21:43:56.172,2026-09-09T21:43:56.172,7.0035972770001536,0,0.0,4.242704000262165,28.94947000004322,2.0,4723.421875,11.0,1371.4375
yolo11s.pt,4,vertical,211,2026-09-09,21:43:56.208,2026-09-09T21:43:56.208,7.0394621800001005,1,0.37777334451675415,4.365793000033591,33.301412999662716,3.4,4723.421875,11.0,1371.4375
yolo11s.pt,4,vertical,212,2026-09-09,21:43:56.240,2026-09-09T21:43:56.240,7.071171277999838,0,0.0,4.288094000003184,28.69615999998132,2.0,4723.421875,11.0,1371.4375
yolo11s.pt,4,vertical,213,2026-09-09,21:43:56.276,2026-09-09T21:43:56.276,7.107443958999738,1,0.6303789615631104,4.362833999948634,33.68786100008947,1.7,4723.421875,11.0,1371.4375
yolo11s.pt,4,vertical,214,2026-09-09,21:43:56.308,2026-09-09T21:43:56.308,7.1392381780001415,1,0.6674832701683044,4.384213000321324,29.026537999925495,2.0,4723.421875,11.0,1371.4375
yolo11s.pt,4,vertical,215,2026-09-09,21:43:56.340,2026-09-09T21:43:56.340,7.1713733649999085,1,0.6403391361236572,4.413032999764255,29.39109700037079,3.8,4723.421875,11.0,1371.4375
yolo11s.pt,4,vertical,216,2026-09-09,21:43:56.376,2026-09-09T21:43:56.376,7.20741286700013,1,0.6562799215316772,4.368703000181995,33.20890300028623,1.8,4723.421875,11.0,1371.4375
yolo11s.pt,4,vertical,217,2026-09-09,21:43:56.408,2026-09-09T21:43:56.408,7.23946669399993,1,0.331800639629364,4.350492999947164,29.25649799999519,3.8,4723.421875,11.0,1371.4375
yolo11s.pt,4,vertical,218,2026-09-09,21:43:56.440,2026-09-09T21:43:56.440,7.271336291999887,1,0.16512243449687958,4.393762999825412,29.142589000002772,3.9,4723.421875,11.0,1371.4375
yolo11s.pt,4,vertical,219,2026-09-09,21:43:56.476,2026-09-09T21:43:56.476,7.307357703999969,1,0.22985783219337463,4.3650729999171745,33.225942999706604,1.8,4723.421875,11.0,1371.4375
yolo11s.pt,4,vertical,220,2026-09-09,21:43:56.508,2026-09-09T21:43:56.508,7.339336921999802,1,0.23633132874965668,4.385082999760925,29.193309000220324,3.8,4723.421875,11.0,1371.4375
yolo11s.pt,4,vertical,221,2026-09-09,21:43:56.540,2026-09-09T21:43:56.540,7.371487889000036,1,0.19774672389030457,4.41981299991312,29.417007000120066,2.0,4723.421875,11.0,1371.4375
yolo11s.pt,4,vertical,222,2026-09-09,21:43:56.576,2026-09-09T21:43:56.576,7.407646359999944,1,0.2704026997089386,4.385013000046456,33.31919199990807,5.1,4723.421875,11.0,1371.4375
yolo11s.pt,4,vertical,223,2026-09-09,21:43:56.608,2026-09-09T21:43:56.608,7.439638238000043,1,0.23491482436656952,4.402132999985042,29.25760900006935,2.0,4723.421875,11.0,1371.4375
yolo11s.pt,4,vertical,224,2026-09-09,21:43:56.640,2026-09-09T21:43:56.640,7.471422015999906,0,0.0,4.287664000003133,28.772860000117362,2.0,4723.421875,11.0,1371.4375
yolo11s.pt,4,vertical,225,2026-09-09,21:43:56.676,2026-09-09T21:43:56.676,7.507172509000156,1,0.29613196849823,4.393513999730203,33.195193000210566,3.4,4723.421875,11.0,1371.4375
yolo11s.pt,4,vertical,226,2026-09-09,21:43:56.708,2026-09-09T21:43:56.708,7.539139696999882,1,0.2974892854690552,4.3766430003415735,29.150409000067157,2.0,4723.421875,11.0,1371.4375
yolo11s.pt,4,vertical,227,2026-09-09,21:43:56.740,2026-09-09T21:43:56.740,7.571193744000084,1,0.4221477210521698,4.417373000251246,29.40663699973811,2.0,4723.421875,11.0,1371.4375
yolo11s.pt,4,vertical,228,2026-09-09,21:43:56.776,2026-09-09T21:43:56.776,7.607426036000106,0,0.0,4.219132999878639,33.064782999645104,5.2,4723.421875,11.0,1371.4375
yolo11s.pt,4,vertical,229,2026-09-09,21:43:56.808,2026-09-09T21:43:56.808,7.639156694000121,1,0.3051351010799408,4.580783000164956,29.41297699999268,2.0,4723.421875,11.0,1371.4375
yolo11s.pt,4,vertical,230,2026-09-09,21:43:56.840,2026-09-09T21:43:56.840,7.671352050999758,0,0.0,4.701832000137074,29.415467000035278,3.8,4723.421875,11.0,1371.4375
yolo11s.pt,4,vertical,231,2026-09-09,21:43:56.876,2026-09-09T21:43:56.876,7.707539852000082,0,0.0,4.229573999964487,32.94224399996892,3.5,4720.578125,11.0,1369.875
yolo11s.pt,4,vertical,232,2026-09-09,21:43:56.908,2026-09-09T21:43:56.908,7.739061431999744,1,0.19765083491802216,4.329233000134991,28.927489999659883,2.0,4720.578125,11.0,1369.875
yolo11s.pt,4,vertical,233,2026-09-09,21:43:56.940,2026-09-09T21:43:56.940,7.771744477000084,0,0.0,4.253582999808714,29.68678600018393,3.8,4720.578125,11.0,1369.875
yolo11s.pt,4,vertical,234,2026-09-09,21:43:56.976,2026-09-09T21:43:56.976,7.807495189999827,1,0.44211798906326294,4.3778829999610025,33.22749200015096,3.4,4720.578125,11.0,1369.875
yolo11s.pt,4,vertical,235,2026-09-09,21:43:57.007,2026-09-09T21:43:57.007,7.83921208799984,0,0.0,4.18076400001155,28.647430000091845,5.8,4720.578125,11.0,1369.875
yolo11s.pt,4,vertical,236,2026-09-09,21:43:57.040,2026-09-09T21:43:57.040,7.871336915000029,1,0.8676436543464661,4.4415130000743375,29.706947000249784,2.0,4720.578125,11.0,1369.875
yolo11s.pt,4,vertical,237,2026-09-09,21:43:57.076,2026-09-09T21:43:57.076,7.907354556999962,0,0.0,4.178683999725763,32.859844000086014,1.8,4720.578125,11.0,1369.875
yolo11s.pt,4,vertical,238,2026-09-09,21:43:57.108,2026-09-09T21:43:57.108,7.939203935000023,1,0.16562381386756897,4.372262999822851,29.31046799994874,2.0,4720.9375,11.0,1369.875
yolo11s.pt,4,vertical,239,2026-09-09,21:43:57.140,2026-09-09T21:43:57.140,7.971425312000065,0,0.0,4.212773999825004,29.180148000250483,2.0,4720.9375,11.0,1369.875
yolo11s.pt,4,vertical,240,2026-09-09,21:43:57.176,2026-09-09T21:43:57.176,8.007374393999726,1,0.22564731538295746,4.3587430000116,33.38798199956727,3.4,4720.9375,11.0,1369.875
yolo11s.pt,4,vertical,241,2026-09-09,21:43:57.208,2026-09-09T21:43:57.208,8.039310241999829,1,0.20810554921627045,4.377293000288773,29.14797899984478,3.9,4720.9375,11.0,1369.875
yolo11s.pt,4,vertical,242,2026-09-09,21:43:57.240,2026-09-09T21:43:57.240,8.071303718999843,1,0.5104414224624634,4.413803000261396,29.240047999792296,2.0,4720.9375,11.0,1369.875
yolo11s.pt,4,vertical,243,2026-09-09,21:43:57.276,2026-09-09T21:43:57.276,8.107477910999933,0,0.0,4.202564000024722,33.09857300018848,3.4,4720.9375,11.0,1369.875
yolo11s.pt,4,vertical,244,2026-09-09,21:43:57.308,2026-09-09T21:43:57.308,8.139319539000098,1,0.48446178436279297,4.389993000131653,29.348376999678294,2.0,4720.9375,11.0,1369.875
yolo11s.pt,4,vertical,245,2026-09-09,21:43:57.340,2026-09-09T21:43:57.340,8.171402255999965,1,0.6442121863365173,4.3987129997731245,29.309696999916923,3.9,4720.9375,11.0,1369.875
yolo11s.pt,4,vertical,246,2026-09-09,21:43:57.376,2026-09-09T21:43:57.376,8.207331367999814,0,0.0,4.189044000213471,32.82141399995453,1.8,4720.9375,11.0,1369.875
yolo11s.pt,4,vertical,247,2026-09-09,21:43:57.408,2026-09-09T21:43:57.408,8.23921088599991,1,0.7447203397750854,4.359124000075099,29.386227000031795,3.8,4720.9375,11.0,1369.875
yolo11s.pt,4,vertical,248,2026-09-09,21:43:57.440,2026-09-09T21:43:57.440,8.271459582999796,1,0.45895135402679443,4.395522999857349,29.508957000416558,3.8,4720.9375,11.0,1369.875
yolo11s.pt,4,vertical,249,2026-09-09,21:43:57.476,2026-09-09T21:43:57.476,8.307403095000154,1,0.6113343834877014,4.392392999761796,33.22708300038357,1.8,4720.9375,11.0,1369.875
yolo11s.pt,4,vertical,250,2026-09-09,21:43:57.508,2026-09-09T21:43:57.508,8.339184782999837,1,0.5123203992843628,4.3775439999080845,28.964719000214245,2.0,4720.9375,11.0,1369.875
yolo11s.pt,4,vertical,251,2026-09-09,21:43:57.544,2026-09-09T21:43:57.544,8.375341994999872,1,0.4659835696220398,4.418912999881286,33.441361999848596,3.4,4720.9375,11.0,1369.875
yolo11s.pt,4,vertical,252,2026-09-09,21:43:57.577,2026-09-09T21:43:57.577,8.407645121999849,1,0.4458004832267761,4.718812000191974,29.811815999892133,2.0,4720.9375,11.0,1369.875
yolo11s.pt,4,vertical,253,2026-09-09,21:43:57.608,2026-09-09T21:43:57.608,8.439331730000049,1,0.24459287524223328,4.363993999959348,28.56825100025162,2.0,4720.05078125,11.0,1369.875
yolo11s.pt,4,vertical,254,2026-09-09,21:43:57.644,2026-09-09T21:43:57.644,8.475818921000155,1,0.3142073154449463,4.402752999794757,33.725361000051635,3.4,4720.29296875,11.0,1369.875
yolo11s.pt,4,vertical,255,2026-09-09,21:43:57.676,2026-09-09T21:43:57.676,8.507658968999749,1,0.3090648651123047,4.3815630001518,29.01813900007255,2.0,4720.29296875,11.0,1369.875
yolo11s.pt,4,vertical,256,2026-09-09,21:43:57.708,2026-09-09T21:43:57.708,8.539746206000018,1,0.20923399925231934,4.37903300007747,29.289058000358636,3.9,4720.29296875,12.0,1369.875
yolo11s.pt,4,vertical,257,2026-09-09,21:43:57.744,2026-09-09T21:43:57.744,8.575345269000081,1,0.290112167596817,4.377583999939816,32.8259140001137,1.8,4720.29296875,12.0,1369.875
yolo11s.pt,4,vertical,258,2026-09-09,21:43:57.776,2026-09-09T21:43:57.776,8.607355047000055,1,0.7049593329429626,4.3934630002695485,29.21662800008562,3.9,4719.47265625,12.0,1369.875
yolo11s.pt,4,vertical,259,2026-09-09,21:43:57.808,2026-09-09T21:43:57.808,8.639356493999912,1,0.28769686818122864,4.372284000055515,29.20023799970295,3.8,4719.47265625,12.0,1369.875
yolo11s.pt,4,vertical,260,2026-09-09,21:43:57.844,2026-09-09T21:43:57.844,8.675317296999765,1,0.8225724101066589,4.418073000124423,33.19393299989315,1.8,4719.47265625,12.0,1369.875
yolo11s.pt,4,vertical,261,2026-09-09,21:43:57.876,2026-09-09T21:43:57.876,8.70726346399988,1,0.2930091917514801,4.381703999570163,29.14342799977021,4.0,4719.46484375,12.0,1369.875
yolo11s.pt,4,vertical,262,2026-09-09,21:43:57.908,2026-09-09T21:43:57.908,8.739148451999881,1,0.37418439984321594,4.380163999940123,29.095258000324975,2.0,4719.46484375,12.0,1369.875
yolo11s.pt,4,vertical,263,2026-09-09,21:43:57.944,2026-09-09T21:43:57.944,8.775465892999819,1,0.44611576199531555,4.351923999820428,33.52990200028216,3.4,4719.46484375,12.0,1369.875
yolo11s.pt,4,vertical,264,2026-09-09,21:43:57.976,2026-09-09T21:43:57.976,8.80771378999998,1,0.3015984296798706,4.389643000195065,29.509276000226237,2.0,4719.46484375,12.0,1369.875
yolo11s.pt,4,vertical,265,2026-09-09,21:43:58.008,2026-09-09T21:43:58.008,8.839521117999993,0,0.0,4.191763999642717,28.732400000080816,3.9,4719.46484375,12.0,1369.875
yolo11s.pt,4,vertical,266,2026-09-09,21:43:58.044,2026-09-09T21:43:58.044,8.875551619999897,1,0.7314600348472595,4.586272000324243,33.73867099980998,1.7,4719.46484375,12.0,1369.875
yolo11s.pt,4,vertical,267,2026-09-09,21:43:58.076,2026-09-09T21:43:58.076,8.907280378999985,1,0.1956416517496109,4.370333000224491,28.725889999805077,2.0,4719.46484375,12.0,1369.875
yolo11s.pt,4,vertical,268,2026-09-09,21:43:58.108,2026-09-09T21:43:58.108,8.939768673999879,1,0.23537825047969818,4.462673000034556,29.799085999911767,3.8,4719.46484375,12.0,1369.875
yolo11s.pt,4,vertical,269,2026-09-09,21:43:58.144,2026-09-09T21:43:58.144,8.97555724699987,0,0.0,4.193623999981355,32.645775000219146,1.8,4719.46484375,12.0,1369.875
yolo11s.pt,4,vertical,270,2026-09-09,21:43:58.176,2026-09-09T21:43:58.176,9.007576023999718,1,0.32672691345214844,4.3503140000211715,29.48617700030809,2.0,4719.46484375,12.0,1369.875
yolo11s.pt,4,vertical,271,2026-09-09,21:43:58.208,2026-09-09T21:43:58.208,9.039443572999971,0,0.0,4.195472999981575,28.803028999845992,2.0,4719.46484375,11.0,1369.875
yolo11s.pt,4,vertical,272,2026-09-09,21:43:58.244,2026-09-09T21:43:58.244,9.07538443500016,0,0.0,4.199554000024364,33.1248229999801,5.1,4719.46484375,11.0,1369.875
yolo11s.pt,4,vertical,273,2026-09-09,21:43:58.276,2026-09-09T21:43:58.276,9.107523182000023,0,0.0,4.720362000171008,29.984135000177048,3.8,4720.87890625,11.0,1370.6875
yolo11s.pt,4,vertical,274,2026-09-09,21:43:58.304,2026-09-09T21:43:58.304,9.135180715999923,0,0.0,4.241274000378326,24.215287999595603,4.7,4720.875,11.0,1376.4375
yolo11s.pt,4,vertical,275,2026-09-09,21:43:58.344,2026-09-09T21:43:58.344,9.175574480999785,1,0.2196727991104126,4.687352000019018,38.1574139996701,1.5,4721.1171875,11.0,1376.4375
yolo11s.pt,4,vertical,276,2026-09-09,21:43:58.376,2026-09-09T21:43:58.376,9.207379708999724,0,0.0,4.239924000103201,28.42505099988557,2.0,4721.1171875,11.0,1376.4375
yolo11s.pt,4,vertical,277,2026-09-09,21:43:58.408,2026-09-09T21:43:58.408,9.23927675799996,1,0.5431565046310425,4.488723000122263,29.475766999894404,3.8,4721.1171875,11.0,1376.4375
yolo11s.pt,4,vertical,278,2026-09-09,21:43:58.444,2026-09-09T21:43:58.444,9.275355139000112,0,0.0,4.203223999866168,32.87356400005592,1.8,4721.1171875,11.0,1376.4375
yolo11s.pt,4,vertical,279,2026-09-09,21:43:58.476,2026-09-09T21:43:58.476,9.307476955999846,1,0.27618464827537537,4.364653999800794,29.615357000238873,3.8,4721.1171875,11.0,1376.4375
yolo11s.pt,4,vertical,280,2026-09-09,21:43:58.512,2026-09-09T21:43:58.512,9.343392139000116,0,0.0,4.193444000065938,32.83035499998732,1.8,4721.1171875,11.0,1376.4375
yolo11s.pt,4,vertical,281,2026-09-09,21:43:58.544,2026-09-09T21:43:58.544,9.375310125999931,0,0.0,4.2052939998029615,29.15250800015201,3.9,4721.41796875,11.0,1376.4375
yolo11s.pt,4,vertical,282,2026-09-09,21:43:58.576,2026-09-09T21:43:58.576,9.407387054000083,1,0.3670613169670105,4.414563999944221,29.5858260001296,3.8,4721.41796875,11.0,1376.4375
yolo11s.pt,4,vertical,283,2026-09-09,21:43:58.608,2026-09-09T21:43:58.608,9.439247622000039,0,0.0,4.277602999991359,28.889158999845677,5.9,4721.41796875,11.0,1378.625
yolo11s.pt,4,vertical,284,2026-09-09,21:43:58.644,2026-09-09T21:43:58.644,9.475367752999773,0,0.0,4.302723999899172,33.282202999998844,3.4,4721.41796875,11.0,1378.625
yolo11s.pt,4,vertical,285,2026-09-09,21:43:58.676,2026-09-09T21:43:58.676,9.507333681000091,0,0.0,4.1779040002438705,29.04491900017092,3.9,4721.41796875,11.0,1378.625
yolo11s.pt,4,vertical,286,2026-09-09,21:43:58.708,2026-09-09T21:43:58.708,9.539231789000041,1,0.25980618596076965,4.471672999898146,29.499066999960633,2.0,4721.41796875,12.0,1378.625
yolo11s.pt,4,vertical,287,2026-09-09,21:43:58.744,2026-09-09T21:43:58.744,9.575452539999787,1,0.16305437684059143,4.382823000014469,33.360242000071594,3.4,4721.41796875,12.0,1378.625
yolo11s.pt,4,vertical,288,2026-09-09,21:43:58.776,2026-09-09T21:43:58.776,9.607302907999838,0,0.0,4.170804000295902,28.708979999919393,2.0,4721.6640625,12.0,1378.625
yolo11s.pt,4,vertical,289,2026-09-09,21:43:58.812,2026-09-09T21:43:58.812,9.643371090000073,0,0.0,4.189753999980894,33.300572000371176,1.8,4721.6640625,12.0,1378.625
yolo11s.pt,4,vertical,290,2026-09-09,21:43:58.844,2026-09-09T21:43:58.844,9.675429198000074,1,0.37886542081832886,4.343943000094441,29.50778700005685,3.8,4721.6640625,12.0,1378.625
yolo11s.pt,4,vertical,291,2026-09-09,21:43:58.876,2026-09-09T21:43:58.876,9.70749944499994,0,0.0,4.208163999919634,29.05595899983382,7.5,4721.6640625,12.0,1378.625
yolo11s.pt,4,vertical,292,2026-09-09,21:43:58.912,2026-09-09T21:43:58.912,9.743428917000074,1,0.283939003944397,4.370504000235087,33.523392000006424,1.8,4721.6640625,12.0,1378.625
yolo11s.pt,4,vertical,293,2026-09-09,21:43:58.944,2026-09-09T21:43:58.944,9.775422764999803,1,0.4381624460220337,4.354143000000477,29.06193799981338,3.8,4721.6640625,12.0,1378.625
yolo11s.pt,4,vertical,294,2026-09-09,21:43:58.976,2026-09-09T21:43:58.976,9.807534111999757,1,0.4193146824836731,4.392762999941624,29.343296999741142,2.0,4721.6640625,12.0,1378.625
yolo11s.pt,4,vertical,295,2026-09-09,21:43:59.012,2026-09-09T21:43:59.012,9.843540014000155,1,0.6530458927154541,4.361993000202347,33.21082299999034,3.4,4721.6640625,12.0,1378.625
yolo11s.pt,4,vertical,296,2026-09-09,21:43:59.044,2026-09-09T21:43:59.044,9.875513802000114,0,0.0,4.178924000370898,28.8590390000536,2.0,4721.6640625,12.0,1378.625
yolo11s.pt,4,vertical,297,2026-09-09,21:43:59.076,2026-09-09T21:43:59.076,9.907224309999947,1,0.2358323633670807,4.3454430001474975,29.210277999936807,2.0,4721.6640625,12.0,1378.625
yolo11s.pt,4,vertical,298,2026-09-09,21:43:59.112,2026-09-09T21:43:59.112,9.943479251000099,1,0.47230175137519836,4.431923000083771,33.56160199973601,1.8,4721.6640625,12.0,1378.625
yolo11s.pt,4,vertical,299,2026-09-09,21:43:59.144,2026-09-09T21:43:59.144,9.975369189000048,1,0.4130994975566864,4.383383999993384,29.034769000190863,3.8,4721.6640625,12.0,1378.625
yolo11s.pt,4,vertical,300,2026-09-09,21:43:59.176,2026-09-09T21:43:59.176,10.007353216999945,1,0.16042087972164154,4.382922999866423,29.1866590000609,2.0,4721.6640625,12.0,1378.625
yolo11s.pt,5,free_depth_motion,1,2026-09-09,21:44:04.118,2026-09-09T21:44:04.118,0.032095936999667174,1,0.22575582563877106,5.252740000287304,37.957784999889554,1.8,4723.27734375,3.0,1370.25
yolo11s.pt,5,free_depth_motion,2,2026-09-09,21:44:04.149,2026-09-09T21:44:04.149,0.06339510699990569,0,0.0,4.234153999732371,28.406191000158287,4.0,4714.26171875,3.0,1370.25
yolo11s.pt,5,free_depth_motion,3,2026-09-09,21:44:04.184,2026-09-09T21:44:04.184,0.09931241000003865,1,0.24654929339885712,4.370563000065886,32.12114799998744,3.5,4714.31640625,9.0,1370.25
yolo11s.pt,5,free_depth_motion,4,2026-09-09,21:44:04.216,2026-09-09T21:44:04.216,0.13138482699969245,1,0.33502358198165894,4.339753999829554,29.256308000185527,5.8,4714.31640625,9.0,1370.25
yolo11s.pt,5,free_depth_motion,5,2026-09-09,21:44:04.249,2026-09-09T21:44:04.249,0.16467287999967084,1,0.34323379397392273,4.260122999767191,30.40793400032271,1.9,4721.76171875,9.0,1370.25
yolo11s.pt,5,free_depth_motion,6,2026-09-09,21:44:04.286,2026-09-09T21:44:04.286,0.19951437600002464,1,0.2670535147190094,4.370622999886109,33.638571000210504,3.4,4725.91796875,9.0,1370.25
yolo11s.pt,5,free_depth_motion,7,2026-09-09,21:44:04.316,2026-09-09T21:44:04.316,0.23194495200004894,0,0.0,4.116633999728947,27.748463999614614,2.0,4725.9453125,9.0,1370.25
yolo11s.pt,5,free_depth_motion,8,2026-09-09,21:44:04.348,2026-09-09T21:44:04.348,0.2633516119999513,0,0.0,4.165523000210669,28.631489999952464,2.0,4725.9453125,9.0,1370.25
yolo11s.pt,5,free_depth_motion,9,2026-09-09,21:44:04.384,2026-09-09T21:44:04.384,0.299371304000033,0,0.0,4.205673000342358,33.25462200018592,3.4,4725.9453125,9.0,1370.25
yolo11s.pt,5,free_depth_motion,10,2026-09-09,21:44:04.416,2026-09-09T21:44:04.416,0.3314850709998609,1,0.18759123980998993,4.349753000042256,29.605956999603222,2.0,4725.9453125,9.0,1370.25
yolo11s.pt,5,free_depth_motion,11,2026-09-09,21:44:04.448,2026-09-09T21:44:04.448,0.3634858380000878,1,0.29705914855003357,4.446163000011438,29.360107999764296,2.0,4725.9453125,9.0,1370.25
yolo11s.pt,5,free_depth_motion,12,2026-09-09,21:44:04.484,2026-09-09T21:44:04.484,0.3993467709997276,1,0.518791139125824,4.352673000084906,32.97713400024804,3.5,4726.1875,9.0,1370.25
yolo11s.pt,5,free_depth_motion,13,2026-09-09,21:44:04.516,2026-09-09T21:44:04.516,0.4315280279997751,1,0.39065563678741455,4.361112999959005,29.407917999833444,2.0,4726.1875,9.0,1370.25
yolo11s.pt,5,free_depth_motion,14,2026-09-09,21:44:04.548,2026-09-09T21:44:04.548,0.46343611599968426,1,0.20670540630817413,4.363193000244792,29.172808000112127,5.8,4726.1875,9.0,1370.25
yolo11s.pt,5,free_depth_motion,15,2026-09-09,21:44:04.584,2026-09-09T21:44:04.584,0.499613276999753,1,0.37056902050971985,4.443052999704378,33.47998099980032,1.8,4726.42578125,9.0,1370.25
yolo11s.pt,5,free_depth_motion,16,2026-09-09,21:44:04.616,2026-09-09T21:44:04.616,0.5313520760000756,0,0.0,4.23985299994456,28.612820000034844,2.0,4726.42578125,9.0,1370.25
yolo11s.pt,5,free_depth_motion,17,2026-09-09,21:44:04.648,2026-09-09T21:44:04.648,0.5635205319999841,1,0.2160927951335907,4.3697940000129165,29.57754599992768,3.8,4726.42578125,9.0,1370.25
yolo11s.pt,5,free_depth_motion,18,2026-09-09,21:44:04.685,2026-09-09T21:44:04.685,0.5998040529998434,1,0.2344280481338501,4.653362999761157,33.80534999996598,1.7,4726.42578125,11.0,1370.25
yolo11s.pt,5,free_depth_motion,19,2026-09-09,21:44:04.716,2026-09-09T21:44:04.716,0.6315584819999458,1,0.3160094618797302,4.438113000105659,28.747988999839436,2.0,4726.42578125,11.0,1370.25
yolo11s.pt,5,free_depth_motion,20,2026-09-09,21:44:04.748,2026-09-09T21:44:04.748,0.6635738589998255,0,0.0,4.2090439997082285,28.914599000017915,3.8,4726.42578125,11.0,1370.25
yolo11s.pt,5,free_depth_motion,21,2026-09-09,21:44:04.784,2026-09-09T21:44:04.784,0.6995030319999387,0,0.0,4.209553999771742,33.11505400006354,3.4,4726.42578125,11.0,1370.25
yolo11s.pt,5,free_depth_motion,22,2026-09-09,21:44:04.816,2026-09-09T21:44:04.816,0.731478118999803,1,0.37009111046791077,4.376944000341609,29.431096999815054,3.8,4726.42578125,11.0,1370.25
yolo11s.pt,5,free_depth_motion,23,2026-09-09,21:44:04.848,2026-09-09T21:44:04.848,0.7634760070000084,0,0.0,4.199674000119558,28.912640000271495,2.0,4726.42578125,11.0,1370.25
yolo11s.pt,5,free_depth_motion,24,2026-09-09,21:44:04.884,2026-09-09T21:44:04.884,0.7994808089997605,1,0.1905456781387329,4.361763000360952,33.47910200000115,3.4,4726.42578125,11.0,1370.25
yolo11s.pt,5,free_depth_motion,25,2026-09-09,21:44:04.916,2026-09-09T21:44:04.916,0.831554395999774,0,0.0,4.178763999789226,28.975469000215526,2.0,4726.42578125,11.0,1370.25
yolo11s.pt,5,free_depth_motion,26,2026-09-09,21:44:04.948,2026-09-09T21:44:04.948,0.8635257040000397,1,0.3826254606246948,4.346683000221674,29.446477999954368,3.8,4726.42578125,11.0,1370.25
yolo11s.pt,5,free_depth_motion,27,2026-09-09,21:44:04.984,2026-09-09T21:44:04.984,0.8994976359999782,1,0.22288790345191956,4.368032999991556,33.199742999840964,1.8,4726.42578125,11.0,1370.25
yolo11s.pt,5,free_depth_motion,28,2026-09-09,21:44:05.016,2026-09-09T21:44:05.016,0.9313905039998644,0,0.0,4.183563999959006,28.806730000269454,2.0,4726.42578125,11.0,1370.25
yolo11s.pt,5,free_depth_motion,29,2026-09-09,21:44:05.048,2026-09-09T21:44:05.048,0.9632593520000228,1,0.15934574604034424,4.330332999870734,29.306148000159737,2.0,4726.42578125,11.0,1370.25
yolo11s.pt,5,free_depth_motion,30,2026-09-09,21:44:05.084,2026-09-09T21:44:05.084,0.9994339229997422,0,0.0,4.1675539996504085,33.10591299987209,3.4,4726.42578125,11.0,1370.25
yolo11s.pt,5,free_depth_motion,31,2026-09-09,21:44:05.116,2026-09-09T21:44:05.116,1.0312041619999945,1,0.3292092978954315,4.36685300019235,29.245757999888156,2.0,4726.42578125,11.0,1370.25
yolo11s.pt,5,free_depth_motion,32,2026-09-09,21:44:05.148,2026-09-09T21:44:05.148,1.0635570780000307,1,0.46302852034568787,4.360042999906,29.557946999830165,2.0,4726.42578125,11.0,1370.25
yolo11s.pt,5,free_depth_motion,33,2026-09-09,21:44:05.184,2026-09-09T21:44:05.184,1.0993499609999162,0,0.0,4.1830339996522525,32.706524999866815,1.8,4726.42578125,11.0,1370.25
yolo11s.pt,5,free_depth_motion,34,2026-09-09,21:44:05.216,2026-09-09T21:44:05.216,1.1313297389997388,1,0.42405325174331665,4.361373999927309,29.47138699983043,3.8,4726.42578125,11.0,1370.25
yolo11s.pt,5,free_depth_motion,35,2026-09-09,21:44:05.252,2026-09-09T21:44:05.252,1.1674467099996946,1,0.3317906856536865,4.380063000098744,33.39623300007588,3.4,4726.42578125,11.0,1370.25
yolo11s.pt,5,free_depth_motion,36,2026-09-09,21:44:05.284,2026-09-09T21:44:05.284,1.1995060079998439,1,0.30770590901374817,4.373252999812394,29.1307979996418,2.0,4726.42578125,11.0,1370.25
yolo11s.pt,5,free_depth_motion,37,2026-09-09,21:44:05.316,2026-09-09T21:44:05.316,1.2313610960000005,0,0.0,4.187473999991198,28.776249999737047,3.9,4726.42578125,11.0,1370.25
yolo11s.pt,5,free_depth_motion,38,2026-09-09,21:44:05.352,2026-09-09T21:44:05.352,1.2674787769997238,1,0.3319103717803955,4.371522999917943,33.5932610000782,1.8,4726.42578125,11.0,1370.25
yolo11s.pt,5,free_depth_motion,39,2026-09-09,21:44:05.384,2026-09-09T21:44:05.384,1.2993222249997416,1,0.2473187893629074,4.386792999866884,29.060258999834332,3.8,4726.42578125,11.0,1370.25
yolo11s.pt,5,free_depth_motion,40,2026-09-09,21:44:05.416,2026-09-09T21:44:05.416,1.3314283719996638,1,0.5967659950256348,4.368544000044494,29.31693800019275,2.0,4726.42578125,11.0,1370.25
yolo11s.pt,5,free_depth_motion,41,2026-09-09,21:44:05.448,2026-09-09T21:44:05.448,1.3631901209996613,1,0.5967659950256348,4.507092999574525,29.12275899961969,3.8,4726.42578125,11.0,1370.25
yolo11s.pt,5,free_depth_motion,42,2026-09-09,21:44:05.484,2026-09-09T21:44:05.484,1.399523992000013,1,0.23892857134342194,4.3455830000311835,33.37967299967204,1.8,4726.42578125,11.0,1370.25
yolo11s.pt,5,free_depth_motion,43,2026-09-09,21:44:05.516,2026-09-09T21:44:05.516,1.431123931000002,1,0.1704021394252777,4.285862999950041,28.78164999992805,2.0,4726.42578125,11.0,1370.25
yolo11s.pt,5,free_depth_motion,44,2026-09-09,21:44:05.552,2026-09-09T21:44:05.552,1.467439122000087,1,0.6656222343444824,4.353602999799477,33.53727199964851,3.4,4726.78515625,11.0,1370.25
yolo11s.pt,5,free_depth_motion,45,2026-09-09,21:44:05.584,2026-09-09T21:44:05.584,1.4993974889998753,1,0.48571595549583435,4.334323999955814,29.155257999718742,2.0,4726.90234375,11.0,1370.25
yolo11s.pt,5,free_depth_motion,46,2026-09-09,21:44:05.616,2026-09-09T21:44:05.616,1.531647645999783,1,0.6462254524230957,4.378272999929322,29.5089259998349,2.0,4726.90234375,11.0,1370.25
yolo11s.pt,5,free_depth_motion,47,2026-09-09,21:44:05.652,2026-09-09T21:44:05.652,1.567579508000108,1,0.6242628693580627,4.378922999876522,33.11452299976736,3.4,4726.90234375,11.0,1370.25
yolo11s.pt,5,free_depth_motion,48,2026-09-09,21:44:05.684,2026-09-09T21:44:05.684,1.5995706559997416,1,0.24471713602542877,4.365562999737449,29.158887999983563,2.0,4726.90234375,11.0,1370.25
yolo11s.pt,5,free_depth_motion,49,2026-09-09,21:44:05.716,2026-09-09T21:44:05.716,1.6313653839997642,1,0.19411601126194,4.335412999807886,28.94631900016975,2.0,4726.90234375,11.0,1370.25
yolo11s.pt,5,free_depth_motion,50,2026-09-09,21:44:05.752,2026-09-09T21:44:05.752,1.6674940349998906,1,0.48963218927383423,4.344023999692581,33.3449820000169,1.8,4726.90234375,11.0,1370.25
yolo11s.pt,5,free_depth_motion,51,2026-09-09,21:44:05.784,2026-09-09T21:44:05.784,1.6994643429998177,1,0.42946839332580566,4.659971999899426,29.474056999788445,3.8,4726.89453125,11.0,1370.25
yolo11s.pt,5,free_depth_motion,52,2026-09-09,21:44:05.816,2026-09-09T21:44:05.816,1.731545119999737,1,0.43130040168762207,4.367403000287595,29.011509000156366,3.9,4726.89453125,11.0,1370.25
yolo11s.pt,5,free_depth_motion,53,2026-09-09,21:44:05.852,2026-09-09T21:44:05.852,1.7674715230000402,1,0.49495476484298706,4.354333000264887,33.09749300024123,1.8,4726.89453125,11.0,1370.25
yolo11s.pt,5,free_depth_motion,54,2026-09-09,21:44:05.884,2026-09-09T21:44:05.884,1.799586079999699,0,0.0,4.420762999870931,29.433907000111503,7.8,4729.09375,11.0,1370.875
yolo11s.pt,5,free_depth_motion,55,2026-09-09,21:44:05.916,2026-09-09T21:44:05.916,1.831546146999699,1,0.6892911195755005,4.449193000255036,29.144048000034672,2.0,4729.09375,11.0,1370.875
yolo11s.pt,5,free_depth_motion,56,2026-09-09,21:44:05.952,2026-09-09T21:44:05.952,1.867339869999796,1,0.5037853121757507,4.36335299991697,32.89466400019592,1.8,4729.09375,11.0,1370.875
yolo11s.pt,5,free_depth_motion,57,2026-09-09,21:44:05.984,2026-09-09T21:44:05.984,1.899355366999771,1,0.22702504694461823,4.331013999944844,29.178008000144473,2.0,4729.09375,11.0,1370.875
yolo11s.pt,5,free_depth_motion,58,2026-09-09,21:44:06.016,2026-09-09T21:44:06.016,1.9315360539999347,1,0.5942015051841736,4.384663000109867,29.46233700004086,3.8,4729.09375,11.0,1370.875
yolo11s.pt,5,free_depth_motion,59,2026-09-09,21:44:06.052,2026-09-09T21:44:06.052,1.967548885999804,1,0.5468376278877258,4.369372999917687,33.17201299978478,3.4,4729.09375,11.0,1370.875
yolo11s.pt,5,free_depth_motion,60,2026-09-09,21:44:06.084,2026-09-09T21:44:06.084,1.999539533999723,0,0.0,4.194403999917995,28.908229999615287,2.0,4729.09375,11.0,1370.875
yolo11s.pt,5,free_depth_motion,61,2026-09-09,21:44:06.116,2026-09-09T21:44:06.116,2.031416571999671,1,0.4119240641593933,4.3842830000357935,29.35177700010172,3.8,4729.09375,11.0,1370.875
yolo11s.pt,5,free_depth_motion,62,2026-09-09,21:44:06.152,2026-09-09T21:44:06.152,2.067513102999783,1,0.6050502061843872,4.382553000141343,33.327921999898535,3.4,4729.09375,11.0,1370.875
yolo11s.pt,5,free_depth_motion,63,2026-09-09,21:44:06.184,2026-09-09T21:44:06.184,2.0994131509996805,1,0.3358626663684845,4.359342999578075,29.11825899991527,2.0,4729.09375,11.0,1370.875
yolo11s.pt,5,free_depth_motion,64,2026-09-09,21:44:06.216,2026-09-09T21:44:06.216,2.131431178999719,1,0.35618022084236145,4.382752999845252,29.269827999996778,2.0,4729.09375,12.0,1370.875
yolo11s.pt,5,free_depth_motion,65,2026-09-09,21:44:06.252,2026-09-09T21:44:06.252,2.1675013310000395,1,0.5597786903381348,4.3548529997679,33.223463000013,3.4,4729.09375,12.0,1370.875
yolo11s.pt,5,free_depth_motion,66,2026-09-09,21:44:06.285,2026-09-09T21:44:06.285,2.1994774079998933,1,0.41628164052963257,4.793892000179767,29.69976599979418,5.8,4729.09375,12.0,1372.5
yolo11s.pt,5,free_depth_motion,67,2026-09-09,21:44:06.316,2026-09-09T21:44:06.316,2.2315121259998705,1,0.3925217092037201,4.356293000000733,28.707961000236537,2.0,4729.09375,12.0,1372.5
yolo11s.pt,5,free_depth_motion,68,2026-09-09,21:44:06.352,2026-09-09T21:44:06.352,2.26723882899978,1,0.6437786221504211,4.378312999961054,32.98739299998488,3.4,4729.09375,12.0,1372.5
yolo11s.pt,5,free_depth_motion,69,2026-09-09,21:44:06.384,2026-09-09T21:44:06.384,2.2992122259997814,1,0.6723354458808899,4.378584000278352,29.175998000027903,2.0,4729.09375,12.0,1372.5
yolo11s.pt,5,free_depth_motion,70,2026-09-09,21:44:06.416,2026-09-09T21:44:06.416,2.3312080539999442,1,0.7829931974411011,4.351032999693416,29.164269000375498,2.0,4729.09375,12.0,1372.5
yolo11s.pt,5,free_depth_motion,71,2026-09-09,21:44:06.452,2026-09-09T21:44:06.452,2.367219786000078,1,0.5109369158744812,4.386423000141804,33.27087300021958,3.4,4729.09375,12.0,1372.5
yolo11s.pt,5,free_depth_motion,72,2026-09-09,21:44:06.485,2026-09-09T21:44:06.485,2.3994050329997663,1,0.35750576853752136,5.298490000313905,30.606833000092593,14.8,4729.09375,12.0,1372.4375
yolo11s.pt,5,free_depth_motion,73,2026-09-09,21:44:06.522,2026-09-09T21:44:06.522,2.4356207239998184,1,0.31775012612342834,5.936027000188915,33.87482100015404,40.7,4729.0859375,12.0,1372.4375
yolo11s.pt,5,free_depth_motion,74,2026-09-09,21:44:06.552,2026-09-09T21:44:06.552,2.4674105519998193,1,0.4970698952674866,4.640653000024031,27.315685999838024,4.1,4730.0625,12.0,1372.4375
yolo11s.pt,5,free_depth_motion,75,2026-09-09,21:44:06.584,2026-09-09T21:44:06.584,2.4993125599999075,1,0.6833499073982239,4.43147299984048,28.748959999575163,2.0,4730.0625,12.0,1372.4375
yolo11s.pt,5,free_depth_motion,76,2026-09-09,21:44:06.620,2026-09-09T21:44:06.620,2.535213372999806,1,0.3311043083667755,4.583171999911428,33.28480300024239,3.5,4730.0625,12.0,1372.4375
yolo11s.pt,5,free_depth_motion,77,2026-09-09,21:44:06.651,2026-09-09T21:44:06.651,2.5671063209997556,0,0.0,4.158113999892521,28.6030209999808,2.0,4730.0625,12.0,1372.4375
yolo11s.pt,5,free_depth_motion,78,2026-09-09,21:44:06.684,2026-09-09T21:44:06.684,2.599348747000022,1,0.30858951807022095,4.359433999979956,29.767766000077245,2.0,4730.0625,12.0,1372.4375
yolo11s.pt,5,free_depth_motion,79,2026-09-09,21:44:06.716,2026-09-09T21:44:06.716,2.631187834999764,1,0.30858951807022095,4.4140729996797745,29.11204900010489,2.0,4730.0625,12.0,1372.4375
yolo11s.pt,5,free_depth_motion,80,2026-09-09,21:44:06.751,2026-09-09T21:44:06.751,2.6671221980000155,0,0.0,4.142683999816654,32.78201500006617,1.8,4730.0625,12.0,1372.4375
yolo11s.pt,5,free_depth_motion,81,2026-09-09,21:44:06.783,2026-09-09T21:44:06.783,2.6991157550000935,0,0.0,4.108963999897242,29.158757999994123,3.9,4730.3046875,12.0,1372.4375
yolo11s.pt,5,free_depth_motion,82,2026-09-09,21:44:06.820,2026-09-09T21:44:06.820,2.73524304700004,1,0.36366164684295654,4.382303999591386,33.67826099974991,1.7,4730.546875,12.0,1372.4375
yolo11s.pt,5,free_depth_motion,83,2026-09-09,21:44:06.852,2026-09-09T21:44:06.852,2.7672381140000653,1,0.709449052810669,4.396542999984376,29.193618000135757,2.0,4730.546875,12.0,1372.4375
yolo11s.pt,5,free_depth_motion,84,2026-09-09,21:44:06.883,2026-09-09T21:44:06.883,2.7991886019999583,0,0.0,4.202242999781447,28.87004900003376,4.0,4730.30078125,12.0,1372.4375
yolo11s.pt,5,free_depth_motion,85,2026-09-09,21:44:06.920,2026-09-09T21:44:06.920,2.8353905129997656,1,0.44160598516464233,4.415892999986681,33.72780000017883,1.7,4730.30078125,12.0,1372.3125
yolo11s.pt,5,free_depth_motion,86,2026-09-09,21:44:06.952,2026-09-09T21:44:06.952,2.86717728099984,0,0.0,4.5749230002911645,29.124909000074695,3.9,4730.30078125,12.0,1372.3125
yolo11s.pt,5,free_depth_motion,87,2026-09-09,21:44:06.984,2026-09-09T21:44:06.984,2.8993337479996626,1,0.49784135818481445,4.455242999938491,29.264597999826947,3.9,4730.546875,12.0,1372.3125
yolo11s.pt,5,free_depth_motion,88,2026-09-09,21:44:07.020,2026-09-09T21:44:07.020,2.9353036299999076,1,0.6064176559448242,4.375833999802126,33.114963000116404,3.4,4730.546875,12.0,1372.3125
yolo11s.pt,5,free_depth_motion,89,2026-09-09,21:44:07.052,2026-09-09T21:44:07.052,2.9672140180000497,1,0.33484384417533875,4.353873000127351,29.06562899988785,2.0,4730.546875,12.0,1372.3125
yolo11s.pt,5,free_depth_motion,90,2026-09-09,21:44:07.083,2026-09-09T21:44:07.083,2.999164845999985,0,0.0,4.184253999937937,28.878328999780933,2.0,4730.546875,12.0,1372.3125
yolo11s.pt,5,free_depth_motion,91,2026-09-09,21:44:07.120,2026-09-09T21:44:07.120,3.0350630079997245,1,0.6010853052139282,4.302743999687664,33.342822000122396,1.8,4730.546875,12.0,1372.3125
yolo11s.pt,5,free_depth_motion,92,2026-09-09,21:44:07.152,2026-09-09T21:44:07.152,3.067195454999819,1,0.6502695083618164,4.368634000002203,29.36037800009217,3.8,4730.546875,12.0,1372.3125
yolo11s.pt,5,free_depth_motion,93,2026-09-09,21:44:07.184,2026-09-09T21:44:07.184,3.0991553230001045,1,0.5468549132347107,4.360602999895491,29.158777999782615,2.0,4730.546875,12.0,1372.3125
yolo11s.pt,5,free_depth_motion,94,2026-09-09,21:44:07.220,2026-09-09T21:44:07.220,3.135188974999892,0,0.0,4.212543999983609,32.9432739999902,1.8,4730.546875,11.0,1372.3125
yolo11s.pt,5,free_depth_motion,95,2026-09-09,21:44:07.252,2026-09-09T21:44:07.252,3.1672983720000047,1,0.6078052520751953,4.360064000138664,29.56074699977762,2.0,4730.546875,11.0,1372.3125
yolo11s.pt,5,free_depth_motion,96,2026-09-09,21:44:07.284,2026-09-09T21:44:07.284,3.1991992899997967,1,0.741690456867218,4.416533000039635,29.171748999942793,2.0,4730.546875,11.0,1372.3125
yolo11s.pt,5,free_depth_motion,97,2026-09-09,21:44:07.320,2026-09-09T21:44:07.320,3.2352464319997125,0,0.0,4.191883999737911,32.89301400036493,3.5,4730.546875,11.0,1372.3125
yolo11s.pt,5,free_depth_motion,98,2026-09-09,21:44:07.352,2026-09-09T21:44:07.352,3.2673369290000664,1,0.3382536470890045,4.3657840001287695,29.585156999928586,1.9,4730.546875,11.0,1372.3125
yolo11s.pt,5,free_depth_motion,99,2026-09-09,21:44:07.383,2026-09-09T21:44:07.383,3.2992086369999925,0,0.0,4.170094000073732,28.751399999691785,2.0,4730.546875,11.0,1372.3125
yolo11s.pt,5,free_depth_motion,100,2026-09-09,21:44:07.420,2026-09-09T21:44:07.420,3.3351497599996947,0,0.0,4.25936300007379,33.24307200000476,3.4,4730.546875,11.0,1372.3125
yolo11s.pt,5,free_depth_motion,101,2026-09-09,21:44:07.452,2026-09-09T21:44:07.452,3.367202136999822,0,0.0,4.232133999721555,29.205257999819878,2.0,4730.546875,11.0,1372.3125
yolo11s.pt,5,free_depth_motion,102,2026-09-09,21:44:07.488,2026-09-09T21:44:07.488,3.403404598999714,1,0.20215940475463867,4.358632999810652,33.638051000252744,1.7,4730.546875,11.0,1372.3125
yolo11s.pt,5,free_depth_motion,103,2026-09-09,21:44:07.520,2026-09-09T21:44:07.520,3.435293716999695,0,0.0,4.191902999991726,28.810028999942006,3.9,4730.546875,11.0,1372.3125
yolo11s.pt,5,free_depth_motion,104,2026-09-09,21:44:07.552,2026-09-09T21:44:07.552,3.4672644939996644,1,0.34480273723602295,4.387612999835255,29.50741700033177,3.8,4730.546875,11.0,1372.3125
yolo11s.pt,5,free_depth_motion,105,2026-09-09,21:44:07.584,2026-09-09T21:44:07.584,3.4992918009997993,0,0.0,4.18392399978984,28.879509000034886,3.9,4730.79296875,11.0,1372.3125
yolo11s.pt,5,free_depth_motion,106,2026-09-09,21:44:07.620,2026-09-09T21:44:07.620,3.535233124000115,1,0.22975589334964752,4.375872999844432,33.45614199997726,1.8,4730.79296875,11.0,1372.3125
yolo11s.pt,5,free_depth_motion,107,2026-09-09,21:44:07.651,2026-09-09T21:44:07.651,3.567182111999955,0,0.0,4.2244940000273346,28.873350000139908,2.0,4730.79296875,11.0,1372.3125
yolo11s.pt,5,free_depth_motion,108,2026-09-09,21:44:07.684,2026-09-09T21:44:07.684,3.599366058999749,1,0.263328492641449,4.345793000084086,29.624057000091852,1.9,4730.79296875,11.0,1372.3125
yolo11s.pt,5,free_depth_motion,109,2026-09-09,21:44:07.720,2026-09-09T21:44:07.720,3.635223121999843,0,0.0,4.219982999984495,32.83026400004019,3.5,4730.79296875,11.0,1372.3125
yolo11s.pt,5,free_depth_motion,110,2026-09-09,21:44:07.752,2026-09-09T21:44:07.752,3.66729641899974,0,0.0,4.3246629998066055,29.39482700003282,2.0,4730.79296875,11.0,1371.9375
yolo11s.pt,5,free_depth_motion,111,2026-09-09,21:44:07.784,2026-09-09T21:44:07.784,3.699420965999707,1,0.6148557066917419,4.448493999916536,29.527486999995745,2.0,4730.79296875,11.0,1371.9375
yolo11s.pt,5,free_depth_motion,112,2026-09-09,21:44:07.820,2026-09-09T21:44:07.820,3.7353522280000107,1,0.3526283800601959,4.39952299984725,33.13308299993878,5.1,4730.79296875,11.0,1371.9375
yolo11s.pt,5,free_depth_motion,113,2026-09-09,21:44:07.852,2026-09-09T21:44:07.852,3.767484434999915,0,0.0,4.184563999842794,29.00156900022921,0.0,4730.79296875,11.0,1371.9375
yolo11s.pt,5,free_depth_motion,114,2026-09-09,21:44:07.888,2026-09-09T21:44:07.888,3.803350147999936,1,0.20745953917503357,4.531612999926438,33.5267919999751,3.4,4724.15234375,11.0,1369.875
yolo11s.pt,5,free_depth_motion,115,2026-09-09,21:44:07.920,2026-09-09T21:44:07.920,3.8354329849998976,0,0.0,4.205694000120275,28.835220000019035,2.0,4724.15234375,11.0,1369.875
yolo11s.pt,5,free_depth_motion,116,2026-09-09,21:44:07.952,2026-09-09T21:44:07.952,3.867365232999873,0,0.0,4.174354000042513,29.11907899988364,3.9,4724.15234375,11.0,1369.875
yolo11s.pt,5,free_depth_motion,117,2026-09-09,21:44:07.988,2026-09-09T21:44:07.988,3.903093045999867,1,0.20160576701164246,4.279644000234839,33.16546300038681,1.8,4724.15234375,11.0,1369.875
yolo11s.pt,5,free_depth_motion,118,2026-09-09,21:44:08.020,2026-09-09T21:44:08.020,3.9353004629997486,0,0.0,4.224672999953327,29.21630799983177,2.0,4724.15234375,11.0,1369.875
yolo11s.pt,5,free_depth_motion,119,2026-09-09,21:44:08.052,2026-09-09T21:44:08.052,3.967235509999682,1,0.4628886580467224,4.359793000276113,29.361936999976024,2.0,4724.15234375,11.0,1369.875
yolo11s.pt,5,free_depth_motion,120,2026-09-09,21:44:08.088,2026-09-09T21:44:08.088,4.003214211999875,0,0.0,4.195584000171948,32.891634000407066,3.5,4724.15234375,11.0,1369.875
yolo11s.pt,5,free_depth_motion,121,2026-09-09,21:44:08.120,2026-09-09T21:44:08.120,4.035319989000072,1,0.20027464628219604,4.381933000331628,29.564376000053016,3.8,4724.14453125,11.0,1369.875
yolo11s.pt,5,free_depth_motion,122,2026-09-09,21:44:08.152,2026-09-09T21:44:08.152,4.0672097570000005,1,0.22721606492996216,4.34985299989421,29.056918999685877,2.0,4724.14453125,11.0,1369.875
yolo11s.pt,5,free_depth_motion,123,2026-09-09,21:44:08.188,2026-09-09T21:44:08.188,4.103307709000092,1,0.17967627942562103,4.378713000278367,33.32082199995057,1.8,4724.14453125,12.0,1369.875
yolo11s.pt,5,free_depth_motion,124,2026-09-09,21:44:08.220,2026-09-09T21:44:08.220,4.135270356000092,1,0.39588841795921326,4.394993999994767,29.16202799997336,3.8,4724.14453125,12.0,1369.875
yolo11s.pt,5,free_depth_motion,125,2026-09-09,21:44:08.252,2026-09-09T21:44:08.252,4.167169653999736,1,0.48074647784233093,4.37830299961206,29.06155900018348,2.0,4724.14453125,12.0,1369.875
yolo11s.pt,5,free_depth_motion,126,2026-09-09,21:44:08.287,2026-09-09T21:44:08.287,4.203073156999835,0,0.0,4.152184999838937,32.78253500002393,1.8,4724.14453125,12.0,1369.875
yolo11s.pt,5,free_depth_motion,127,2026-09-09,21:44:08.320,2026-09-09T21:44:08.320,4.235300762999941,1,0.5663567781448364,4.411162999986118,29.76668500014057,1.9,4724.14453125,12.0,1369.875
yolo11s.pt,5,free_depth_motion,128,2026-09-09,21:44:08.351,2026-09-09T21:44:08.351,4.267181961000006,0,0.0,4.187403999821981,28.719640000417712,3.9,4724.14453125,12.0,1369.875
yolo11s.pt,5,free_depth_motion,129,2026-09-09,21:44:08.388,2026-09-09T21:44:08.388,4.3031078629996955,1,0.22829441726207733,4.270593999990524,33.314402000087284,1.8,4724.14453125,12.0,1369.875
yolo11s.pt,5,free_depth_motion,130,2026-09-09,21:44:08.420,2026-09-09T21:44:08.420,4.335233159999916,1,0.687961757183075,4.401074000270455,29.41414699989764,5.7,4724.14453125,12.0,1369.875
yolo11s.pt,5,free_depth_motion,131,2026-09-09,21:44:08.452,2026-09-09T21:44:08.452,4.367261368000072,1,0.3388742506504059,4.365663000044151,29.182968999975856,2.0,4724.14453125,12.0,1369.875
yolo11s.pt,5,free_depth_motion,132,2026-09-09,21:44:08.488,2026-09-09T21:44:08.488,4.403223360000084,0,0.0,4.434503000084078,33.10058300030505,3.5,4724.14453125,12.0,1369.875
yolo11s.pt,5,free_depth_motion,133,2026-09-09,21:44:08.520,2026-09-09T21:44:08.520,4.435331227000006,1,0.6409438252449036,4.37903300007747,29.3871870003386,3.8,4724.14453125,12.0,1369.875
yolo11s.pt,5,free_depth_motion,134,2026-09-09,21:44:08.552,2026-09-09T21:44:08.552,4.467267624999749,1,0.2855011224746704,4.38909300009982,29.138558999875386,2.0,4724.14453125,12.0,1369.875
yolo11s.pt,5,free_depth_motion,135,2026-09-09,21:44:08.586,2026-09-09T21:44:08.586,4.501569363999806,1,0.259134978055954,4.39679300006901,31.51216900005238,1.9,4724.29296875,12.0,1369.875
yolo11s.pt,5,free_depth_motion,136,2026-09-09,21:44:08.620,2026-09-09T21:44:08.620,4.535287273999984,1,0.6184872388839722,4.401314000006096,30.913862000033987,3.7,4724.29296875,12.0,1369.875
yolo11s.pt,5,free_depth_motion,137,2026-09-09,21:44:08.652,2026-09-09T21:44:08.652,4.567222981999748,1,0.5549592971801758,4.347703999883379,29.049678999854223,2.0,4724.29296875,12.0,1369.875
yolo11s.pt,5,free_depth_motion,138,2026-09-09,21:44:08.688,2026-09-09T21:44:08.688,4.603124294999816,1,0.2927836775779724,4.310273000101006,33.0987530001039,1.8,4724.29296875,12.0,1369.875
yolo11s.pt,5,free_depth_motion,139,2026-09-09,21:44:08.720,2026-09-09T21:44:08.720,4.635196652000104,1,0.6848880052566528,4.374962999918353,29.27382799998668,3.9,4724.29296875,12.0,1369.875
yolo11s.pt,5,free_depth_motion,140,2026-09-09,21:44:08.751,2026-09-09T21:44:08.751,4.6670223900000565,0,0.0,4.133914000249206,28.67556000001059,2.0,4724.29296875,12.0,1369.875
yolo11s.pt,5,free_depth_motion,141,2026-09-09,21:44:08.788,2026-09-09T21:44:08.788,4.703353250999953,1,0.32568201422691345,4.339382999660302,33.810850999998365,1.7,4724.29296875,12.0,1369.875
yolo11s.pt,5,free_depth_motion,142,2026-09-09,21:44:08.820,2026-09-09T21:44:08.820,4.735317089000091,1,0.41744545102119446,4.375643000003038,29.18496900019818,2.0,4724.29296875,12.0,1369.875
yolo11s.pt,5,free_depth_motion,143,2026-09-09,21:44:08.856,2026-09-09T21:44:08.856,4.7713461009998355,1,0.3035789430141449,4.394873000364896,33.23878299988792,5.2,4727.84765625,12.0,1370.6875
yolo11s.pt,5,free_depth_motion,144,2026-09-09,21:44:08.888,2026-09-09T21:44:08.888,4.803417457999785,1,0.6362767815589905,4.39796299997397,29.275498999595584,2.0,4728.203125,12.0,1370.6875
yolo11s.pt,5,free_depth_motion,145,2026-09-09,21:44:08.916,2026-09-09T21:44:08.916,4.8311980720000065,1,0.6362767815589905,4.42036200001894,24.989514000026247,2.2,4728.203125,12.0,1370.6875
yolo11s.pt,5,free_depth_motion,146,2026-09-09,21:44:08.952,2026-09-09T21:44:08.952,4.867328942999848,0,0.0,4.196563999812497,32.98915400000624,1.8,4728.203125,12.0,1370.6875
yolo11s.pt,5,free_depth_motion,147,2026-09-09,21:44:08.988,2026-09-09T21:44:08.988,4.903263925999909,1,0.3917490243911743,4.624732000138465,33.64875100032805,3.4,4728.203125,12.0,1370.6875
yolo11s.pt,5,free_depth_motion,148,2026-09-09,21:44:09.020,2026-09-09T21:44:09.020,4.935417133000101,1,0.4392520785331726,4.521071999988635,29.24416799987739,2.0,4727.95703125,12.0,1370.6875
yolo11s.pt,5,free_depth_motion,149,2026-09-09,21:44:09.056,2026-09-09T21:44:09.056,4.971434085000055,1,0.6552608609199524,4.3689130002348975,33.030304000021715,1.8,4727.95703125,12.0,1370.6875
yolo11s.pt,5,free_depth_motion,150,2026-09-09,21:44:09.084,2026-09-09T21:44:09.084,4.999205757999789,1,0.6552608609199524,4.377554000257078,24.963344000298093,2.2,4727.95703125,12.0,1370.6875
yolo11s.pt,5,free_depth_motion,151,2026-09-09,21:44:09.120,2026-09-09T21:44:09.120,5.035201109999889,0,0.0,4.210294000131398,32.84360399993602,3.5,4727.95703125,12.0,1370.6875
yolo11s.pt,5,free_depth_motion,152,2026-09-09,21:44:09.155,2026-09-09T21:44:09.155,5.070755463999831,1,0.5078223943710327,4.4062830002076225,33.044324000002234,3.4,4727.95703125,12.0,1370.6875
yolo11s.pt,5,free_depth_motion,153,2026-09-09,21:44:09.188,2026-09-09T21:44:09.188,5.1033890889998474,0,0.0,4.1728539999894565,29.465746999903786,2.0,4727.95703125,11.0,1370.6875
yolo11s.pt,5,free_depth_motion,154,2026-09-09,21:44:09.220,2026-09-09T21:44:09.220,5.135257176999858,0,0.0,4.2118339997614385,29.10443899963866,2.0,4727.95703125,11.0,1370.6875
yolo11s.pt,5,free_depth_motion,155,2026-09-09,21:44:09.256,2026-09-09T21:44:09.256,5.171428578999894,1,0.6609740257263184,4.442982999989908,33.69602099974145,3.4,4727.95703125,11.0,1370.6875
yolo11s.pt,5,free_depth_motion,156,2026-09-09,21:44:09.288,2026-09-09T21:44:09.288,5.203495435999685,1,0.613309383392334,4.411233000155335,29.281238000294252,2.0,4727.95703125,11.0,1370.6875
yolo11s.pt,5,free_depth_motion,157,2026-09-09,21:44:09.319,2026-09-09T21:44:09.319,5.2351455539997005,0,0.0,4.206113999771333,28.472489999785466,2.0,4727.95703125,11.0,1370.6875
yolo11s.pt,5,free_depth_motion,158,2026-09-09,21:44:09.356,2026-09-09T21:44:09.356,5.271208675999787,1,0.543449878692627,4.38617300005717,33.51899200015396,3.4,4727.95703125,11.0,1370.6875
yolo11s.pt,5,free_depth_motion,159,2026-09-09,21:44:09.388,2026-09-09T21:44:09.388,5.303235494000091,0,0.0,4.212243999972998,28.90835900007005,3.9,4727.95703125,11.0,1370.6875
yolo11s.pt,5,free_depth_motion,160,2026-09-09,21:44:09.419,2026-09-09T21:44:09.419,5.335170311999718,0,0.0,4.187863999959518,29.088767999837728,2.0,4727.95703125,11.0,1370.6875
yolo11s.pt,5,free_depth_motion,161,2026-09-09,21:44:09.452,2026-09-09T21:44:09.452,5.3672028189998855,0,0.0,4.7424720000890375,29.753936999895814,1.9,4727.95703125,11.0,1370.6875
yolo11s.pt,5,free_depth_motion,162,2026-09-09,21:44:09.484,2026-09-09T21:44:09.484,5.399197855999773,0,0.0,4.243493999638304,28.67863000028592,0.0,4727.95703125,11.0,1370.6875
yolo11s.pt,5,free_depth_motion,163,2026-09-09,21:44:09.520,2026-09-09T21:44:09.520,5.435277477999989,1,0.3112201392650604,4.465213000003132,33.572972000001755,3.4,4727.95703125,11.0,1370.6875
yolo11s.pt,5,free_depth_motion,164,2026-09-09,21:44:09.556,2026-09-09T21:44:09.556,5.471331689999715,0,0.0,4.19166400024551,32.84753400021145,1.8,4727.35546875,11.0,1370.6875
yolo11s.pt,5,free_depth_motion,165,2026-09-09,21:44:09.588,2026-09-09T21:44:09.588,5.503313367999908,1,0.3148691952228546,4.42842299980839,29.509657000289735,2.0,4727.35546875,11.0,1370.6875
yolo11s.pt,5,free_depth_motion,166,2026-09-09,21:44:09.620,2026-09-09T21:44:09.620,5.535411275000115,0,0.0,4.2264130001967715,29.002857999785192,2.0,4727.35546875,11.0,1370.6875
yolo11s.pt,5,free_depth_motion,167,2026-09-09,21:44:09.656,2026-09-09T21:44:09.656,5.571293826999863,1,0.26054707169532776,4.358764000244264,33.29325200002131,3.4,4727.35546875,11.0,1370.6875
yolo11s.pt,5,free_depth_motion,168,2026-09-09,21:44:09.688,2026-09-09T21:44:09.688,5.6032787849999295,1,0.7363250255584717,4.376703000161797,29.18208900018726,3.8,4727.35546875,12.0,1370.6875
yolo11s.pt,5,free_depth_motion,169,2026-09-09,21:44:09.720,2026-09-09T21:44:09.720,5.635344421999889,1,0.17742764949798584,4.367753999758861,29.241867999644455,2.0,4727.35546875,12.0,1370.6875
yolo11s.pt,5,free_depth_motion,170,2026-09-09,21:44:09.756,2026-09-09T21:44:09.756,5.6715010839998286,1,0.6387917399406433,4.45583299961072,33.42125199969814,3.4,4727.35546875,12.0,1370.6875
yolo11s.pt,5,free_depth_motion,171,2026-09-09,21:44:09.788,2026-09-09T21:44:09.788,5.70322293199979,1,0.279293954372406,4.424202999871341,28.928508999797486,2.0,4727.35546875,12.0,1370.6875
yolo11s.pt,5,free_depth_motion,172,2026-09-09,21:44:09.820,2026-09-09T21:44:09.820,5.735411208999722,1,0.4264146387577057,4.411342999901535,29.314767999949254,2.0,4727.35546875,12.0,1370.6875
yolo11s.pt,5,free_depth_motion,173,2026-09-09,21:44:09.856,2026-09-09T21:44:09.856,5.771405421000054,1,0.47763365507125854,4.3579339999269,33.134132999748545,1.8,4727.35546875,12.0,1370.4375
yolo11s.pt,5,free_depth_motion,174,2026-09-09,21:44:09.888,2026-09-09T21:44:09.888,5.8032946589996754,1,0.3816545307636261,4.3845330001204275,29.119048999746155,3.9,4727.59765625,12.0,1370.4375
yolo11s.pt,5,free_depth_motion,175,2026-09-09,21:44:09.920,2026-09-09T21:44:09.920,5.835096277000048,1,0.33597734570503235,4.302344000279845,28.91767900018749,2.0,4727.59765625,12.0,1370.4375
yolo11s.pt,5,free_depth_motion,176,2026-09-09,21:44:09.956,2026-09-09T21:44:09.956,5.871206778999749,0,0.0,4.209833999993862,33.08229300000676,1.8,4727.59765625,12.0,1370.4375
yolo11s.pt,5,free_depth_motion,177,2026-09-09,21:44:09.988,2026-09-09T21:44:09.988,5.903586034999989,1,0.19150184094905853,4.595193000113795,30.038585000056628,5.7,4727.59765625,12.0,1370.9375
yolo11s.pt,5,free_depth_motion,178,2026-09-09,21:44:10.020,2026-09-09T21:44:10.020,5.935246363999795,1,0.20309978723526,4.394143000354234,28.628441000364546,2.0,4727.59765625,12.0,1370.9375
yolo11s.pt,5,free_depth_motion,179,2026-09-09,21:44:10.056,2026-09-09T21:44:10.056,5.971345456000108,1,0.5536745190620422,4.445092999958433,33.27465199981816,3.4,4727.59765625,12.0,1370.9375
yolo11s.pt,5,free_depth_motion,180,2026-09-09,21:44:10.088,2026-09-09T21:44:10.088,6.003328863999741,1,0.6126503348350525,4.415343999880861,29.177868000260787,2.0,4727.59765625,12.0,1370.9375
yolo11s.pt,5,free_depth_motion,181,2026-09-09,21:44:10.120,2026-09-09T21:44:10.120,6.03532603099984,1,0.3279848098754883,4.384042999845406,29.13060900027631,4.0,4727.58984375,12.0,1370.9375
yolo11s.pt,5,free_depth_motion,182,2026-09-09,21:44:10.156,2026-09-09T21:44:10.156,6.071336402999805,0,0.0,4.210774000057427,32.929783999861684,1.8,4727.58984375,12.0,1370.9375
yolo11s.pt,5,free_depth_motion,183,2026-09-09,21:44:10.188,2026-09-09T21:44:10.188,6.103256931000033,1,0.19309386610984802,4.355883000243921,29.361127999891323,2.0,4727.58984375,11.0,1370.9375
yolo11s.pt,5,free_depth_motion,184,2026-09-09,21:44:10.217,2026-09-09T21:44:10.217,6.133028976999867,0,0.0,4.212643999835564,26.72672800008513,2.1,4727.58984375,11.0,1370.9375
yolo11s.pt,5,free_depth_motion,185,2026-09-09,21:44:10.255,2026-09-09T21:44:10.255,6.171156260999851,0,0.0,4.167373999734991,35.234055000273656,1.7,4727.58984375,11.0,1370.9375
yolo11s.pt,5,free_depth_motion,186,2026-09-09,21:44:10.287,2026-09-09T21:44:10.287,6.20299445899991,0,0.0,4.203453999707563,29.072498999994423,2.0,4727.58984375,11.0,1370.9375
yolo11s.pt,5,free_depth_motion,187,2026-09-09,21:44:10.324,2026-09-09T21:44:10.324,6.239391069999783,0,0.0,4.2063739997502125,33.549042000231566,3.4,4727.58984375,11.0,1370.9375
yolo11s.pt,5,free_depth_motion,188,2026-09-09,21:44:10.356,2026-09-09T21:44:10.356,6.271255977999772,0,0.0,4.247704000135855,29.08900900001754,3.8,4727.58984375,11.0,1370.9375
yolo11s.pt,5,free_depth_motion,189,2026-09-09,21:44:10.388,2026-09-09T21:44:10.388,6.303511403999892,1,0.3657287359237671,4.36031399976855,29.648316000020714,2.0,4727.58984375,11.0,1370.9375
yolo11s.pt,5,free_depth_motion,190,2026-09-09,21:44:10.424,2026-09-09T21:44:10.424,6.339546665999933,1,0.30292001366615295,4.378684000130306,33.27930199975526,1.8,4727.58984375,11.0,1370.9375
yolo11s.pt,5,free_depth_motion,191,2026-09-09,21:44:10.455,2026-09-09T21:44:10.455,6.37120045499978,0,0.0,4.175704000317637,28.518831000383216,3.9,4727.58984375,11.0,1370.9375
yolo11s.pt,5,free_depth_motion,192,2026-09-09,21:44:10.488,2026-09-09T21:44:10.488,6.403364261999741,0,0.0,4.157314000167389,29.305787999874156,2.0,4727.58984375,11.0,1370.9375
yolo11s.pt,5,free_depth_motion,193,2026-09-09,21:44:10.524,2026-09-09T21:44:10.524,6.439283774999694,1,0.46718981862068176,4.452371999832394,33.51682199991046,1.7,4727.58984375,11.0,1370.9375
yolo11s.pt,5,free_depth_motion,194,2026-09-09,21:44:10.556,2026-09-09T21:44:10.556,6.471356711999761,0,0.0,4.208983999888005,28.9300499998717,2.0,4727.58984375,11.0,1370.9375
yolo11s.pt,5,free_depth_motion,195,2026-09-09,21:44:10.588,2026-09-09T21:44:10.588,6.503273818999787,1,0.21847409009933472,4.4152529999337276,29.430727000089973,2.0,4726.94921875,11.0,1370.9375
yolo11s.pt,5,free_depth_motion,196,2026-09-09,21:44:10.624,2026-09-09T21:44:10.624,6.539331560999926,1,0.5723278522491455,4.371294000065973,33.214362999842706,3.4,4726.703125,11.0,1370.9375
yolo11s.pt,5,free_depth_motion,197,2026-09-09,21:44:10.656,2026-09-09T21:44:10.656,6.571298248999938,1,0.2084747701883316,4.404563000207418,29.175728000154777,3.8,4726.703125,11.0,1370.9375
yolo11s.pt,5,free_depth_motion,198,2026-09-09,21:44:10.688,2026-09-09T21:44:10.688,6.603400005999902,0,0.0,4.234794000240072,29.00829899999735,2.0,4726.703125,11.0,1370.9375
yolo11s.pt,5,free_depth_motion,199,2026-09-09,21:44:10.724,2026-09-09T21:44:10.724,6.639473958000053,1,0.2414829283952713,4.433883000274363,33.55740100005278,3.4,4726.703125,11.0,1370.9375
yolo11s.pt,5,free_depth_motion,200,2026-09-09,21:44:10.756,2026-09-09T21:44:10.756,6.671286755999972,0,0.0,4.189083999790455,28.67065000009461,2.0,4726.703125,11.0,1370.9375
yolo11s.pt,5,free_depth_motion,201,2026-09-09,21:44:10.788,2026-09-09T21:44:10.788,6.703410083000108,0,0.0,4.1908540001713845,29.288738000104786,2.0,4726.703125,11.0,1370.9375
yolo11s.pt,5,free_depth_motion,202,2026-09-09,21:44:10.824,2026-09-09T21:44:10.824,6.7392682159998,0,0.0,4.243733000294014,33.13279300027716,1.8,4726.703125,11.0,1370.9375
yolo11s.pt,5,free_depth_motion,203,2026-09-09,21:44:10.856,2026-09-09T21:44:10.856,6.77127719300006,0,0.0,4.230063999784761,29.186557999764773,2.0,4726.703125,11.0,1370.9375
yolo11s.pt,5,free_depth_motion,204,2026-09-09,21:44:10.888,2026-09-09T21:44:10.888,6.80333550999967,0,0.0,4.2417640001986,29.27306799983853,3.9,4726.703125,11.0,1370.9375
yolo11s.pt,5,free_depth_motion,205,2026-09-09,21:44:10.924,2026-09-09T21:44:10.924,6.8392776430000595,0,0.0,4.195394000362285,33.082024000123056,1.8,4726.703125,11.0,1370.9375
yolo11s.pt,5,free_depth_motion,206,2026-09-09,21:44:10.956,2026-09-09T21:44:10.956,6.871244079999997,1,0.5284585356712341,4.3375239997658355,29.406617000404367,2.0,4726.703125,11.0,1370.9375
yolo11s.pt,5,free_depth_motion,207,2026-09-09,21:44:10.987,2026-09-09T21:44:10.987,6.903187957999762,0,0.0,4.192114000034053,28.882579999844893,5.8,4726.703125,11.0,1370.9375
yolo11s.pt,5,free_depth_motion,208,2026-09-09,21:44:11.024,2026-09-09T21:44:11.024,6.939258549999977,1,0.33647623658180237,4.383353000321222,33.568232000106946,1.7,4726.703125,11.0,1370.9375
yolo11s.pt,5,free_depth_motion,209,2026-09-09,21:44:11.056,2026-09-09T21:44:11.056,6.971301846999722,1,0.4705752432346344,4.335454000283789,29.177088000324147,2.0,4726.703125,11.0,1370.9375
yolo11s.pt,5,free_depth_motion,210,2026-09-09,21:44:11.088,2026-09-09T21:44:11.088,7.0030934359997445,1,0.5175065994262695,4.300493000300776,28.98754000034387,2.0,4726.703125,11.0,1370.9375
yolo11s.pt,5,free_depth_motion,211,2026-09-09,21:44:11.124,2026-09-09T21:44:11.124,7.039226727999903,0,0.0,4.577112999868405,33.46284199960792,3.4,4726.69921875,11.0,1370.9375
yolo11s.pt,5,free_depth_motion,212,2026-09-09,21:44:11.156,2026-09-09T21:44:11.156,7.071244284999921,0,0.0,4.2077940001945535,28.850559999682446,2.0,4726.69921875,11.0,1370.9375
yolo11s.pt,5,free_depth_motion,213,2026-09-09,21:44:11.188,2026-09-09T21:44:11.188,7.103262172000086,1,0.6197590231895447,4.383132999919326,29.507416999877023,2.0,4726.69921875,11.0,1370.9375
yolo11s.pt,5,free_depth_motion,214,2026-09-09,21:44:11.224,2026-09-09T21:44:11.224,7.139310233999822,1,0.570818305015564,4.347084000073664,33.212672999979986,1.8,4726.453125,11.0,1370.9375
yolo11s.pt,5,free_depth_motion,215,2026-09-09,21:44:11.256,2026-09-09T21:44:11.256,7.171276701999886,1,0.39794209599494934,4.342662999988534,29.15299899996171,3.8,4726.453125,11.0,1370.9375
yolo11s.pt,5,free_depth_motion,216,2026-09-09,21:44:11.288,2026-09-09T21:44:11.288,7.20326335999971,0,0.0,4.201233999992837,28.973479999876872,2.0,4726.453125,11.0,1370.9375
yolo11s.pt,5,free_depth_motion,217,2026-09-09,21:44:11.320,2026-09-09T21:44:11.320,7.235209837999719,0,0.0,4.234164000081364,29.15229800009911,2.0,4726.453125,11.0,1370.9375
yolo11s.pt,5,free_depth_motion,218,2026-09-09,21:44:11.356,2026-09-09T21:44:11.356,7.27139791899981,1,0.4107823669910431,4.434012999809056,33.67810100007773,1.7,4726.453125,11.0,1370.9375
yolo11s.pt,5,free_depth_motion,219,2026-09-09,21:44:11.388,2026-09-09T21:44:11.388,7.303199296999992,1,0.693787693977356,4.417202999775327,28.96386899965364,2.0,4726.453125,11.0,1370.9375
yolo11s.pt,5,free_depth_motion,220,2026-09-09,21:44:11.424,2026-09-09T21:44:11.424,7.3393560479999,1,0.3724280893802643,4.37744400005613,33.32540199971845,3.4,4726.453125,11.0,1370.9375
yolo11s.pt,5,free_depth_motion,221,2026-09-09,21:44:11.456,2026-09-09T21:44:11.456,7.371189905999927,1,0.6346883773803711,4.372354000224732,29.037789000085468,2.0,4726.453125,11.0,1370.9375
yolo11s.pt,5,free_depth_motion,222,2026-09-09,21:44:11.488,2026-09-09T21:44:11.488,7.4032219239998085,1,0.37817874550819397,4.396823000206496,29.27856799988149,2.0,4726.453125,11.0,1370.9375
yolo11s.pt,5,free_depth_motion,223,2026-09-09,21:44:11.524,2026-09-09T21:44:11.524,7.439297775999876,0,0.0,4.1883439998855465,32.946373999948264,1.8,4726.453125,11.0,1370.9375
yolo11s.pt,5,free_depth_motion,224,2026-09-09,21:44:11.556,2026-09-09T21:44:11.556,7.471239693999905,1,0.4065752327442169,4.353233000074397,29.44583699991199,2.0,4726.453125,11.0,1370.9375
yolo11s.pt,5,free_depth_motion,225,2026-09-09,21:44:11.588,2026-09-09T21:44:11.588,7.503145970999867,1,0.6079022884368896,4.41966299968044,29.173657999763236,2.0,4726.453125,11.0,1370.9375
yolo11s.pt,5,free_depth_motion,226,2026-09-09,21:44:11.608,2026-09-09T21:44:11.608,7.523344543999883,1,0.3502996265888214,4.424203000326088,17.431093000141118,6.3,4725.609375,11.0,1370.9375
yolo11s.pt,5,free_depth_motion,227,2026-09-09,21:44:11.640,2026-09-09T21:44:11.640,7.555285291000018,1,0.6092059016227722,4.400523000185785,29.134377999980643,2.0,4725.609375,11.0,1370.9375
yolo11s.pt,5,free_depth_motion,228,2026-09-09,21:44:11.672,2026-09-09T21:44:11.672,7.587185608999789,1,0.3518563210964203,4.40860300022905,29.104448999987653,2.0,4725.609375,11.0,1370.9375
yolo11s.pt,5,free_depth_motion,229,2026-09-09,21:44:11.708,2026-09-09T21:44:11.708,7.623403310999947,1,0.3462923467159271,4.4583230001080665,33.48247200028709,1.7,4725.609375,15.0,1370.9375
yolo11s.pt,5,free_depth_motion,230,2026-09-09,21:44:11.740,2026-09-09T21:44:11.740,7.655152589999943,1,0.18953120708465576,4.5099630001459445,29.039588999694388,2.0,4725.609375,15.0,1370.9375
yolo11s.pt,5,free_depth_motion,231,2026-09-09,21:44:11.772,2026-09-09T21:44:11.772,7.687345966000066,1,0.5111778378486633,4.488913000386674,29.38306800024293,3.8,4725.609375,15.0,1370.9375
yolo11s.pt,5,free_depth_motion,232,2026-09-09,21:44:11.808,2026-09-09T21:44:11.808,7.723276718999841,1,0.7895762920379639,4.404313000122784,33.10551300000952,3.5,4725.609375,15.0,1370.9375
yolo11s.pt,5,free_depth_motion,233,2026-09-09,21:44:11.840,2026-09-09T21:44:11.840,7.755350335999992,1,0.3390958607196808,4.367873000319378,29.25624899989998,2.0,4725.609375,15.0,1370.9375
yolo11s.pt,5,free_depth_motion,234,2026-09-09,21:44:11.872,2026-09-09T21:44:11.872,7.7872982740000225,1,0.5981022119522095,4.355623000265041,29.15343800032133,2.0,4725.609375,15.0,1369.9375
yolo11s.pt,5,free_depth_motion,235,2026-09-09,21:44:11.908,2026-09-09T21:44:11.908,7.82331549599985,1,0.23832106590270996,4.3819930001518514,33.247722999931284,3.4,4725.6015625,15.0,1369.9375
yolo11s.pt,5,free_depth_motion,236,2026-09-09,21:44:11.940,2026-09-09T21:44:11.940,7.855386282999916,1,0.24365684390068054,4.357802999948035,29.269768000176555,2.0,4725.6015625,15.0,1369.9375
yolo11s.pt,5,free_depth_motion,237,2026-09-09,21:44:11.972,2026-09-09T21:44:11.972,7.8873767309996765,1,0.3625774681568146,4.373823000150878,29.179318999922543,3.9,4725.6015625,15.0,1369.9375
yolo11s.pt,5,free_depth_motion,238,2026-09-09,21:44:12.008,2026-09-09T21:44:12.008,7.923463202999756,1,0.24608471989631653,4.466871999738942,33.41071200020451,1.8,4725.6015625,15.0,1369.9375
yolo11s.pt,5,free_depth_motion,239,2026-09-09,21:44:12.040,2026-09-09T21:44:12.040,7.955359459999727,0,0.0,4.2582340001899865,28.71542999992016,2.0,4725.6015625,15.0,1369.9375
yolo11s.pt,5,free_depth_motion,240,2026-09-09,21:44:12.076,2026-09-09T21:44:12.076,7.99108216400009,1,0.49222269654273987,4.316253000069992,33.096893999754684,1.8,4725.6015625,15.0,1369.9375
yolo11s.pt,5,free_depth_motion,241,2026-09-09,21:44:12.108,2026-09-09T21:44:12.108,8.023310510000101,1,0.5492782592773438,4.424692999691615,29.514197000025888,3.8,4725.6015625,15.0,1369.9375
yolo11s.pt,5,free_depth_motion,242,2026-09-09,21:44:12.140,2026-09-09T21:44:12.140,8.055383087999871,1,0.49315524101257324,4.409913000017696,29.285388000062085,3.8,4725.6015625,15.0,1369.9375
yolo11s.pt,5,free_depth_motion,243,2026-09-09,21:44:12.172,2026-09-09T21:44:12.172,8.087399645000005,1,0.5226490497589111,4.38727300024766,29.20746900008453,2.0,4725.6015625,15.0,1369.9375
yolo11s.pt,5,free_depth_motion,244,2026-09-09,21:44:12.208,2026-09-09T21:44:12.208,8.123307137999745,0,0.0,4.206153999803064,32.85085400011667,3.4,4725.6015625,12.0,1369.9375
yolo11s.pt,5,free_depth_motion,245,2026-09-09,21:44:12.239,2026-09-09T21:44:12.239,8.15512349599976,0,0.0,4.199334000077215,28.96719000000303,2.0,4725.6015625,12.0,1369.9375
yolo11s.pt,5,free_depth_motion,246,2026-09-09,21:44:12.272,2026-09-09T21:44:12.272,8.187295731999711,1,0.4470674991607666,4.423852999934752,29.697825999846827,2.0,4725.6015625,12.0,1369.9375
yolo11s.pt,5,free_depth_motion,247,2026-09-09,21:44:12.307,2026-09-09T21:44:12.307,8.223068065000007,0,0.0,4.160754000167799,32.56602500005101,1.8,4725.6015625,12.0,1369.9375
yolo11s.pt,5,free_depth_motion,248,2026-09-09,21:44:12.340,2026-09-09T21:44:12.340,8.255236241999683,1,0.36471256613731384,4.405983000197011,29.67115699993883,2.0,4725.6015625,12.0,1369.9375
yolo11s.pt,5,free_depth_motion,249,2026-09-09,21:44:12.376,2026-09-09T21:44:12.376,8.291256464000071,0,0.0,4.214563999994425,32.85833400013871,3.5,4725.6015625,12.0,1369.9375
yolo11s.pt,5,free_depth_motion,250,2026-09-09,21:44:12.408,2026-09-09T21:44:12.408,8.323298671999964,1,0.6469829082489014,4.367773000012676,29.490986999917368,2.0,4725.6015625,12.0,1369.9375
yolo11s.pt,5,free_depth_motion,251,2026-09-09,21:44:12.440,2026-09-09T21:44:12.440,8.355297819000043,1,0.48260292410850525,4.395243000089977,29.217528000117454,2.0,4725.6015625,12.0,1369.9375
yolo11s.pt,5,free_depth_motion,252,2026-09-09,21:44:12.476,2026-09-09T21:44:12.476,8.391363060999993,1,0.30387866497039795,4.419573000177479,33.25475300016478,1.8,4725.6015625,12.0,1369.9375
yolo11s.pt,5,free_depth_motion,253,2026-09-09,21:44:12.508,2026-09-09T21:44:12.508,8.423330468999666,1,0.1791643500328064,4.505521999817574,29.24836800002595,2.0,4725.6015625,12.0,1369.9375
yolo11s.pt,5,free_depth_motion,254,2026-09-09,21:44:12.540,2026-09-09T21:44:12.540,8.455309985999975,0,0.0,4.243123999913223,28.80704000017431,2.0,4725.6015625,12.0,1369.9375
yolo11s.pt,5,free_depth_motion,255,2026-09-09,21:44:12.576,2026-09-09T21:44:12.576,8.491274877999786,1,0.6675606966018677,4.407292999985657,33.44381199985946,6.7,4724.83203125,12.0,1369.9375
yolo11s.pt,5,free_depth_motion,256,2026-09-09,21:44:12.608,2026-09-09T21:44:12.608,8.523341155999788,1,0.45816823840141296,4.374173000087467,29.232588000013493,2.0,4724.83203125,12.0,1369.9375
yolo11s.pt,5,free_depth_motion,257,2026-09-09,21:44:12.640,2026-09-09T21:44:12.640,8.555228732999694,1,0.33305737376213074,4.414773000007699,29.126697999799944,2.0,4724.83203125,12.0,1369.9375
yolo11s.pt,5,free_depth_motion,258,2026-09-09,21:44:12.676,2026-09-09T21:44:12.676,8.591285584999696,0,0.0,4.187684000044101,32.91882400026225,1.8,4724.83203125,12.0,1369.9375
yolo11s.pt,5,free_depth_motion,259,2026-09-09,21:44:12.708,2026-09-09T21:44:12.708,8.623596542000087,0,0.0,4.147465000187367,29.476517000148306,2.0,4724.828125,11.0,1369.9375
yolo11s.pt,5,free_depth_motion,260,2026-09-09,21:44:12.740,2026-09-09T21:44:12.740,8.655199170999822,0,0.0,4.2412829998284,28.884418999950867,2.0,4724.828125,11.0,1369.9375
yolo11s.pt,5,free_depth_motion,261,2026-09-09,21:44:12.776,2026-09-09T21:44:12.776,8.691312301999915,1,0.2054675668478012,4.4556430002558045,33.644980999724794,1.8,4724.828125,11.0,1369.9375
yolo11s.pt,5,free_depth_motion,262,2026-09-09,21:44:12.808,2026-09-09T21:44:12.808,8.723452409999936,1,0.3870640993118286,4.462172999865288,29.373618000136048,3.8,4724.828125,11.0,1369.9375
yolo11s.pt,5,free_depth_motion,263,2026-09-09,21:44:12.836,2026-09-09T21:44:12.836,8.751208252999731,1,0.3870640993118286,4.400593000355002,24.875924999832932,0.0,4724.828125,11.0,1369.9375
yolo11s.pt,5,free_depth_motion,264,2026-09-09,21:44:12.876,2026-09-09T21:44:12.876,8.791317310000068,1,0.23039615154266357,4.375643000003038,37.259427000208234,4.6,4724.828125,11.0,1369.9375
yolo11s.pt,5,free_depth_motion,265,2026-09-09,21:44:12.908,2026-09-09T21:44:12.908,8.823457455999687,1,0.20632953941822052,4.475393000120675,29.451028000039514,4.0,4725.3203125,11.0,1370.5625
yolo11s.pt,5,free_depth_motion,266,2026-09-09,21:44:12.940,2026-09-09T21:44:12.940,8.855340254000112,1,0.2689712345600128,4.370483999991848,28.974779000236595,2.0,4725.3203125,11.0,1370.5625
yolo11s.pt,5,free_depth_motion,267,2026-09-09,21:44:12.976,2026-09-09T21:44:12.976,8.891269546999865,0,0.0,4.204853999908664,32.83991399985098,1.8,4725.3203125,11.0,1370.5625
yolo11s.pt,5,free_depth_motion,268,2026-09-09,21:44:13.008,2026-09-09T21:44:13.008,8.923290303999693,1,0.6115718483924866,4.4347230000312265,29.502457000035065,3.8,4725.3203125,11.0,1370.5625
yolo11s.pt,5,free_depth_motion,269,2026-09-09,21:44:13.040,2026-09-09T21:44:13.040,8.95538715099974,1,0.534395158290863,4.506963000039832,29.358857999795873,2.0,4725.3203125,11.0,1370.5625
yolo11s.pt,5,free_depth_motion,270,2026-09-09,21:44:13.076,2026-09-09T21:44:13.076,8.99121295399982,1,0.6952151656150818,4.503072999796132,33.109093000348366,6.9,4726.3046875,11.0,1376.5
yolo11s.pt,5,free_depth_motion,271,2026-09-09,21:44:13.108,2026-09-09T21:44:13.108,9.023240971999712,0,0.0,4.28517299997111,28.785279999738123,2.0,4726.3046875,11.0,1376.5
yolo11s.pt,5,free_depth_motion,272,2026-09-09,21:44:13.140,2026-09-09T21:44:13.140,9.055406458000107,1,0.33203771710395813,4.366433999621222,29.542636999849492,1.9,4726.3046875,11.0,1376.5
yolo11s.pt,5,free_depth_motion,273,2026-09-09,21:44:13.176,2026-09-09T21:44:13.176,9.091412259999743,1,0.24646781384944916,4.397253000206547,33.22211300019262,1.8,4726.3046875,11.0,1376.5
yolo11s.pt,5,free_depth_motion,274,2026-09-09,21:44:13.208,2026-09-09T21:44:13.208,9.123287807999986,1,0.5799055695533752,4.37100300041493,29.0783890000057,3.8,4726.3046875,11.0,1376.5
yolo11s.pt,5,free_depth_motion,275,2026-09-09,21:44:13.240,2026-09-09T21:44:13.240,9.155190775999927,1,0.3110486567020416,4.425752999850374,29.128579000371246,2.0,4726.3046875,11.0,1376.5
yolo11s.pt,5,free_depth_motion,276,2026-09-09,21:44:13.276,2026-09-09T21:44:13.276,9.191359158000068,1,0.2773621082305908,4.44036299995787,33.39458199980072,3.4,4726.3046875,11.0,1376.5
yolo11s.pt,5,free_depth_motion,277,2026-09-09,21:44:13.308,2026-09-09T21:44:13.308,9.223372805000054,1,0.37288782000541687,4.4791330001316965,29.262439000376617,2.0,4726.3046875,11.0,1376.5
yolo11s.pt,5,free_depth_motion,278,2026-09-09,21:44:13.340,2026-09-09T21:44:13.340,9.255245543000001,0,0.0,4.272813999705249,28.724870000132796,2.0,4726.3046875,11.0,1376.5
yolo11s.pt,5,free_depth_motion,279,2026-09-09,21:44:13.372,2026-09-09T21:44:13.372,9.287213471000086,0,0.0,4.320933999679255,29.195808000167744,2.0,4726.3046875,11.0,1376.5
yolo11s.pt,5,free_depth_motion,280,2026-09-09,21:44:13.408,2026-09-09T21:44:13.408,9.323298941999838,1,0.575318455696106,4.3948329998784175,33.426651999889145,1.8,4726.3046875,11.0,1376.5
yolo11s.pt,5,free_depth_motion,281,2026-09-09,21:44:13.440,2026-09-09T21:44:13.440,9.355271619999712,1,0.2698805332183838,4.365793000033591,29.115568000179337,2.0,4726.3046875,11.0,1376.5
yolo11s.pt,5,free_depth_motion,282,2026-09-09,21:44:13.476,2026-09-09T21:44:13.476,9.391461550999793,1,0.3935040831565857,4.368382999928144,33.376511999904324,3.4,4726.3046875,11.0,1376.5
yolo11s.pt,5,free_depth_motion,283,2026-09-09,21:44:13.508,2026-09-09T21:44:13.508,9.423385899000095,1,0.49202078580856323,4.400773000270419,29.123808999884204,3.8,4726.3046875,11.0,1376.5
yolo11s.pt,5,free_depth_motion,284,2026-09-09,21:44:13.544,2026-09-09T21:44:13.544,9.459217141999943,0,0.0,4.261933000179852,32.80799399999523,3.5,4726.3046875,11.0,1376.5
yolo11s.pt,5,free_depth_motion,285,2026-09-09,21:44:13.576,2026-09-09T21:44:13.576,9.49131381899997,0,0.0,4.282503000013094,29.26607699964734,3.9,4725.96484375,11.0,1376.5
yolo11s.pt,5,free_depth_motion,286,2026-09-09,21:44:13.608,2026-09-09T21:44:13.608,9.523331695999786,1,0.6608701348304749,4.553483000108827,29.723266000019066,3.8,4725.71875,11.0,1378.5625
yolo11s.pt,5,free_depth_motion,287,2026-09-09,21:44:13.644,2026-09-09T21:44:13.644,9.559342947999994,1,0.7563672065734863,4.3870829999832495,32.84862400005295,1.8,4725.71875,11.0,1378.5625
yolo11s.pt,5,free_depth_motion,288,2026-09-09,21:44:13.676,2026-09-09T21:44:13.676,9.591283545999886,0,0.0,4.2365740000605,28.88650000022608,2.0,4725.71875,11.0,1378.5625
yolo11s.pt,5,free_depth_motion,289,2026-09-09,21:44:13.708,2026-09-09T21:44:13.708,9.623446433000026,1,0.5993009805679321,4.371033000097668,29.580316999727074,3.8,4725.71875,12.0,1378.5625
yolo11s.pt,5,free_depth_motion,290,2026-09-09,21:44:13.744,2026-09-09T21:44:13.744,9.65940514499971,1,0.7149478793144226,4.37251399989691,33.216892999917036,1.8,4725.71875,12.0,1378.5625
yolo11s.pt,5,free_depth_motion,291,2026-09-09,21:44:13.776,2026-09-09T21:44:13.776,9.69143158299994,1,0.7897248864173889,4.423522999786655,29.279407000103674,2.0,4725.71875,12.0,1378.5625
yolo11s.pt,5,free_depth_motion,292,2026-09-09,21:44:13.808,2026-09-09T21:44:13.808,9.723524550000093,1,0.375448614358902,4.385202999856119,29.28472800022064,2.0,4725.71875,12.0,1378.5625
yolo11s.pt,5,free_depth_motion,293,2026-09-09,21:44:13.844,2026-09-09T21:44:13.844,9.75951465199978,1,0.5645003914833069,4.4504330003292125,33.23877299999367,3.4,4725.71875,12.0,1378.5625
yolo11s.pt,5,free_depth_motion,294,2026-09-09,21:44:13.876,2026-09-09T21:44:13.876,9.791370209999968,1,0.7177622318267822,4.4231229999240895,29.043379000086134,5.9,4725.71875,12.0,1378.5625
yolo11s.pt,5,free_depth_motion,295,2026-09-09,21:44:13.908,2026-09-09T21:44:13.908,9.823296587999721,1,0.5371639728546143,4.4658329998128465,29.18982799974401,2.0,4725.71875,12.0,1378.5625
yolo11s.pt,5,free_depth_motion,296,2026-09-09,21:44:13.944,2026-09-09T21:44:13.944,9.859453158999713,0,0.0,4.211714000120992,32.984573999783606,1.8,4725.71875,12.0,1378.5625
yolo11s.pt,5,free_depth_motion,297,2026-09-09,21:44:13.976,2026-09-09T21:44:13.976,9.89130418700006,1,0.43248748779296875,4.385162999824388,29.28255800043189,2.0,4725.71875,12.0,1378.5625
yolo11s.pt,5,free_depth_motion,298,2026-09-09,21:44:14.008,2026-09-09T21:44:14.008,9.923223194999991,0,0.0,4.200723999929323,28.807749999941734,3.9,4725.71875,12.0,1378.5625
yolo11s.pt,5,free_depth_motion,299,2026-09-09,21:44:14.044,2026-09-09T21:44:14.044,9.959300117000112,1,0.3513973355293274,4.492402999858314,33.63532100001976,1.7,4725.71875,12.0,1378.5625
yolo11s.pt,5,free_depth_motion,300,2026-09-09,21:44:14.076,2026-09-09T21:44:14.076,9.991307954999684,1,0.7328239679336548,4.4178040002407215,29.161198000110744,2.0,4725.71875,12.0,1378.5625
yolo11s.pt,5,free_depth_motion,301,2026-09-09,21:44:14.108,2026-09-09T21:44:14.108,10.02325244199983,0,0.0,4.297833999771683,28.853849999904924,3.9,4725.71875,12.0,1378.5625
yolo11m.pt,1,static,1,2026-09-09,21:50:51.417,2026-09-09T21:50:51.417,0.036372290999679535,0,0.0,6.562905000009778,45.412255999963236,2.2,4600.36328125,3.0,1503.75
yolo11m.pt,1,static,2,2026-09-09,21:50:51.447,2026-09-09T21:50:51.447,0.06842056799996499,1,0.22706906497478485,5.837507999785885,26.419139000154246,4.0,4600.36328125,3.0,1503.75
yolo11m.pt,1,static,3,2026-09-09,21:50:51.478,2026-09-09T21:50:51.478,0.10044715599997289,0,0.0,5.0319399997533765,27.901212999950076,2.0,4600.36328125,3.0,1503.75
yolo11m.pt,1,static,4,2026-09-09,21:50:51.513,2026-09-09T21:50:51.513,0.13582992999999988,1,0.1746596395969391,5.254409999906784,32.68739499981166,3.5,4600.36328125,3.0,1503.75
yolo11m.pt,1,static,5,2026-09-09,21:50:51.545,2026-09-09T21:50:51.545,0.16775024799972016,1,0.1810142546892166,5.254570000033709,28.95079900008568,2.0,4600.36328125,3.0,1503.75
yolo11m.pt,1,static,6,2026-09-09,21:50:51.577,2026-09-09T21:50:51.577,0.1998580149997906,1,0.27724379301071167,5.297870000049443,29.159207999782666,2.0,4600.0390625,3.0,1503.75
yolo11m.pt,1,static,7,2026-09-09,21:50:51.613,2026-09-09T21:50:51.613,0.23584290700000565,0,0.0,5.1651199996740615,32.68467400039299,1.8,4600.0390625,3.0,1500.625
yolo11m.pt,1,static,8,2026-09-09,21:50:51.645,2026-09-09T21:50:51.645,0.26783378499976607,1,0.2229524850845337,5.258340000182216,29.284677999839914,3.8,4600.0390625,3.0,1500.625
yolo11m.pt,1,static,9,2026-09-09,21:50:51.677,2026-09-09T21:50:51.677,0.2998524519998682,0,0.0,5.155770999863307,28.82675000000745,2.0,4600.0390625,3.0,1500.625
yolo11m.pt,1,static,10,2026-09-09,21:50:51.713,2026-09-09T21:50:51.713,0.33585428399965167,1,0.1580684781074524,5.212290000145003,33.07545300003767,1.8,4600.0390625,3.0,1500.625
yolo11m.pt,1,static,11,2026-09-09,21:50:51.745,2026-09-09T21:50:51.745,0.3678706319997218,0,0.0,5.019231000005675,28.59023100018021,2.0,4600.0390625,3.0,1500.625
yolo11m.pt,1,static,12,2026-09-09,21:50:51.777,2026-09-09T21:50:51.777,0.39986189899991587,1,0.1738337278366089,5.211730000155512,29.192907999913587,5.7,4600.0390625,3.0,1500.625
yolo11m.pt,1,static,13,2026-09-09,21:50:51.813,2026-09-09T21:50:51.813,0.43590024099967195,1,0.18040584027767181,5.1548310002544895,33.1851729997652,1.8,4600.0390625,3.0,1500.625
yolo11m.pt,1,static,14,2026-09-09,21:50:51.845,2026-09-09T21:50:51.845,0.4678312489995733,1,0.23986157774925232,5.112160999942716,28.954539000096702,2.0,4600.0390625,15.0,1500.625
yolo11m.pt,1,static,15,2026-09-09,21:50:51.877,2026-09-09T21:50:51.877,0.4998600769999939,1,0.24369974434375763,5.170680999981414,29.086449000260473,2.0,4600.28125,15.0,1500.625
yolo11m.pt,1,static,16,2026-09-09,21:50:51.914,2026-09-09T21:50:51.914,0.5361543979997805,1,0.16105423867702484,5.292209000344883,33.4017620002669,5.1,4600.28125,15.0,1500.625
yolo11m.pt,1,static,17,2026-09-09,21:50:51.945,2026-09-09T21:50:51.945,0.5678484759996536,1,0.251771479845047,5.2638000001934415,28.727060000164784,2.0,4600.28125,15.0,1500.625
yolo11m.pt,1,static,18,2026-09-09,21:50:51.977,2026-09-09T21:50:51.977,0.5998029639999913,1,0.22353196144104004,5.307269000240922,29.01197900018815,2.0,4600.28125,15.0,1500.625
yolo11m.pt,1,static,19,2026-09-09,21:50:52.013,2026-09-09T21:50:52.013,0.6359753949996048,1,0.2255108803510666,5.177889999686158,33.09221300014542,1.8,4600.28125,15.0,1500.625
yolo11m.pt,1,static,20,2026-09-09,21:50:52.045,2026-09-09T21:50:52.045,0.6679459329998281,0,0.0,5.0615200002539495,28.790468999886798,3.9,4600.9921875,15.0,1500.625
yolo11m.pt,1,static,21,2026-09-09,21:50:52.077,2026-09-09T21:50:52.077,0.6999582299999929,1,0.2860751748085022,5.16920099971685,29.258188000312657,2.0,4600.9921875,15.0,1500.625
yolo11m.pt,1,static,22,2026-09-09,21:50:52.113,2026-09-09T21:50:52.113,0.7358453529996041,0,0.0,5.076621000171144,32.631946000037715,1.8,4600.9921875,15.0,1500.625
yolo11m.pt,1,static,23,2026-09-09,21:50:52.145,2026-09-09T21:50:52.145,0.7679643399997076,0,0.0,5.140629999914381,29.148648000045796,2.0,4600.9921875,15.0,1500.625
yolo11m.pt,1,static,24,2026-09-09,21:50:52.177,2026-09-09T21:50:52.177,0.7998416479999833,1,0.27713754773139954,5.313220000061847,29.18554799998674,3.8,4600.9921875,15.0,1500.625
yolo11m.pt,1,static,25,2026-09-09,21:50:52.213,2026-09-09T21:50:52.213,0.8357353499995952,1,0.2296939641237259,5.271720000109781,32.83133400009319,1.8,4600.9921875,15.0,1500.625
yolo11m.pt,1,static,26,2026-09-09,21:50:52.245,2026-09-09T21:50:52.245,0.8677153279995764,1,0.22265426814556122,5.231690000073286,28.9846679997936,2.0,4600.9921875,15.0,1500.625
yolo11m.pt,1,static,27,2026-09-09,21:50:52.277,2026-09-09T21:50:52.277,0.8997544959997867,1,0.1998770385980606,5.272189999686816,29.016979000061838,2.0,4600.9921875,15.0,1500.625
yolo11m.pt,1,static,28,2026-09-09,21:50:52.313,2026-09-09T21:50:52.313,0.9358470170000146,1,0.33028239011764526,5.207369999880029,33.088483000028646,3.4,4600.9921875,15.0,1500.625
yolo11m.pt,1,static,29,2026-09-09,21:50:52.345,2026-09-09T21:50:52.345,0.9678764149998642,0,0.0,5.075550000128715,28.830790000029083,2.0,4600.9921875,15.0,1500.625
yolo11m.pt,1,static,30,2026-09-09,21:50:52.377,2026-09-09T21:50:52.377,0.9998548720000144,1,0.2200147956609726,5.236409999724856,29.3068780001704,2.0,4600.9921875,15.0,1500.625
yolo11m.pt,1,static,31,2026-09-09,21:50:52.413,2026-09-09T21:50:52.413,1.0359933039999305,0,0.0,5.102039999655972,32.94160399991597,3.4,4600.9921875,15.0,1500.625
yolo11m.pt,1,static,32,2026-09-09,21:50:52.445,2026-09-09T21:50:52.445,1.0678674419996241,1,0.3126254975795746,5.290008999963902,29.219358000318607,3.9,4600.9921875,15.0,1500.625
yolo11m.pt,1,static,33,2026-09-09,21:50:52.481,2026-09-09T21:50:52.481,1.1040271729998494,1,0.1944900006055832,5.21824999987075,33.1132430001162,1.8,4600.9921875,15.0,1500.625
yolo11m.pt,1,static,34,2026-09-09,21:50:52.513,2026-09-09T21:50:52.513,1.1358834210000168,1,0.19544167816638947,5.2883899998050765,29.091647999848647,2.0,4600.9921875,15.0,1500.625
yolo11m.pt,1,static,35,2026-09-09,21:50:52.545,2026-09-09T21:50:52.545,1.1678892689997156,1,0.25483009219169617,5.251960000350664,28.994378999868786,2.0,4600.9921875,15.0,1500.625
yolo11m.pt,1,static,36,2026-09-09,21:50:52.577,2026-09-09T21:50:52.577,1.1998701759998767,1,0.22672545909881592,5.2120400000603695,28.890340000089054,3.9,4601.25,15.0,1500.625
yolo11m.pt,1,static,37,2026-09-09,21:50:52.613,2026-09-09T21:50:52.613,1.2357286089995796,0,0.0,5.006321000109892,32.61491500006741,1.8,4601.25,15.0,1500.625
yolo11m.pt,1,static,38,2026-09-09,21:50:52.645,2026-09-09T21:50:52.645,1.267724645999806,1,0.17623698711395264,5.232500000147411,29.443916999753128,2.0,4601.25,15.0,1500.625
yolo11m.pt,1,static,39,2026-09-09,21:50:52.677,2026-09-09T21:50:52.677,1.3000255129995821,1,0.19953669607639313,5.19600999996328,29.241127999739547,2.0,4601.25,15.0,1500.625
yolo11m.pt,1,static,40,2026-09-09,21:50:52.713,2026-09-09T21:50:52.713,1.3359537149999596,0,0.0,5.105181000089942,32.74756500013609,3.5,4601.25,15.0,1500.625
yolo11m.pt,1,static,41,2026-09-09,21:50:52.745,2026-09-09T21:50:52.745,1.367969482999797,0,0.0,5.073199999969802,28.887149000183854,2.0,4601.25,15.0,1500.625
yolo11m.pt,1,static,42,2026-09-09,21:50:52.781,2026-09-09T21:50:52.781,1.4038609350000115,1,0.1927967220544815,5.21165000009205,33.117114000106085,1.8,4601.25,15.0,1500.625
yolo11m.pt,1,static,43,2026-09-09,21:50:52.813,2026-09-09T21:50:52.813,1.4359798819996286,0,0.0,5.028400999890437,28.889049000099476,2.0,4601.25,15.0,1500.625
yolo11m.pt,1,static,44,2026-09-09,21:50:52.845,2026-09-09T21:50:52.845,1.4678664999996727,0,0.0,5.034510999848862,28.986609000185126,3.8,4601.25,14.0,1500.625
yolo11m.pt,1,static,45,2026-09-09,21:50:52.881,2026-09-09T21:50:52.881,1.503745152999727,1,0.1815037876367569,5.273579999993672,33.215342999938,1.8,4601.25,14.0,1500.625
yolo11m.pt,1,static,46,2026-09-09,21:50:52.913,2026-09-09T21:50:52.913,1.5357215699996232,1,0.2782684862613678,5.222909999702097,28.89470899981461,3.9,4601.7265625,14.0,1500.625
yolo11m.pt,1,static,47,2026-09-09,21:50:52.945,2026-09-09T21:50:52.945,1.567754777999653,0,0.0,5.108020000079705,28.796829999919282,2.0,4601.7265625,14.0,1500.625
yolo11m.pt,1,static,48,2026-09-09,21:50:52.981,2026-09-09T21:50:52.981,1.6039907889999085,1,0.2583577632904053,5.203310000069905,33.481621999726485,1.7,4601.7265625,14.0,1500.625
yolo11m.pt,1,static,49,2026-09-09,21:50:53.013,2026-09-09T21:50:53.013,1.6360156569999162,1,0.23068712651729584,5.1700909998544375,29.007988999637746,3.9,4601.7265625,14.0,1500.625
yolo11m.pt,1,static,50,2026-09-09,21:50:53.045,2026-09-09T21:50:53.045,1.6678935939999064,0,0.0,5.033071000070777,28.554280999742332,2.0,4601.7265625,14.0,1500.625
yolo11m.pt,1,static,51,2026-09-09,21:50:53.082,2026-09-09T21:50:53.082,1.7042328149996138,0,0.0,5.356380000193894,33.59565200025827,1.7,4601.7265625,14.0,1500.625
yolo11m.pt,1,static,52,2026-09-09,21:50:53.114,2026-09-09T21:50:53.114,1.7359344139999848,1,0.19935092329978943,5.518369000128587,29.045088000202668,2.0,4601.96875,14.0,1500.625
yolo11m.pt,1,static,53,2026-09-09,21:50:53.145,2026-09-09T21:50:53.145,1.7680283509998844,0,0.0,5.022991000259935,28.484840999681182,4.0,4601.96875,14.0,1500.625
yolo11m.pt,1,static,54,2026-09-09,21:50:53.181,2026-09-09T21:50:53.181,1.80389013399963,1,0.17807355523109436,5.2706989999933285,33.12672299989572,1.7,4601.96875,14.0,1500.625
yolo11m.pt,1,static,55,2026-09-09,21:50:53.213,2026-09-09T21:50:53.213,1.8358774109997285,1,0.2032168209552765,5.323559999851568,28.905928999847674,2.0,4601.96875,14.0,1500.625
yolo11m.pt,1,static,56,2026-09-09,21:50:53.245,2026-09-09T21:50:53.245,1.8678637789998902,0,0.0,5.073740000170801,28.54118000004746,3.9,4601.96875,14.0,1500.625
yolo11m.pt,1,static,57,2026-09-09,21:50:53.281,2026-09-09T21:50:53.281,1.903780120999727,0,0.0,5.066350999641145,32.76223500006381,1.8,4601.96875,14.0,1500.625
yolo11m.pt,1,static,58,2026-09-09,21:50:53.313,2026-09-09T21:50:53.313,1.9358995479997247,0,0.0,5.062481000095431,29.010749000008218,2.0,4601.96875,14.0,1500.625
yolo11m.pt,1,static,59,2026-09-09,21:50:53.345,2026-09-09T21:50:53.345,1.96788199599996,0,0.0,5.094720000215602,28.91317900002832,2.0,4601.96875,15.0,1500.625
yolo11m.pt,1,static,60,2026-09-09,21:50:53.381,2026-09-09T21:50:53.381,2.003725447999841,1,0.2637421488761902,5.207450999932917,33.06735300020591,3.4,4601.96875,15.0,1500.625
yolo11m.pt,1,static,61,2026-09-09,21:50:53.413,2026-09-09T21:50:53.413,2.0357416659999217,0,0.0,5.025891000059346,28.568961000019044,2.0,4601.96875,15.0,1500.625
yolo11m.pt,1,static,62,2026-09-09,21:50:53.445,2026-09-09T21:50:53.445,2.0677632629999607,0,0.0,5.001491000257374,28.88382899982389,3.9,4601.96875,15.0,1500.625
yolo11m.pt,1,static,63,2026-09-09,21:50:53.481,2026-09-09T21:50:53.481,2.1038720349997675,0,0.0,5.114150999816047,33.21900299988556,1.7,4601.96875,15.0,1500.625
yolo11m.pt,1,static,64,2026-09-09,21:50:53.513,2026-09-09T21:50:53.513,2.135900572999617,1,0.18145745992660522,5.314589999670716,29.336978000173985,3.8,4602.2109375,15.0,1500.625
yolo11m.pt,1,static,65,2026-09-09,21:50:53.545,2026-09-09T21:50:53.545,2.1678841299999476,1,0.18791265785694122,5.30759000002945,28.93853899968235,2.0,4602.2109375,15.0,1500.625
yolo11m.pt,1,static,66,2026-09-09,21:50:53.582,2026-09-09T21:50:53.582,2.2040642019996994,1,0.240301251411438,5.18289100000402,32.954983999843535,1.8,4601.96484375,15.0,1500.625
yolo11m.pt,1,static,67,2026-09-09,21:50:53.613,2026-09-09T21:50:53.613,2.2360556389999147,1,0.1612771600484848,5.184180000014749,28.87708999969618,2.0,4601.96484375,15.0,1500.625
yolo11m.pt,1,static,68,2026-09-09,21:50:53.645,2026-09-09T21:50:53.645,2.2680804969995734,0,0.0,4.976960000021791,28.78437999970629,3.9,4601.96484375,15.0,1500.625
yolo11m.pt,1,static,69,2026-09-09,21:50:53.681,2026-09-09T21:50:53.681,2.3037690099999963,1,0.15785372257232666,5.310388999987481,33.08382299974255,1.8,4601.96484375,15.0,1500.625
yolo11m.pt,1,static,70,2026-09-09,21:50:53.713,2026-09-09T21:50:53.713,2.335884516999613,0,0.0,5.114059999868914,28.80464000008942,3.9,4601.6640625,15.0,1500.625
yolo11m.pt,1,static,71,2026-09-09,21:50:53.749,2026-09-09T21:50:53.749,2.3719240890000037,1,0.22179166972637177,5.210259999785194,33.28441300027407,1.8,4601.6640625,15.0,1500.625
yolo11m.pt,1,static,72,2026-09-09,21:50:53.781,2026-09-09T21:50:53.781,2.403760396999587,0,0.0,5.024071000207186,28.54269099998419,2.0,4601.6640625,15.0,1500.625
yolo11m.pt,1,static,73,2026-09-09,21:50:53.813,2026-09-09T21:50:53.813,2.435747685000024,0,0.0,5.036140999891359,28.970929000024626,3.9,4601.6640625,15.0,1500.625
yolo11m.pt,1,static,74,2026-09-09,21:50:53.846,2026-09-09T21:50:53.846,2.4677687719999994,1,0.3017207682132721,5.845456999850285,29.954204999739886,3.8,4605.21875,16.0,1502.0625
yolo11m.pt,1,static,75,2026-09-09,21:50:53.881,2026-09-09T21:50:53.881,2.5038890839996384,1,0.18224211037158966,5.227829999967071,32.46861599973272,1.8,4605.21875,16.0,1502.1875
yolo11m.pt,1,static,76,2026-09-09,21:50:53.913,2026-09-09T21:50:53.913,2.535869760999958,0,0.0,5.028480999953899,28.5534810000172,5.9,4605.21875,16.0,1502.1875
yolo11m.pt,1,static,77,2026-09-09,21:50:53.945,2026-09-09T21:50:53.945,2.5681549779997113,0,0.0,5.060331000095175,29.230288000235305,3.8,4605.21875,16.0,1502.1875
yolo11m.pt,1,static,78,2026-09-09,21:50:53.982,2026-09-09T21:50:53.982,2.6039564609995978,1,0.1775650531053543,5.346890000055282,33.19430300007298,1.8,4605.21875,16.0,1502.1875
yolo11m.pt,1,static,79,2026-09-09,21:50:54.013,2026-09-09T21:50:54.013,2.6358114289996593,1,0.20844992995262146,5.288880000080098,28.691170000001875,2.0,4605.21875,16.0,1502.1875
yolo11m.pt,1,static,80,2026-09-09,21:50:54.049,2026-09-09T21:50:54.049,2.671931119999954,1,0.1977723091840744,5.282249999709165,33.04064399981144,1.8,4605.21875,16.0,1502.1875
yolo11m.pt,1,static,81,2026-09-09,21:50:54.081,2026-09-09T21:50:54.081,2.703868627999782,1,0.18225419521331787,5.230270000083692,28.92316999987088,3.9,4605.21875,16.0,1502.1875
yolo11m.pt,1,static,82,2026-09-09,21:50:54.113,2026-09-09T21:50:54.113,2.7359982949997175,1,0.2040296494960785,5.174140000235639,29.026829000031285,2.0,4605.21875,16.0,1502.1875
yolo11m.pt,1,static,83,2026-09-09,21:50:54.150,2026-09-09T21:50:54.150,2.7721509969996987,1,0.15876689553260803,5.157860000053915,33.10094299968114,1.8,4605.21875,16.0,1502.1875
yolo11m.pt,1,static,84,2026-09-09,21:50:54.181,2026-09-09T21:50:54.181,2.8039888849998533,1,0.23997844755649567,5.187719999867113,28.891889000078663,3.9,4605.21875,16.0,1502.1875
yolo11m.pt,1,static,85,2026-09-09,21:50:54.214,2026-09-09T21:50:54.214,2.835987701999784,1,0.24860134720802307,5.299060000197642,29.10447900012514,2.0,4605.4609375,16.0,1516.1875
yolo11m.pt,1,static,86,2026-09-09,21:50:54.249,2026-09-09T21:50:54.249,2.8718756749999557,1,0.21716448664665222,5.300880000049801,32.864104000054795,3.5,4605.4609375,16.0,1516.1875
yolo11m.pt,1,static,87,2026-09-09,21:50:54.282,2026-09-09T21:50:54.282,2.9039593019997483,1,0.21590109169483185,5.343870000160678,29.05543899987606,2.0,4605.4609375,16.0,1516.1875
yolo11m.pt,1,static,88,2026-09-09,21:50:54.313,2026-09-09T21:50:54.313,2.936014808999971,1,0.21751795709133148,5.2157999998598825,28.875409999727708,2.0,4605.4609375,16.0,1516.1875
yolo11m.pt,1,static,89,2026-09-09,21:50:54.349,2026-09-09T21:50:54.349,2.971875861999706,0,0.0,5.046391000178119,32.61223599974983,1.8,4605.4609375,17.0,1516.1875
yolo11m.pt,1,static,90,2026-09-09,21:50:54.381,2026-09-09T21:50:54.381,3.003862979999667,1,0.3182382583618164,5.218039999817847,29.272868000134622,3.8,4605.4609375,17.0,1516.1875
yolo11m.pt,1,static,91,2026-09-09,21:50:54.413,2026-09-09T21:50:54.413,3.0359051569998883,1,0.2080417275428772,5.20974999972168,28.905070000291744,2.0,4605.4609375,17.0,1516.1875
yolo11m.pt,1,static,92,2026-09-09,21:50:54.449,2026-09-09T21:50:54.449,3.0718793189998905,0,0.0,5.106341000100656,32.672295000338636,1.8,4605.4609375,17.0,1516.1875
yolo11m.pt,1,static,93,2026-09-09,21:50:54.481,2026-09-09T21:50:54.481,3.1037239469997076,1,0.21528032422065735,5.262679999759712,29.172608999942895,2.0,4605.4609375,17.0,1516.1875
yolo11m.pt,1,static,94,2026-09-09,21:50:54.513,2026-09-09T21:50:54.513,3.1357504640000116,0,0.0,5.117300999700092,28.849740000168822,3.8,4605.4609375,17.0,1516.1875
yolo11m.pt,1,static,95,2026-09-09,21:50:54.549,2026-09-09T21:50:54.549,3.1719168259996877,1,0.31317970156669617,5.235710000306426,33.392913000170665,3.4,4605.20703125,17.0,1516.1875
yolo11m.pt,1,static,96,2026-09-09,21:50:54.581,2026-09-09T21:50:54.581,3.203874803999952,1,0.21890735626220703,5.232229999819538,29.003268999986176,2.0,4604.49609375,17.0,1516.1875
yolo11m.pt,1,static,97,2026-09-09,21:50:54.613,2026-09-09T21:50:54.613,3.235779851999723,0,0.0,5.189720000089437,28.833530000156316,4.1,4627.5625,17.0,1516.1875
yolo11m.pt,1,static,98,2026-09-09,21:50:54.649,2026-09-09T21:50:54.649,3.2718641939995905,0,0.0,5.313239999850339,33.204543000010744,8.6,4651.875,17.0,1516.1875
yolo11m.pt,1,static,99,2026-09-09,21:50:54.682,2026-09-09T21:50:54.682,3.30416686999979,0,0.0,5.19350000013219,28.982988999814552,3.9,4616.09375,17.0,1516.1875
yolo11m.pt,1,static,100,2026-09-09,21:50:54.714,2026-09-09T21:50:54.714,3.336112306999894,1,0.2251722663640976,5.229430000326829,29.079218999868317,3.8,4615.84765625,17.0,1516.1875
yolo11m.pt,1,static,101,2026-09-09,21:50:54.750,2026-09-09T21:50:54.750,3.3722730289996434,1,0.23643942177295685,5.545528999846283,33.350872000028176,1.8,4615.84765625,17.0,1516.1875
yolo11m.pt,1,static,102,2026-09-09,21:50:54.781,2026-09-09T21:50:54.781,3.403850737999619,1,0.2300713062286377,5.293660000006639,28.353991000130918,4.0,4615.84765625,17.0,1516.1875
yolo11m.pt,1,static,103,2026-09-09,21:50:54.813,2026-09-09T21:50:54.813,3.436143224999796,0,0.0,5.046321000008902,28.898939000100654,2.0,4615.84765625,17.0,1516.1875
yolo11m.pt,1,static,104,2026-09-09,21:50:54.849,2026-09-09T21:50:54.849,3.4719108579997737,1,0.18726354837417603,5.258649000097648,33.13436300004469,1.8,4615.84765625,15.0,1516.1875
yolo11m.pt,1,static,105,2026-09-09,21:50:54.881,2026-09-09T21:50:54.881,3.503850154999782,1,0.16445983946323395,5.247119999694405,28.932929999882617,3.9,4619.79296875,15.0,1516.1875
yolo11m.pt,1,static,106,2026-09-09,21:50:54.913,2026-09-09T21:50:54.913,3.5362606209996557,0,0.0,5.052670999702968,29.04662900027688,2.0,4619.53515625,15.0,1516.1875
yolo11m.pt,1,static,107,2026-09-09,21:50:54.950,2026-09-09T21:50:54.950,3.5719034249996184,1,0.21198689937591553,5.621327999961068,33.270803000050364,3.4,4619.53515625,15.0,1516.1875
yolo11m.pt,1,static,108,2026-09-09,21:50:54.981,2026-09-09T21:50:54.981,3.6037204529998235,0,0.0,5.024280999805342,28.018413000154396,2.0,4619.53515625,15.0,1516.1875
yolo11m.pt,1,static,109,2026-09-09,21:50:55.013,2026-09-09T21:50:55.013,3.6360315289998653,1,0.22719061374664307,5.164409999906638,29.624487000091904,3.8,4619.77734375,15.0,1516.1875
yolo11m.pt,1,static,110,2026-09-09,21:50:55.049,2026-09-09T21:50:55.049,3.6718483419999757,0,0.0,5.116570000154752,32.64329500007079,1.8,4619.77734375,15.0,1516.1875
yolo11m.pt,1,static,111,2026-09-09,21:50:55.081,2026-09-09T21:50:55.081,3.7039684689998467,1,0.19377592206001282,5.224200000156998,29.197548999945866,3.8,4619.77734375,15.0,1516.1875
yolo11m.pt,1,static,112,2026-09-09,21:50:55.113,2026-09-09T21:50:55.113,3.7358779969999887,0,0.0,5.139119999967079,28.64067000018622,2.0,4619.77734375,15.0,1516.1875
yolo11m.pt,1,static,113,2026-09-09,21:50:55.149,2026-09-09T21:50:55.149,3.77196505899974,1,0.22241778671741486,5.206530000123166,33.194732000083604,1.8,4620.1328125,15.0,1516.1875
yolo11m.pt,1,static,114,2026-09-09,21:50:55.181,2026-09-09T21:50:55.181,3.8038784159998613,1,0.1994118094444275,5.281660000036936,29.03172900005302,2.0,4620.1328125,15.0,1516.1875
yolo11m.pt,1,static,115,2026-09-09,21:50:55.213,2026-09-09T21:50:55.213,3.835868413999833,0,0.0,5.066930999873875,28.569080000124814,3.9,4620.1328125,15.0,1516.1875
yolo11m.pt,1,static,116,2026-09-09,21:50:55.249,2026-09-09T21:50:55.249,3.8717344570000023,0,0.0,5.13597999997728,32.886404000237235,1.8,4620.1328125,15.0,1516.1875
yolo11m.pt,1,static,117,2026-09-09,21:50:55.282,2026-09-09T21:50:55.282,3.9039632529998016,1,0.31719738245010376,5.412899000020843,29.675555999801873,3.8,4620.1328125,15.0,1516.1875
yolo11m.pt,1,static,118,2026-09-09,21:50:55.317,2026-09-09T21:50:55.317,3.9398546459997306,1,0.1910824030637741,5.187770000247838,32.70819399995162,1.8,4620.1328125,15.0,1516.1875
yolo11m.pt,1,static,119,2026-09-09,21:50:55.350,2026-09-09T21:50:55.350,3.971957342999758,1,0.1982848197221756,5.3717089999736345,29.203028000210907,3.8,4620.1328125,16.0,1516.1875
yolo11m.pt,1,static,120,2026-09-09,21:50:55.382,2026-09-09T21:50:55.382,4.004320998999901,1,0.17555035650730133,5.203889999847888,29.064038999877084,2.0,4620.1328125,16.0,1516.1875
yolo11m.pt,1,static,121,2026-09-09,21:50:55.417,2026-09-09T21:50:55.417,4.0400637719999395,0,0.0,4.990791000182071,32.305625999924814,1.8,4620.1328125,16.0,1516.1875
yolo11m.pt,1,static,122,2026-09-09,21:50:55.449,2026-09-09T21:50:55.449,4.072082498999862,1,0.25365766882896423,5.140760999893246,29.14411800020389,3.8,4620.375,16.0,1516.1875
yolo11m.pt,1,static,123,2026-09-09,21:50:55.481,2026-09-09T21:50:55.481,4.103936987999987,0,0.0,5.05630999987261,28.645049999795447,2.0,4620.375,16.0,1516.1875
yolo11m.pt,1,static,124,2026-09-09,21:50:55.518,2026-09-09T21:50:55.518,4.13996139999972,1,0.31868845224380493,5.323748999671807,33.310802999949374,1.8,4620.08984375,16.0,1516.1875
yolo11m.pt,1,static,125,2026-09-09,21:50:55.549,2026-09-09T21:50:55.549,4.172043396999925,1,0.19637823104858398,5.184030000236817,28.954749000149604,2.0,4620.08984375,16.0,1516.1875
yolo11m.pt,1,static,126,2026-09-09,21:50:55.582,2026-09-09T21:50:55.582,4.204104713999641,1,0.2200147956609726,5.229650000273978,29.046899000150006,3.9,4620.08984375,16.0,1516.1875
yolo11m.pt,1,static,127,2026-09-09,21:50:55.617,2026-09-09T21:50:55.617,4.240130235999914,0,0.0,5.033960999753617,32.627784999931464,1.8,4620.22265625,16.0,1516.1875
yolo11m.pt,1,static,128,2026-09-09,21:50:55.649,2026-09-09T21:50:55.649,4.27197037399992,0,0.0,5.071650999980193,28.800479999972595,2.0,4619.9765625,16.0,1516.1875
yolo11m.pt,1,static,129,2026-09-09,21:50:55.681,2026-09-09T21:50:55.681,4.3039656719997765,0,0.0,5.038499999955093,28.912309000133973,2.0,4619.9765625,16.0,1516.1875
yolo11m.pt,1,static,130,2026-09-09,21:50:55.717,2026-09-09T21:50:55.717,4.339809063999837,1,0.19860732555389404,5.172391000087373,33.20151299976715,3.4,4619.9765625,16.0,1516.1875
yolo11m.pt,1,static,131,2026-09-09,21:50:55.749,2026-09-09T21:50:55.749,4.371782681999775,1,0.2540212869644165,5.17074000026696,29.0150580003683,3.9,4619.9765625,16.0,1516.1875
yolo11m.pt,1,static,132,2026-09-09,21:50:55.781,2026-09-09T21:50:55.781,4.403778909999801,0,0.0,5.001229999834322,28.68717999990622,2.0,4619.9765625,16.0,1516.1875
yolo11m.pt,1,static,133,2026-09-09,21:50:55.818,2026-09-09T21:50:55.818,4.440010990999781,1,0.2099316567182541,5.328268999619468,33.690560999730224,1.8,4619.9765625,16.0,1516.1875
yolo11m.pt,1,static,134,2026-09-09,21:50:55.849,2026-09-09T21:50:55.849,4.471830388999933,1,0.30577364563941956,5.251709999811283,28.755509999882634,2.0,4617.84375,16.0,1514.3125
yolo11m.pt,1,static,135,2026-09-09,21:50:55.881,2026-09-09T21:50:55.881,4.5038814659997115,1,0.15007832646369934,5.312430000230961,29.060378999929526,3.8,4617.84375,16.0,1514.3125
yolo11m.pt,1,static,136,2026-09-09,21:50:55.918,2026-09-09T21:50:55.918,4.540184206999584,1,0.31035035848617554,5.628919000173482,33.64467099981994,3.4,4617.72265625,16.0,1514.3125
yolo11m.pt,1,static,137,2026-09-09,21:50:55.949,2026-09-09T21:50:55.949,4.571979456000008,0,0.0,4.9917500000447035,28.016732000196498,2.0,4617.72265625,16.0,1514.3125
yolo11m.pt,1,static,138,2026-09-09,21:50:55.981,2026-09-09T21:50:55.981,4.603988262999792,1,0.2445381134748459,5.208439999933034,29.3766479999249,1.9,4617.72265625,16.0,1514.3125
yolo11m.pt,1,static,139,2026-09-09,21:50:56.017,2026-09-09T21:50:56.017,4.6397023569998055,0,0.0,5.035100999975839,32.43850599983489,3.5,4617.72265625,16.0,1514.3125
yolo11m.pt,1,static,140,2026-09-09,21:50:56.049,2026-09-09T21:50:56.049,4.671835783000006,1,0.22727447748184204,5.309090000082506,29.47314799985179,2.0,4617.72265625,16.0,1514.3125
yolo11m.pt,1,static,141,2026-09-09,21:50:56.081,2026-09-09T21:50:56.081,4.703877010999804,1,0.15399207174777985,5.251299999599723,29.023389000030875,2.0,4617.72265625,16.0,1514.3125
yolo11m.pt,1,static,142,2026-09-09,21:50:56.117,2026-09-09T21:50:56.117,4.739993411999876,1,0.18570494651794434,5.230759999903967,33.11026299979858,1.8,4617.72265625,16.0,1514.3125
yolo11m.pt,1,static,143,2026-09-09,21:50:56.149,2026-09-09T21:50:56.149,4.771762770999885,1,0.16566284000873566,5.188480000015261,28.690390000065236,5.8,4617.72265625,16.0,1514.3125
yolo11m.pt,1,static,144,2026-09-09,21:50:56.181,2026-09-09T21:50:56.181,4.803887537999799,1,0.21591949462890625,5.267449000257329,29.20111800040104,2.0,4617.72265625,16.0,1514.3125
yolo11m.pt,1,static,145,2026-09-09,21:50:56.217,2026-09-09T21:50:56.217,4.839957559999675,1,0.2019200176000595,5.198209999889514,33.010372999797255,1.8,4617.72265625,16.0,1514.3125
yolo11m.pt,1,static,146,2026-09-09,21:50:56.249,2026-09-09T21:50:56.249,4.871880427999713,1,0.22584369778633118,5.221400999744219,28.99501899992174,2.0,4617.71484375,16.0,1514.3125
yolo11m.pt,1,static,147,2026-09-09,21:50:56.281,2026-09-09T21:50:56.281,4.903883224999845,0,0.0,5.063171000074362,28.790139999728126,2.0,4617.71484375,16.0,1514.3125
yolo11m.pt,1,static,148,2026-09-09,21:50:56.317,2026-09-09T21:50:56.317,4.939974006999819,0,0.0,5.1171999998587125,33.16410300021744,3.4,4617.71484375,16.0,1514.3125
yolo11m.pt,1,static,149,2026-09-09,21:50:56.349,2026-09-09T21:50:56.349,4.971886724999877,1,0.2549802362918854,5.323689999841008,29.14003900013995,2.0,4617.71484375,15.0,1514.3125
yolo11m.pt,1,static,150,2026-09-09,21:50:56.381,2026-09-09T21:50:56.381,5.00397852199967,1,0.2075900435447693,5.27676900037477,29.00092899972151,2.0,4617.71484375,15.0,1514.3125
yolo11m.pt,1,static,151,2026-09-09,21:50:56.417,2026-09-09T21:50:56.417,5.039936723999745,0,0.0,5.068470999958663,32.643144999838114,3.5,4617.71484375,15.0,1514.3125
yolo11m.pt,1,static,152,2026-09-09,21:50:56.449,2026-09-09T21:50:56.449,5.071879301999616,1,0.2062104046344757,5.2221800001461816,29.120317999968393,2.0,4617.71484375,15.0,1514.3125
yolo11m.pt,1,static,153,2026-09-09,21:50:56.485,2026-09-09T21:50:56.485,5.107834863999869,1,0.26289504766464233,5.151810999905138,32.8898439997829,1.8,4617.71484375,15.0,1514.3125
yolo11m.pt,1,static,154,2026-09-09,21:50:56.517,2026-09-09T21:50:56.517,5.139858181999898,0,0.0,5.000639999707346,28.835969000283512,2.0,4617.71484375,15.0,1514.3125
yolo11m.pt,1,static,155,2026-09-09,21:50:56.549,2026-09-09T21:50:56.549,5.17180314899997,0,0.0,4.958360999808065,28.873179000129312,2.0,4616.62109375,15.0,1514.3125
yolo11m.pt,1,static,156,2026-09-09,21:50:56.585,2026-09-09T21:50:56.585,5.208011700999577,0,0.0,5.0992999999834865,33.357922000050166,5.1,4616.76171875,15.0,1514.3125
yolo11m.pt,1,static,157,2026-09-09,21:50:56.617,2026-09-09T21:50:56.617,5.239956957999766,1,0.19208931922912598,5.227829999967071,29.16386800006876,2.0,4617.00390625,15.0,1514.3125
yolo11m.pt,1,static,158,2026-09-09,21:50:56.650,2026-09-09T21:50:56.650,5.271997695999744,0,0.0,5.6621579997226945,29.308558000138873,3.8,4617.00390625,15.0,1514.3125
yolo11m.pt,1,static,159,2026-09-09,21:50:56.685,2026-09-09T21:50:56.685,5.307989118000023,1,0.24960455298423767,5.19289999965622,32.63240500018583,1.8,4617.00390625,15.0,1514.3125
yolo11m.pt,1,static,160,2026-09-09,21:50:56.717,2026-09-09T21:50:56.717,5.3400074049995965,0,0.0,5.015831000036997,28.65968000014618,2.0,4617.00390625,15.0,1514.3125
yolo11m.pt,1,static,161,2026-09-09,21:50:56.749,2026-09-09T21:50:56.749,5.372010433000014,0,0.0,5.006231000152184,29.02937999988353,2.0,4617.00390625,15.0,1514.3125
yolo11m.pt,1,static,162,2026-09-09,21:50:56.785,2026-09-09T21:50:56.785,5.407976804999635,0,0.0,5.380519000027562,33.3495220002078,5.1,4617.00390625,15.0,1514.3125
yolo11m.pt,1,static,163,2026-09-09,21:50:56.818,2026-09-09T21:50:56.818,5.440291880999666,1,0.16122980415821075,5.329820000042673,29.551766000167845,2.0,4617.00390625,15.0,1514.3125
yolo11m.pt,1,static,164,2026-09-09,21:50:56.850,2026-09-09T21:50:56.850,5.472122768999725,1,0.2689359784126282,5.273719999877358,28.757580000274174,3.9,4617.00390625,17.0,1514.3125
yolo11m.pt,1,static,165,2026-09-09,21:50:56.885,2026-09-09T21:50:56.885,5.507753692999813,1,0.18402327597141266,5.240510000021459,32.51869499990789,1.8,4617.00390625,17.0,1514.3125
yolo11m.pt,1,static,166,2026-09-09,21:50:56.917,2026-09-09T21:50:56.917,5.53991748999988,0,0.0,5.03247000006013,28.896468999846547,4.0,4617.11328125,17.0,1514.3125
yolo11m.pt,1,static,167,2026-09-09,21:50:56.949,2026-09-09T21:50:56.949,5.571893816999818,1,0.15653756260871887,5.188340000131575,29.262527999890153,2.0,4617.11328125,17.0,1514.3125
yolo11m.pt,1,static,168,2026-09-09,21:50:56.985,2026-09-09T21:50:56.985,5.607906189000005,0,0.0,5.028681000112556,32.79246400006741,1.8,4617.11328125,17.0,1514.3125
yolo11m.pt,1,static,169,2026-09-09,21:50:57.017,2026-09-09T21:50:57.017,5.640003535999767,1,0.2563933730125427,5.203610000080516,29.40034699986427,2.0,4617.11328125,17.0,1514.3125
yolo11m.pt,1,static,170,2026-09-09,21:50:57.049,2026-09-09T21:50:57.049,5.671880543999578,0,0.0,5.048771000019769,28.657180000209337,2.0,4617.11328125,17.0,1514.3125
yolo11m.pt,1,static,171,2026-09-09,21:50:57.085,2026-09-09T21:50:57.085,5.707883925999795,1,0.3415426015853882,5.267290000119829,33.3363219997409,3.4,4617.11328125,17.0,1514.3125
yolo11m.pt,1,static,172,2026-09-09,21:50:57.117,2026-09-09T21:50:57.117,5.740004993999719,0,0.0,5.053010000210634,28.8277790000393,2.0,4617.11328125,17.0,1514.3125
yolo11m.pt,1,static,173,2026-09-09,21:50:57.149,2026-09-09T21:50:57.149,5.771871111999644,0,0.0,5.0874909998128715,28.790319999643543,2.0,4617.35546875,17.0,1514.3125
yolo11m.pt,1,static,174,2026-09-09,21:50:57.185,2026-09-09T21:50:57.185,5.8078886039998,1,0.18781894445419312,5.169919999843842,33.154982999803906,1.8,4617.35546875,17.0,1514.3125
yolo11m.pt,1,static,175,2026-09-09,21:50:57.217,2026-09-09T21:50:57.217,5.8398685809997914,0,0.0,5.023300999710045,28.719870000259107,3.8,4617.35546875,17.0,1514.3125
yolo11m.pt,1,static,176,2026-09-09,21:50:57.249,2026-09-09T21:50:57.249,5.871886627999629,0,0.0,5.006320999655145,28.91757899988079,2.0,4617.35546875,17.0,1514.3125
yolo11m.pt,1,static,177,2026-09-09,21:50:57.285,2026-09-09T21:50:57.285,5.907717350999974,0,0.0,5.023410999910993,32.74285500037877,3.4,4617.35546875,17.0,1514.3125
yolo11m.pt,1,static,178,2026-09-09,21:50:57.317,2026-09-09T21:50:57.317,5.939701538999998,1,0.21075409650802612,5.2029899998160545,29.20429799996782,2.0,4617.35546875,17.0,1514.3125
yolo11m.pt,1,static,179,2026-09-09,21:50:57.349,2026-09-09T21:50:57.349,5.971861295999588,1,0.22120246291160583,5.2263200000197685,29.100107999965985,3.8,4617.35546875,15.0,1514.3125
yolo11m.pt,1,static,180,2026-09-09,21:50:57.385,2026-09-09T21:50:57.385,6.007899547999841,0,0.0,5.049249999956373,32.67633499990552,1.8,4617.35546875,15.0,1514.3125
yolo11m.pt,1,static,181,2026-09-09,21:50:57.417,2026-09-09T21:50:57.417,6.039875295000002,0,0.0,5.11131099983686,28.950658999747247,2.0,4617.35546875,15.0,1514.3125
yolo11m.pt,1,static,182,2026-09-09,21:50:57.449,2026-09-09T21:50:57.449,6.07187751299989,1,0.2587076723575592,5.221560000336467,29.278586999680556,2.0,4617.35546875,15.0,1514.3125
yolo11m.pt,1,static,183,2026-09-09,21:50:57.485,2026-09-09T21:50:57.485,6.107895964999898,1,0.23311132192611694,5.163040000297769,32.97569400001521,1.8,4617.35546875,15.0,1514.3125
yolo11m.pt,1,static,184,2026-09-09,21:50:57.517,2026-09-09T21:50:57.517,6.139907381999819,0,0.0,5.033870999795909,28.816049999932147,3.9,4617.35546875,15.0,1514.3125
yolo11m.pt,1,static,185,2026-09-09,21:50:57.549,2026-09-09T21:50:57.549,6.1718706399997245,0,0.0,4.975871000169718,28.907468999932462,2.0,4617.48828125,15.0,1514.3125
yolo11m.pt,1,static,186,2026-09-09,21:50:57.585,2026-09-09T21:50:57.585,6.2078899119997,0,0.0,5.046970999956102,32.964494000225386,3.4,4617.48828125,15.0,1514.3125
yolo11m.pt,1,static,187,2026-09-09,21:50:57.617,2026-09-09T21:50:57.617,6.239878979999958,1,0.17352700233459473,5.211440000039147,29.175407999900926,2.0,4617.48828125,15.0,1514.3125
yolo11m.pt,1,static,188,2026-09-09,21:50:57.653,2026-09-09T21:50:57.653,6.276036050999664,1,0.15781556069850922,5.131170999902679,33.179683000071236,1.8,4617.48828125,15.0,1514.3125
yolo11m.pt,1,static,189,2026-09-09,21:50:57.685,2026-09-09T21:50:57.685,6.307987888999833,0,0.0,5.018250999910379,28.717500000311702,3.9,4616.7578125,15.0,1514.3125
yolo11m.pt,1,static,190,2026-09-09,21:50:57.718,2026-09-09T21:50:57.718,6.339822286999606,1,0.2974187135696411,5.586848999882932,29.635996999786585,5.8,4617.0,15.0,1514.9375
yolo11m.pt,1,static,191,2026-09-09,21:50:57.749,2026-09-09T21:50:57.749,6.372006683999643,1,0.20266133546829224,5.15451999990546,28.750738999860914,3.9,4617.0,15.0,1514.9375
yolo11m.pt,1,static,192,2026-09-09,21:50:57.785,2026-09-09T21:50:57.785,6.407852486999673,1,0.23291057348251343,5.197831000259612,32.86970399994971,1.8,4617.0,15.0,1514.9375
yolo11m.pt,1,static,193,2026-09-09,21:50:57.817,2026-09-09T21:50:57.817,6.439961873999891,1,0.19264478981494904,5.211389999658422,29.032998999809934,2.0,4617.0,15.0,1514.9375
yolo11m.pt,1,static,194,2026-09-09,21:50:57.853,2026-09-09T21:50:57.853,6.47597748599992,1,0.271331250667572,5.241759999989881,32.95999400006622,1.8,4617.0,18.0,1514.9375
yolo11m.pt,1,static,195,2026-09-09,21:50:57.885,2026-09-09T21:50:57.885,6.507970182999998,1,0.17475315928459167,5.230360000041401,28.88089000043692,3.9,4617.0,18.0,1514.9375
yolo11m.pt,1,static,196,2026-09-09,21:50:57.917,2026-09-09T21:50:57.917,6.539827770999636,0,0.0,5.117131000133668,28.597211000032985,3.9,4617.4765625,18.0,1514.9375
yolo11m.pt,1,static,197,2026-09-09,21:50:57.953,2026-09-09T21:50:57.953,6.575979042999734,1,0.20931102335453033,5.168249999769614,33.269933000156016,3.4,4617.4765625,18.0,1514.9375
yolo11m.pt,1,static,198,2026-09-09,21:50:57.985,2026-09-09T21:50:57.985,6.607999259999815,1,0.18992792069911957,5.1551800002016535,29.063598999982787,2.0,4617.4765625,18.0,1514.9375
yolo11m.pt,1,static,199,2026-09-09,21:50:58.017,2026-09-09T21:50:58.017,6.639967797999816,1,0.21847845613956451,5.177949999961129,28.97868899981404,2.0,4617.4765625,18.0,1514.9375
yolo11m.pt,1,static,200,2026-09-09,21:50:58.053,2026-09-09T21:50:58.053,6.676038609999978,1,0.18700504302978516,5.1613400000860565,33.04036300005464,1.7,4617.4765625,18.0,1514.9375
yolo11m.pt,1,static,201,2026-09-09,21:50:58.086,2026-09-09T21:50:58.086,6.70803075699996,1,0.26448747515678406,5.312809999850288,29.08014800004821,3.9,4617.4765625,18.0,1514.9375
yolo11m.pt,1,static,202,2026-09-09,21:50:58.117,2026-09-09T21:50:58.117,6.739791296000021,1,0.21224303543567657,5.179090000183351,28.539469999941502,2.0,4617.4765625,18.0,1514.9375
yolo11m.pt,1,static,203,2026-09-09,21:50:58.154,2026-09-09T21:50:58.154,6.7761285970000245,1,0.2000196874141693,5.266749999918829,33.38205199997901,1.7,4617.4765625,18.0,1514.9375
yolo11m.pt,1,static,204,2026-09-09,21:50:58.186,2026-09-09T21:50:58.186,6.807988914999896,1,0.22675706446170807,5.326819000401883,28.78482999994958,3.9,4617.4765625,18.0,1514.9375
yolo11m.pt,1,static,205,2026-09-09,21:50:58.217,2026-09-09T21:50:58.217,6.83987467299994,1,0.24553664028644562,5.233060000136902,28.710119999686867,2.0,4617.4765625,18.0,1514.9375
yolo11m.pt,1,static,206,2026-09-09,21:50:58.253,2026-09-09T21:50:58.253,6.875956303999828,0,0.0,5.014281000057963,32.69959499994002,3.4,4617.4765625,18.0,1514.9375
yolo11m.pt,1,static,207,2026-09-09,21:50:58.285,2026-09-09T21:50:58.285,6.908058271999835,0,0.0,4.9881899999491,29.05611799997132,2.0,4617.4765625,18.0,1514.9375
yolo11m.pt,1,static,208,2026-09-09,21:50:58.317,2026-09-09T21:50:58.317,6.940057358999638,0,0.0,5.016140999941854,29.041238999980123,2.0,4617.4765625,18.0,1514.9375
yolo11m.pt,1,static,209,2026-09-09,21:50:58.353,2026-09-09T21:50:58.353,6.97593346199983,1,0.18063777685165405,5.31830899990382,33.21984300009717,1.8,4617.4765625,17.0,1514.9375
yolo11m.pt,1,static,210,2026-09-09,21:50:58.385,2026-09-09T21:50:58.385,7.007755709999856,0,0.0,5.087999999886961,28.560831000049802,3.9,4617.4765625,17.0,1514.9375
yolo11m.pt,1,static,211,2026-09-09,21:50:58.417,2026-09-09T21:50:58.417,7.039891736999834,0,0.0,5.097190000014962,29.1436679999606,2.0,4617.4765625,17.0,1514.9375
yolo11m.pt,1,static,212,2026-09-09,21:50:58.453,2026-09-09T21:50:58.453,7.0759003389998725,1,0.35630184412002563,5.188999999973021,33.182473000124446,1.8,4617.4765625,17.0,1514.9375
yolo11m.pt,1,static,213,2026-09-09,21:50:58.485,2026-09-09T21:50:58.485,7.107725626999581,1,0.2224946767091751,5.215419999785809,28.721029999815073,3.9,4617.4765625,17.0,1514.9375
yolo11m.pt,1,static,214,2026-09-09,21:50:58.517,2026-09-09T21:50:58.517,7.1399094239995975,1,0.1974470317363739,5.206169999837584,29.014838999955828,2.0,4617.4765625,17.0,1514.9375
yolo11m.pt,1,static,215,2026-09-09,21:50:58.553,2026-09-09T21:50:58.553,7.175914575999741,1,0.17577753961086273,5.1962800002911536,32.94400400000086,1.8,4617.4765625,17.0,1514.9375
yolo11m.pt,1,static,216,2026-09-09,21:50:58.585,2026-09-09T21:50:58.585,7.207758573999854,1,0.18790027499198914,5.220550000103685,28.81234000005861,2.0,4617.71484375,17.0,1514.9375
yolo11m.pt,1,static,217,2026-09-09,21:50:58.617,2026-09-09T21:50:58.617,7.239914220999708,1,0.2645964026451111,5.17863999994006,29.2764879995957,2.0,4616.953125,17.0,1514.9375
yolo11m.pt,1,static,218,2026-09-09,21:50:58.653,2026-09-09T21:50:58.653,7.275890842999615,0,0.0,5.048190999787039,32.80042500000491,3.5,4616.953125,17.0,1514.9375
yolo11m.pt,1,static,219,2026-09-09,21:50:58.685,2026-09-09T21:50:58.685,7.307758530999763,0,0.0,5.053120999946259,28.946849000021757,2.0,4616.953125,17.0,1514.9375
yolo11m.pt,1,static,220,2026-09-09,21:50:58.717,2026-09-09T21:50:58.717,7.339888577999773,1,0.2342647910118103,5.2910100002918625,29.50324699986595,3.8,4616.94921875,17.0,1514.9375
yolo11m.pt,1,static,221,2026-09-09,21:50:58.753,2026-09-09T21:50:58.753,7.375942099999975,1,0.27065619826316833,5.19019000012122,32.95403399988572,3.4,4616.94921875,17.0,1514.6875
yolo11m.pt,1,static,222,2026-09-09,21:50:58.785,2026-09-09T21:50:58.785,7.4080725769999844,1,0.20102627575397491,5.131161000008433,29.0834690003976,2.0,4616.94921875,17.0,1514.6875
yolo11m.pt,1,static,223,2026-09-09,21:50:58.817,2026-09-09T21:50:58.817,7.4400777050000215,0,0.0,4.957581000326172,28.631939999741007,3.8,4617.19140625,17.0,1514.6875
yolo11m.pt,1,static,224,2026-09-09,21:50:58.853,2026-09-09T21:50:58.853,7.475857737999831,1,0.1720157116651535,5.211610000060318,33.10236300012548,1.8,4617.19140625,15.0,1514.6875
yolo11m.pt,1,static,225,2026-09-09,21:50:58.885,2026-09-09T21:50:58.885,7.507847044999835,0,0.0,5.006860999856144,28.735929999584187,3.9,4617.19140625,15.0,1514.6875
yolo11m.pt,1,static,226,2026-09-09,21:50:58.917,2026-09-09T21:50:58.917,7.539749512999606,0,0.0,5.0083709998034465,28.92812900017816,3.9,4617.140625,15.0,1514.6875
yolo11m.pt,1,static,227,2026-09-09,21:50:58.954,2026-09-09T21:50:58.954,7.576125633999709,1,0.1803538203239441,5.303688999902079,33.79741100025058,1.7,4617.140625,15.0,1514.6875
yolo11m.pt,1,static,228,2026-09-09,21:50:58.985,2026-09-09T21:50:58.985,7.608050521999758,0,0.0,5.034670999975788,28.4719309997854,3.9,4617.140625,15.0,1514.6875
yolo11m.pt,1,static,229,2026-09-09,21:50:59.017,2026-09-09T21:50:59.017,7.639920188999895,1,0.22645053267478943,5.233599999883154,29.111489000115398,2.0,4617.140625,15.0,1514.6875
yolo11m.pt,1,static,230,2026-09-09,21:50:59.053,2026-09-09T21:50:59.053,7.675766871999713,1,0.301069974899292,5.188390000057552,32.86047400024472,1.8,4617.3671875,15.0,1514.6875
yolo11m.pt,1,static,231,2026-09-09,21:50:59.085,2026-09-09T21:50:59.085,7.707909058999576,1,0.21253511309623718,5.1888299999518495,29.16347800010044,2.0,4617.3671875,15.0,1514.6875
yolo11m.pt,1,static,232,2026-09-09,21:50:59.118,2026-09-09T21:50:59.118,7.739951535999808,1,0.2064848244190216,5.521749000308773,29.415277999760292,3.9,4617.3671875,15.0,1514.875
yolo11m.pt,1,static,233,2026-09-09,21:50:59.153,2026-09-09T21:50:59.153,7.775747208999746,0,0.0,5.104491000111011,32.24908700030937,3.5,4617.3671875,15.0,1514.875
yolo11m.pt,1,static,234,2026-09-09,21:50:59.185,2026-09-09T21:50:59.185,7.807924035999804,1,0.20646105706691742,5.25805000006585,29.442346999985602,2.0,4617.3671875,15.0,1514.875
yolo11m.pt,1,static,235,2026-09-09,21:50:59.221,2026-09-09T21:50:59.221,7.843918658999883,0,0.0,4.941290999795456,32.57318500027395,3.5,4617.3671875,15.0,1514.875
yolo11m.pt,1,static,236,2026-09-09,21:50:59.253,2026-09-09T21:50:59.253,7.875763146999816,0,0.0,5.022401000132959,28.948259000117105,2.0,4617.3671875,15.0,1514.875
yolo11m.pt,1,static,237,2026-09-09,21:50:59.285,2026-09-09T21:50:59.285,7.907945342999938,1,0.2082602083683014,5.1641799996104965,29.42043700022623,2.0,4617.3671875,15.0,1514.875
yolo11m.pt,1,static,238,2026-09-09,21:50:59.321,2026-09-09T21:50:59.321,7.943942224999773,1,0.22623226046562195,5.193891000089934,33.08527300032438,3.4,4617.609375,15.0,1514.875
yolo11m.pt,1,static,239,2026-09-09,21:50:59.353,2026-09-09T21:50:59.353,7.975899752999794,1,0.24187617003917694,5.214699999669392,29.02177899977687,2.0,4617.609375,15.0,1514.875
yolo11m.pt,1,static,240,2026-09-09,21:50:59.385,2026-09-09T21:50:59.385,8.00805537999986,1,0.21871501207351685,5.163830000128655,29.180889000144816,2.0,4617.609375,15.0,1514.875
yolo11m.pt,1,static,241,2026-09-09,21:50:59.421,2026-09-09T21:50:59.421,8.044028171999798,1,0.17794586718082428,5.205819999900996,33.00823400013542,1.8,4617.609375,15.0,1514.875
yolo11m.pt,1,static,242,2026-09-09,21:50:59.453,2026-09-09T21:50:59.453,8.076043859999572,0,0.0,5.008250000173575,28.65494999969087,3.9,4617.609375,15.0,1514.875
yolo11m.pt,1,static,243,2026-09-09,21:50:59.485,2026-09-09T21:50:59.485,8.107888087999982,0,0.0,5.100439999750961,28.924049000124796,2.0,4617.609375,15.0,1514.875
yolo11m.pt,1,static,244,2026-09-09,21:50:59.521,2026-09-09T21:50:59.521,8.143921379999938,1,0.26730990409851074,5.190690000290488,33.18514300008246,1.8,4617.609375,15.0,1514.875
yolo11m.pt,1,static,245,2026-09-09,21:50:59.553,2026-09-09T21:50:59.553,8.175922476999858,0,0.0,4.979701000138448,28.713250000237167,3.9,4617.609375,15.0,1514.875
yolo11m.pt,1,static,246,2026-09-09,21:50:59.585,2026-09-09T21:50:59.585,8.207942243999696,1,0.17645280063152313,5.158331000075123,29.32813699999315,2.0,4617.609375,15.0,1514.875
yolo11m.pt,1,static,247,2026-09-09,21:50:59.621,2026-09-09T21:50:59.621,8.243759336999574,1,0.24867510795593262,5.179751000014221,32.87785400016219,1.8,4617.609375,15.0,1514.875
yolo11m.pt,1,static,248,2026-09-09,21:50:59.653,2026-09-09T21:50:59.653,8.2757564249996,0,0.0,5.033940999965125,28.78987899975982,3.9,4617.609375,15.0,1514.875
yolo11m.pt,1,static,249,2026-09-09,21:50:59.685,2026-09-09T21:50:59.685,8.307782081999903,0,0.0,5.007760999887978,29.001329000038822,2.0,4617.609375,15.0,1514.875
yolo11m.pt,1,static,250,2026-09-09,21:50:59.721,2026-09-09T21:50:59.721,8.34393169399982,0,0.0,5.111829999805195,33.184882999648835,3.4,4617.609375,15.0,1514.875
yolo11m.pt,1,static,251,2026-09-09,21:50:59.753,2026-09-09T21:50:59.753,8.375922060999983,0,0.0,5.089250999844808,28.891850000036357,2.0,4617.609375,15.0,1514.875
yolo11m.pt,1,static,252,2026-09-09,21:50:59.785,2026-09-09T21:50:59.785,8.407929758999671,1,0.1618202030658722,5.235030000221741,29.343327000333375,2.0,4617.609375,15.0,1514.875
yolo11m.pt,1,static,253,2026-09-09,21:50:59.821,2026-09-09T21:50:59.821,8.443919060999633,0,0.0,5.023920999974507,32.68796500015014,1.8,4617.609375,15.0,1514.875
yolo11m.pt,1,static,254,2026-09-09,21:50:59.853,2026-09-09T21:50:59.853,8.475925668999935,1,0.3870869576931,5.187401000057434,29.310726999938197,3.8,4617.8515625,15.0,1514.875
yolo11m.pt,1,static,255,2026-09-09,21:50:59.885,2026-09-09T21:50:59.885,8.507906485999683,1,0.3573300838470459,5.188170000110404,28.96531899978072,2.0,4617.8515625,15.0,1514.875
yolo11m.pt,1,static,256,2026-09-09,21:50:59.921,2026-09-09T21:50:59.921,8.543908957999975,0,0.0,5.056561000401416,32.67107500005295,1.8,4618.09375,15.0,1514.875
yolo11m.pt,1,static,257,2026-09-09,21:50:59.953,2026-09-09T21:50:59.953,8.5757865759997,1,0.2768852412700653,5.20834000008108,29.08225900000616,3.9,4618.09375,15.0,1514.875
yolo11m.pt,1,static,258,2026-09-09,21:50:59.985,2026-09-09T21:50:59.985,8.608067512999696,0,0.0,5.018000999825745,29.06296899982408,2.0,4618.09375,15.0,1514.875
yolo11m.pt,1,static,259,2026-09-09,21:51:00.021,2026-09-09T21:51:00.021,8.644083934999799,1,0.18583476543426514,5.1108099996781675,33.22154299985414,3.4,4618.09375,15.0,1514.875
yolo11m.pt,1,static,260,2026-09-09,21:51:00.053,2026-09-09T21:51:00.053,8.676181391999762,0,0.0,5.080630000065867,28.80642899981467,3.8,4618.09375,15.0,1514.875
yolo11m.pt,1,static,261,2026-09-09,21:51:00.085,2026-09-09T21:51:00.085,8.707955149999634,0,0.0,4.9823409999589785,28.59994100026597,3.9,4618.09375,15.0,1514.875
yolo11m.pt,1,static,262,2026-09-09,21:51:00.121,2026-09-09T21:51:00.121,8.74397952199979,0,0.0,5.0133109998569125,33.05663299988737,1.8,4618.09375,15.0,1514.875
yolo11m.pt,1,static,263,2026-09-09,21:51:00.153,2026-09-09T21:51:00.153,8.775978959999975,1,0.26506540179252625,5.190859999856912,29.274956999870483,2.0,4618.09375,15.0,1514.875
yolo11m.pt,1,static,264,2026-09-09,21:51:00.185,2026-09-09T21:51:00.185,8.807806437999716,1,0.23756954073905945,5.31771000032677,28.791130000172416,2.0,4618.09375,15.0,1514.875
yolo11m.pt,1,static,265,2026-09-09,21:51:00.222,2026-09-09T21:51:00.222,8.844147748999603,0,0.0,5.89954699989903,33.78457000007984,3.4,4618.09375,15.0,1514.875
yolo11m.pt,1,static,266,2026-09-09,21:51:00.253,2026-09-09T21:51:00.253,8.875955206999606,0,0.0,5.160300000170537,28.15545200019187,2.0,4618.09375,15.0,1514.875
yolo11m.pt,1,static,267,2026-09-09,21:51:00.285,2026-09-09T21:51:00.285,8.907916434999606,1,0.16819679737091064,5.251179999959277,29.183518000081676,2.0,4618.09375,15.0,1514.875
yolo11m.pt,1,static,268,2026-09-09,21:51:00.322,2026-09-09T21:51:00.322,8.943927136999719,1,0.20033897459506989,5.7279079996988,33.507221000036225,3.4,4618.09375,16.0,1514.875
yolo11m.pt,1,static,269,2026-09-09,21:51:00.353,2026-09-09T21:51:00.353,8.976045173999864,0,0.0,5.026269999689248,28.273880999677203,3.9,4618.09375,16.0,1514.875
yolo11m.pt,1,static,270,2026-09-09,21:51:00.385,2026-09-09T21:51:00.385,9.007822132000001,0,0.0,5.00343099974998,28.741139999965526,2.0,4618.09375,16.0,1514.875
yolo11m.pt,1,static,271,2026-09-09,21:51:00.421,2026-09-09T21:51:00.421,9.043755563999639,0,0.0,4.996801000288542,32.867693999833136,3.4,4618.09375,16.0,1514.875
yolo11m.pt,1,static,272,2026-09-09,21:51:00.453,2026-09-09T21:51:00.453,9.075821761999578,1,0.19014312326908112,5.380888999752642,29.56206699991526,2.0,4618.09375,16.0,1514.875
yolo11m.pt,1,static,273,2026-09-09,21:51:00.489,2026-09-09T21:51:00.489,9.11194504299965,1,0.17374363541603088,5.264790000182984,32.9542939998646,1.8,4618.09375,16.0,1514.875
yolo11m.pt,1,static,274,2026-09-09,21:51:00.522,2026-09-09T21:51:00.522,9.143888951000008,1,0.18379096686840057,5.764128000009805,29.35426699968957,3.8,4618.33984375,16.0,1514.875
yolo11m.pt,1,static,275,2026-09-09,21:51:00.554,2026-09-09T21:51:00.554,9.176024557999881,1,0.222156822681427,6.180165999921883,29.416407000098843,3.8,4618.06640625,16.0,1514.875
yolo11m.pt,1,static,276,2026-09-09,21:51:00.589,2026-09-09T21:51:00.589,9.212071689999902,1,0.22269748151302338,5.120239999996556,31.930108000324253,1.8,4618.06640625,16.0,1514.875
yolo11m.pt,1,static,277,2026-09-09,21:51:00.621,2026-09-09T21:51:00.621,9.243957237999894,1,0.2304764688014984,5.295190000197181,28.940798999883555,4.0,4617.08203125,16.0,1514.875
yolo11m.pt,1,static,278,2026-09-09,21:51:00.653,2026-09-09T21:51:00.653,9.275867645999824,1,0.21078899502754211,5.240520000370452,28.787960000045132,3.8,4617.32421875,16.0,1514.875
yolo11m.pt,1,static,279,2026-09-09,21:51:00.689,2026-09-09T21:51:00.689,9.312008087999857,1,0.20097850263118744,5.183240999940608,32.99291300027107,1.8,4617.32421875,16.0,1514.875
yolo11m.pt,1,static,280,2026-09-09,21:51:00.721,2026-09-09T21:51:00.721,9.344035364999854,1,0.32857024669647217,5.196129999603727,28.93580899990411,3.9,4617.32421875,16.0,1514.875
yolo11m.pt,1,static,281,2026-09-09,21:51:00.753,2026-09-09T21:51:00.753,9.3758530529999,1,0.19184450805187225,5.309750000378699,28.808108999783144,2.0,4616.96875,16.0,1514.875
yolo11m.pt,1,static,282,2026-09-09,21:51:00.789,2026-09-09T21:51:00.789,9.411870994999845,1,0.1525776982307434,5.159920000096463,32.85126399987348,3.4,4616.96875,16.0,1514.875
yolo11m.pt,1,static,283,2026-09-09,21:51:00.821,2026-09-09T21:51:00.821,9.443847062999794,1,0.22392532229423523,5.167079999864654,28.94322900010593,2.0,4616.96875,15.0,1514.875
yolo11m.pt,1,static,284,2026-09-09,21:51:00.854,2026-09-09T21:51:00.854,9.475888069999655,1,0.1900964081287384,5.467608999879303,29.401547999896138,2.0,4616.96875,15.0,1514.875
yolo11m.pt,1,static,285,2026-09-09,21:51:00.889,2026-09-09T21:51:00.889,9.511973811999724,0,0.0,5.026731000270956,32.55592599998636,3.5,4616.96875,15.0,1514.875
yolo11m.pt,1,static,286,2026-09-09,21:51:00.921,2026-09-09T21:51:00.921,9.543970668999918,1,0.3007931113243103,5.184041000120487,29.322578000119393,2.0,4617.328125,15.0,1514.875
yolo11m.pt,1,static,287,2026-09-09,21:51:00.953,2026-09-09T21:51:00.953,9.575949676999699,0,0.0,4.990270999769564,28.738869999870076,3.9,4617.328125,15.0,1514.875
yolo11m.pt,1,static,288,2026-09-09,21:51:00.989,2026-09-09T21:51:00.989,9.611963568999727,0,0.0,5.062001000169403,33.13670399984403,1.8,4617.328125,15.0,1514.875
yolo11m.pt,1,static,289,2026-09-09,21:51:01.021,2026-09-09T21:51:01.021,9.643928886999674,1,0.2708216905593872,5.252789000223856,29.31018800018137,2.0,4617.328125,15.0,1514.875
yolo11m.pt,1,static,290,2026-09-09,21:51:01.053,2026-09-09T21:51:01.053,9.675928003999616,0,0.0,5.072470999948564,28.77506999993784,2.0,4617.328125,15.0,1514.875
yolo11m.pt,1,static,291,2026-09-09,21:51:01.089,2026-09-09T21:51:01.089,9.711941735999972,1,0.24699069559574127,5.197840000164433,33.29576299984183,5.0,4617.328125,15.0,1514.875
yolo11m.pt,1,static,292,2026-09-09,21:51:01.121,2026-09-09T21:51:01.121,9.744110742999965,0,0.0,4.915941000035673,28.84863999997833,2.0,4617.328125,15.0,1514.875
yolo11m.pt,1,static,293,2026-09-09,21:51:01.153,2026-09-09T21:51:01.153,9.776043950999792,1,0.27407634258270264,5.174030000034691,29.44252699990102,2.0,4617.328125,15.0,1514.875
yolo11m.pt,1,static,294,2026-09-09,21:51:01.189,2026-09-09T21:51:01.189,9.81210386299972,0,0.0,4.928911000206426,32.69118499974866,3.5,4617.328125,15.0,1514.875
yolo11m.pt,1,static,295,2026-09-09,21:51:01.221,2026-09-09T21:51:01.221,9.843855660999907,1,0.17150817811489105,5.229609999787499,29.01441900030477,2.0,4617.328125,15.0,1514.875
yolo11m.pt,1,static,296,2026-09-09,21:51:01.253,2026-09-09T21:51:01.253,9.875987577999695,1,0.2609656751155853,5.219600000145874,29.087557999901037,3.8,4617.328125,15.0,1514.875
yolo11m.pt,1,static,297,2026-09-09,21:51:01.289,2026-09-09T21:51:01.289,9.91200813999967,1,0.2121736705303192,5.207359999985783,32.95628400019268,1.8,4617.5703125,15.0,1514.875
yolo11m.pt,1,static,298,2026-09-09,21:51:01.321,2026-09-09T21:51:01.321,9.944029197999953,0,0.0,5.058530000042083,28.82038999996439,2.0,4617.5703125,16.0,1514.875
yolo11m.pt,1,static,299,2026-09-09,21:51:01.353,2026-09-09T21:51:01.353,9.976024774999587,1,0.18670207262039185,5.224689999977272,29.315778000182036,2.0,4617.32421875,16.0,1514.875
yolo11m.pt,1,static,300,2026-09-09,21:51:01.389,2026-09-09T21:51:01.389,10.01202027699992,0,0.0,4.988490999949136,32.72224500005905,3.5,4617.32421875,16.0,1514.875
yolo11m.pt,2,horizontal_slow,1,2026-09-09,21:51:05.926,2026-09-09T21:51:05.926,0.03189007799983301,0,0.0,5.9981469999002,38.315813000281196,1.9,4615.51953125,3.0,1514.6875
yolo11m.pt,2,horizontal_slow,2,2026-09-09,21:51:05.961,2026-09-09T21:51:05.961,0.0679746900000282,0,0.0,4.9667210000734485,31.86762799987264,1.8,4615.51953125,3.0,1514.6875
yolo11m.pt,2,horizontal_slow,3,2026-09-09,21:51:05.993,2026-09-09T21:51:05.993,0.10000098699993032,0,0.0,4.957010999987688,29.05878899991876,2.0,4615.51953125,3.0,1514.6875
yolo11m.pt,2,horizontal_slow,4,2026-09-09,21:51:06.026,2026-09-09T21:51:06.026,0.1319832949998272,1,0.22657936811447144,5.159480000202166,29.28933799967126,3.8,4615.51953125,3.0,1514.6875
yolo11m.pt,2,horizontal_slow,5,2026-09-09,21:51:06.061,2026-09-09T21:51:06.061,0.1679362269997,0,0.0,4.937410999900749,32.53058499967665,3.4,4615.51953125,3.0,1514.6875
yolo11m.pt,2,horizontal_slow,6,2026-09-09,21:51:06.093,2026-09-09T21:51:06.093,0.199958864999644,1,0.2629941403865814,5.114059999868914,29.17592899984811,2.0,4615.51953125,3.0,1514.6875
yolo11m.pt,2,horizontal_slow,7,2026-09-09,21:51:06.125,2026-09-09T21:51:06.125,0.2319304220000049,1,0.20114196836948395,5.128800999955274,29.043679000096745,3.9,4615.51953125,3.0,1514.6875
yolo11m.pt,2,horizontal_slow,8,2026-09-09,21:51:06.161,2026-09-09T21:51:06.161,0.26796021399968595,1,0.2048492580652237,5.101301000195235,33.01613300027384,1.8,4615.51953125,3.0,1514.6875
yolo11m.pt,2,horizontal_slow,9,2026-09-09,21:51:06.193,2026-09-09T21:51:06.193,0.29993096199996216,1,0.3952901065349579,5.142750000231899,29.0275490001477,3.8,4615.51953125,3.0,1514.6875
yolo11m.pt,2,horizontal_slow,10,2026-09-09,21:51:06.225,2026-09-09T21:51:06.225,0.33197718899964457,0,0.0,4.946111000208475,28.630559999783145,5.8,4615.51953125,3.0,1514.6875
yolo11m.pt,2,horizontal_slow,11,2026-09-09,21:51:06.261,2026-09-09T21:51:06.261,0.36774908200004575,1,0.5590476989746094,5.313970000315749,33.191562999945745,1.8,4615.51953125,3.0,1514.6875
yolo11m.pt,2,horizontal_slow,12,2026-09-09,21:51:06.294,2026-09-09T21:51:06.294,0.39997921899976063,1,0.5716468095779419,5.413678999957483,29.281918000378937,2.0,4615.51953125,3.0,1514.6875
yolo11m.pt,2,horizontal_slow,13,2026-09-09,21:51:06.325,2026-09-09T21:51:06.325,0.43195547699997405,1,0.5493946671485901,5.115660000228672,28.693120000298222,3.9,4615.51953125,16.0,1514.1875
yolo11m.pt,2,horizontal_slow,14,2026-09-09,21:51:06.361,2026-09-09T21:51:06.361,0.46790961899978356,1,0.5154779553413391,5.153569999947649,32.83863500018924,3.4,4615.51953125,16.0,1514.1875
yolo11m.pt,2,horizontal_slow,15,2026-09-09,21:51:06.393,2026-09-09T21:51:06.393,0.4999218259999907,1,0.6592269539833069,5.133210999701987,28.904588999921543,3.9,4615.51953125,16.0,1514.1875
yolo11m.pt,2,horizontal_slow,16,2026-09-09,21:51:06.425,2026-09-09T21:51:06.425,0.531949173999692,1,0.38565412163734436,5.13379000040004,28.84732000029544,2.0,4615.51953125,16.0,1514.1875
yolo11m.pt,2,horizontal_slow,17,2026-09-09,21:51:06.461,2026-09-09T21:51:06.461,0.5679484359998241,1,0.36888357996940613,5.108789999667351,32.939774000169564,3.4,4615.51953125,16.0,1514.1875
yolo11m.pt,2,horizontal_slow,18,2026-09-09,21:51:06.493,2026-09-09T21:51:06.493,0.5998706139998831,1,0.5555703639984131,5.219160000251577,28.85812900012752,2.0,4615.51953125,16.0,1514.1875
yolo11m.pt,2,horizontal_slow,19,2026-09-09,21:51:06.525,2026-09-09T21:51:06.525,0.6319168609998087,1,0.5163489580154419,5.11127999970995,28.861610000149085,2.0,4615.76171875,16.0,1514.1875
yolo11m.pt,2,horizontal_slow,20,2026-09-09,21:51:06.561,2026-09-09T21:51:06.561,0.6677706440000293,0,0.0,5.021541000132856,32.565134999913425,5.2,4615.76171875,16.0,1514.1875
yolo11m.pt,2,horizontal_slow,21,2026-09-09,21:51:06.593,2026-09-09T21:51:06.593,0.6999458309996953,1,0.4481925368309021,5.074960999991163,29.4015770000442,2.0,4614.7734375,16.0,1514.1875
yolo11m.pt,2,horizontal_slow,22,2026-09-09,21:51:06.625,2026-09-09T21:51:06.625,0.731954117999976,1,0.40568968653678894,5.132119999871065,28.96217900024567,5.7,4612.25390625,16.0,1514.1875
yolo11m.pt,2,horizontal_slow,23,2026-09-09,21:51:06.661,2026-09-09T21:51:06.661,0.7679457099998217,1,0.6081664562225342,5.104881000079331,32.9656540002361,1.8,4612.49609375,16.0,1514.1875
yolo11m.pt,2,horizontal_slow,24,2026-09-09,21:51:06.693,2026-09-09T21:51:06.693,0.7999658579997231,1,0.7449773550033569,5.131290999997873,29.006238999954803,2.0,4612.49609375,16.0,1514.1875
yolo11m.pt,2,horizontal_slow,25,2026-09-09,21:51:06.726,2026-09-09T21:51:06.726,0.8319936149996465,1,0.7376931309700012,5.144270000073448,28.98238899979333,5.8,4612.49609375,16.0,1514.1875
yolo11m.pt,2,horizontal_slow,26,2026-09-09,21:51:06.762,2026-09-09T21:51:06.762,0.8679603369996585,1,0.40327489376068115,5.250050000086048,32.97489399983533,1.8,4612.49609375,16.0,1514.1875
yolo11m.pt,2,horizontal_slow,27,2026-09-09,21:51:06.794,2026-09-09T21:51:06.794,0.8999345049996919,1,0.764013946056366,5.161449999832257,29.016029000104027,3.9,4612.73828125,16.0,1514.1875
yolo11m.pt,2,horizontal_slow,28,2026-09-09,21:51:06.829,2026-09-09T21:51:06.829,0.9359349769997607,1,0.7702254056930542,5.085329999928945,32.894494000174745,1.8,4612.73828125,16.0,1514.1875
yolo11m.pt,2,horizontal_slow,29,2026-09-09,21:51:06.861,2026-09-09T21:51:06.861,0.9679383139996389,0,0.0,4.943321000155265,28.803680000237364,2.0,4612.73828125,16.0,1514.1875
yolo11m.pt,2,horizontal_slow,30,2026-09-09,21:51:06.893,2026-09-09T21:51:06.893,0.9998206319996825,0,0.0,5.316230000062205,29.165617999751703,3.8,4612.73828125,16.0,1514.1875
yolo11m.pt,2,horizontal_slow,31,2026-09-09,21:51:06.929,2026-09-09T21:51:06.929,1.0359291939998911,0,0.0,5.000440999992861,32.80066499974055,3.5,4612.73828125,16.0,1514.1875
yolo11m.pt,2,horizontal_slow,32,2026-09-09,21:51:06.961,2026-09-09T21:51:06.961,1.067768741999771,0,0.0,5.078751000382908,28.89770999991015,3.8,4612.73828125,16.0,1514.1875
yolo11m.pt,2,horizontal_slow,33,2026-09-09,21:51:06.993,2026-09-09T21:51:06.993,1.0999166789997616,0,0.0,4.959850999966875,29.15728800007855,2.0,4612.73828125,16.0,1514.1875
yolo11m.pt,2,horizontal_slow,34,2026-09-09,21:51:07.029,2026-09-09T21:51:07.029,1.1359909709999556,1,0.4257682263851166,5.071730000054231,33.31120299981194,1.7,4612.73828125,16.0,1514.1875
yolo11m.pt,2,horizontal_slow,35,2026-09-09,21:51:07.061,2026-09-09T21:51:07.061,1.1679678689997672,0,0.0,4.923450999740453,28.79083899961188,3.9,4612.73828125,16.0,1514.1875
yolo11m.pt,2,horizontal_slow,36,2026-09-09,21:51:07.093,2026-09-09T21:51:07.093,1.2000176960000317,0,0.0,5.005081000035716,29.08671899967885,2.0,4612.73828125,16.0,1514.1875
yolo11m.pt,2,horizontal_slow,37,2026-09-09,21:51:07.129,2026-09-09T21:51:07.129,1.2359483079999336,0,0.0,4.915411000183667,32.94002399979945,3.5,4612.73828125,16.0,1514.1875
yolo11m.pt,2,horizontal_slow,38,2026-09-09,21:51:07.161,2026-09-09T21:51:07.161,1.267926365999756,1,0.5840698480606079,5.189819999941392,29.32168699999238,2.0,4612.73828125,16.0,1514.1875
yolo11m.pt,2,horizontal_slow,39,2026-09-09,21:51:07.193,2026-09-09T21:51:07.193,1.2999721829996815,1,0.2018585354089737,5.09718100011014,28.789879999749246,2.0,4612.73828125,16.0,1514.1875
yolo11m.pt,2,horizontal_slow,40,2026-09-09,21:51:07.229,2026-09-09T21:51:07.229,1.3359505949997583,1,0.6064661145210266,5.125250999753916,32.91099400030362,3.5,4612.73828125,16.0,1514.1875
yolo11m.pt,2,horizontal_slow,41,2026-09-09,21:51:07.261,2026-09-09T21:51:07.261,1.3679279529997075,1,0.7519432306289673,5.158890000075189,29.048687999875256,2.0,4612.73828125,16.0,1514.1875
yolo11m.pt,2,horizontal_slow,42,2026-09-09,21:51:07.293,2026-09-09T21:51:07.293,1.3999850299996979,0,0.0,4.945340999711334,28.654029999870545,3.9,4612.73828125,16.0,1514.1875
yolo11m.pt,2,horizontal_slow,43,2026-09-09,21:51:07.330,2026-09-09T21:51:07.330,1.4359674130000712,1,0.492922306060791,5.9502570002223365,34.0083300002334,5.0,4612.73828125,17.0,1512.875
yolo11m.pt,2,horizontal_slow,44,2026-09-09,21:51:07.361,2026-09-09T21:51:07.361,1.4679879400000573,1,0.7664896249771118,5.1250400001663365,28.171502000077453,2.0,4612.73828125,17.0,1512.875
yolo11m.pt,2,horizontal_slow,45,2026-09-09,21:51:07.393,2026-09-09T21:51:07.393,1.4999360980000347,0,0.0,4.955481000251893,28.668150000157766,3.9,4612.73828125,17.0,1512.875
yolo11m.pt,2,horizontal_slow,46,2026-09-09,21:51:07.430,2026-09-09T21:51:07.430,1.5359254400000282,1,0.7077577114105225,5.290640000112035,33.37730200018996,1.8,4612.73828125,17.0,1512.875
yolo11m.pt,2,horizontal_slow,47,2026-09-09,21:51:07.461,2026-09-09T21:51:07.461,1.5679460669998662,1,0.5875322222709656,5.086900999685895,28.903638999963732,2.0,4612.73828125,17.0,1512.875
yolo11m.pt,2,horizontal_slow,48,2026-09-09,21:51:07.493,2026-09-09T21:51:07.493,1.5997853849999046,1,0.5840126276016235,5.182849999982864,28.843869999946037,3.9,4612.73828125,17.0,1512.875
yolo11m.pt,2,horizontal_slow,49,2026-09-09,21:51:07.530,2026-09-09T21:51:07.530,1.6359205869998732,1,0.6782360076904297,5.794577999949979,33.82680000004257,1.7,4610.375,17.0,1512.875
yolo11m.pt,2,horizontal_slow,50,2026-09-09,21:51:07.561,2026-09-09T21:51:07.561,1.667966313999841,1,0.8571008443832397,5.111271000259876,28.3713409999109,2.0,4609.484375,17.0,1512.875
yolo11m.pt,2,horizontal_slow,51,2026-09-09,21:51:07.593,2026-09-09T21:51:07.593,1.6997766919998867,1,0.4631921350955963,5.1740909998443385,28.922959999817976,4.0,4609.23828125,17.0,1512.875
yolo11m.pt,2,horizontal_slow,52,2026-09-09,21:51:07.629,2026-09-09T21:51:07.629,1.7359344439996676,1,0.44384244084358215,5.108520000248973,32.9494240004351,3.4,4609.23828125,17.0,1512.875
yolo11m.pt,2,horizontal_slow,53,2026-09-09,21:51:07.661,2026-09-09T21:51:07.661,1.767931931000021,1,0.21814711391925812,5.138060999797744,29.104887999892526,3.8,4609.23828125,17.0,1512.875
yolo11m.pt,2,horizontal_slow,54,2026-09-09,21:51:07.693,2026-09-09T21:51:07.693,1.7999267189998136,1,0.3992968499660492,5.087909999929252,28.806340000301134,2.0,4609.23828125,17.0,1512.875
yolo11m.pt,2,horizontal_slow,55,2026-09-09,21:51:07.729,2026-09-09T21:51:07.729,1.8359094909997111,1,0.6586673259735107,5.074810999758483,33.079012999678525,1.8,4609.23828125,17.0,1512.875
yolo11m.pt,2,horizontal_slow,56,2026-09-09,21:51:07.761,2026-09-09T21:51:07.761,1.8679225490000135,1,0.581425666809082,5.1421399998616835,29.05877800003509,3.8,4609.23828125,17.0,1512.875
yolo11m.pt,2,horizontal_slow,57,2026-09-09,21:51:07.793,2026-09-09T21:51:07.793,1.8999300759996913,1,0.46017518639564514,5.095931000141718,29.05130899989672,2.0,4608.9921875,17.0,1512.875
yolo11m.pt,2,horizontal_slow,58,2026-09-09,21:51:07.830,2026-09-09T21:51:07.830,1.936016367999855,1,0.7818335294723511,5.194320000100561,33.17378400015514,1.8,4608.9921875,16.0,1512.875
yolo11m.pt,2,horizontal_slow,59,2026-09-09,21:51:07.861,2026-09-09T21:51:07.861,1.9679048759999205,1,0.45717480778694153,5.060869999852002,28.805049999846233,2.0,4608.9921875,16.0,1512.875
yolo11m.pt,2,horizontal_slow,60,2026-09-09,21:51:07.893,2026-09-09T21:51:07.893,1.99981874399964,1,0.7061905860900879,5.172680999748991,29.024957999808976,3.9,4608.9921875,16.0,1512.875
yolo11m.pt,2,horizontal_slow,61,2026-09-09,21:51:07.929,2026-09-09T21:51:07.929,2.0359531149997565,1,0.5986295938491821,5.115210999974806,33.14488300020457,1.8,4608.984375,16.0,1512.875
yolo11m.pt,2,horizontal_slow,62,2026-09-09,21:51:07.962,2026-09-09T21:51:07.962,2.0679848830000083,1,0.5011677742004395,5.126290000134759,29.034087999662006,3.9,4608.984375,16.0,1512.875
yolo11m.pt,2,horizontal_slow,63,2026-09-09,21:51:07.997,2026-09-09T21:51:07.997,2.1039441949997126,1,0.40949103236198425,5.1434300003165845,33.0295839999053,3.4,4608.984375,16.0,1512.875
yolo11m.pt,2,horizontal_slow,64,2026-09-09,21:51:08.029,2026-09-09T21:51:08.029,2.13601158199981,0,0.0,5.006980999951338,28.747589999966294,2.0,4609.2265625,16.0,1512.875
yolo11m.pt,2,horizontal_slow,65,2026-09-09,21:51:08.061,2026-09-09T21:51:08.061,2.167939749999732,1,0.6501514911651611,5.1434599999993225,29.10436899992419,2.0,4609.2265625,16.0,1512.875
yolo11m.pt,2,horizontal_slow,66,2026-09-09,21:51:08.098,2026-09-09T21:51:08.098,2.2039857119998487,1,0.2516801953315735,5.133490000389429,32.87597400003506,3.4,4608.9765625,16.0,1512.875
yolo11m.pt,2,horizontal_slow,67,2026-09-09,21:51:08.131,2026-09-09T21:51:08.131,2.235931789999995,1,0.22303560376167297,6.29287599986128,30.049404999772378,1.9,4608.9765625,16.0,1512.875
yolo11m.pt,2,horizontal_slow,68,2026-09-09,21:51:08.162,2026-09-09T21:51:08.162,2.2679831369996464,1,0.2758479118347168,5.769427999894106,28.500751000137825,3.9,4608.9765625,16.0,1512.875
yolo11m.pt,2,horizontal_slow,69,2026-09-09,21:51:08.197,2026-09-09T21:51:08.197,2.3039405689996784,1,0.4781825840473175,5.081330999928468,32.178997000301024,1.8,4608.9765625,16.0,1512.875
yolo11m.pt,2,horizontal_slow,70,2026-09-09,21:51:08.230,2026-09-09T21:51:08.230,2.3360116169997127,1,0.5179468989372253,5.222559000230831,29.011859000092954,5.8,4608.9765625,16.0,1512.875
yolo11m.pt,2,horizontal_slow,71,2026-09-09,21:51:08.261,2026-09-09T21:51:08.261,2.367941043999963,1,0.41696053743362427,5.0950810000358615,28.766140000243468,2.0,4608.9765625,16.0,1512.875
yolo11m.pt,2,horizontal_slow,72,2026-09-09,21:51:08.298,2026-09-09T21:51:08.298,2.404017955999734,1,0.39900684356689453,5.213840000124037,33.10267400001976,3.4,4609.21875,16.0,1512.875
yolo11m.pt,2,horizontal_slow,73,2026-09-09,21:51:08.329,2026-09-09T21:51:08.329,2.4359425039997404,1,0.6213086843490601,5.087980000098469,28.74584999972285,2.0,4609.21875,15.0,1512.875
yolo11m.pt,2,horizontal_slow,74,2026-09-09,21:51:08.362,2026-09-09T21:51:08.362,2.467984740999782,1,0.5723894834518433,5.166090000329859,28.996528999869042,3.8,4609.21875,15.0,1512.875
yolo11m.pt,2,horizontal_slow,75,2026-09-09,21:51:08.397,2026-09-09T21:51:08.397,2.5039518730000054,1,0.6416953802108765,5.102281000290532,32.95324300006541,1.8,4609.21875,15.0,1512.875
yolo11m.pt,2,horizontal_slow,76,2026-09-09,21:51:08.430,2026-09-09T21:51:08.430,2.5362335999998322,1,0.624795138835907,5.270650000056776,29.418026999792346,3.9,4610.640625,15.0,1513.625
yolo11m.pt,2,horizontal_slow,77,2026-09-09,21:51:08.462,2026-09-09T21:51:08.462,2.568009167999662,1,0.2646750807762146,5.140560999734589,28.588060999936715,3.9,4610.640625,15.0,1513.625
yolo11m.pt,2,horizontal_slow,78,2026-09-09,21:51:08.497,2026-09-09T21:51:08.497,2.603978060999907,1,0.6228744983673096,5.1097099999424245,32.73948500009283,1.8,4610.640625,15.0,1513.625
yolo11m.pt,2,horizontal_slow,79,2026-09-09,21:51:08.529,2026-09-09T21:51:08.529,2.6357854289999523,1,0.5826167464256287,5.122030000165978,28.7004709998655,3.9,4610.640625,15.0,1513.625
yolo11m.pt,2,horizontal_slow,80,2026-09-09,21:51:08.561,2026-09-09T21:51:08.561,2.667885995999768,0,0.0,5.001890999665193,28.668010999808757,2.0,4610.6875,15.0,1513.625
yolo11m.pt,2,horizontal_slow,81,2026-09-09,21:51:08.598,2026-09-09T21:51:08.598,2.7036965089996556,1,0.3587687015533447,5.549028999666916,33.39696200009712,1.8,4608.5234375,15.0,1513.625
yolo11m.pt,2,horizontal_slow,82,2026-09-09,21:51:08.629,2026-09-09T21:51:08.629,2.7359265649997724,1,0.3276771306991577,5.1221809999333345,28.72722000029171,2.0,4608.5234375,15.0,1513.625
yolo11m.pt,2,horizontal_slow,83,2026-09-09,21:51:08.661,2026-09-09T21:51:08.661,2.7678663229999074,1,0.6067180633544922,5.114660999879561,28.83542000017769,3.8,4608.76953125,15.0,1513.625
yolo11m.pt,2,horizontal_slow,84,2026-09-09,21:51:08.697,2026-09-09T21:51:08.697,2.8038976049997473,1,0.36999350786209106,5.163069999980507,32.86338399993838,3.4,4608.51171875,15.0,1513.625
yolo11m.pt,2,horizontal_slow,85,2026-09-09,21:51:08.730,2026-09-09T21:51:08.730,2.835874622999654,1,0.282196581363678,5.769037999925786,29.536847000144917,2.0,4608.51171875,15.0,1513.625
yolo11m.pt,2,horizontal_slow,86,2026-09-09,21:51:08.761,2026-09-09T21:51:08.761,2.867924559999665,1,0.15574441850185394,5.15921000032904,28.424391000044125,4.0,4608.265625,15.0,1513.625
yolo11m.pt,2,horizontal_slow,87,2026-09-09,21:51:08.797,2026-09-09T21:51:08.797,2.9038630219997685,0,0.0,4.941311000038695,32.88924400021642,1.8,4608.5078125,15.0,1513.625
yolo11m.pt,2,horizontal_slow,88,2026-09-09,21:51:08.829,2026-09-09T21:51:08.829,2.9358883499999138,1,0.2310314029455185,5.192029999761871,29.280926999945223,2.0,4608.5078125,17.0,1513.625
yolo11m.pt,2,horizontal_slow,89,2026-09-09,21:51:08.861,2026-09-09T21:51:08.861,2.9678727669997897,0,0.0,4.973720999714715,28.680830000212154,3.9,4608.5078125,17.0,1513.6875
yolo11m.pt,2,horizontal_slow,90,2026-09-09,21:51:08.897,2026-09-09T21:51:08.897,3.003925798999717,0,0.0,4.982671000107075,32.96477399999276,3.5,4608.75,17.0,1513.6875
yolo11m.pt,2,horizontal_slow,91,2026-09-09,21:51:08.929,2026-09-09T21:51:08.929,3.0358478469997863,1,0.2973872423171997,5.069459999958781,29.16079799979343,2.0,4608.75,17.0,1513.6875
yolo11m.pt,2,horizontal_slow,92,2026-09-09,21:51:08.961,2026-09-09T21:51:08.961,3.0679254739998214,0,0.0,4.994491000161361,28.812850000122125,3.9,4608.75,17.0,1513.6875
yolo11m.pt,2,horizontal_slow,93,2026-09-09,21:51:08.997,2026-09-09T21:51:08.997,3.1038732669999263,0,0.0,4.91012199972829,32.87391399999251,1.8,4608.75,17.0,1513.6875
yolo11m.pt,2,horizontal_slow,94,2026-09-09,21:51:09.029,2026-09-09T21:51:09.029,3.1359088639997026,1,0.7008424401283264,5.13662999992448,29.313657999864517,2.0,4608.75,17.0,1513.6875
yolo11m.pt,2,horizontal_slow,95,2026-09-09,21:51:09.061,2026-09-09T21:51:09.061,3.167883280999831,1,0.5614557266235352,5.108630999984598,29.025448999618675,3.9,4608.75,17.0,1513.6875
yolo11m.pt,2,horizontal_slow,96,2026-09-09,21:51:09.098,2026-09-09T21:51:09.098,3.2039152829997875,1,0.43294069170951843,5.649748999985604,33.51381099992068,3.4,4608.75,17.0,1513.6875
yolo11m.pt,2,horizontal_slow,97,2026-09-09,21:51:09.129,2026-09-09T21:51:09.129,3.2358943909998743,1,0.5580036044120789,5.087251000077231,28.345851999802107,4.0,4608.9921875,17.0,1513.6875
yolo11m.pt,2,horizontal_slow,98,2026-09-09,21:51:09.161,2026-09-09T21:51:09.161,3.267912038999839,1,0.4810253083705902,5.1458899997669505,28.951458999927127,2.0,4608.9921875,17.0,1513.6875
yolo11m.pt,2,horizontal_slow,99,2026-09-09,21:51:09.197,2026-09-09T21:51:09.197,3.3038751809999667,0,0.0,4.914640999686526,32.66991500004224,3.5,4608.9921875,17.0,1513.6875
yolo11m.pt,2,horizontal_slow,100,2026-09-09,21:51:09.229,2026-09-09T21:51:09.229,3.3358853679997083,1,0.5946167707443237,5.184900000131165,29.177537999657943,2.0,4608.9921875,17.0,1513.6875
yolo11m.pt,2,horizontal_slow,101,2026-09-09,21:51:09.261,2026-09-09T21:51:09.261,3.367661296999813,1,0.4839913547039032,5.09019100036312,28.68406000015966,2.0,4608.9921875,17.0,1513.6875
yolo11m.pt,2,horizontal_slow,102,2026-09-09,21:51:09.297,2026-09-09T21:51:09.297,3.403931017999639,0,0.0,5.1083400003335555,33.02540399999998,3.4,4609.234375,17.0,1513.6875
yolo11m.pt,2,horizontal_slow,103,2026-09-09,21:51:09.329,2026-09-09T21:51:09.329,3.435847685999761,1,0.3281044065952301,5.105230000026495,29.044907999832503,2.0,4609.234375,15.0,1513.6875
yolo11m.pt,2,horizontal_slow,104,2026-09-09,21:51:09.363,2026-09-09T21:51:09.363,3.4678907329998765,1,0.6469267010688782,6.412815000203409,30.357503999766777,3.8,4609.234375,15.0,1513.6875
yolo11m.pt,2,horizontal_slow,105,2026-09-09,21:51:09.397,2026-09-09T21:51:09.397,3.50385983499973,1,0.46946513652801514,5.112780000217754,31.730739000067842,1.8,4609.234375,15.0,1513.6875
yolo11m.pt,2,horizontal_slow,106,2026-09-09,21:51:09.429,2026-09-09T21:51:09.429,3.5358866629999284,1,0.6943862438201904,5.139910000252712,28.864868999789906,2.0,4609.234375,15.0,1513.6875
yolo11m.pt,2,horizontal_slow,107,2026-09-09,21:51:09.461,2026-09-09T21:51:09.461,3.56788202000007,0,0.0,4.92642099970908,28.648919999795908,2.0,4609.234375,15.0,1513.6875
yolo11m.pt,2,horizontal_slow,108,2026-09-09,21:51:09.497,2026-09-09T21:51:09.497,3.603921481999805,0,0.0,4.95456099997682,33.03933299957862,3.4,4609.234375,15.0,1513.6875
yolo11m.pt,2,horizontal_slow,109,2026-09-09,21:51:09.529,2026-09-09T21:51:09.529,3.635831209999651,0,0.0,4.890790999979799,28.697790000023815,2.0,4609.234375,15.0,1513.6875
yolo11m.pt,2,horizontal_slow,110,2026-09-09,21:51:09.565,2026-09-09T21:51:09.565,3.6719204219998574,0,0.0,5.012359999909677,33.003553000071406,1.8,4609.4765625,15.0,1513.6875
yolo11m.pt,2,horizontal_slow,111,2026-09-09,21:51:09.597,2026-09-09T21:51:09.597,3.7039017189999868,1,0.4768456220626831,5.130811000071844,29.322887999569502,3.8,4607.921875,15.0,1513.6875
yolo11m.pt,2,horizontal_slow,112,2026-09-09,21:51:09.629,2026-09-09T21:51:09.629,3.7358519869999327,1,0.41216734051704407,5.142590000104974,28.92024999982823,2.0,4607.67578125,15.0,1513.6875
yolo11m.pt,2,horizontal_slow,113,2026-09-09,21:51:09.665,2026-09-09T21:51:09.665,3.7718528289997266,0,0.0,4.906871000002866,32.73954499991305,1.8,4607.91796875,15.0,1513.6875
yolo11m.pt,2,horizontal_slow,114,2026-09-09,21:51:09.697,2026-09-09T21:51:09.697,3.803906965999886,0,0.0,4.995840999981738,29.11737800013725,3.9,4607.91796875,15.0,1513.6875
yolo11m.pt,2,horizontal_slow,115,2026-09-09,21:51:09.729,2026-09-09T21:51:09.729,3.8358779239997602,0,0.0,4.89481100021294,28.943279000031907,3.8,4607.91796875,15.0,1513.6875
yolo11m.pt,2,horizontal_slow,116,2026-09-09,21:51:09.765,2026-09-09T21:51:09.765,3.8718903859999045,0,0.0,5.069841000022279,33.160392999889154,3.4,4607.91796875,15.0,1513.6875
yolo11m.pt,2,horizontal_slow,117,2026-09-09,21:51:09.797,2026-09-09T21:51:09.797,3.90389233399992,0,0.0,4.939130999900954,28.956999000001815,2.0,4607.91796875,15.0,1513.6875
yolo11m.pt,2,horizontal_slow,118,2026-09-09,21:51:09.829,2026-09-09T21:51:09.829,3.9359164610000335,0,0.0,4.926800999783154,28.967558999738685,3.9,4607.91796875,18.0,1513.6875
yolo11m.pt,2,horizontal_slow,119,2026-09-09,21:51:09.865,2026-09-09T21:51:09.865,3.9718631939999796,0,0.0,4.923120999592356,32.885994000025676,1.8,4607.91796875,18.0,1513.6875
yolo11m.pt,2,horizontal_slow,120,2026-09-09,21:51:09.898,2026-09-09T21:51:09.898,4.003919460999896,0,0.0,5.596987999979319,29.53917700006059,3.8,4607.91796875,18.0,1513.6875
yolo11m.pt,2,horizontal_slow,121,2026-09-09,21:51:09.929,2026-09-09T21:51:09.929,4.035922067999763,0,0.0,4.884240999672329,28.18561200001568,4.1,4607.91796875,18.0,1513.6875
yolo11m.pt,2,horizontal_slow,122,2026-09-09,21:51:09.966,2026-09-09T21:51:09.966,4.072013049999896,1,0.34922900795936584,5.177510000066832,33.40990200013039,1.7,4607.91796875,18.0,1513.6875
yolo11m.pt,2,horizontal_slow,123,2026-09-09,21:51:09.997,2026-09-09T21:51:09.997,4.103919837999911,1,0.7836980819702148,5.086870000013732,28.68071000011696,2.0,4607.91796875,18.0,1513.6875
yolo11m.pt,2,horizontal_slow,124,2026-09-09,21:51:10.029,2026-09-09T21:51:10.029,4.135711395999806,1,0.6288594007492065,5.181960000300023,28.74690000044211,2.0,4607.91796875,18.0,1513.6875
yolo11m.pt,2,horizontal_slow,125,2026-09-09,21:51:10.065,2026-09-09T21:51:10.065,4.171793307999906,1,0.6204352378845215,5.144929999914893,32.91659399974378,5.1,4607.91796875,18.0,1513.6875
yolo11m.pt,2,horizontal_slow,126,2026-09-09,21:51:10.098,2026-09-09T21:51:10.098,4.203873124999973,1,0.8472068905830383,5.9932270000899734,29.750356000022293,1.9,4607.91796875,18.0,1513.6875
yolo11m.pt,2,horizontal_slow,127,2026-09-09,21:51:10.129,2026-09-09T21:51:10.129,4.235590343999775,1,0.7059046626091003,5.097879999993893,27.933943000334693,4.0,4607.91796875,18.0,1513.6875
yolo11m.pt,2,horizontal_slow,128,2026-09-09,21:51:10.165,2026-09-09T21:51:10.165,4.271956203999707,1,0.6177043318748474,5.132521000177803,33.2618019997426,1.8,4607.91796875,18.0,1513.6875
yolo11m.pt,2,horizontal_slow,129,2026-09-09,21:51:10.197,2026-09-09T21:51:10.197,4.303898411999853,1,0.4705512821674347,5.086950999611872,28.963558999748784,2.0,4607.91796875,18.0,1513.6875
yolo11m.pt,2,horizontal_slow,130,2026-09-09,21:51:10.229,2026-09-09T21:51:10.229,4.335733109999637,0,0.0,4.999911000140855,28.551581000101578,3.9,4607.91796875,18.0,1513.6875
yolo11m.pt,2,horizontal_slow,131,2026-09-09,21:51:10.265,2026-09-09T21:51:10.265,4.371769282000059,1,0.8136714100837708,5.134430999987671,33.26170299988007,3.4,4607.91796875,18.0,1513.6875
yolo11m.pt,2,horizontal_slow,132,2026-09-09,21:51:10.298,2026-09-09T21:51:10.298,4.403963438999654,1,0.5427610278129578,5.174389999865525,29.11386899995705,2.0,4607.75,18.0,1513.6875
yolo11m.pt,2,horizontal_slow,133,2026-09-09,21:51:10.330,2026-09-09T21:51:10.330,4.435913927000001,1,0.7939665913581848,5.178779999823746,28.86632899981123,3.8,4607.75,16.0,1513.6875
yolo11m.pt,2,horizontal_slow,134,2026-09-09,21:51:10.365,2026-09-09T21:51:10.365,4.471825008999986,1,0.5959689021110535,5.209880000165867,32.85905400025513,1.8,4607.75,16.0,1513.6875
yolo11m.pt,2,horizontal_slow,135,2026-09-09,21:51:10.398,2026-09-09T21:51:10.398,4.50389962600002,1,0.8145105242729187,5.2090210001551895,29.03215900005307,2.0,4607.75,16.0,1513.6875
yolo11m.pt,2,horizontal_slow,136,2026-09-09,21:51:10.429,2026-09-09T21:51:10.429,4.536081252999793,0,0.0,5.03516100025081,28.768879999915953,3.9,4605.66796875,16.0,1512.9375
yolo11m.pt,2,horizontal_slow,137,2026-09-09,21:51:10.466,2026-09-09T21:51:10.466,4.5720104359998,1,0.8628442287445068,5.115189999742142,33.16936300007001,3.4,4605.66796875,16.0,1512.9375
yolo11m.pt,2,horizontal_slow,138,2026-09-09,21:51:10.497,2026-09-09T21:51:10.497,4.60392454399971,1,0.8448953628540039,5.147390000274754,28.831079000156024,2.0,4605.66796875,16.0,1512.9375
yolo11m.pt,2,horizontal_slow,139,2026-09-09,21:51:10.530,2026-09-09T21:51:10.530,4.636135949999698,1,0.16610118746757507,5.171539999992092,29.299928000000364,2.0,4605.66796875,16.0,1512.9375
yolo11m.pt,2,horizontal_slow,140,2026-09-09,21:51:10.565,2026-09-09T21:51:10.565,4.671739743999751,1,0.68880295753479,5.3366289998848515,32.8073650002807,3.5,4603.7734375,16.0,1512.9375
yolo11m.pt,2,horizontal_slow,141,2026-09-09,21:51:10.597,2026-09-09T21:51:10.597,4.703857251000045,1,0.46378976106643677,5.115370000112307,28.965579999749025,2.0,4603.7734375,16.0,1512.9375
yolo11m.pt,2,horizontal_slow,142,2026-09-09,21:51:10.629,2026-09-09T21:51:10.629,4.735712198999863,1,0.4857790768146515,5.2237500003684545,28.910119999636663,2.0,4603.52734375,16.0,1512.9375
yolo11m.pt,2,horizontal_slow,143,2026-09-09,21:51:10.666,2026-09-09T21:51:10.666,4.771970799999963,1,0.3121490180492401,5.168380000213801,33.17719299957389,3.4,4603.52734375,16.0,1512.9375
yolo11m.pt,2,horizontal_slow,144,2026-09-09,21:51:10.698,2026-09-09T21:51:10.698,4.803901807999864,0,0.0,5.8203979997415445,29.474966999714525,3.8,4603.52734375,16.0,1512.9375
yolo11m.pt,2,horizontal_slow,145,2026-09-09,21:51:10.730,2026-09-09T21:51:10.730,4.835935524999968,1,0.7288523316383362,5.533388999992894,28.773618999821338,2.0,4603.76953125,16.0,1512.9375
yolo11m.pt,2,horizontal_slow,146,2026-09-09,21:51:10.766,2026-09-09T21:51:10.766,4.871946788000059,1,0.7580142021179199,5.345459999716695,32.9140640001242,3.5,4603.76953125,16.0,1512.9375
yolo11m.pt,2,horizontal_slow,147,2026-09-09,21:51:10.797,2026-09-09T21:51:10.797,4.903925524999977,1,0.733671247959137,5.106431000058365,28.78448000001299,3.9,4603.76953125,16.0,1512.9375
yolo11m.pt,2,horizontal_slow,148,2026-09-09,21:51:10.833,2026-09-09T21:51:10.833,4.93986183800007,0,0.0,5.0860209998973005,32.760744999905,1.8,4603.76953125,16.0,1512.9375
yolo11m.pt,2,horizontal_slow,149,2026-09-09,21:51:10.865,2026-09-09T21:51:10.865,4.971661565999966,0,0.0,5.525758999738173,29.293158000200492,3.8,4603.76953125,16.0,1512.9375
yolo11m.pt,2,horizontal_slow,150,2026-09-09,21:51:10.897,2026-09-09T21:51:10.897,5.003906791999725,0,0.0,5.025860999921861,28.720289999910165,2.0,4603.76953125,16.0,1512.9375
yolo11m.pt,2,horizontal_slow,151,2026-09-09,21:51:10.933,2026-09-09T21:51:10.933,5.039885773999686,0,0.0,4.931752000175038,32.947453999895515,3.5,4603.76953125,16.0,1512.9375
yolo11m.pt,2,horizontal_slow,152,2026-09-09,21:51:10.965,2026-09-09T21:51:10.965,5.071909551999852,1,0.4944121539592743,5.176090000077238,29.46530700000949,2.0,4603.76953125,16.0,1512.9375
yolo11m.pt,2,horizontal_slow,153,2026-09-09,21:51:10.997,2026-09-09T21:51:10.997,5.10384976999967,1,0.4214755594730377,5.139379999945959,28.933629000221117,2.0,4603.76953125,16.0,1512.9375
yolo11m.pt,2,horizontal_slow,154,2026-09-09,21:51:11.033,2026-09-09T21:51:11.033,5.139913611999873,0,0.0,4.978801000106614,32.63875499987989,3.4,4603.76953125,16.0,1512.9375
yolo11m.pt,2,horizontal_slow,155,2026-09-09,21:51:11.065,2026-09-09T21:51:11.065,5.172010688999762,0,0.0,4.942812000081176,28.97210899982383,2.0,4603.76953125,16.0,1512.9375
yolo11m.pt,2,horizontal_slow,156,2026-09-09,21:51:11.097,2026-09-09T21:51:11.097,5.2040828659996805,0,0.0,5.058729999745992,29.057908000140742,3.8,4603.76953125,16.0,1512.9375
yolo11m.pt,2,horizontal_slow,157,2026-09-09,21:51:11.134,2026-09-09T21:51:11.134,5.239960077999967,1,0.27757182717323303,5.258250000224507,33.23668299981364,1.8,4603.76953125,16.0,1512.9375
yolo11m.pt,2,horizontal_slow,158,2026-09-09,21:51:11.166,2026-09-09T21:51:11.166,5.272036684999875,1,0.500025749206543,5.254100000001927,28.919449000113673,2.0,4603.76953125,16.0,1512.9375
yolo11m.pt,2,horizontal_slow,159,2026-09-09,21:51:11.197,2026-09-09T21:51:11.197,5.303871513999638,0,0.0,4.955880000125035,28.390910999860353,3.9,4603.76953125,16.0,1512.9375
yolo11m.pt,2,horizontal_slow,160,2026-09-09,21:51:11.234,2026-09-09T21:51:11.234,5.339954705999844,1,0.516288697719574,5.170859999907407,33.422282000174164,1.8,4603.76953125,16.0,1512.9375
yolo11m.pt,2,horizontal_slow,161,2026-09-09,21:51:11.266,2026-09-09T21:51:11.266,5.371984922999673,1,0.5014321804046631,5.140419999861479,28.922619999775634,3.8,4603.7578125,16.0,1512.9375
yolo11m.pt,2,horizontal_slow,162,2026-09-09,21:51:11.297,2026-09-09T21:51:11.297,5.403920260999712,1,0.7851917147636414,5.154769999990094,28.819098999974813,2.0,4603.7578125,16.0,1512.9375
yolo11m.pt,2,horizontal_slow,163,2026-09-09,21:51:11.333,2026-09-09T21:51:11.333,5.439678953999646,0,0.0,4.904891000023781,32.46468600036678,3.5,4603.7578125,17.0,1512.9375
yolo11m.pt,2,horizontal_slow,164,2026-09-09,21:51:11.365,2026-09-09T21:51:11.365,5.47171033099994,1,0.6893119812011719,5.307009999796719,29.397057000096538,1.9,4603.7578125,17.0,1512.9375
yolo11m.pt,2,horizontal_slow,165,2026-09-09,21:51:11.397,2026-09-09T21:51:11.397,5.5036620589999075,0,0.0,4.93482199999562,28.644400000302994,2.0,4603.7578125,17.0,1512.9375
yolo11m.pt,2,horizontal_slow,166,2026-09-09,21:51:11.434,2026-09-09T21:51:11.434,5.539996769000027,1,0.5445031523704529,5.263330000161659,33.65483099969424,3.4,4603.7578125,17.0,1512.9375
yolo11m.pt,2,horizontal_slow,167,2026-09-09,21:51:11.466,2026-09-09T21:51:11.466,5.572111496999696,1,0.3077280521392822,5.276338999919972,29.193598000347265,2.0,4603.7578125,17.0,1512.9375
yolo11m.pt,2,horizontal_slow,168,2026-09-09,21:51:11.498,2026-09-09T21:51:11.498,5.603903114999866,1,0.7513888478279114,5.245199999990291,28.746940000019094,2.0,4603.7578125,17.0,1512.9375
yolo11m.pt,2,horizontal_slow,169,2026-09-09,21:51:11.533,2026-09-09T21:51:11.533,5.639903726999819,1,0.7659630179405212,5.117340000197146,32.88379500008887,3.4,4603.7578125,17.0,1512.9375
yolo11m.pt,2,horizontal_slow,170,2026-09-09,21:51:11.566,2026-09-09T21:51:11.566,5.6719380639997325,1,0.6040146350860596,6.10360699965895,30.008255000211648,1.9,4602.4609375,17.0,1512.9375
yolo11m.pt,2,horizontal_slow,171,2026-09-09,21:51:11.597,2026-09-09T21:51:11.597,5.703887591999774,1,0.654171884059906,5.091619999802788,27.984193000065716,2.0,4602.4453125,17.0,1512.9375
yolo11m.pt,2,horizontal_slow,172,2026-09-09,21:51:11.633,2026-09-09T21:51:11.633,5.739871633999883,1,0.6085854768753052,5.1601699997263495,32.856293999884656,3.4,4602.4453125,17.0,1512.9375
yolo11m.pt,2,horizontal_slow,173,2026-09-09,21:51:11.665,2026-09-09T21:51:11.665,5.771876351999708,1,0.695915937423706,5.162089999885211,28.96433900014017,2.0,4602.19921875,17.0,1512.9375
yolo11m.pt,2,horizontal_slow,174,2026-09-09,21:51:11.697,2026-09-09T21:51:11.697,5.803684449999764,1,0.81418776512146,5.290879999847675,28.90863899983742,2.0,4602.19921875,17.0,1512.9375
yolo11m.pt,2,horizontal_slow,175,2026-09-09,21:51:11.733,2026-09-09T21:51:11.733,5.83970028199974,1,0.651125431060791,5.120430000260967,32.93215399980909,1.8,4602.17578125,17.0,1512.9375
yolo11m.pt,2,horizontal_slow,176,2026-09-09,21:51:11.766,2026-09-09T21:51:11.766,5.871936588999688,1,0.42128583788871765,6.039526999757072,30.070704999616282,3.8,4602.17578125,17.0,1512.9375
yolo11m.pt,2,horizontal_slow,177,2026-09-09,21:51:11.798,2026-09-09T21:51:11.798,5.9041249249999055,1,0.7828428149223328,5.129970999860234,28.255931999865425,2.0,4602.17578125,17.0,1512.9375
yolo11m.pt,2,horizontal_slow,178,2026-09-09,21:51:11.833,2026-09-09T21:51:11.833,5.939896567999767,1,0.4683700501918793,5.120821000218712,32.68124500027625,1.8,4602.17578125,16.0,1512.9375
yolo11m.pt,2,horizontal_slow,179,2026-09-09,21:51:11.865,2026-09-09T21:51:11.865,5.9719229659999655,1,0.7771049737930298,5.058490000010352,29.02202900031625,3.8,4602.17578125,16.0,1512.9375
yolo11m.pt,2,horizontal_slow,180,2026-09-09,21:51:11.897,2026-09-09T21:51:11.897,6.0039392129997395,1,0.6774775385856628,5.146869999862247,29.096489000039583,2.0,4602.17578125,16.0,1512.9375
yolo11m.pt,2,horizontal_slow,181,2026-09-09,21:51:11.933,2026-09-09T21:51:11.933,6.0399078559999,1,0.6808462738990784,5.082940000193048,32.8648439999597,3.5,4599.91796875,16.0,1512.9375
yolo11m.pt,2,horizontal_slow,182,2026-09-09,21:51:11.965,2026-09-09T21:51:11.965,6.071947982999973,0,0.0,5.009461000099691,28.698910999992222,2.0,4600.16015625,16.0,1512.9375
yolo11m.pt,2,horizontal_slow,183,2026-09-09,21:51:11.997,2026-09-09T21:51:11.997,6.103908069999761,0,0.0,4.921761999867158,28.923518999818043,2.0,4600.16015625,16.0,1512.9375
yolo11m.pt,2,horizontal_slow,184,2026-09-09,21:51:12.034,2026-09-09T21:51:12.034,6.139937862999886,1,0.41979822516441345,5.258170000161044,33.45565200015699,3.4,4600.40234375,16.0,1512.9375
yolo11m.pt,2,horizontal_slow,185,2026-09-09,21:51:12.065,2026-09-09T21:51:12.065,6.171915930000068,1,0.2988353669643402,5.063340999640786,28.810020000037184,2.0,4600.40234375,16.0,1512.9375
yolo11m.pt,2,horizontal_slow,186,2026-09-09,21:51:12.101,2026-09-09T21:51:12.101,6.20790781200003,0,0.0,5.003140999633615,32.69394499966438,3.4,4600.40234375,16.0,1512.9375
yolo11m.pt,2,horizontal_slow,187,2026-09-09,21:51:12.133,2026-09-09T21:51:12.133,6.239909119999993,1,0.45689675211906433,5.073119999906339,29.262907999964227,2.0,4600.40234375,16.0,1512.9375
yolo11m.pt,2,horizontal_slow,188,2026-09-09,21:51:12.165,2026-09-09T21:51:12.165,6.271940576999896,1,0.2672045826911926,5.114090999995824,29.047488999822235,3.9,4600.40234375,16.0,1512.9375
yolo11m.pt,2,horizontal_slow,189,2026-09-09,21:51:12.201,2026-09-09T21:51:12.201,6.307906269999876,1,0.21021683514118195,5.162810999991052,33.03487399989535,1.8,4600.40234375,16.0,1512.9375
yolo11m.pt,2,horizontal_slow,190,2026-09-09,21:51:12.233,2026-09-09T21:51:12.233,6.339711017999889,1,0.32054704427719116,5.240080000021408,28.816700000334095,3.9,4600.40234375,16.0,1512.9375
yolo11m.pt,2,horizontal_slow,191,2026-09-09,21:51:12.265,2026-09-09T21:51:12.265,6.371887454999978,1,0.32882189750671387,5.15825100001166,29.15363800002524,2.0,4600.40234375,16.0,1512.9375
yolo11m.pt,2,horizontal_slow,192,2026-09-09,21:51:12.301,2026-09-09T21:51:12.301,6.407667227999809,1,0.36673280596733093,5.197490999762522,32.61692500018398,1.8,4600.3984375,16.0,1512.9375
yolo11m.pt,2,horizontal_slow,193,2026-09-09,21:51:12.333,2026-09-09T21:51:12.333,6.439928783999676,1,0.40784507989883423,5.093339999802993,29.155037999771594,2.0,4600.3984375,17.0,1512.9375
yolo11m.pt,2,horizontal_slow,194,2026-09-09,21:51:12.365,2026-09-09T21:51:12.365,6.471936462000031,1,0.401686429977417,5.160889999842766,28.956108999864227,3.8,4600.3984375,17.0,1512.9375
yolo11m.pt,2,horizontal_slow,195,2026-09-09,21:51:12.401,2026-09-09T21:51:12.401,6.507904763999704,1,0.47206833958625793,5.131129999881523,33.010363000357756,1.8,4600.3984375,17.0,1512.9375
yolo11m.pt,2,horizontal_slow,196,2026-09-09,21:51:12.433,2026-09-09T21:51:12.433,6.539949780999905,0,0.0,4.992070999833231,28.769040000042878,2.0,4600.3984375,17.0,1512.9375
yolo11m.pt,2,horizontal_slow,197,2026-09-09,21:51:12.466,2026-09-09T21:51:12.466,6.571724929000084,1,0.4747508466243744,5.431770000086544,29.241388000173174,5.8,4600.3984375,17.0,1512.9375
yolo11m.pt,2,horizontal_slow,198,2026-09-09,21:51:12.502,2026-09-09T21:51:12.502,6.607746431999658,1,0.4590403437614441,5.8606679999684275,33.31499299974894,1.8,4600.3984375,17.0,1512.9375
yolo11m.pt,2,horizontal_slow,199,2026-09-09,21:51:12.533,2026-09-09T21:51:12.533,6.639661088999674,1,0.4119327962398529,5.315520000294782,28.519600999970862,5.9,4601.8203125,17.0,1513.75
yolo11m.pt,2,horizontal_slow,200,2026-09-09,21:51:12.565,2026-09-09T21:51:12.565,6.671936956000081,1,0.31906190514564514,5.165669999769307,29.018788000030327,2.0,4601.8203125,17.0,1513.75
yolo11m.pt,2,horizontal_slow,201,2026-09-09,21:51:12.602,2026-09-09T21:51:12.602,6.707970627999657,1,0.4268037676811218,5.149910000000091,32.9992330002824,3.4,4602.08203125,17.0,1513.75
yolo11m.pt,2,horizontal_slow,202,2026-09-09,21:51:12.633,2026-09-09T21:51:12.633,6.7399346459997105,1,0.2510768175125122,5.163749999610445,28.937148999830242,2.0,4602.08203125,17.0,1513.75
yolo11m.pt,2,horizontal_slow,203,2026-09-09,21:51:12.665,2026-09-09T21:51:12.665,6.771912622999935,1,0.3647928237915039,5.120249999890802,28.96176900003411,2.0,4602.08203125,17.0,1513.75
yolo11m.pt,2,horizontal_slow,204,2026-09-09,21:51:12.701,2026-09-09T21:51:12.701,6.8077469159998145,1,0.28542816638946533,5.285130000174831,32.80679399995279,3.5,4602.08203125,17.0,1513.75
yolo11m.pt,2,horizontal_slow,205,2026-09-09,21:51:12.734,2026-09-09T21:51:12.734,6.840045561999887,1,0.27645108103752136,5.172890000267216,29.27423800019824,2.0,4602.08203125,17.0,1513.75
yolo11m.pt,2,horizontal_slow,206,2026-09-09,21:51:12.765,2026-09-09T21:51:12.765,6.871739300999707,0,0.0,5.025369999657414,28.407780999714305,3.9,4602.08203125,17.0,1513.75
yolo11m.pt,2,horizontal_slow,207,2026-09-09,21:51:12.801,2026-09-09T21:51:12.801,6.907849182000064,1,0.3335689604282379,5.106910999984393,33.38167199990494,3.4,4602.046875,17.0,1513.75
yolo11m.pt,2,horizontal_slow,208,2026-09-09,21:51:12.833,2026-09-09T21:51:12.833,6.93968280099989,1,0.3429206311702728,5.2160389996060985,28.909089000080712,2.0,4602.046875,16.0,1513.75
yolo11m.pt,2,horizontal_slow,209,2026-09-09,21:51:12.865,2026-09-09T21:51:12.865,6.9718568769999365,1,0.2754141688346863,5.116791000091325,29.13347799994881,3.8,4602.046875,16.0,1513.75
yolo11m.pt,2,horizontal_slow,210,2026-09-09,21:51:12.902,2026-09-09T21:51:12.902,7.0079115589996945,1,0.4589586853981018,5.395889999817882,33.19730299972434,1.8,4602.046875,16.0,1513.75
yolo11m.pt,2,horizontal_slow,211,2026-09-09,21:51:12.934,2026-09-09T21:51:12.934,7.039714258000004,0,0.0,5.885617000330967,29.16435899987846,3.9,4602.28125,16.0,1513.75
yolo11m.pt,2,horizontal_slow,212,2026-09-09,21:51:12.965,2026-09-09T21:51:12.965,7.071730104999915,0,0.0,5.006411000067601,28.083042999696772,4.0,4602.28125,16.0,1513.75
yolo11m.pt,2,horizontal_slow,213,2026-09-09,21:51:13.001,2026-09-09T21:51:13.001,7.107700866999949,0,0.0,4.995481000150903,33.02863399994749,1.8,4602.28125,16.0,1513.75
yolo11m.pt,2,horizontal_slow,214,2026-09-09,21:51:13.033,2026-09-09T21:51:13.033,7.139746285000001,1,0.3995727598667145,5.250739000075555,29.345368000122107,3.8,4602.28125,16.0,1513.75
yolo11m.pt,2,horizontal_slow,215,2026-09-09,21:51:13.065,2026-09-09T21:51:13.065,7.171693622000021,1,0.20084330439567566,5.104881000079331,28.74814000006154,2.0,4602.28125,16.0,1513.75
yolo11m.pt,2,horizontal_slow,216,2026-09-09,21:51:13.101,2026-09-09T21:51:13.101,7.207764364000013,0,0.0,5.008270999951492,32.66106500041133,1.8,4602.28125,16.0,1513.75
yolo11m.pt,2,horizontal_slow,217,2026-09-09,21:51:13.133,2026-09-09T21:51:13.133,7.239696992000063,0,0.0,4.909451000003173,28.79204999999274,3.9,4602.28125,16.0,1513.75
yolo11m.pt,2,horizontal_slow,218,2026-09-09,21:51:13.165,2026-09-09T21:51:13.165,7.271652709999671,0,0.0,5.049519999829499,29.052077999949688,2.0,4602.28125,16.0,1513.75
yolo11m.pt,2,horizontal_slow,219,2026-09-09,21:51:13.201,2026-09-09T21:51:13.201,7.307799070999863,0,0.0,4.9305510001431685,33.08415299989065,1.8,4602.28125,16.0,1513.75
yolo11m.pt,2,horizontal_slow,220,2026-09-09,21:51:13.233,2026-09-09T21:51:13.233,7.3398001589998785,0,0.0,5.0433209999027895,28.953648999959114,3.9,4602.28125,16.0,1513.75
yolo11m.pt,2,horizontal_slow,221,2026-09-09,21:51:13.269,2026-09-09T21:51:13.269,7.375992790000055,0,0.0,4.911671000172646,33.118053000180225,1.8,4602.28125,16.0,1513.75
yolo11m.pt,2,horizontal_slow,222,2026-09-09,21:51:13.301,2026-09-09T21:51:13.301,7.40777019899997,1,0.5823875665664673,5.231069999808824,29.079069000090385,2.0,4602.28125,16.0,1513.75
yolo11m.pt,2,horizontal_slow,223,2026-09-09,21:51:13.333,2026-09-09T21:51:13.333,7.439808655999968,1,0.46078625321388245,5.15023999969344,29.014909000125044,2.0,4602.5234375,17.0,1513.75
yolo11m.pt,2,horizontal_slow,224,2026-09-09,21:51:13.369,2026-09-09T21:51:13.369,7.475816847999795,0,0.0,5.048310999882233,32.92179399977613,3.5,4602.5234375,17.0,1513.75
yolo11m.pt,2,horizontal_slow,225,2026-09-09,21:51:13.401,2026-09-09T21:51:13.401,7.507964394999817,1,0.4471745491027832,5.108199999995122,29.358528000102524,2.0,4602.5234375,17.0,1513.75
yolo11m.pt,2,horizontal_slow,226,2026-09-09,21:51:13.433,2026-09-09T21:51:13.433,7.539684032999958,1,0.48055365681648254,5.216969999764842,28.783269999621552,2.0,4602.5234375,17.0,1513.75
yolo11m.pt,2,horizontal_slow,227,2026-09-09,21:51:13.469,2026-09-09T21:51:13.469,7.57570389600005,1,0.49938681721687317,5.115409999689291,32.975782999983494,3.5,4602.5234375,17.0,1513.75
yolo11m.pt,2,horizontal_slow,228,2026-09-09,21:51:13.501,2026-09-09T21:51:13.501,7.607741972999975,1,0.26637348532676697,5.201890000080311,29.018668999924557,3.8,4602.5234375,17.0,1513.75
yolo11m.pt,2,horizontal_slow,229,2026-09-09,21:51:13.533,2026-09-09T21:51:13.533,7.639718100999744,1,0.6020540595054626,5.094130000088626,28.864369000075385,2.0,4602.5234375,17.0,1513.125
yolo11m.pt,2,horizontal_slow,230,2026-09-09,21:51:13.569,2026-09-09T21:51:13.569,7.675736492999931,1,0.4788365960121155,5.200930000228254,32.992763000038394,1.8,4602.22265625,17.0,1513.125
yolo11m.pt,2,horizontal_slow,231,2026-09-09,21:51:13.601,2026-09-09T21:51:13.601,7.7076883499998985,1,0.48184287548065186,5.098971000279562,28.925788999913493,2.0,4601.62890625,17.0,1513.125
yolo11m.pt,2,horizontal_slow,232,2026-09-09,21:51:13.633,2026-09-09T21:51:13.633,7.7398998670000765,0,0.0,4.995041000256606,28.962719999981346,3.9,4601.3828125,17.0,1513.125
yolo11m.pt,2,horizontal_slow,233,2026-09-09,21:51:13.669,2026-09-09T21:51:13.669,7.775711269999647,0,0.0,4.959420999966824,32.957813999928476,1.8,4601.3828125,17.0,1513.125
yolo11m.pt,2,horizontal_slow,234,2026-09-09,21:51:13.701,2026-09-09T21:51:13.701,7.80788642699963,1,0.18931566178798676,5.229469999903813,29.47830699986298,3.8,4601.3828125,17.0,1513.125
yolo11m.pt,2,horizontal_slow,235,2026-09-09,21:51:13.733,2026-09-09T21:51:13.733,7.839822984999955,1,0.5747087597846985,5.117030000292289,28.85014899993621,2.0,4601.3828125,17.0,1513.125
yolo11m.pt,2,horizontal_slow,236,2026-09-09,21:51:13.769,2026-09-09T21:51:13.769,7.875822366999728,1,0.4165903329849243,5.239359999904991,33.065642999645206,1.8,4601.3828125,17.0,1513.125
yolo11m.pt,2,horizontal_slow,237,2026-09-09,21:51:13.802,2026-09-09T21:51:13.802,7.907786643999771,0,0.0,5.44686900002489,29.165248000026622,5.7,4601.3828125,17.0,1513.125
yolo11m.pt,2,horizontal_slow,238,2026-09-09,21:51:13.833,2026-09-09T21:51:13.833,7.93984428199974,0,0.0,5.003680999834614,28.585189999830618,2.0,4601.3828125,17.0,1513.125
yolo11m.pt,2,horizontal_slow,239,2026-09-09,21:51:13.870,2026-09-09T21:51:13.870,7.975779454000076,1,0.5811354517936707,6.2226860000009765,34.326048999901104,3.4,4601.3828125,17.0,1513.125
yolo11m.pt,2,horizontal_slow,240,2026-09-09,21:51:13.901,2026-09-09T21:51:13.901,8.007793531000061,1,0.47961246967315674,5.183930999919539,27.844802999879903,2.0,4601.3828125,17.0,1513.125
yolo11m.pt,2,horizontal_slow,241,2026-09-09,21:51:13.933,2026-09-09T21:51:13.933,8.039982538000004,0,0.0,4.910450999886962,28.796970000257716,3.9,4601.859375,17.0,1513.125
yolo11m.pt,2,horizontal_slow,242,2026-09-09,21:51:13.969,2026-09-09T21:51:13.969,8.075939899999867,0,0.0,5.0271810000595,33.07469299988952,1.8,4601.859375,17.0,1513.125
yolo11m.pt,2,horizontal_slow,243,2026-09-09,21:51:14.001,2026-09-09T21:51:14.001,8.107846207999955,0,0.0,4.8914510002759926,28.8408689998505,3.9,4601.859375,17.0,1513.125
yolo11m.pt,2,horizontal_slow,244,2026-09-09,21:51:14.033,2026-09-09T21:51:14.033,8.139848626000003,0,0.0,5.009960999814211,29.07585899993137,2.0,4601.859375,17.0,1513.125
yolo11m.pt,2,horizontal_slow,245,2026-09-09,21:51:14.069,2026-09-09T21:51:14.069,8.175787528,1,0.38241279125213623,5.089510999823688,33.23226299971793,5.1,4601.859375,17.0,1513.125
yolo11m.pt,2,horizontal_slow,246,2026-09-09,21:51:14.101,2026-09-09T21:51:14.101,8.20785580599977,0,0.0,5.009050999888132,28.820749999795225,2.0,4601.859375,17.0,1513.125
yolo11m.pt,2,horizontal_slow,247,2026-09-09,21:51:14.129,2026-09-09T21:51:14.129,8.235488869999699,0,0.0,4.913800999929663,24.547815999994782,2.3,4601.859375,17.0,1513.125
yolo11m.pt,2,horizontal_slow,248,2026-09-09,21:51:14.169,2026-09-09T21:51:14.169,8.275827404999745,0,0.0,5.035490999944159,37.57002599968473,1.6,4601.859375,17.0,1513.125
yolo11m.pt,2,horizontal_slow,249,2026-09-09,21:51:14.201,2026-09-09T21:51:14.201,8.307738463000078,1,0.5108015537261963,5.063131000042631,29.0006190002714,3.9,4601.859375,17.0,1513.125
yolo11m.pt,2,horizontal_slow,250,2026-09-09,21:51:14.233,2026-09-09T21:51:14.233,8.340033649999896,0,0.0,5.055470000115747,29.09605900003953,2.0,4601.859375,17.0,1513.125
yolo11m.pt,2,horizontal_slow,251,2026-09-09,21:51:14.269,2026-09-09T21:51:14.269,8.37573821299975,0,0.0,4.910371000278246,32.53152599972964,1.8,4601.84765625,17.0,1513.125
yolo11m.pt,2,horizontal_slow,252,2026-09-09,21:51:14.301,2026-09-09T21:51:14.301,8.407842919999894,0,0.0,5.0824999998440035,29.29374800032747,3.8,4601.84765625,17.0,1513.125
yolo11m.pt,2,horizontal_slow,253,2026-09-09,21:51:14.333,2026-09-09T21:51:14.333,8.439745268000024,1,0.49606096744537354,5.070389999673353,29.019798999797786,2.0,4601.84765625,17.0,1513.125
yolo11m.pt,2,horizontal_slow,254,2026-09-09,21:51:14.369,2026-09-09T21:51:14.369,8.475809229999868,0,0.0,5.074651000086305,32.80124399998385,3.5,4601.84765625,17.0,1513.125
yolo11m.pt,2,horizontal_slow,255,2026-09-09,21:51:14.401,2026-09-09T21:51:14.401,8.507970455999839,0,0.0,4.932241000005888,28.931149000072764,2.0,4601.84765625,17.0,1513.125
yolo11m.pt,2,horizontal_slow,256,2026-09-09,21:51:14.433,2026-09-09T21:51:14.433,8.539848594999967,1,0.5652000904083252,5.240210000010848,29.12288900006388,2.0,4602.08984375,17.0,1513.125
yolo11m.pt,2,horizontal_slow,257,2026-09-09,21:51:14.469,2026-09-09T21:51:14.469,8.575811296999746,0,0.0,5.173569999897154,32.77161400001205,1.8,4602.08984375,17.0,1513.125
yolo11m.pt,2,horizontal_slow,258,2026-09-09,21:51:14.501,2026-09-09T21:51:14.501,8.60776133399986,0,0.0,4.940452000028017,28.64636000003884,3.8,4602.08984375,17.0,1513.125
yolo11m.pt,2,horizontal_slow,259,2026-09-09,21:51:14.537,2026-09-09T21:51:14.537,8.643798625999807,0,0.0,4.88801199981026,33.00304300000789,1.8,4598.69921875,17.0,1513.0
yolo11m.pt,2,horizontal_slow,260,2026-09-09,21:51:14.569,2026-09-09T21:51:14.569,8.67582294399972,0,0.0,5.032029999711085,29.088627999954042,3.8,4598.94140625,17.0,1513.0
yolo11m.pt,2,horizontal_slow,261,2026-09-09,21:51:14.601,2026-09-09T21:51:14.601,8.707798770999943,1,0.44251275062561035,5.157299999609677,29.179717999795685,2.0,4598.015625,17.0,1513.0
yolo11m.pt,2,horizontal_slow,262,2026-09-09,21:51:14.637,2026-09-09T21:51:14.637,8.74383772300007,0,0.0,5.020031000185554,32.68175500033976,3.5,4598.015625,17.0,1513.0
yolo11m.pt,2,horizontal_slow,263,2026-09-09,21:51:14.669,2026-09-09T21:51:14.669,8.775843390999853,1,0.6995964646339417,5.097249999835185,29.305287999704888,2.0,4598.015625,17.0,1513.0
yolo11m.pt,2,horizontal_slow,264,2026-09-09,21:51:14.701,2026-09-09T21:51:14.701,8.807803237999906,1,0.7756776809692383,5.27243999977145,29.119699000148103,2.0,4598.015625,17.0,1513.0
yolo11m.pt,2,horizontal_slow,265,2026-09-09,21:51:14.737,2026-09-09T21:51:14.737,8.843802020999647,1,0.7860814332962036,5.194349999783299,33.001704000071186,5.1,4598.015625,17.0,1513.0
yolo11m.pt,2,horizontal_slow,266,2026-09-09,21:51:14.769,2026-09-09T21:51:14.769,8.875778097999955,1,0.7288391590118408,5.312250000315544,28.958669000076043,2.0,4598.015625,17.0,1513.0
yolo11m.pt,2,horizontal_slow,267,2026-09-09,21:51:14.801,2026-09-09T21:51:14.801,8.907796484999835,1,0.7224357724189758,5.186351000247669,28.870419999748265,2.0,4598.015625,17.0,1513.0
yolo11m.pt,2,horizontal_slow,268,2026-09-09,21:51:14.837,2026-09-09T21:51:14.837,8.943761017999805,0,0.0,4.975210999873525,32.56565500032593,1.8,4598.015625,17.0,1513.0
yolo11m.pt,2,horizontal_slow,269,2026-09-09,21:51:14.869,2026-09-09T21:51:14.869,8.975742954999987,0,0.0,4.944640999838157,28.8788289999502,3.8,4598.015625,17.0,1513.0
yolo11m.pt,2,horizontal_slow,270,2026-09-09,21:51:14.901,2026-09-09T21:51:14.901,9.00774013299997,0,0.0,5.040529999860155,29.034378999767796,2.0,4598.015625,17.0,1513.0
yolo11m.pt,2,horizontal_slow,271,2026-09-09,21:51:14.937,2026-09-09T21:51:14.937,9.043862295000054,0,0.0,4.948090000198135,32.91670399994473,3.5,4597.66015625,17.0,1513.0
yolo11m.pt,2,horizontal_slow,272,2026-09-09,21:51:14.969,2026-09-09T21:51:14.969,9.075885341999765,1,0.5134540796279907,5.204279999816208,29.408888000034494,1.9,4597.66015625,17.0,1513.0
yolo11m.pt,2,horizontal_slow,273,2026-09-09,21:51:15.001,2026-09-09T21:51:15.001,9.10785253999984,0,0.0,4.952812000283302,28.695599999991828,2.0,4597.66015625,17.0,1513.0
yolo11m.pt,2,horizontal_slow,274,2026-09-09,21:51:15.037,2026-09-09T21:51:15.037,9.143869221999921,1,0.663625955581665,5.24360000008528,33.40568200019334,3.4,4597.66015625,17.0,1513.0
yolo11m.pt,2,horizontal_slow,275,2026-09-09,21:51:15.069,2026-09-09T21:51:15.069,9.17586517899963,1,0.719220757484436,5.17078999973819,28.92494000025181,3.9,4597.66015625,17.0,1513.0
yolo11m.pt,2,horizontal_slow,276,2026-09-09,21:51:15.101,2026-09-09T21:51:15.101,9.207887216000017,1,0.5715989470481873,5.2405800001906755,28.969119000066712,3.8,4597.66015625,17.0,1513.0
yolo11m.pt,2,horizontal_slow,277,2026-09-09,21:51:15.137,2026-09-09T21:51:15.137,9.243828058999952,1,0.7617701292037964,5.137630000263016,32.90372399987973,1.8,4597.66015625,17.0,1513.0
yolo11m.pt,2,horizontal_slow,278,2026-09-09,21:51:15.170,2026-09-09T21:51:15.170,9.275963986000079,1,0.6227349638938904,5.270438999559701,29.206218000126682,2.0,4597.66015625,17.0,1513.0
yolo11m.pt,2,horizontal_slow,279,2026-09-09,21:51:15.202,2026-09-09T21:51:15.202,9.308006833000036,1,0.6514233350753784,5.149470000105794,28.9935890000379,3.9,4597.66015625,17.0,1513.0
yolo11m.pt,2,horizontal_slow,280,2026-09-09,21:51:15.237,2026-09-09T21:51:15.237,9.343791475999751,1,0.6710706949234009,5.110030000196275,32.6966050001829,1.8,4597.66015625,17.0,1513.0
yolo11m.pt,2,horizontal_slow,281,2026-09-09,21:51:15.269,2026-09-09T21:51:15.269,9.375762743999985,1,0.6031913757324219,5.1254200002404104,28.964739000002737,2.0,4597.66015625,17.0,1513.0
yolo11m.pt,2,horizontal_slow,282,2026-09-09,21:51:15.301,2026-09-09T21:51:15.301,9.407826440999997,1,0.691379725933075,5.2494399997158325,29.132428000139043,3.9,4597.66015625,17.0,1513.0
yolo11m.pt,2,horizontal_slow,283,2026-09-09,21:51:15.337,2026-09-09T21:51:15.337,9.44375625299972,1,0.8701019883155823,5.284300000312214,33.06375300007858,1.8,4597.66015625,18.0,1513.0
yolo11m.pt,2,horizontal_slow,284,2026-09-09,21:51:15.369,2026-09-09T21:51:15.369,9.475883060999877,1,0.7031421065330505,5.251410000255419,29.0854190002392,3.8,4597.65625,18.0,1513.0
yolo11m.pt,2,horizontal_slow,285,2026-09-09,21:51:15.401,2026-09-09T21:51:15.401,9.507856537999942,1,0.6973378658294678,5.1081199999316595,28.815210000175284,2.0,4597.65625,18.0,1513.0
yolo11m.pt,2,horizontal_slow,286,2026-09-09,21:51:15.437,2026-09-09T21:51:15.437,9.543871599999875,1,0.7609267830848694,5.166299999928015,32.89293399984672,1.8,4597.65625,18.0,1513.0
yolo11m.pt,2,horizontal_slow,287,2026-09-09,21:51:15.469,2026-09-09T21:51:15.469,9.575846837999961,1,0.5889614224433899,5.101129999729892,28.829270000187535,3.9,4597.65625,18.0,1513.0
yolo11m.pt,2,horizontal_slow,288,2026-09-09,21:51:15.501,2026-09-09T21:51:15.501,9.607869154999662,1,0.4945027530193329,5.147610000221903,28.996559000006528,3.8,4597.65625,18.0,1513.0
yolo11m.pt,2,horizontal_slow,289,2026-09-09,21:51:15.537,2026-09-09T21:51:15.537,9.643763017999845,1,0.5359042882919312,5.098330000237183,32.83444499993493,1.8,4596.8984375,18.0,1513.0
yolo11m.pt,2,horizontal_slow,290,2026-09-09,21:51:15.569,2026-09-09T21:51:15.569,9.675794544999917,1,0.7531019449234009,5.188770000131626,28.984139000385767,3.9,4596.8984375,18.0,1513.0
yolo11m.pt,2,horizontal_slow,291,2026-09-09,21:51:15.601,2026-09-09T21:51:15.601,9.707788292999794,1,0.7253739833831787,5.16328000003341,28.985038999962853,2.0,4596.73828125,18.0,1513.0
yolo11m.pt,2,horizontal_slow,292,2026-09-09,21:51:15.638,2026-09-09T21:51:15.638,9.743822245000047,1,0.6682758927345276,5.483398999786004,33.37336200002028,3.4,4596.73828125,18.0,1513.0
yolo11m.pt,2,horizontal_slow,293,2026-09-09,21:51:15.669,2026-09-09T21:51:15.669,9.77578591199972,0,0.0,4.919261999930313,28.34620099974927,2.0,4596.73828125,18.0,1513.0
yolo11m.pt,2,horizontal_slow,294,2026-09-09,21:51:15.705,2026-09-09T21:51:15.705,9.81185999399986,0,0.0,5.002420999971946,33.117363000201294,3.4,4596.73828125,18.0,1513.0
yolo11m.pt,2,horizontal_slow,295,2026-09-09,21:51:15.737,2026-09-09T21:51:15.737,9.84386761199994,0,0.0,4.942920999837952,29.072027999973216,2.0,4596.73828125,18.0,1513.0
yolo11m.pt,2,horizontal_slow,296,2026-09-09,21:51:15.769,2026-09-09T21:51:15.769,9.875890539000011,0,0.0,5.008891000215954,29.069659000015236,2.0,4596.73828125,18.0,1513.0
yolo11m.pt,2,horizontal_slow,297,2026-09-09,21:51:15.806,2026-09-09T21:51:15.806,9.911846580999736,0,0.0,5.449480000152107,33.41234199979226,3.4,4596.73828125,18.0,1513.0
yolo11m.pt,2,horizontal_slow,298,2026-09-09,21:51:15.837,2026-09-09T21:51:15.837,9.94388631899983,0,0.0,5.131559999881574,28.552341000249726,2.0,4596.98046875,18.0,1513.0
yolo11m.pt,2,horizontal_slow,299,2026-09-09,21:51:15.869,2026-09-09T21:51:15.869,9.975826556999891,0,0.0,5.078720999790676,28.930429999945773,3.8,4596.98046875,18.0,1513.0
yolo11m.pt,2,horizontal_slow,300,2026-09-09,21:51:15.906,2026-09-09T21:51:15.906,10.011821689000044,0,0.0,5.5535480000799,33.33230199996251,1.8,4596.97265625,18.0,1513.0
yolo11m.pt,3,horizontal_fast,1,2026-09-09,21:51:20.243,2026-09-09T21:51:20.243,0.03201729800002795,0,0.0,6.917394000083732,39.383649000228615,2.0,4598.59375,5.0,1514.8125
yolo11m.pt,3,horizontal_fast,2,2026-09-09,21:51:20.273,2026-09-09T21:51:20.273,0.0639873949999128,0,0.0,5.207579999932932,27.059556000040175,2.1,4598.59375,5.0,1514.8125
yolo11m.pt,3,horizontal_fast,3,2026-09-09,21:51:20.309,2026-09-09T21:51:20.309,0.09998175700002321,0,0.0,5.086861000108911,32.91852500024106,3.5,4598.59375,5.0,1514.8125
yolo11m.pt,3,horizontal_fast,4,2026-09-09,21:51:20.342,2026-09-09T21:51:20.342,0.1320818539998072,1,0.2820124924182892,5.2406199997676595,29.30860800006485,2.0,4598.59375,12.0,1514.8125
yolo11m.pt,3,horizontal_fast,5,2026-09-09,21:51:20.374,2026-09-09T21:51:20.374,0.1640922319998026,1,0.3297191858291626,5.9370670001044346,29.78233599969826,3.8,4598.59375,12.0,1514.8125
yolo11m.pt,3,horizontal_fast,6,2026-09-09,21:51:20.409,2026-09-09T21:51:20.409,0.20010702399986258,0,0.0,5.0287909998587565,31.967907000307605,1.8,4598.59375,12.0,1514.8125
yolo11m.pt,3,horizontal_fast,7,2026-09-09,21:51:20.441,2026-09-09T21:51:20.441,0.23204563199988115,0,0.0,4.981820000011794,28.86922900006539,2.0,4598.59375,12.0,1514.8125
yolo11m.pt,3,horizontal_fast,8,2026-09-09,21:51:20.473,2026-09-09T21:51:20.473,0.2640460590000657,0,0.0,5.084869999791408,28.986619000079372,3.9,4598.59375,12.0,1514.8125
yolo11m.pt,3,horizontal_fast,9,2026-09-09,21:51:20.509,2026-09-09T21:51:20.509,0.3000384209999538,0,0.0,5.055140999957075,33.06717299983575,1.8,4598.8359375,12.0,1514.8125
yolo11m.pt,3,horizontal_fast,10,2026-09-09,21:51:20.541,2026-09-09T21:51:20.541,0.33201231899965933,1,0.5541115999221802,5.318098999850918,29.31658800025616,2.0,4598.8359375,12.0,1513.9375
yolo11m.pt,3,horizontal_fast,11,2026-09-09,21:51:20.573,2026-09-09T21:51:20.573,0.36399883600006433,0,0.0,5.104120999931183,28.729629999816098,3.9,4598.8359375,12.0,1513.9375
yolo11m.pt,3,horizontal_fast,12,2026-09-09,21:51:20.609,2026-09-09T21:51:20.609,0.3999631189999491,1,0.2563842833042145,5.2608600003623,33.092572999976255,1.8,4598.359375,12.0,1513.9375
yolo11m.pt,3,horizontal_fast,13,2026-09-09,21:51:20.641,2026-09-09T21:51:20.641,0.4319143559996519,1,0.509491503238678,5.260559999896941,29.037518000222917,4.0,4598.24609375,12.0,1514.0625
yolo11m.pt,3,horizontal_fast,14,2026-09-09,21:51:20.674,2026-09-09T21:51:20.674,0.4640959529997417,1,0.5124683380126953,5.604768000011973,29.489017000287276,3.8,4598.24609375,12.0,1514.0625
yolo11m.pt,3,horizontal_fast,15,2026-09-09,21:51:20.709,2026-09-09T21:51:20.709,0.500088974999926,1,0.7196776866912842,5.168249999769614,32.592556000054174,3.5,4598.24609375,12.0,1514.0625
yolo11m.pt,3,horizontal_fast,16,2026-09-09,21:51:20.741,2026-09-09T21:51:20.741,0.5321034129997315,1,0.6396834850311279,5.2225500003260095,29.03276899996854,2.0,4598.48828125,12.0,1514.0625
yolo11m.pt,3,horizontal_fast,17,2026-09-09,21:51:20.777,2026-09-09T21:51:20.777,0.5679768859999967,1,0.6516748666763306,5.208790999859048,32.932783999967796,3.5,4598.48828125,12.0,1514.0625
yolo11m.pt,3,horizontal_fast,18,2026-09-09,21:51:20.809,2026-09-09T21:51:20.809,0.6000541729999895,0,0.0,5.055760000232112,28.65105000000767,2.0,4598.484375,12.0,1514.0625
yolo11m.pt,3,horizontal_fast,19,2026-09-09,21:51:20.841,2026-09-09T21:51:20.841,0.6320744499998909,0,0.0,5.087551000087842,29.05873800000336,2.0,4598.484375,17.0,1514.0625
yolo11m.pt,3,horizontal_fast,20,2026-09-09,21:51:20.873,2026-09-09T21:51:20.873,0.6641274369999337,0,0.0,5.1131010000062815,29.080449000048247,3.9,4598.484375,17.0,1514.0625
yolo11m.pt,3,horizontal_fast,21,2026-09-09,21:51:20.910,2026-09-09T21:51:20.910,0.7001504589998149,1,0.41455695033073425,5.538388999866584,33.6193309999544,1.8,4598.484375,17.0,1514.0625
yolo11m.pt,3,horizontal_fast,22,2026-09-09,21:51:20.941,2026-09-09T21:51:20.941,0.7321370969998497,0,0.0,5.044210000050953,28.515320000224165,3.9,4598.484375,17.0,1514.0625
yolo11m.pt,3,horizontal_fast,23,2026-09-09,21:51:20.977,2026-09-09T21:51:20.977,0.7679340199997569,0,0.0,5.010221000247839,32.812103999731335,3.5,4598.23828125,17.0,1514.0625
yolo11m.pt,3,horizontal_fast,24,2026-09-09,21:51:21.009,2026-09-09T21:51:21.009,0.8000650270000733,1,0.39794114232063293,5.183920000035869,29.23238899984426,3.8,4598.23828125,17.0,1514.0625
yolo11m.pt,3,horizontal_fast,25,2026-09-09,21:51:21.041,2026-09-09T21:51:21.041,0.8319609249997484,0,0.0,4.911501000151475,28.47030100019765,2.0,4598.23828125,17.0,1514.0625
yolo11m.pt,3,horizontal_fast,26,2026-09-09,21:51:21.077,2026-09-09T21:51:21.077,0.8679220569997597,0,0.0,5.018051000206469,33.044324000002234,3.4,4598.23828125,17.0,1514.0625
yolo11m.pt,3,horizontal_fast,27,2026-09-09,21:51:21.109,2026-09-09T21:51:21.109,0.8999642439998752,1,0.5188249945640564,5.074731000149768,29.227567999896564,2.0,4598.23828125,17.0,1514.0625
yolo11m.pt,3,horizontal_fast,28,2026-09-09,21:51:21.141,2026-09-09T21:51:21.141,0.9319570819998262,1,0.4799228608608246,5.2390299997568945,28.98312800016356,3.9,4598.23828125,17.0,1514.0625
yolo11m.pt,3,horizontal_fast,29,2026-09-09,21:51:21.177,2026-09-09T21:51:21.177,0.9677855749996525,1,0.7467462420463562,5.084500000066328,32.68314500019187,1.8,4598.23828125,17.0,1514.0625
yolo11m.pt,3,horizontal_fast,30,2026-09-09,21:51:21.209,2026-09-09T21:51:21.209,1.0000281919997178,1,0.6080244183540344,5.2236899996387365,29.31656800001292,3.8,4598.23828125,17.0,1514.0625
yolo11m.pt,3,horizontal_fast,31,2026-09-09,21:51:21.241,2026-09-09T21:51:21.241,1.0319275889996788,1,0.818162739276886,5.09173099999316,28.73174000023937,2.0,4598.23828125,17.0,1514.0625
yolo11m.pt,3,horizontal_fast,32,2026-09-09,21:51:21.277,2026-09-09T21:51:21.277,1.06800296099982,1,0.7603015303611755,5.274130000088917,33.168092999858345,3.4,4598.23828125,17.0,1514.0625
yolo11m.pt,3,horizontal_fast,33,2026-09-09,21:51:21.309,2026-09-09T21:51:21.309,1.0999613290000525,1,0.7258470058441162,5.152960000032181,28.77745900013906,2.0,4598.23828125,17.0,1514.0625
yolo11m.pt,3,horizontal_fast,34,2026-09-09,21:51:21.341,2026-09-09T21:51:21.341,1.1319936559998496,1,0.7183058261871338,5.213079999975889,28.924038999775803,2.0,4598.23828125,19.0,1514.0625
yolo11m.pt,3,horizontal_fast,35,2026-09-09,21:51:21.377,2026-09-09T21:51:21.377,1.1679466380001031,1,0.6234456300735474,5.148420999830705,32.83904399995663,5.1,4598.23828125,19.0,1514.0625
yolo11m.pt,3,horizontal_fast,36,2026-09-09,21:51:21.409,2026-09-09T21:51:21.409,1.1999980659998073,1,0.2470618039369583,5.226899999797752,29.007619000367413,2.0,4598.23828125,19.0,1514.0625
yolo11m.pt,3,horizontal_fast,37,2026-09-09,21:51:21.441,2026-09-09T21:51:21.441,1.2319545729997117,1,0.35709163546562195,5.11332099995343,29.128747999948246,2.0,4598.23828125,19.0,1514.0625
yolo11m.pt,3,horizontal_fast,38,2026-09-09,21:51:21.477,2026-09-09T21:51:21.477,1.267975616000058,1,0.7842793464660645,5.22610000007262,33.06839400011086,1.8,4598.23828125,19.0,1514.0625
yolo11m.pt,3,horizontal_fast,39,2026-09-09,21:51:21.509,2026-09-09T21:51:21.509,1.3000168429998666,1,0.6273077726364136,5.066019999958371,28.803890000290266,3.9,4598.23828125,19.0,1514.0625
yolo11m.pt,3,horizontal_fast,40,2026-09-09,21:51:21.541,2026-09-09T21:51:21.541,1.3320612600000459,1,0.416612833738327,5.16834000018207,29.003109000313998,2.0,4598.23828125,19.0,1513.75
yolo11m.pt,3,horizontal_fast,41,2026-09-09,21:51:21.577,2026-09-09T21:51:21.577,1.367827202999706,1,0.3568309247493744,5.074460999821895,32.5800049999998,1.8,4597.26953125,19.0,1513.75
yolo11m.pt,3,horizontal_fast,42,2026-09-09,21:51:21.609,2026-09-09T21:51:21.609,1.3998519009996926,0,0.0,5.045339999924181,28.70924999979252,3.9,4597.0234375,19.0,1513.75
yolo11m.pt,3,horizontal_fast,43,2026-09-09,21:51:21.641,2026-09-09T21:51:21.641,1.431927887999791,1,0.479454904794693,5.048559999977442,29.078589000164357,2.0,4597.0234375,19.0,1513.75
yolo11m.pt,3,horizontal_fast,44,2026-09-09,21:51:21.677,2026-09-09T21:51:21.677,1.467959549999705,1,0.6136795282363892,5.247949000022345,33.14997300003597,3.4,4597.0234375,19.0,1513.75
yolo11m.pt,3,horizontal_fast,45,2026-09-09,21:51:21.709,2026-09-09T21:51:21.709,1.499904387999777,1,0.7222866415977478,5.041170999902533,28.75452000034784,2.0,4597.0234375,19.0,1513.75
yolo11m.pt,3,horizontal_fast,46,2026-09-09,21:51:21.741,2026-09-09T21:51:21.741,1.532002664999709,1,0.6821865439414978,5.220510000071954,29.29971799994746,3.8,4597.265625,19.0,1513.75
yolo11m.pt,3,horizontal_fast,47,2026-09-09,21:51:21.777,2026-09-09T21:51:21.777,1.5679051269999036,1,0.4177105128765106,5.1548100000218255,32.812273999752506,1.8,4597.01953125,19.0,1513.75
yolo11m.pt,3,horizontal_fast,48,2026-09-09,21:51:21.809,2026-09-09T21:51:21.809,1.5998528949999127,1,0.16985777020454407,5.295009999827016,29.013768999902823,2.0,4597.26171875,19.0,1513.75
yolo11m.pt,3,horizontal_fast,49,2026-09-09,21:51:21.841,2026-09-09T21:51:21.841,1.6318614619999607,1,0.2725759446620941,5.120350999732182,28.9353990001473,3.9,4597.26171875,17.0,1513.75
yolo11m.pt,3,horizontal_fast,50,2026-09-09,21:51:21.877,2026-09-09T21:51:21.877,1.6680430940000406,1,0.617830216884613,5.222419999881822,33.220783000160736,1.7,4597.26171875,17.0,1513.75
yolo11m.pt,3,horizontal_fast,51,2026-09-09,21:51:21.909,2026-09-09T21:51:21.909,1.6999260819998199,1,0.37945160269737244,5.053789999692526,28.652749999764637,5.9,4597.50390625,17.0,1513.75
yolo11m.pt,3,horizontal_fast,52,2026-09-09,21:51:21.942,2026-09-09T21:51:21.942,1.7319880790000752,1,0.3998924195766449,6.17755599978409,30.184255000222038,1.9,4597.50390625,17.0,1513.75
yolo11m.pt,3,horizontal_fast,53,2026-09-09,21:51:21.977,2026-09-09T21:51:21.977,1.7679129509997438,1,0.18707916140556335,5.058460999862291,31.687538999904064,1.8,4597.50390625,17.0,1513.75
yolo11m.pt,3,horizontal_fast,54,2026-09-09,21:51:22.009,2026-09-09T21:51:22.009,1.7999686489997657,1,0.8596792817115784,5.249920000096608,29.145617999802198,3.8,4597.50390625,17.0,1513.75
yolo11m.pt,3,horizontal_fast,55,2026-09-09,21:51:22.041,2026-09-09T21:51:22.041,1.8318513869999151,1,0.34057512879371643,5.036229999859643,28.729109999858338,2.0,4597.50390625,17.0,1513.75
yolo11m.pt,3,horizontal_fast,56,2026-09-09,21:51:22.078,2026-09-09T21:51:22.078,1.8679997379999804,1,0.53538978099823,6.059856999854674,34.17896000019027,3.4,4597.50390625,17.0,1513.75
yolo11m.pt,3,horizontal_fast,57,2026-09-09,21:51:22.109,2026-09-09T21:51:22.109,1.899812376999762,1,0.539441704750061,5.108411000037449,27.947792999839294,2.0,4597.50390625,17.0,1513.75
yolo11m.pt,3,horizontal_fast,58,2026-09-09,21:51:22.142,2026-09-09T21:51:22.142,1.9319931229997565,0,0.0,5.86470799999006,29.839975999948365,3.8,4597.50390625,17.0,1513.75
yolo11m.pt,3,horizontal_fast,59,2026-09-09,21:51:22.177,2026-09-09T21:51:22.177,1.967995365999741,1,0.7618435025215149,5.102900999645499,32.364626999878965,1.8,4597.50390625,17.0,1513.75
yolo11m.pt,3,horizontal_fast,60,2026-09-09,21:51:22.209,2026-09-09T21:51:22.209,2.0000409229996876,1,0.43852847814559937,5.198570000175096,29.15322799981368,3.8,4597.50390625,17.0,1513.75
yolo11m.pt,3,horizontal_fast,61,2026-09-09,21:51:22.241,2026-09-09T21:51:22.241,2.031936590999976,0,0.0,4.8681509997550165,28.43286100005571,2.0,4597.50390625,17.0,1513.75
yolo11m.pt,3,horizontal_fast,62,2026-09-09,21:51:22.277,2026-09-09T21:51:22.277,2.067834302999927,1,0.4047725200653076,5.2041500002815155,33.21891299992785,1.8,4597.50390625,17.0,1513.75
yolo11m.pt,3,horizontal_fast,63,2026-09-09,21:51:22.309,2026-09-09T21:51:22.309,2.0997856310000316,0,0.0,4.88164099988353,28.431030999854556,3.9,4597.50390625,17.0,1513.75
yolo11m.pt,3,horizontal_fast,64,2026-09-09,21:51:22.341,2026-09-09T21:51:22.341,2.1319006779999654,0,0.0,4.98569100000168,29.224268000234588,2.0,4597.50390625,16.0,1513.75
yolo11m.pt,3,horizontal_fast,65,2026-09-09,21:51:22.377,2026-09-09T21:51:22.377,2.1677383010000995,1,0.48676034808158875,5.2017600000908715,33.40347199991811,1.8,4597.50390625,16.0,1513.75
yolo11m.pt,3,horizontal_fast,66,2026-09-09,21:51:22.410,2026-09-09T21:51:22.410,2.2000188869997146,1,0.8576217293739319,5.537648999961675,29.619487000218214,5.7,4597.50390625,16.0,1513.75
yolo11m.pt,3,horizontal_fast,67,2026-09-09,21:51:22.445,2026-09-09T21:51:22.445,2.236138908999692,1,0.6508728265762329,5.079359999854205,32.666264999988925,1.8,4597.50390625,16.0,1513.75
yolo11m.pt,3,horizontal_fast,68,2026-09-09,21:51:22.477,2026-09-09T21:51:22.477,2.267976087000079,1,0.7773934602737427,5.247410000265518,29.001528000208054,3.9,4597.50390625,16.0,1513.75
yolo11m.pt,3,horizontal_fast,69,2026-09-09,21:51:22.509,2026-09-09T21:51:22.509,2.2999045249998744,1,0.48059529066085815,5.249328999980207,28.84012900040034,2.0,4597.50390625,16.0,1513.75
yolo11m.pt,3,horizontal_fast,70,2026-09-09,21:51:22.546,2026-09-09T21:51:22.546,2.3361117559998092,1,0.30021798610687256,5.427919000339898,33.43520199996419,3.4,4594.65625,16.0,1512.875
yolo11m.pt,3,horizontal_fast,71,2026-09-09,21:51:22.577,2026-09-09T21:51:22.577,2.3679193339999074,0,0.0,4.9241310002798855,28.212382000219804,2.0,4594.1484375,16.0,1512.875
yolo11m.pt,3,horizontal_fast,72,2026-09-09,21:51:22.609,2026-09-09T21:51:22.609,2.4001013209999655,0,0.0,5.085560999759764,29.39080800024385,5.7,4594.06640625,16.0,1512.875
yolo11m.pt,3,horizontal_fast,73,2026-09-09,21:51:22.645,2026-09-09T21:51:22.645,2.435984723999809,1,0.16615760326385498,5.080669999642851,33.017263999681745,1.8,4594.06640625,16.0,1512.875
yolo11m.pt,3,horizontal_fast,74,2026-09-09,21:51:22.677,2026-09-09T21:51:22.677,2.4679918309998357,0,0.0,5.086290999770426,28.905740000027436,2.0,4594.06640625,16.0,1512.875
yolo11m.pt,3,horizontal_fast,75,2026-09-09,21:51:22.709,2026-09-09T21:51:22.709,2.4999876389997553,1,0.6662031412124634,5.0808209998649545,29.014888999881805,3.8,4594.06640625,16.0,1512.875
yolo11m.pt,3,horizontal_fast,76,2026-09-09,21:51:22.745,2026-09-09T21:51:22.745,2.5360056509998685,0,0.0,5.241090000254189,33.066593000057765,3.6,4598.00390625,16.0,1513.625
yolo11m.pt,3,horizontal_fast,77,2026-09-09,21:51:22.777,2026-09-09T21:51:22.777,2.567914978999852,0,0.0,4.989489999843499,28.678889999810053,2.0,4598.00390625,16.0,1513.625
yolo11m.pt,3,horizontal_fast,78,2026-09-09,21:51:22.809,2026-09-09T21:51:22.809,2.600113125000007,0,0.0,4.986400999769103,29.17221799998515,3.8,4598.00390625,16.0,1513.625
yolo11m.pt,3,horizontal_fast,79,2026-09-09,21:51:22.845,2026-09-09T21:51:22.845,2.6360823079999136,0,0.0,4.904561999865109,32.967113000268,1.8,4598.00390625,18.0,1513.625
yolo11m.pt,3,horizontal_fast,80,2026-09-09,21:51:22.877,2026-09-09T21:51:22.877,2.6681069050000588,0,0.0,5.026980999900843,29.12993900008587,2.0,4598.00390625,18.0,1513.625
yolo11m.pt,3,horizontal_fast,81,2026-09-09,21:51:22.910,2026-09-09T21:51:22.910,2.700330311000016,1,0.797194242477417,5.7464779997644655,30.123515000013867,3.8,4598.00390625,18.0,1513.625
yolo11m.pt,3,horizontal_fast,82,2026-09-09,21:51:22.945,2026-09-09T21:51:22.945,2.736360674000025,0,0.0,4.997241000182839,32.15903599993908,3.6,4598.00390625,18.0,1513.625
yolo11m.pt,3,horizontal_fast,83,2026-09-09,21:51:22.978,2026-09-09T21:51:22.978,2.768272500999956,1,0.7182098627090454,5.11397099990063,29.17591799996444,3.8,4597.75390625,18.0,1513.625
yolo11m.pt,3,horizontal_fast,84,2026-09-09,21:51:23.009,2026-09-09T21:51:23.009,2.8001057100000253,1,0.4198226034641266,5.176749999918684,28.9244789996701,3.9,4597.75390625,18.0,1513.625
yolo11m.pt,3,horizontal_fast,85,2026-09-09,21:51:23.046,2026-09-09T21:51:23.046,2.836249010999836,1,0.83342444896698,5.183109999961744,33.07497300011164,3.4,4597.75390625,18.0,1513.625
yolo11m.pt,3,horizontal_fast,86,2026-09-09,21:51:23.078,2026-09-09T21:51:23.078,2.8682279289996586,1,0.8147786855697632,5.246989999704965,28.88544899997214,2.0,4597.75390625,18.0,1513.625
yolo11m.pt,3,horizontal_fast,87,2026-09-09,21:51:23.110,2026-09-09T21:51:23.110,2.9000945769998907,1,0.6219432950019836,5.176590000246506,28.886279999824183,3.9,4597.75390625,18.0,1513.625
yolo11m.pt,3,horizontal_fast,88,2026-09-09,21:51:23.146,2026-09-09T21:51:23.146,2.9361302990000695,1,0.44797319173812866,5.794788000002882,33.46543199995722,1.7,4597.75390625,18.0,1513.625
yolo11m.pt,3,horizontal_fast,89,2026-09-09,21:51:23.177,2026-09-09T21:51:23.177,2.9680834860000687,1,0.3781181871891022,5.145610999989003,28.24017200009621,2.0,4597.75390625,18.0,1513.625
yolo11m.pt,3,horizontal_fast,90,2026-09-09,21:51:23.210,2026-09-09T21:51:23.210,3.0002391129996795,1,0.3762942850589752,5.240080000021408,29.116128999703506,3.8,4597.75390625,18.0,1513.625
yolo11m.pt,3,horizontal_fast,91,2026-09-09,21:51:23.245,2026-09-09T21:51:23.245,3.0362501649997284,0,0.0,4.9279910003861005,32.6278149996142,3.5,4597.75390625,18.0,1513.625
yolo11m.pt,3,horizontal_fast,92,2026-09-09,21:51:23.277,2026-09-09T21:51:23.277,3.068126972999835,1,0.3146478831768036,5.148250000274857,29.062178999993193,2.0,4597.99609375,18.0,1513.625
yolo11m.pt,3,horizontal_fast,93,2026-09-09,21:51:23.309,2026-09-09T21:51:23.309,3.1001934010000696,1,0.5295549035072327,5.0616899998203735,28.910500000165484,3.8,4597.99609375,18.0,1513.625
yolo11m.pt,3,horizontal_fast,94,2026-09-09,21:51:23.345,2026-09-09T21:51:23.345,3.136084202999882,1,0.633727490901947,5.178039999918838,33.07139400021697,3.4,4597.99609375,19.0,1513.625
yolo11m.pt,3,horizontal_fast,95,2026-09-09,21:51:23.378,2026-09-09T21:51:23.378,3.1682952399996793,1,0.5663900375366211,5.081559999780438,29.107929000019794,2.0,4597.99609375,19.0,1513.625
yolo11m.pt,3,horizontal_fast,96,2026-09-09,21:51:23.409,2026-09-09T21:51:23.409,3.199956297999961,1,0.2960361838340759,5.192781000005198,28.652949999923294,3.9,4597.99609375,19.0,1513.625
yolo11m.pt,3,horizontal_fast,97,2026-09-09,21:51:23.445,2026-09-09T21:51:23.445,3.236021889999847,1,0.6884192824363708,5.075641000075848,32.91160399976434,1.8,4597.99609375,19.0,1513.625
yolo11m.pt,3,horizontal_fast,98,2026-09-09,21:51:23.477,2026-09-09T21:51:23.477,3.268076517999816,1,0.5371305346488953,5.11770000002798,29.08019799997419,3.9,4597.99609375,19.0,1513.625
yolo11m.pt,3,horizontal_fast,99,2026-09-09,21:51:23.513,2026-09-09T21:51:23.513,3.304009649999898,0,0.0,4.891431000032753,32.62126499976148,1.8,4597.99609375,19.0,1513.625
yolo11m.pt,3,horizontal_fast,100,2026-09-09,21:51:23.545,2026-09-09T21:51:23.545,3.3362163669999063,0,0.0,5.046259999744507,29.147228000056202,3.8,4597.99609375,19.0,1513.625
yolo11m.pt,3,horizontal_fast,101,2026-09-09,21:51:23.577,2026-09-09T21:51:23.577,3.3681020149997494,0,0.0,4.956131000199093,28.727010000238806,2.0,4597.99609375,19.0,1513.625
yolo11m.pt,3,horizontal_fast,102,2026-09-09,21:51:23.614,2026-09-09T21:51:23.614,3.4044872449999275,0,0.0,5.321810000168625,33.6723210002674,3.4,4597.63671875,19.0,1513.625
yolo11m.pt,3,horizontal_fast,103,2026-09-09,21:51:23.645,2026-09-09T21:51:23.645,3.4360994339999706,0,0.0,5.012861000068369,28.348330999961036,2.0,4597.1640625,19.0,1513.625
yolo11m.pt,3,horizontal_fast,104,2026-09-09,21:51:23.678,2026-09-09T21:51:23.678,3.4682082119998086,0,0.0,5.244880000191188,29.266418000133854,2.0,4596.9140625,19.0,1513.625
yolo11m.pt,3,horizontal_fast,105,2026-09-09,21:51:23.713,2026-09-09T21:51:23.713,3.5038868849997016,0,0.0,5.004951000046276,32.49365499959822,3.5,4596.9140625,19.0,1513.625
yolo11m.pt,3,horizontal_fast,106,2026-09-09,21:51:23.745,2026-09-09T21:51:23.745,3.536134500999651,0,0.0,5.235680000168941,29.46575699979803,3.8,4596.9140625,19.0,1513.625
yolo11m.pt,3,horizontal_fast,107,2026-09-09,21:51:23.778,2026-09-09T21:51:23.778,3.568117978999908,1,0.443145215511322,5.189009999867267,29.15299899996171,2.0,4596.9140625,19.0,1513.625
yolo11m.pt,3,horizontal_fast,108,2026-09-09,21:51:23.813,2026-09-09T21:51:23.813,3.604010781999932,1,0.4510835111141205,5.060831000264443,32.779404999928374,3.5,4596.9140625,19.0,1513.625
yolo11m.pt,3,horizontal_fast,109,2026-09-09,21:51:23.845,2026-09-09T21:51:23.845,3.636127407999993,0,0.0,5.251619999853574,29.2998479999369,2.0,4596.9140625,18.0,1513.6875
yolo11m.pt,3,horizontal_fast,110,2026-09-09,21:51:23.877,2026-09-09T21:51:23.877,3.668063095999969,1,0.41026172041893005,5.168940000203293,28.886709000289557,3.9,4596.9140625,18.0,1513.6875
yolo11m.pt,3,horizontal_fast,111,2026-09-09,21:51:23.913,2026-09-09T21:51:23.913,3.703866428999845,1,0.3149975836277008,5.106410999815125,32.71569499975158,3.5,4597.15625,18.0,1513.6875
yolo11m.pt,3,horizontal_fast,112,2026-09-09,21:51:23.945,2026-09-09T21:51:23.945,3.7360635059999368,1,0.5732806921005249,5.238660000031814,29.230678000203625,2.0,4597.15625,18.0,1513.6875
yolo11m.pt,3,horizontal_fast,113,2026-09-09,21:51:23.977,2026-09-09T21:51:23.977,3.7679372239999793,1,0.4660658836364746,5.160700000033103,28.905800000302406,2.0,4597.15625,18.0,1513.6875
yolo11m.pt,3,horizontal_fast,114,2026-09-09,21:51:24.013,2026-09-09T21:51:24.013,3.804038985999796,0,0.0,5.126059999838617,32.928974000242306,1.8,4597.15625,18.0,1513.6875
yolo11m.pt,3,horizontal_fast,115,2026-09-09,21:51:24.045,2026-09-09T21:51:24.045,3.8360434129999703,1,0.5419898629188538,5.146190999766986,29.1370090003511,3.8,4597.15625,18.0,1513.6875
yolo11m.pt,3,horizontal_fast,116,2026-09-09,21:51:24.077,2026-09-09T21:51:24.077,3.8679196210000555,1,0.19440187513828278,5.26289999970686,28.878899999654095,2.0,4597.15625,18.0,1513.6875
yolo11m.pt,3,horizontal_fast,117,2026-09-09,21:51:24.114,2026-09-09T21:51:24.114,3.9039008039999317,1,0.15779046714305878,5.4152999996404105,33.253693000006024,1.8,4596.91015625,18.0,1513.6875
yolo11m.pt,3,horizontal_fast,118,2026-09-09,21:51:24.145,2026-09-09T21:51:24.145,3.936002090999864,1,0.18298646807670593,5.2184400001351605,28.920749000008072,3.8,4596.91015625,18.0,1513.6875
yolo11m.pt,3,horizontal_fast,119,2026-09-09,21:51:24.177,2026-09-09T21:51:24.177,3.9677601189996494,1,0.38030487298965454,5.1020700002482045,28.726370000185852,2.0,4596.91015625,18.0,1513.6875
yolo11m.pt,3,horizontal_fast,120,2026-09-09,21:51:24.213,2026-09-09T21:51:24.213,4.004101139999875,1,0.6143607497215271,5.164669999885518,33.3644029997231,5.1,4596.91015625,18.0,1513.6875
yolo11m.pt,3,horizontal_fast,121,2026-09-09,21:51:24.245,2026-09-09T21:51:24.245,4.036059638000097,1,0.577986478805542,5.090409999866097,28.832670000156213,2.0,4597.15234375,18.0,1513.6875
yolo11m.pt,3,horizontal_fast,122,2026-09-09,21:51:24.277,2026-09-09T21:51:24.277,4.06811588499977,1,0.36189645528793335,5.149009999968257,28.98627900003703,3.8,4597.15234375,18.0,1513.6875
yolo11m.pt,3,horizontal_fast,123,2026-09-09,21:51:24.313,2026-09-09T21:51:24.313,4.104100337000091,0,0.0,4.958211000030133,32.67821500003265,1.8,4597.15234375,18.0,1513.6875
yolo11m.pt,3,horizontal_fast,124,2026-09-09,21:51:24.345,2026-09-09T21:51:24.345,4.136135523999656,0,0.0,4.990081000414648,29.023568999946292,5.8,4597.15234375,18.0,1513.6875
yolo11m.pt,3,horizontal_fast,125,2026-09-09,21:51:24.377,2026-09-09T21:51:24.377,4.168114151999816,1,0.4420691132545471,5.108420000397018,29.184448000250995,2.0,4597.15234375,18.0,1513.6875
yolo11m.pt,3,horizontal_fast,126,2026-09-09,21:51:24.413,2026-09-09T21:51:24.413,4.204111623999779,1,0.3771030604839325,5.1344099997550074,32.91118400011328,3.4,4597.15234375,18.0,1513.6875
yolo11m.pt,3,horizontal_fast,127,2026-09-09,21:51:24.445,2026-09-09T21:51:24.445,4.236044171999765,1,0.791512131690979,5.11555999992197,28.899389999878622,2.0,4597.15234375,18.0,1513.6875
yolo11m.pt,3,horizontal_fast,128,2026-09-09,21:51:24.477,2026-09-09T21:51:24.477,4.268044109999664,1,0.42554786801338196,5.1895510000576905,29.04617900003359,2.0,4597.15234375,18.0,1513.6875
yolo11m.pt,3,horizontal_fast,129,2026-09-09,21:51:24.513,2026-09-09T21:51:24.513,4.303889211999831,1,0.6181373000144958,5.101840999941487,32.86165400004393,3.4,4597.15234375,18.0,1513.6875
yolo11m.pt,3,horizontal_fast,130,2026-09-09,21:51:24.546,2026-09-09T21:51:24.546,4.3360296189998735,1,0.5010206699371338,5.5516890001854335,29.51710599973012,2.0,4597.15234375,18.0,1513.6875
yolo11m.pt,3,horizontal_fast,131,2026-09-09,21:51:24.577,2026-09-09T21:51:24.577,4.368038326999795,1,0.4332579970359802,5.095910999898479,28.67854999976771,3.9,4596.12890625,18.0,1513.6875
yolo11m.pt,3,horizontal_fast,132,2026-09-09,21:51:24.613,2026-09-09T21:51:24.613,4.404005148999659,0,0.0,5.023081000217644,32.679375000043365,1.8,4596.12890625,18.0,1513.6875
yolo11m.pt,3,horizontal_fast,133,2026-09-09,21:51:24.645,2026-09-09T21:51:24.645,4.435990066999693,1,0.7345801591873169,5.123220999848854,29.255207999995037,5.7,4596.12890625,18.0,1513.6875
yolo11m.pt,3,horizontal_fast,134,2026-09-09,21:51:24.681,2026-09-09T21:51:24.681,4.472119907999968,1,0.7853391766548157,5.178330000035203,33.04522400003407,1.8,4596.12890625,18.0,1513.6875
yolo11m.pt,3,horizontal_fast,135,2026-09-09,21:51:24.713,2026-09-09T21:51:24.713,4.5040636459998495,1,0.7979543805122375,5.096169999887934,28.841059999649588,2.0,4596.12890625,18.0,1513.6875
yolo11m.pt,3,horizontal_fast,136,2026-09-09,21:51:24.746,2026-09-09T21:51:24.746,4.536129603000063,1,0.551141083240509,5.218129999775556,29.055157999664516,3.8,4596.12890625,18.0,1513.6875
yolo11m.pt,3,horizontal_fast,137,2026-09-09,21:51:24.781,2026-09-09T21:51:24.781,4.572070044999691,1,0.7601513266563416,5.114910999964195,32.83292400010396,1.8,4596.12890625,18.0,1513.6875
yolo11m.pt,3,horizontal_fast,138,2026-09-09,21:51:24.813,2026-09-09T21:51:24.813,4.6041210230000615,1,0.6956460475921631,5.181360000278801,29.015938000156893,3.8,4596.37109375,18.0,1513.6875
yolo11m.pt,3,horizontal_fast,139,2026-09-09,21:51:24.846,2026-09-09T21:51:24.846,4.636123869999665,1,0.5842294692993164,5.909598000016558,29.808245999902283,2.0,4596.37109375,19.0,1513.6875
yolo11m.pt,3,horizontal_fast,140,2026-09-09,21:51:24.882,2026-09-09T21:51:24.882,4.672152661999917,1,0.2861228883266449,5.196019999857526,32.32244599985279,1.8,4596.37109375,19.0,1513.6875
yolo11m.pt,3,horizontal_fast,141,2026-09-09,21:51:24.913,2026-09-09T21:51:24.913,4.703968740999699,1,0.23390504717826843,5.107349999889266,28.764029999820195,4.0,4596.61328125,19.0,1513.6875
yolo11m.pt,3,horizontal_fast,142,2026-09-09,21:51:24.945,2026-09-09T21:51:24.945,4.7361428369999885,0,0.0,5.019580999942264,28.897748999952455,2.0,4596.61328125,19.0,1513.6875
yolo11m.pt,3,horizontal_fast,143,2026-09-09,21:51:24.981,2026-09-09T21:51:24.981,4.772114540000075,0,0.0,4.94556100011323,32.874984000045515,3.5,4596.61328125,19.0,1513.6875
yolo11m.pt,3,horizontal_fast,144,2026-09-09,21:51:25.014,2026-09-09T21:51:25.014,4.804043956999976,1,0.16341517865657806,5.423318999874027,29.406997000023694,1.9,4596.61328125,19.0,1513.6875
yolo11m.pt,3,horizontal_fast,145,2026-09-09,21:51:25.045,2026-09-09T21:51:25.045,4.835992174999774,0,0.0,4.954501000156597,28.36581200017463,5.9,4596.61328125,19.0,1513.6875
yolo11m.pt,3,horizontal_fast,146,2026-09-09,21:51:25.081,2026-09-09T21:51:25.081,4.8720952869998655,1,0.30385786294937134,5.231950000052166,33.33542200016382,1.7,4596.61328125,19.0,1513.6875
yolo11m.pt,3,horizontal_fast,147,2026-09-09,21:51:25.114,2026-09-09T21:51:25.114,4.904161873999783,1,0.22592106461524963,5.1434799997878144,28.9101989997107,3.9,4596.61328125,19.0,1513.6875
yolo11m.pt,3,horizontal_fast,148,2026-09-09,21:51:25.146,2026-09-09T21:51:25.146,4.936139162000018,1,0.26958146691322327,5.209631000070658,28.915288999996847,2.0,4596.61328125,19.0,1513.6875
yolo11m.pt,3,horizontal_fast,149,2026-09-09,21:51:25.181,2026-09-09T21:51:25.181,4.972096883999711,0,0.0,4.972741000074166,32.5680559999455,1.8,4596.61328125,19.0,1513.6875
yolo11m.pt,3,horizontal_fast,150,2026-09-09,21:51:25.213,2026-09-09T21:51:25.213,5.004245691000051,0,0.0,5.059459999756655,29.077477999635448,3.8,4596.61328125,19.0,1513.6875
yolo11m.pt,3,horizontal_fast,151,2026-09-09,21:51:25.245,2026-09-09T21:51:25.245,5.036253117999877,0,0.0,4.93435100042916,28.802729999824805,2.0,4596.61328125,19.0,1513.6875
yolo11m.pt,3,horizontal_fast,152,2026-09-09,21:51:25.281,2026-09-09T21:51:25.281,5.072133770999699,0,0.0,5.079289999684988,32.85570400021243,1.8,4596.61328125,19.0,1513.6875
yolo11m.pt,3,horizontal_fast,153,2026-09-09,21:51:25.313,2026-09-09T21:51:25.313,5.104061548999653,0,0.0,5.00734100023692,28.77016000002186,4.0,4596.85546875,19.0,1513.6875
yolo11m.pt,3,horizontal_fast,154,2026-09-09,21:51:25.345,2026-09-09T21:51:25.345,5.136101795999821,0,0.0,5.018429999836371,28.908079000302678,2.0,4596.85546875,17.0,1513.6875
yolo11m.pt,3,horizontal_fast,155,2026-09-09,21:51:25.377,2026-09-09T21:51:25.377,5.167728715000067,0,0.0,4.992691000097693,28.62487999982477,2.0,4596.85546875,17.0,1513.6875
yolo11m.pt,3,horizontal_fast,156,2026-09-09,21:51:25.413,2026-09-09T21:51:25.413,5.204042315999686,0,0.0,5.068010000286449,33.51582100003725,3.4,4596.85546875,17.0,1513.6875
yolo11m.pt,3,horizontal_fast,157,2026-09-09,21:51:25.445,2026-09-09T21:51:25.445,5.236144402999798,1,0.44307392835617065,5.104999999730353,29.24563800024771,2.0,4596.85546875,17.0,1513.6875
yolo11m.pt,3,horizontal_fast,158,2026-09-09,21:51:25.481,2026-09-09T21:51:25.481,5.272125165000034,0,0.0,5.0275610001335735,32.74490500007232,1.8,4596.85546875,17.0,1513.6875
yolo11m.pt,3,horizontal_fast,159,2026-09-09,21:51:25.513,2026-09-09T21:51:25.513,5.304096131999813,1,0.20476584136486053,5.106660999899759,29.156018999856315,3.9,4596.85546875,17.0,1513.6875
yolo11m.pt,3,horizontal_fast,160,2026-09-09,21:51:25.546,2026-09-09T21:51:25.546,5.336057869999877,1,0.3461984097957611,5.248630000096455,29.196178000347572,2.0,4596.85546875,17.0,1513.6875
yolo11m.pt,3,horizontal_fast,161,2026-09-09,21:51:25.582,2026-09-09T21:51:25.582,5.372186951999993,1,0.7410539388656616,5.166930000086722,32.97748299974046,5.2,4594.6328125,17.0,1513.6875
yolo11m.pt,3,horizontal_fast,162,2026-09-09,21:51:25.613,2026-09-09T21:51:25.613,5.403918359999807,0,0.0,5.131961000188312,28.583061000063026,2.0,4594.6328125,17.0,1513.6875
yolo11m.pt,3,horizontal_fast,163,2026-09-09,21:51:25.645,2026-09-09T21:51:25.645,5.436132986999837,0,0.0,4.994920999706665,29.158488999655674,2.0,4594.6328125,17.0,1513.6875
yolo11m.pt,3,horizontal_fast,164,2026-09-09,21:51:25.681,2026-09-09T21:51:25.681,5.472157668999898,0,0.0,4.9902109999493405,32.916583999849536,3.4,4594.6328125,17.0,1513.6875
yolo11m.pt,3,horizontal_fast,165,2026-09-09,21:51:25.713,2026-09-09T21:51:25.713,5.5039775870000085,0,0.0,4.913021999982448,28.75742900005207,2.0,4594.6328125,17.0,1513.6875
yolo11m.pt,3,horizontal_fast,166,2026-09-09,21:51:25.745,2026-09-09T21:51:25.745,5.5361019940000915,0,0.0,5.046721000326215,29.249107999930857,3.9,4591.43359375,17.0,1512.9375
yolo11m.pt,3,horizontal_fast,167,2026-09-09,21:51:25.781,2026-09-09T21:51:25.781,5.571991107000031,1,0.4720920920372009,5.13866000028429,33.177913000145054,1.8,4591.43359375,17.0,1512.9375
yolo11m.pt,3,horizontal_fast,168,2026-09-09,21:51:25.813,2026-09-09T21:51:25.813,5.604000795000047,0,0.0,5.031429999689863,28.801869999824703,3.9,4591.43359375,17.0,1512.9375
yolo11m.pt,3,horizontal_fast,169,2026-09-09,21:51:25.845,2026-09-09T21:51:25.845,5.6359363019996636,0,0.0,4.9149310002576385,28.8989489999949,2.0,4591.43359375,19.0,1512.9375
yolo11m.pt,3,horizontal_fast,170,2026-09-09,21:51:25.881,2026-09-09T21:51:25.881,5.672155713999928,0,0.0,5.023069999879226,33.32016200010912,3.4,4591.43359375,19.0,1512.9375
yolo11m.pt,3,horizontal_fast,171,2026-09-09,21:51:25.913,2026-09-09T21:51:25.913,5.7039933319997544,0,0.0,4.9472609998701955,28.832528999828355,4.0,4591.43359375,19.0,1512.9375
yolo11m.pt,3,horizontal_fast,172,2026-09-09,21:51:25.945,2026-09-09T21:51:25.945,5.736158857999726,0,0.0,4.993421000108356,29.224987999896257,2.0,4591.43359375,19.0,1512.9375
yolo11m.pt,3,horizontal_fast,173,2026-09-09,21:51:25.981,2026-09-09T21:51:25.981,5.772029441000086,1,0.8434169292449951,5.14058999988265,33.177152999996906,3.4,4591.43359375,19.0,1512.9375
yolo11m.pt,3,horizontal_fast,174,2026-09-09,21:51:26.014,2026-09-09T21:51:26.014,5.804085508999833,1,0.516224205493927,5.550798000058421,29.45148699973288,2.0,4591.43359375,19.0,1512.9375
yolo11m.pt,3,horizontal_fast,175,2026-09-09,21:51:26.045,2026-09-09T21:51:26.045,5.836005526000008,1,0.3738400936126709,5.18117000001439,28.648931000134326,3.9,4591.43359375,19.0,1512.9375
yolo11m.pt,3,horizontal_fast,176,2026-09-09,21:51:26.082,2026-09-09T21:51:26.082,5.872154407999915,1,0.4680245518684387,5.670317999829422,33.66292200007592,3.4,4591.43359375,19.0,1512.9375
yolo11m.pt,3,horizontal_fast,177,2026-09-09,21:51:26.114,2026-09-09T21:51:26.114,5.904164094999942,1,0.48168522119522095,5.16414099956819,28.550060999805282,2.0,4591.43359375,19.0,1512.9375
yolo11m.pt,3,horizontal_fast,178,2026-09-09,21:51:26.149,2026-09-09T21:51:26.149,5.940100748000077,1,0.7005588412284851,5.1251800000500225,32.89967399996385,3.4,4591.43359375,19.0,1512.9375
yolo11m.pt,3,horizontal_fast,179,2026-09-09,21:51:26.181,2026-09-09T21:51:26.181,5.972077394999815,1,0.4707511365413666,5.115841000133514,29.01335900014601,2.0,4591.43359375,19.0,1512.9375
yolo11m.pt,3,horizontal_fast,180,2026-09-09,21:51:26.213,2026-09-09T21:51:26.213,6.0041310229999,0,0.0,4.969651000010344,28.738078999595018,2.0,4591.43359375,19.0,1512.9375
yolo11m.pt,3,horizontal_fast,181,2026-09-09,21:51:26.249,2026-09-09T21:51:26.249,6.040163674999803,0,0.0,4.927481999857264,32.88139300002513,3.4,4591.43359375,19.0,1512.9375
yolo11m.pt,3,horizontal_fast,182,2026-09-09,21:51:26.281,2026-09-09T21:51:26.281,6.072095302999969,1,0.7198171615600586,5.17204000016136,29.120707999936712,2.0,4591.67578125,19.0,1512.9375
yolo11m.pt,3,horizontal_fast,183,2026-09-09,21:51:26.313,2026-09-09T21:51:26.313,6.104172849999941,1,0.19167333841323853,5.08575000003475,28.9302599999246,2.0,4591.67578125,19.0,1512.9375
yolo11m.pt,3,horizontal_fast,184,2026-09-09,21:51:26.350,2026-09-09T21:51:26.350,6.1401758219999465,1,0.5983745455741882,5.168849999790837,33.021642999756295,3.4,4591.67578125,18.0,1512.9375
yolo11m.pt,3,horizontal_fast,185,2026-09-09,21:51:26.381,2026-09-09T21:51:26.381,6.172092280000015,1,0.29409220814704895,5.143961000158015,28.858999000021868,2.0,4591.67578125,18.0,1512.9375
yolo11m.pt,3,horizontal_fast,186,2026-09-09,21:51:26.414,2026-09-09T21:51:26.414,6.204108966999684,1,0.34545236825942993,5.239309999979014,28.940419000264228,2.0,4591.67578125,18.0,1512.9375
yolo11m.pt,3,horizontal_fast,187,2026-09-09,21:51:26.449,2026-09-09T21:51:26.449,6.240054828999746,1,0.7927231788635254,5.106230999899708,32.760475000031875,3.5,4591.67578125,18.0,1512.9375
yolo11m.pt,3,horizontal_fast,188,2026-09-09,21:51:26.481,2026-09-09T21:51:26.481,6.272108016999937,1,0.7840235233306885,5.142660999808868,28.943458999947325,2.0,4591.91796875,18.0,1512.9375
yolo11m.pt,3,horizontal_fast,189,2026-09-09,21:51:26.513,2026-09-09T21:51:26.513,6.304088674000013,1,0.2728002965450287,5.103880000206118,28.994869000143808,2.0,4591.91796875,18.0,1512.9375
yolo11m.pt,3,horizontal_fast,190,2026-09-09,21:51:26.549,2026-09-09T21:51:26.549,6.339933097000085,1,0.8517051339149475,5.209070000091742,32.926213999871834,3.4,4591.88671875,18.0,1512.9375
yolo11m.pt,3,horizontal_fast,191,2026-09-09,21:51:26.581,2026-09-09T21:51:26.581,6.372241992999989,0,0.0,5.124010000145063,29.139787999611144,3.9,4591.8671875,18.0,1512.9375
yolo11m.pt,3,horizontal_fast,192,2026-09-09,21:51:26.613,2026-09-09T21:51:26.613,6.404174831000091,0,0.0,4.983111000001372,28.782768999917607,3.9,4591.8671875,18.0,1512.9375
yolo11m.pt,3,horizontal_fast,193,2026-09-09,21:51:26.649,2026-09-09T21:51:26.649,6.440152312999999,0,0.0,4.995900999801961,32.88907400019525,1.8,4591.8671875,18.0,1512.9375
yolo11m.pt,3,horizontal_fast,194,2026-09-09,21:51:26.681,2026-09-09T21:51:26.681,6.472142490999886,0,0.0,5.022949999784032,28.835689000061393,2.0,4591.8671875,18.0,1512.9375
yolo11m.pt,3,horizontal_fast,195,2026-09-09,21:51:26.713,2026-09-09T21:51:26.713,6.504306397999699,0,0.0,4.9776099999689905,29.017399000167643,3.9,4591.8671875,18.0,1512.9375
yolo11m.pt,3,horizontal_fast,196,2026-09-09,21:51:26.749,2026-09-09T21:51:26.749,6.540153339999961,0,0.0,4.983350999737013,32.76292400005332,1.8,4591.8671875,18.0,1512.9375
yolo11m.pt,3,horizontal_fast,197,2026-09-09,21:51:26.781,2026-09-09T21:51:26.781,6.5721791679998205,0,0.0,4.887210999640956,28.941859000042314,2.0,4591.8671875,18.0,1512.9375
yolo11m.pt,3,horizontal_fast,198,2026-09-09,21:51:26.813,2026-09-09T21:51:26.813,6.604137614999672,0,0.0,5.221509999955742,29.187458000251354,3.8,4591.8671875,18.0,1512.9375
yolo11m.pt,3,horizontal_fast,199,2026-09-09,21:51:26.849,2026-09-09T21:51:26.849,6.640094997999768,0,0.0,4.915121000067302,32.77316499998051,1.8,4591.8671875,17.0,1512.9375
yolo11m.pt,3,horizontal_fast,200,2026-09-09,21:51:26.881,2026-09-09T21:51:26.881,6.672169434999887,0,0.0,5.037900999923295,29.12477800009583,3.8,4591.8671875,17.0,1512.9375
yolo11m.pt,3,horizontal_fast,201,2026-09-09,21:51:26.914,2026-09-09T21:51:26.914,6.704554490999726,0,0.0,5.008939999697759,29.345476999878883,3.9,4591.8671875,17.0,1512.9375
yolo11m.pt,3,horizontal_fast,202,2026-09-09,21:51:26.949,2026-09-09T21:51:26.949,6.740231973999926,0,0.0,5.032971000218822,32.67828500020187,3.4,4591.8671875,17.0,1512.9375
yolo11m.pt,3,horizontal_fast,203,2026-09-09,21:51:26.981,2026-09-09T21:51:26.981,6.772143501999835,1,0.7999404668807983,5.115709999699902,29.18879900016691,3.9,4591.8671875,17.0,1512.9375
yolo11m.pt,3,horizontal_fast,204,2026-09-09,21:51:27.013,2026-09-09T21:51:27.013,6.804133678999733,1,0.29156577587127686,5.178261000310158,29.004868999891187,2.0,4591.8671875,17.0,1512.9375
yolo11m.pt,3,horizontal_fast,205,2026-09-09,21:51:27.049,2026-09-09T21:51:27.049,6.840086851999786,1,0.39914223551750183,5.0966000003427325,32.82233500021903,1.8,4592.109375,17.0,1512.9375
yolo11m.pt,3,horizontal_fast,206,2026-09-09,21:51:27.081,2026-09-09T21:51:27.081,6.872059719999925,0,0.0,5.009590000099706,28.625500000089232,3.9,4592.109375,17.0,1512.9375
yolo11m.pt,3,horizontal_fast,207,2026-09-09,21:51:27.114,2026-09-09T21:51:27.114,6.904271766999955,1,0.30269718170166016,5.194380999910209,29.622467000081087,2.0,4592.109375,17.0,1512.9375
yolo11m.pt,3,horizontal_fast,208,2026-09-09,21:51:27.150,2026-09-09T21:51:27.150,6.9403037389997735,1,0.41893112659454346,5.230840000422177,33.00994300025195,1.8,4592.109375,17.0,1512.9375
yolo11m.pt,3,horizontal_fast,209,2026-09-09,21:51:27.182,2026-09-09T21:51:27.182,6.972350535999794,1,0.4807455539703369,5.228789999819128,29.107047999787028,3.8,4592.109375,17.0,1512.9375
yolo11m.pt,3,horizontal_fast,210,2026-09-09,21:51:27.213,2026-09-09T21:51:27.213,7.0039810449998186,0,0.0,5.113189999974566,28.373031000228366,2.0,4592.109375,17.0,1512.9375
yolo11m.pt,3,horizontal_fast,211,2026-09-09,21:51:27.249,2026-09-09T21:51:27.249,7.040203885999745,1,0.6858668923377991,5.118070999742486,33.31096199963213,1.7,4592.109375,17.0,1512.9375
yolo11m.pt,3,horizontal_fast,212,2026-09-09,21:51:27.282,2026-09-09T21:51:27.282,7.072540361999927,0,0.0,5.241000000296481,29.20762800022203,3.9,4592.109375,17.0,1512.9375
yolo11m.pt,3,horizontal_fast,213,2026-09-09,21:51:27.318,2026-09-09T21:51:27.318,7.108189875999869,1,0.571816086769104,5.37476899989997,32.943493999937346,1.8,4592.109375,17.0,1512.9375
yolo11m.pt,3,horizontal_fast,214,2026-09-09,21:51:27.349,2026-09-09T21:51:27.349,7.140128542999719,0,0.0,4.970170999968104,28.39063100009298,5.9,4592.109375,19.0,1512.9375
yolo11m.pt,3,horizontal_fast,215,2026-09-09,21:51:27.381,2026-09-09T21:51:27.381,7.172066240999811,1,0.7323823571205139,5.10249000035401,29.247107999708533,2.0,4592.109375,19.0,1512.9375
yolo11m.pt,3,horizontal_fast,216,2026-09-09,21:51:27.417,2026-09-09T21:51:27.417,7.208106513000075,1,0.5107493996620178,5.2028699997208605,33.093214000018634,3.4,4592.109375,19.0,1512.9375
yolo11m.pt,3,horizontal_fast,217,2026-09-09,21:51:27.449,2026-09-09T21:51:27.449,7.240090560999761,1,0.6204879879951477,5.112800000006246,29.162058000110846,2.0,4592.3515625,19.0,1512.9375
yolo11m.pt,3,horizontal_fast,218,2026-09-09,21:51:27.481,2026-09-09T21:51:27.481,7.272081027999775,1,0.49474236369132996,5.195060000005469,29.016699000294466,3.9,4592.3515625,19.0,1512.9375
yolo11m.pt,3,horizontal_fast,219,2026-09-09,21:51:27.517,2026-09-09T21:51:27.517,7.308069109999906,1,0.5036603808403015,5.11611100000664,32.937244000095234,1.8,4592.3515625,19.0,1512.9375
yolo11m.pt,3,horizontal_fast,220,2026-09-09,21:51:27.549,2026-09-09T21:51:27.549,7.339997707999828,0,0.0,5.025760999615159,28.554091000387416,2.0,4592.3515625,19.0,1512.9375
yolo11m.pt,3,horizontal_fast,221,2026-09-09,21:51:27.581,2026-09-09T21:51:27.581,7.371961944999839,1,0.5051458477973938,5.155630999979621,29.17994799963708,3.9,4592.5703125,19.0,1512.9375
yolo11m.pt,3,horizontal_fast,222,2026-09-09,21:51:27.617,2026-09-09T21:51:27.617,7.407966097000099,0,0.0,5.056790999788063,32.747354000093765,1.8,4592.265625,19.0,1512.9375
yolo11m.pt,3,horizontal_fast,223,2026-09-09,21:51:27.645,2026-09-09T21:51:27.645,7.43573896099997,0,0.0,4.993851000108407,24.695224999959464,2.3,4592.265625,19.0,1512.9375
yolo11m.pt,3,horizontal_fast,224,2026-09-09,21:51:27.681,2026-09-09T21:51:27.681,7.47200285200006,1,0.8487686514854431,5.206249999901047,33.699901000090904,3.4,4592.265625,19.0,1512.9375
yolo11m.pt,3,horizontal_fast,225,2026-09-09,21:51:27.717,2026-09-09T21:51:27.717,7.507951434999995,1,0.541584312915802,5.1111400002810115,32.88779400008934,3.5,4592.265625,19.0,1512.9375
yolo11m.pt,3,horizontal_fast,226,2026-09-09,21:51:27.749,2026-09-09T21:51:27.749,7.540029501999925,1,0.3834814429283142,5.2197800000612915,29.08397800001694,3.8,4592.265625,19.0,1512.9375
yolo11m.pt,3,horizontal_fast,227,2026-09-09,21:51:27.781,2026-09-09T21:51:27.781,7.572035309000057,1,0.7904200553894043,5.112289999942732,28.937618999862025,2.0,4592.265625,19.0,1512.9375
yolo11m.pt,3,horizontal_fast,228,2026-09-09,21:51:27.817,2026-09-09T21:51:27.817,7.608051271000022,1,0.4754561483860016,5.2041999997527455,32.95627399984369,3.4,4592.265625,19.0,1512.9375
yolo11m.pt,3,horizontal_fast,229,2026-09-09,21:51:27.849,2026-09-09T21:51:27.849,7.640106857999854,1,0.38062402606010437,5.12548999995488,29.021099000146933,2.0,4592.265625,20.0,1512.9375
yolo11m.pt,3,horizontal_fast,230,2026-09-09,21:51:27.881,2026-09-09T21:51:27.881,7.672097096000016,1,0.3849918842315674,5.178070000056323,28.881378999813023,2.0,4592.265625,20.0,1512.9375
yolo11m.pt,3,horizontal_fast,231,2026-09-09,21:51:27.917,2026-09-09T21:51:27.917,7.707852068999728,1,0.4892148971557617,5.092700000204786,32.74324499989234,3.5,4592.5078125,20.0,1512.9375
yolo11m.pt,3,horizontal_fast,232,2026-09-09,21:51:27.949,2026-09-09T21:51:27.949,7.740077015999759,1,0.3085022270679474,5.171530000097846,29.25963799998499,2.0,4592.5078125,20.0,1512.9375
yolo11m.pt,3,horizontal_fast,233,2026-09-09,21:51:27.981,2026-09-09T21:51:27.981,7.772010373999819,1,0.3759726881980896,5.108070999995107,28.809519999867916,3.9,4592.5078125,20.0,1512.9375
yolo11m.pt,3,horizontal_fast,234,2026-09-09,21:51:28.018,2026-09-09T21:51:28.018,7.808077504999801,1,0.32594263553619385,5.548338999687985,33.32612299982429,1.8,4592.5078125,20.0,1512.9375
yolo11m.pt,3,horizontal_fast,235,2026-09-09,21:51:28.049,2026-09-09T21:51:28.049,7.840057612999772,1,0.28753194212913513,5.23457999997845,28.547720999995363,3.9,4592.5078125,20.0,1512.9375
yolo11m.pt,3,horizontal_fast,236,2026-09-09,21:51:28.081,2026-09-09T21:51:28.081,7.871932760999698,1,0.22066161036491394,5.3118300002097385,28.78946900000301,2.0,4592.5078125,20.0,1512.9375
yolo11m.pt,3,horizontal_fast,237,2026-09-09,21:51:28.118,2026-09-09T21:51:28.118,7.908137622999675,1,0.22292175889015198,5.472668000038539,33.35940299984941,1.8,4592.5078125,20.0,1512.9375
yolo11m.pt,3,horizontal_fast,238,2026-09-09,21:51:28.149,2026-09-09T21:51:28.149,7.9400531900000715,1,0.3930145502090454,5.224210000051244,28.52908100021523,5.8,4592.5078125,20.0,1512.9375
yolo11m.pt,3,horizontal_fast,239,2026-09-09,21:51:28.181,2026-09-09T21:51:28.181,7.971964687999844,0,0.0,4.97273100017992,28.421041999990848,2.0,4592.5078125,20.0,1512.9375
yolo11m.pt,3,horizontal_fast,240,2026-09-09,21:51:28.218,2026-09-09T21:51:28.218,8.008095559999674,1,0.3746092617511749,5.359168999802932,33.40532300035193,3.4,4592.5078125,20.0,1512.9375
yolo11m.pt,3,horizontal_fast,241,2026-09-09,21:51:28.249,2026-09-09T21:51:28.249,8.039951228000064,1,0.6782728433609009,5.146649999915098,28.828778999923088,2.0,4592.5078125,20.0,1512.9375
yolo11m.pt,3,horizontal_fast,242,2026-09-09,21:51:28.281,2026-09-09T21:51:28.281,8.072097445000054,1,0.4416269361972809,5.215839999891614,29.195997999977408,3.8,4592.5078125,20.0,1512.9375
yolo11m.pt,3,horizontal_fast,243,2026-09-09,21:51:28.317,2026-09-09T21:51:28.317,8.108142356999906,1,0.7700747847557068,5.090580000342015,32.93594299975666,1.8,4592.5078125,20.0,1512.9375
yolo11m.pt,3,horizontal_fast,244,2026-09-09,21:51:28.349,2026-09-09T21:51:28.349,8.140164953999829,0,0.0,5.065111000021716,28.745958999934373,3.9,4592.5078125,18.0,1512.9375
yolo11m.pt,3,horizontal_fast,245,2026-09-09,21:51:28.381,2026-09-09T21:51:28.381,8.172077061999971,1,0.7895815372467041,5.147749999650841,29.047549000097206,2.0,4592.5078125,18.0,1512.9375
yolo11m.pt,3,horizontal_fast,246,2026-09-09,21:51:28.417,2026-09-09T21:51:28.417,8.208146123999995,1,0.4723953604698181,5.154550000042946,32.96350299979167,1.8,4592.5078125,18.0,1512.9375
yolo11m.pt,3,horizontal_fast,247,2026-09-09,21:51:28.450,2026-09-09T21:51:28.450,8.240166250999664,1,0.5699213743209839,5.1729299998442,28.961138999875402,5.7,4592.5078125,18.0,1512.9375
yolo11m.pt,3,horizontal_fast,248,2026-09-09,21:51:28.485,2026-09-09T21:51:28.485,8.276054152999677,1,0.18250221014022827,5.256959999769606,32.80819400015389,1.8,4592.5078125,18.0,1512.9375
yolo11m.pt,3,horizontal_fast,249,2026-09-09,21:51:28.517,2026-09-09T21:51:28.517,8.308151571000053,0,0.0,4.9585319998186606,28.79839900015213,3.9,4592.5078125,18.0,1512.9375
yolo11m.pt,3,horizontal_fast,250,2026-09-09,21:51:28.549,2026-09-09T21:51:28.549,8.340079957999933,1,0.43300557136535645,5.203150999932404,29.25976799997443,2.0,4592.03125,18.0,1512.9375
yolo11m.pt,3,horizontal_fast,251,2026-09-09,21:51:28.586,2026-09-09T21:51:28.586,8.376164499999959,1,0.2129931002855301,5.251800000223739,33.15520199976163,3.4,4592.03125,18.0,1512.9375
yolo11m.pt,3,horizontal_fast,252,2026-09-09,21:51:28.618,2026-09-09T21:51:28.618,8.408234996999909,1,0.3302484154701233,5.185100999824499,28.83170999984941,2.0,4592.03125,18.0,1512.9375
yolo11m.pt,3,horizontal_fast,253,2026-09-09,21:51:28.649,2026-09-09T21:51:28.649,8.439981275999799,0,0.0,5.077500999959739,28.527400999792007,4.0,4592.5234375,18.0,1512.9375
yolo11m.pt,3,horizontal_fast,254,2026-09-09,21:51:28.685,2026-09-09T21:51:28.685,8.476193377000072,1,0.4543631672859192,5.130601000018942,33.35078200007047,1.7,4592.5234375,18.0,1512.9375
yolo11m.pt,3,horizontal_fast,255,2026-09-09,21:51:28.717,2026-09-09T21:51:28.717,8.507991465000032,0,0.0,4.977731000053609,28.64382999996451,2.0,4592.5234375,18.0,1512.9375
yolo11m.pt,3,horizontal_fast,256,2026-09-09,21:51:28.749,2026-09-09T21:51:28.749,8.540026772999681,1,0.8357961773872375,5.242530000032275,29.342056999666966,2.0,4592.27734375,18.0,1512.9375
yolo11m.pt,3,horizontal_fast,257,2026-09-09,21:51:28.785,2026-09-09T21:51:28.785,8.576124864999656,0,0.0,4.957510999702208,32.717965000301774,3.4,4592.27734375,18.0,1512.9375
yolo11m.pt,3,horizontal_fast,258,2026-09-09,21:51:28.818,2026-09-09T21:51:28.818,8.60817241199993,1,0.6934557557106018,5.167020000044431,29.246648000025743,2.0,4592.27734375,18.0,1512.9375
yolo11m.pt,3,horizontal_fast,259,2026-09-09,21:51:28.849,2026-09-09T21:51:28.849,8.639904550999745,1,0.6781193017959595,5.152380999788875,28.66442000004099,4.0,4592.27734375,20.0,1510.4375
yolo11m.pt,3,horizontal_fast,260,2026-09-09,21:51:28.885,2026-09-09T21:51:28.885,8.676148491999811,0,0.0,5.043700999976863,32.87794500010932,1.8,4592.27734375,20.0,1510.4375
yolo11m.pt,3,horizontal_fast,261,2026-09-09,21:51:28.917,2026-09-09T21:51:28.917,8.707810810999945,1,0.3981417715549469,5.222730000241427,29.0145690000827,3.9,4592.27734375,20.0,1510.4375
yolo11m.pt,3,horizontal_fast,262,2026-09-09,21:51:28.949,2026-09-09T21:51:28.949,8.740039086999786,1,0.7170349359512329,5.233019999650423,29.21452800001134,2.0,4592.51953125,20.0,1510.4375
yolo11m.pt,3,horizontal_fast,263,2026-09-09,21:51:28.985,2026-09-09T21:51:28.985,8.77598345999968,1,0.3069095015525818,5.189910999888525,33.000203000028705,3.4,4592.51953125,20.0,1510.4375
yolo11m.pt,3,horizontal_fast,264,2026-09-09,21:51:29.018,2026-09-09T21:51:29.018,8.808218736000072,1,0.1822318732738495,5.2511200001390534,29.270037000060256,2.0,4592.51953125,20.0,1510.4375
yolo11m.pt,3,horizontal_fast,265,2026-09-09,21:51:29.049,2026-09-09T21:51:29.049,8.84001671399983,0,0.0,4.9695110001266585,28.518580999843834,3.9,4592.5078125,20.0,1510.4375
yolo11m.pt,3,horizontal_fast,266,2026-09-09,21:51:29.086,2026-09-09T21:51:29.086,8.876169956000012,1,0.5135586857795715,5.168020000382967,33.43808199997511,1.8,4592.5078125,20.0,1510.4375
yolo11m.pt,3,horizontal_fast,267,2026-09-09,21:51:29.117,2026-09-09T21:51:29.117,8.908109074000095,0,0.0,5.017909999878611,28.637670000080107,3.9,4592.5078125,20.0,1510.4375
yolo11m.pt,3,horizontal_fast,268,2026-09-09,21:51:29.149,2026-09-09T21:51:29.149,8.940083800999673,0,0.0,5.0161009999101225,28.863900000033027,2.0,4592.5078125,20.0,1510.4375
yolo11m.pt,3,horizontal_fast,269,2026-09-09,21:51:29.185,2026-09-09T21:51:29.185,8.97616391299971,0,0.0,5.01195100014229,33.15730299982533,5.1,4592.5078125,20.0,1510.4375
yolo11m.pt,3,horizontal_fast,270,2026-09-09,21:51:29.217,2026-09-09T21:51:29.217,9.008156520999819,0,0.0,5.0578199998199125,29.025808999904257,2.0,4592.5078125,20.0,1510.4375
yolo11m.pt,3,horizontal_fast,271,2026-09-09,21:51:29.249,2026-09-09T21:51:29.249,9.04030230799981,0,0.0,4.943891000039002,29.08138799966764,2.0,4592.5078125,20.0,1510.4375
yolo11m.pt,3,horizontal_fast,272,2026-09-09,21:51:29.285,2026-09-09T21:51:29.285,9.076220539999667,0,0.0,5.047560999628331,32.945573999768385,1.8,4592.5078125,20.0,1510.4375
yolo11m.pt,3,horizontal_fast,273,2026-09-09,21:51:29.317,2026-09-09T21:51:29.317,9.10812421799983,0,0.0,4.95385099975465,28.789580000193382,3.9,4592.75,20.0,1510.4375
yolo11m.pt,3,horizontal_fast,274,2026-09-09,21:51:29.350,2026-09-09T21:51:29.350,9.140283185000044,1,0.5489757657051086,5.210759999954462,29.310177999832376,2.0,4592.75,17.0,1510.4375
yolo11m.pt,3,horizontal_fast,275,2026-09-09,21:51:29.385,2026-09-09T21:51:29.385,9.176244566999685,0,0.0,4.944481000165979,32.515846000023885,3.4,4592.75,17.0,1510.4375
yolo11m.pt,3,horizontal_fast,276,2026-09-09,21:51:29.418,2026-09-09T21:51:29.418,9.208269543999904,1,0.35352253913879395,5.2482299997791415,29.262367999763228,2.0,4592.75,17.0,1510.4375
yolo11m.pt,3,horizontal_fast,277,2026-09-09,21:51:29.450,2026-09-09T21:51:29.450,9.239983582999685,1,0.4799518585205078,6.253875999846059,29.82264499996745,1.9,4592.75,17.0,1510.4375
yolo11m.pt,3,horizontal_fast,278,2026-09-09,21:51:29.486,2026-09-09T21:51:29.486,9.276199114000065,1,0.5895320177078247,5.186190000131319,32.1233569998185,3.6,4592.75,17.0,1510.4375
yolo11m.pt,3,horizontal_fast,279,2026-09-09,21:51:29.518,2026-09-09T21:51:29.518,9.308178511999813,1,0.6393304467201233,5.169420000129321,28.89111900003627,2.0,4592.75,17.0,1510.4375
yolo11m.pt,3,horizontal_fast,280,2026-09-09,21:51:29.550,2026-09-09T21:51:29.550,9.340152809999836,1,0.7367550730705261,5.192050000005111,28.86915899989617,3.9,4592.75,17.0,1510.4375
yolo11m.pt,3,horizontal_fast,281,2026-09-09,21:51:29.586,2026-09-09T21:51:29.586,9.37615796199998,1,0.6916708946228027,5.175310000140598,32.93471500001033,1.8,4592.1328125,17.0,1510.4375
yolo11m.pt,3,horizontal_fast,282,2026-09-09,21:51:29.617,2026-09-09T21:51:29.617,9.40800451999985,1,0.6109391450881958,5.262050000055751,28.78000000009706,3.9,4592.1328125,17.0,1510.4375
yolo11m.pt,3,horizontal_fast,283,2026-09-09,21:51:29.650,2026-09-09T21:51:29.650,9.440161427000021,1,0.4823838472366333,5.19512000028044,29.116008000073634,2.0,4592.1328125,17.0,1510.4375
yolo11m.pt,3,horizontal_fast,284,2026-09-09,21:51:29.685,2026-09-09T21:51:29.685,9.475984289999815,1,0.7495567202568054,5.1082300001326075,32.64124499992249,3.5,4592.375,17.0,1510.4375
yolo11m.pt,3,horizontal_fast,285,2026-09-09,21:51:29.717,2026-09-09T21:51:29.717,9.507962527000018,1,0.5777077674865723,5.161010000392707,29.045328999927733,2.0,4592.375,17.0,1510.4375
yolo11m.pt,3,horizontal_fast,286,2026-09-09,21:51:29.754,2026-09-09T21:51:29.754,9.54408975899969,1,0.6965752840042114,5.273520000173448,33.08640299974286,1.8,4592.375,17.0,1510.4375
yolo11m.pt,3,horizontal_fast,287,2026-09-09,21:51:29.785,2026-09-09T21:51:29.785,9.576122725999994,0,0.0,4.999420999865833,28.60265100025572,3.9,4592.375,17.0,1510.4375
yolo11m.pt,3,horizontal_fast,288,2026-09-09,21:51:29.817,2026-09-09T21:51:29.817,9.608109213999796,1,0.7205044627189636,5.226589999892894,29.224997999790503,2.0,4592.375,17.0,1510.4375
yolo11m.pt,3,horizontal_fast,289,2026-09-09,21:51:29.854,2026-09-09T21:51:29.854,9.644154115999754,0,0.0,5.821747000027244,33.61570100014433,3.4,4592.375,18.0,1510.4375
yolo11m.pt,3,horizontal_fast,290,2026-09-09,21:51:29.885,2026-09-09T21:51:29.885,9.67616350299977,0,0.0,5.017710999709379,28.205221999996866,2.0,4592.375,18.0,1510.4375
yolo11m.pt,3,horizontal_fast,291,2026-09-09,21:51:29.917,2026-09-09T21:51:29.917,9.707960340999762,0,0.0,4.950111000198376,28.799379999782104,4.0,4592.6171875,18.0,1510.4375
yolo11m.pt,3,horizontal_fast,292,2026-09-09,21:51:29.953,2026-09-09T21:51:29.953,9.743962943000042,1,0.7399165630340576,5.284679999931541,33.409400999971695,3.4,4592.6171875,18.0,1510.4375
yolo11m.pt,3,horizontal_fast,293,2026-09-09,21:51:29.986,2026-09-09T21:51:29.986,9.776148699999794,0,0.0,5.840688000262162,29.70582599982663,3.8,4592.6171875,18.0,1510.4375
yolo11m.pt,3,horizontal_fast,294,2026-09-09,21:51:30.017,2026-09-09T21:51:30.017,9.808246396999948,0,0.0,5.094450999877154,28.210712000145577,2.0,4592.6171875,18.0,1510.4375
yolo11m.pt,3,horizontal_fast,295,2026-09-09,21:51:30.053,2026-09-09T21:51:30.053,9.84400947999984,0,0.0,5.0250110002707515,32.70971500023734,3.4,4592.6171875,18.0,1510.4375
yolo11m.pt,3,horizontal_fast,296,2026-09-09,21:51:30.086,2026-09-09T21:51:30.086,9.876166136999927,1,0.4199789762496948,5.177389999971638,29.40419699962149,2.0,4592.859375,18.0,1510.4375
yolo11m.pt,3,horizontal_fast,297,2026-09-09,21:51:30.117,2026-09-09T21:51:30.117,9.908123553999758,1,0.41933998465538025,5.144570999618736,28.97786899984567,2.0,4592.859375,18.0,1510.4375
yolo11m.pt,3,horizontal_fast,298,2026-09-09,21:51:30.153,2026-09-09T21:51:30.153,9.944000906999918,1,0.48151668906211853,5.273090000173397,32.94876400013891,3.4,4592.859375,18.0,1510.4375
yolo11m.pt,3,horizontal_fast,299,2026-09-09,21:51:30.185,2026-09-09T21:51:30.185,9.976098744999945,0,0.0,4.9731500002963,28.729550000207382,2.0,4592.859375,18.0,1510.4375
yolo11m.pt,3,horizontal_fast,300,2026-09-09,21:51:30.218,2026-09-09T21:51:30.218,10.00807873199983,1,0.3651946187019348,5.911036999805219,29.87357600022733,3.8,4592.859375,18.0,1510.4375
yolo11m.pt,4,vertical,1,2026-09-09,21:51:34.691,2026-09-09T21:51:34.691,0.03171782899971731,1,0.24222926795482635,6.305966000127228,38.60000199983915,1.9,4592.33984375,5.0,1513.5625
yolo11m.pt,4,vertical,2,2026-09-09,21:51:34.721,2026-09-09T21:51:34.721,0.06376909599975988,1,0.1553766131401062,5.36057899989828,27.973462999852927,4.0,4592.33984375,5.0,1513.5625
yolo11m.pt,4,vertical,3,2026-09-09,21:51:34.758,2026-09-09T21:51:34.758,0.09990709700014122,1,0.17798353731632233,5.33337999968353,33.23008200004551,1.8,4592.33984375,5.0,1513.5625
yolo11m.pt,4,vertical,4,2026-09-09,21:51:34.789,2026-09-09T21:51:34.789,0.13174323499970342,0,0.0,4.974001000391581,28.372300999762956,4.0,4592.33984375,5.0,1513.5625
yolo11m.pt,4,vertical,5,2026-09-09,21:51:34.821,2026-09-09T21:51:34.821,0.1638676329998816,0,0.0,4.94617999993352,29.09172799991211,2.0,4592.33984375,5.0,1513.5625
yolo11m.pt,4,vertical,6,2026-09-09,21:51:34.858,2026-09-09T21:51:34.858,0.20008601400013504,1,0.2628082036972046,6.007867000334954,34.26962799994726,3.4,4592.33984375,19.0,1513.5625
yolo11m.pt,4,vertical,7,2026-09-09,21:51:34.889,2026-09-09T21:51:34.889,0.2317323629999919,1,0.28871849179267883,5.133640000167361,27.882673000021896,2.0,4592.33984375,19.0,1513.5625
yolo11m.pt,4,vertical,8,2026-09-09,21:51:34.926,2026-09-09T21:51:34.926,0.26804422399982286,1,0.24168474972248077,5.175200999929075,33.2793219999985,3.4,4592.33984375,19.0,1513.5625
yolo11m.pt,4,vertical,9,2026-09-09,21:51:34.958,2026-09-09T21:51:34.958,0.3000949209999817,1,0.21544066071510315,5.171871000129613,29.02352899991456,2.0,4592.33984375,19.0,1513.5625
yolo11m.pt,4,vertical,10,2026-09-09,21:51:34.989,2026-09-09T21:51:34.989,0.3319355989997348,1,0.3964996039867401,5.1470500002324115,28.761698999915097,2.0,4592.33984375,19.0,1513.5625
yolo11m.pt,4,vertical,11,2026-09-09,21:51:35.021,2026-09-09T21:51:35.021,0.3638687869997739,1,0.5391541123390198,5.156880999948044,29.085128999668086,3.8,4592.33984375,19.0,1513.5625
yolo11m.pt,4,vertical,12,2026-09-09,21:51:35.057,2026-09-09T21:51:35.057,0.3999660079998648,1,0.18283012509346008,5.129330000272603,33.087963000070886,1.8,4592.33984375,19.0,1513.5625
yolo11m.pt,4,vertical,13,2026-09-09,21:51:35.089,2026-09-09T21:51:35.089,0.4319024559999889,0,0.0,4.988690000118368,28.72282999987874,2.0,4592.33984375,19.0,1513.5625
yolo11m.pt,4,vertical,14,2026-09-09,21:51:35.121,2026-09-09T21:51:35.121,0.46391655299976264,1,0.21719364821910858,5.17448999971748,29.240428000321117,3.8,4592.33984375,19.0,1513.5625
yolo11m.pt,4,vertical,15,2026-09-09,21:51:35.157,2026-09-09T21:51:35.157,0.4997034560001339,0,0.0,4.941981000229134,32.465266000144766,1.8,4592.33984375,19.0,1513.5625
yolo11m.pt,4,vertical,16,2026-09-09,21:51:35.189,2026-09-09T21:51:35.189,0.5317070830001285,0,0.0,4.994120999981533,28.94411899978877,3.9,4592.33984375,19.0,1513.5625
yolo11m.pt,4,vertical,17,2026-09-09,21:51:35.221,2026-09-09T21:51:35.221,0.5636914209999304,0,0.0,4.9601910000092175,28.96358899988627,2.0,4592.33984375,19.0,1513.5625
yolo11m.pt,4,vertical,18,2026-09-09,21:51:35.257,2026-09-09T21:51:35.257,0.5997045829999479,0,0.0,5.094280000321305,33.13509300005535,3.4,4592.33984375,19.0,1512.875
yolo11m.pt,4,vertical,19,2026-09-09,21:51:35.289,2026-09-09T21:51:35.289,0.6317131999999219,0,0.0,4.988071000298078,29.007508999711717,2.0,4592.08984375,19.0,1512.875
yolo11m.pt,4,vertical,20,2026-09-09,21:51:35.325,2026-09-09T21:51:35.325,0.6679660119998516,0,0.0,4.975570000169682,33.24716199995237,5.2,4592.08984375,19.0,1512.875
yolo11m.pt,4,vertical,21,2026-09-09,21:51:35.357,2026-09-09T21:51:35.357,0.6999518489997172,1,0.2607874870300293,5.116639999869221,29.3199679999816,3.8,4592.08984375,19.0,1512.875
yolo11m.pt,4,vertical,22,2026-09-09,21:51:35.389,2026-09-09T21:51:35.389,0.7319626660000722,0,0.0,5.049501000030432,28.85530999992625,2.0,4592.3359375,19.0,1512.875
yolo11m.pt,4,vertical,23,2026-09-09,21:51:35.425,2026-09-09T21:51:35.425,0.7679317789998095,1,0.3854568898677826,5.117149999932735,33.180703000198264,1.8,4592.3359375,19.0,1512.875
yolo11m.pt,4,vertical,24,2026-09-09,21:51:35.464,2026-09-09T21:51:35.464,0.8027897550000489,1,0.2698286771774292,8.76867700026196,35.98878299999342,31.7,4593.3203125,19.0,1513.625
yolo11m.pt,4,vertical,25,2026-09-09,21:51:35.491,2026-09-09T21:51:35.491,0.8326053010000578,0,0.0,6.244216000141023,23.25690100042266,30.2,4593.5625,19.0,1513.625
yolo11m.pt,4,vertical,26,2026-09-09,21:51:35.525,2026-09-09T21:51:35.525,0.8677318069999274,0,0.0,5.0964900001417845,30.425352999827737,3.7,4593.5625,19.0,1513.625
yolo11m.pt,4,vertical,27,2026-09-09,21:51:35.557,2026-09-09T21:51:35.557,0.8997804239998004,0,0.0,4.965100999925198,28.829140000198095,2.0,4593.5625,19.0,1513.625
yolo11m.pt,4,vertical,28,2026-09-09,21:51:35.589,2026-09-09T21:51:35.589,0.9317498420000447,0,0.0,4.972661000010703,28.847770000083983,3.8,4593.33984375,19.0,1513.625
yolo11m.pt,4,vertical,29,2026-09-09,21:51:35.625,2026-09-09T21:51:35.625,0.9679077440000583,0,0.0,4.982421000022441,33.25790300004883,3.4,4593.33984375,19.0,1513.625
yolo11m.pt,4,vertical,30,2026-09-09,21:51:35.658,2026-09-09T21:51:35.658,0.9999858809997022,1,0.5279079079627991,5.212470000060421,29.408917000182555,2.0,4593.33984375,19.0,1513.625
yolo11m.pt,4,vertical,31,2026-09-09,21:51:35.689,2026-09-09T21:51:35.689,1.031924409000112,0,0.0,4.976151000391837,28.64993000002869,2.0,4593.3359375,19.0,1513.625
yolo11m.pt,4,vertical,32,2026-09-09,21:51:35.725,2026-09-09T21:51:35.725,1.0677203219997864,1,0.28010839223861694,5.341069999758474,33.27200300009281,3.4,4593.3359375,19.0,1513.625
yolo11m.pt,4,vertical,33,2026-09-09,21:51:35.757,2026-09-09T21:51:35.757,1.0997284089999084,0,0.0,5.045111000072211,28.73095099994316,2.0,4593.3359375,19.0,1513.625
yolo11m.pt,4,vertical,34,2026-09-09,21:51:35.789,2026-09-09T21:51:35.789,1.1319146759997238,1,0.2704254686832428,5.204869999943185,29.44277799997508,3.8,4593.3359375,19.0,1513.625
yolo11m.pt,4,vertical,35,2026-09-09,21:51:35.825,2026-09-09T21:51:35.825,1.1677596089998588,1,0.21891094744205475,5.130989999997837,32.86332399966341,1.8,4593.08984375,19.0,1513.625
yolo11m.pt,4,vertical,36,2026-09-09,21:51:35.858,2026-09-09T21:51:35.858,1.2000003150001248,1,0.3379443883895874,5.163740000170947,29.20360799998889,2.0,4593.08984375,19.0,1513.625
yolo11m.pt,4,vertical,37,2026-09-09,21:51:35.889,2026-09-09T21:51:35.889,1.231651594000141,1,0.4252646565437317,5.1081299998259055,28.59506100003273,3.9,4593.08984375,19.0,1513.625
yolo11m.pt,4,vertical,38,2026-09-09,21:51:35.925,2026-09-09T21:51:35.925,1.2679213549999986,1,0.8675854206085205,5.1626999998006795,33.34053300022788,1.8,4593.57421875,19.0,1513.625
yolo11m.pt,4,vertical,39,2026-09-09,21:51:35.957,2026-09-09T21:51:35.957,1.2997279329997582,1,0.2359166145324707,5.116320000070118,28.76207000008435,3.9,4593.57421875,19.0,1513.625
yolo11m.pt,4,vertical,40,2026-09-09,21:51:35.990,2026-09-09T21:51:35.990,1.3316295509998781,1,0.6672641634941101,5.57026800015592,29.354857999805972,3.8,4593.57421875,19.0,1513.625
yolo11m.pt,4,vertical,41,2026-09-09,21:51:36.026,2026-09-09T21:51:36.026,1.3680483309999545,1,0.8206549286842346,5.092261000299914,33.067262999793456,1.8,4593.57421875,19.0,1513.625
yolo11m.pt,4,vertical,42,2026-09-09,21:51:36.057,2026-09-09T21:51:36.057,1.3998485399997662,1,0.7507155537605286,5.208590000165714,28.92224900006113,3.9,4593.57421875,19.0,1513.625
yolo11m.pt,4,vertical,43,2026-09-09,21:51:36.089,2026-09-09T21:51:36.089,1.4318440769998233,0,0.0,4.944260999764083,28.729970000313187,2.0,4593.21875,19.0,1513.625
yolo11m.pt,4,vertical,44,2026-09-09,21:51:36.125,2026-09-09T21:51:36.125,1.468050329000107,0,0.0,4.98147100006463,33.20348300030673,3.4,4593.21875,19.0,1513.625
yolo11m.pt,4,vertical,45,2026-09-09,21:51:36.158,2026-09-09T21:51:36.158,1.4999351970000134,1,0.2847338914871216,5.1252099997327605,29.241388000173174,3.8,4593.21875,19.0,1513.625
yolo11m.pt,4,vertical,46,2026-09-09,21:51:36.193,2026-09-09T21:51:36.193,1.535946388999946,0,0.0,4.978770999969129,32.66607500017926,1.8,4593.21875,19.0,1513.625
yolo11m.pt,4,vertical,47,2026-09-09,21:51:36.225,2026-09-09T21:51:36.225,1.567835556999853,1,0.4389044940471649,5.085939999844413,29.119409000031737,2.0,4593.21875,19.0,1513.625
yolo11m.pt,4,vertical,48,2026-09-09,21:51:36.257,2026-09-09T21:51:36.257,1.5999985339999512,0,0.0,4.9085410000770935,28.893430000152875,3.8,4593.21875,19.0,1513.625
yolo11m.pt,4,vertical,49,2026-09-09,21:51:36.289,2026-09-09T21:51:36.289,1.6318956219997744,0,0.0,4.916851999951177,28.99500800003807,2.0,4593.21875,19.0,1513.625
yolo11m.pt,4,vertical,50,2026-09-09,21:51:36.325,2026-09-09T21:51:36.325,1.6679961229997389,0,0.0,4.906032000235427,33.041423999748076,3.4,4593.21875,19.0,1513.625
yolo11m.pt,4,vertical,51,2026-09-09,21:51:36.357,2026-09-09T21:51:36.357,1.6997905220000575,1,0.17671668529510498,5.138390999945841,29.168357999878936,2.0,4593.21875,19.0,1513.625
yolo11m.pt,4,vertical,52,2026-09-09,21:51:36.389,2026-09-09T21:51:36.389,1.7317116489998625,1,0.4146740734577179,5.1629200002025755,28.96511900007681,3.8,4593.21875,19.0,1513.625
yolo11m.pt,4,vertical,53,2026-09-09,21:51:36.425,2026-09-09T21:51:36.425,1.7678889809999419,1,0.22620704770088196,5.1731900002778275,33.23125199995047,1.8,4593.21875,19.0,1513.625
yolo11m.pt,4,vertical,54,2026-09-09,21:51:36.458,2026-09-09T21:51:36.458,1.800003027999992,1,0.660800039768219,5.166929999631975,29.057609000119555,2.0,4593.21875,19.0,1513.4375
yolo11m.pt,4,vertical,55,2026-09-09,21:51:36.493,2026-09-09T21:51:36.493,1.8360060599998178,0,0.0,5.0291610000385845,32.81186499998512,3.4,4593.21875,19.0,1513.4375
yolo11m.pt,4,vertical,56,2026-09-09,21:51:36.526,2026-09-09T21:51:36.526,1.8680518179999126,1,0.4375622868537903,5.252930000096967,29.247107999708533,2.0,4593.21875,19.0,1513.4375
yolo11m.pt,4,vertical,57,2026-09-09,21:51:36.557,2026-09-09T21:51:36.557,1.8999424459998409,1,0.4454341232776642,5.117729999710718,28.700931000003038,2.0,4593.21875,19.0,1513.4375
yolo11m.pt,4,vertical,58,2026-09-09,21:51:36.593,2026-09-09T21:51:36.593,1.935775539000133,0,0.0,5.072170999937953,32.55980499989164,3.5,4592.73828125,19.0,1513.4375
yolo11m.pt,4,vertical,59,2026-09-09,21:51:36.626,2026-09-09T21:51:36.626,1.9680613949999497,1,0.7339770793914795,5.230589999882795,29.592326000056346,2.0,4592.73828125,19.0,1513.4375
yolo11m.pt,4,vertical,60,2026-09-09,21:51:36.657,2026-09-09T21:51:36.657,1.9997270139997454,1,0.533510684967041,5.22266000007221,28.660450000188575,3.9,4592.73828125,19.0,1513.4375
yolo11m.pt,4,vertical,61,2026-09-09,21:51:36.693,2026-09-09T21:51:36.693,2.0357911159999276,1,0.1641099900007248,5.176429999664833,33.127162999790016,1.8,4592.73828125,19.0,1513.4375
yolo11m.pt,4,vertical,62,2026-09-09,21:51:36.725,2026-09-09T21:51:36.725,2.067640673999904,0,0.0,5.027310000059515,28.601790000266192,4.0,4592.98046875,19.0,1513.4375
yolo11m.pt,4,vertical,63,2026-09-09,21:51:36.757,2026-09-09T21:51:36.757,2.0996861109997553,1,0.5488690137863159,5.109669999910693,29.35494799976368,2.0,4592.73046875,19.0,1513.4375
yolo11m.pt,4,vertical,64,2026-09-09,21:51:36.793,2026-09-09T21:51:36.793,2.135862051999993,1,0.24599042534828186,5.2405700002964295,33.28930299994681,1.8,4592.73046875,19.0,1513.4375
yolo11m.pt,4,vertical,65,2026-09-09,21:51:36.825,2026-09-09T21:51:36.825,2.167933298999742,1,0.3092135488986969,5.174980999981926,29.065769000226283,5.7,4592.73046875,19.0,1513.4375
yolo11m.pt,4,vertical,66,2026-09-09,21:51:36.857,2026-09-09T21:51:36.857,2.1997386379998716,0,0.0,5.047381000167661,28.452441999888833,2.0,4592.73046875,19.0,1513.4375
yolo11m.pt,4,vertical,67,2026-09-09,21:51:36.893,2026-09-09T21:51:36.893,2.235987928999748,0,0.0,4.9329610001223045,33.17377300027147,5.1,4592.73046875,19.0,1513.4375
yolo11m.pt,4,vertical,68,2026-09-09,21:51:36.925,2026-09-09T21:51:36.925,2.2680077770000935,0,0.0,4.959970000072644,28.96654899996065,2.0,4592.83984375,19.0,1513.4375
yolo11m.pt,4,vertical,69,2026-09-09,21:51:36.957,2026-09-09T21:51:36.957,2.2999795339997036,0,0.0,4.9562209997020545,28.94965899986346,3.9,4592.83984375,19.0,1513.4375
yolo11m.pt,4,vertical,70,2026-09-09,21:51:36.993,2026-09-09T21:51:36.993,2.3358936559998256,1,0.1783779114484787,5.172821000087424,33.25969199977408,1.7,4592.83984375,19.0,1513.4375
yolo11m.pt,4,vertical,71,2026-09-09,21:51:37.025,2026-09-09T21:51:37.025,2.3679624339997645,0,0.0,4.964970999935758,28.7062600000354,2.0,4592.83984375,19.0,1513.4375
yolo11m.pt,4,vertical,72,2026-09-09,21:51:37.057,2026-09-09T21:51:37.057,2.4000458709997474,0,0.0,5.039721000230202,29.127458999937517,3.9,4592.83984375,19.0,1513.4375
yolo11m.pt,4,vertical,73,2026-09-09,21:51:37.094,2026-09-09T21:51:37.094,2.43566167400013,0,0.0,6.061306999981753,33.758671000214235,1.7,4593.08203125,19.0,1513.4375
yolo11m.pt,4,vertical,74,2026-09-09,21:51:37.125,2026-09-09T21:51:37.125,2.4677800019999268,1,0.5897223949432373,5.123460000049818,28.321730999778083,3.9,4593.08203125,19.0,1513.4375
yolo11m.pt,4,vertical,75,2026-09-09,21:51:37.157,2026-09-09T21:51:37.157,2.499856178999835,0,0.0,5.028690000017377,28.863119000106963,2.0,4593.08203125,19.0,1513.4375
yolo11m.pt,4,vertical,76,2026-09-09,21:51:37.193,2026-09-09T21:51:37.193,2.5359198809996997,0,0.0,5.023610000080225,33.00910300004034,3.4,4593.08203125,19.0,1513.4375
yolo11m.pt,4,vertical,77,2026-09-09,21:51:37.225,2026-09-09T21:51:37.225,2.567765449000035,1,0.25094306468963623,5.093910000141477,28.938659000232292,2.0,4593.08203125,19.0,1513.4375
yolo11m.pt,4,vertical,78,2026-09-09,21:51:37.257,2026-09-09T21:51:37.257,2.5997739260001254,0,0.0,5.053690999829996,28.797360000226035,2.0,4593.08203125,19.0,1513.4375
yolo11m.pt,4,vertical,79,2026-09-09,21:51:37.293,2026-09-09T21:51:37.293,2.6358637680000356,1,0.29195478558540344,5.082520000087243,33.189353000125266,3.4,4593.08203125,19.0,1513.4375
yolo11m.pt,4,vertical,80,2026-09-09,21:51:37.325,2026-09-09T21:51:37.325,2.6681622040000548,0,0.0,5.008630999782326,29.063728999972227,2.0,4593.08203125,19.0,1513.4375
yolo11m.pt,4,vertical,81,2026-09-09,21:51:37.357,2026-09-09T21:51:37.357,2.7000127520000206,0,0.0,4.903241000192793,28.785828999843943,2.0,4593.08203125,19.0,1513.4375
yolo11m.pt,4,vertical,82,2026-09-09,21:51:37.394,2026-09-09T21:51:37.394,2.7362211939998815,1,0.44958236813545227,5.224198999712826,33.68481100005738,3.4,4593.08203125,19.0,1513.4375
yolo11m.pt,4,vertical,83,2026-09-09,21:51:37.425,2026-09-09T21:51:37.425,2.7678930619999846,1,0.18953485786914825,5.0627810001060425,28.500711000106094,2.0,4593.08203125,19.0,1513.4375
yolo11m.pt,4,vertical,84,2026-09-09,21:51:37.461,2026-09-09T21:51:37.461,2.8041177239997523,0,0.0,5.021989999931975,33.0194630000733,3.4,4593.08203125,19.0,1512.9375
yolo11m.pt,4,vertical,85,2026-09-09,21:51:37.494,2026-09-09T21:51:37.494,2.8360269609997886,1,0.24138198792934418,5.1928000002590124,29.2004480002106,2.0,4593.08203125,19.0,1512.9375
yolo11m.pt,4,vertical,86,2026-09-09,21:51:37.525,2026-09-09T21:51:37.525,2.867937408999751,0,0.0,4.990861000351288,28.59579100004339,5.8,4593.32421875,19.0,1512.9375
yolo11m.pt,4,vertical,87,2026-09-09,21:51:37.557,2026-09-09T21:51:37.557,2.899880117000066,0,0.0,4.956611000125122,28.8641799998004,2.0,4593.6875,19.0,1512.9375
yolo11m.pt,4,vertical,88,2026-09-09,21:51:37.593,2026-09-09T21:51:37.593,2.9357381290001285,0,0.0,5.036511000071187,32.898284000111744,3.4,4592.03515625,19.0,1512.9375
yolo11m.pt,4,vertical,89,2026-09-09,21:51:37.625,2026-09-09T21:51:37.625,2.9678897469998446,1,0.4230196475982666,5.0937609998982225,29.23356800010879,2.0,4592.03515625,19.0,1512.9375
yolo11m.pt,4,vertical,90,2026-09-09,21:51:37.657,2026-09-09T21:51:37.657,2.999925713999801,0,0.0,4.9978110000665765,28.706171000067116,2.0,4592.03515625,19.0,1512.9375
yolo11m.pt,4,vertical,91,2026-09-09,21:51:37.693,2026-09-09T21:51:37.693,3.0358031959999607,1,0.43900924921035767,5.1380410000092525,33.03045299981022,3.5,4592.03515625,19.0,1512.9375
yolo11m.pt,4,vertical,92,2026-09-09,21:51:37.725,2026-09-09T21:51:37.725,3.067956982999931,0,0.0,4.981240999768488,28.83417000020927,2.0,4592.03515625,19.0,1512.9375
yolo11m.pt,4,vertical,93,2026-09-09,21:51:37.757,2026-09-09T21:51:37.757,3.0998788709998735,0,0.0,4.9475010000605835,28.766729999915697,2.0,4592.03515625,19.0,1512.9375
yolo11m.pt,4,vertical,94,2026-09-09,21:51:37.793,2026-09-09T21:51:37.793,3.136048051999751,0,0.0,5.05050099991422,33.321412000077544,3.4,4592.03515625,19.0,1512.9375
yolo11m.pt,4,vertical,95,2026-09-09,21:51:37.825,2026-09-09T21:51:37.825,3.1679970800000774,0,0.0,4.916931000025215,28.812478999952873,3.9,4592.27734375,18.0,1512.9375
yolo11m.pt,4,vertical,96,2026-09-09,21:51:37.861,2026-09-09T21:51:37.861,3.204001371999766,0,0.0,4.9351310003658,32.94951399993806,1.8,4592.27734375,18.0,1512.9375
yolo11m.pt,4,vertical,97,2026-09-09,21:51:37.893,2026-09-09T21:51:37.893,3.2358058109998638,0,0.0,4.937732000144024,28.914940000049683,2.0,4592.27734375,18.0,1512.9375
yolo11m.pt,4,vertical,98,2026-09-09,21:51:37.925,2026-09-09T21:51:37.925,3.2678460879997147,0,0.0,4.930350999984512,29.053888999897026,3.9,4591.671875,18.0,1512.9375
yolo11m.pt,4,vertical,99,2026-09-09,21:51:37.961,2026-09-09T21:51:37.961,3.3038968800001385,0,0.0,5.14054000041142,33.2906329999787,3.4,4591.671875,18.0,1512.9375
yolo11m.pt,4,vertical,100,2026-09-09,21:51:37.993,2026-09-09T21:51:37.993,3.3359099069998592,0,0.0,5.04085100010343,28.965778999918257,5.8,4591.671875,18.0,1512.9375
yolo11m.pt,4,vertical,101,2026-09-09,21:51:38.025,2026-09-09T21:51:38.025,3.367912224000065,0,0.0,4.89599200000157,28.897408999910112,2.0,4591.671875,18.0,1512.9375
yolo11m.pt,4,vertical,102,2026-09-09,21:51:38.061,2026-09-09T21:51:38.061,3.4038953469998887,0,0.0,5.038870999669598,33.132073000160744,1.8,4591.671875,18.0,1512.9375
yolo11m.pt,4,vertical,103,2026-09-09,21:51:38.093,2026-09-09T21:51:38.093,3.4357914449997224,1,0.5400396585464478,5.147299999862298,29.10293799959618,3.8,4591.671875,18.0,1512.9375
yolo11m.pt,4,vertical,104,2026-09-09,21:51:38.125,2026-09-09T21:51:38.125,3.467965271000139,0,0.0,5.010460999983479,28.826509999817063,2.0,4591.671875,18.0,1512.9375
yolo11m.pt,4,vertical,105,2026-09-09,21:51:38.161,2026-09-09T21:51:38.161,3.5039093539999158,0,0.0,4.9371009999958915,32.820115000049555,3.4,4591.671875,18.0,1512.9375
yolo11m.pt,4,vertical,106,2026-09-09,21:51:38.193,2026-09-09T21:51:38.193,3.5356978519998847,1,0.6390750408172607,5.175790000066627,28.96689899989724,3.9,4591.671875,18.0,1512.9375
yolo11m.pt,4,vertical,107,2026-09-09,21:51:38.221,2026-09-09T21:51:38.221,3.5635791149998113,1,0.6390750408172607,5.297169999721518,24.92097399999693,0.0,4591.671875,18.0,1512.9375
yolo11m.pt,4,vertical,108,2026-09-09,21:51:38.261,2026-09-09T21:51:38.261,3.6036005820001265,0,0.0,5.043930999818258,36.82886899969162,3.2,4591.671875,18.0,1512.9375
yolo11m.pt,4,vertical,109,2026-09-09,21:51:38.293,2026-09-09T21:51:38.293,3.6356200599998374,0,0.0,4.969512000116083,29.13519899993844,2.0,4591.671875,18.0,1512.9375
yolo11m.pt,4,vertical,110,2026-09-09,21:51:38.325,2026-09-09T21:51:38.325,3.6677638169999227,0,0.0,5.0264699998479045,29.249388000152976,2.0,4591.671875,17.0,1512.9375
yolo11m.pt,4,vertical,111,2026-09-09,21:51:38.362,2026-09-09T21:51:38.362,3.7038587879997067,0,0.0,5.396689999997761,33.54436199970223,3.4,4591.671875,17.0,1512.9375
yolo11m.pt,4,vertical,112,2026-09-09,21:51:38.394,2026-09-09T21:51:38.394,3.736089174999961,0,0.0,5.861017999905016,29.659896999874036,2.0,4591.671875,17.0,1512.9375
yolo11m.pt,4,vertical,113,2026-09-09,21:51:38.425,2026-09-09T21:51:38.425,3.7678933130000587,0,0.0,5.021881000175199,28.035923000061302,4.0,4591.671875,17.0,1512.9375
yolo11m.pt,4,vertical,114,2026-09-09,21:51:38.461,2026-09-09T21:51:38.461,3.8039053150000655,0,0.0,5.014931000005163,32.95266399982211,1.8,4591.671875,17.0,1512.9375
yolo11m.pt,4,vertical,115,2026-09-09,21:51:38.493,2026-09-09T21:51:38.493,3.835929832000147,0,0.0,4.969561000052636,29.076117999920825,2.0,4591.671875,17.0,1512.9375
yolo11m.pt,4,vertical,116,2026-09-09,21:51:38.525,2026-09-09T21:51:38.525,3.867886080000062,0,0.0,5.071821000001364,29.069739000078698,3.8,4591.671875,17.0,1512.9375
yolo11m.pt,4,vertical,117,2026-09-09,21:51:38.561,2026-09-09T21:51:38.561,3.9038871719999406,0,0.0,5.003361000035511,33.06458399993062,1.8,4591.671875,17.0,1512.9375
yolo11m.pt,4,vertical,118,2026-09-09,21:51:38.593,2026-09-09T21:51:38.593,3.9359475100000054,0,0.0,5.091971000183548,29.154057999676297,5.7,4590.90625,17.0,1512.9375
yolo11m.pt,4,vertical,119,2026-09-09,21:51:38.625,2026-09-09T21:51:38.625,3.96793569700003,0,0.0,5.025711000143929,28.984748999846488,2.0,4590.90625,17.0,1512.9375
yolo11m.pt,4,vertical,120,2026-09-09,21:51:38.661,2026-09-09T21:51:38.661,4.003851279999708,0,0.0,5.065090000243799,32.933752999724675,3.4,4590.90625,17.0,1512.9375
yolo11m.pt,4,vertical,121,2026-09-09,21:51:38.693,2026-09-09T21:51:38.693,4.035690557999715,0,0.0,4.919501000131277,28.760899999724643,2.0,4590.66015625,17.0,1512.9375
yolo11m.pt,4,vertical,122,2026-09-09,21:51:38.725,2026-09-09T21:51:38.725,4.0678689549999945,0,0.0,5.036219999965397,29.242757999782043,3.8,4590.66015625,17.0,1512.9375
yolo11m.pt,4,vertical,123,2026-09-09,21:51:38.757,2026-09-09T21:51:38.757,4.099578122999901,0,0.0,5.070871000043553,28.67309099974591,0.0,4590.66015625,17.0,1512.9375
yolo11m.pt,4,vertical,124,2026-09-09,21:51:38.794,2026-09-09T21:51:38.794,4.135998614000073,1,0.6143479347229004,5.1794900000459165,33.83260999999038,3.4,4590.66015625,17.0,1512.9375
yolo11m.pt,4,vertical,125,2026-09-09,21:51:38.825,2026-09-09T21:51:38.825,4.167692072000136,0,0.0,4.903682000076515,28.28245099999549,2.0,4590.66015625,17.0,1512.9375
yolo11m.pt,4,vertical,126,2026-09-09,21:51:38.861,2026-09-09T21:51:38.861,4.203748993999852,0,0.0,5.176300000130141,33.288571999946726,3.4,4590.66015625,17.0,1513.75
yolo11m.pt,4,vertical,127,2026-09-09,21:51:38.893,2026-09-09T21:51:38.893,4.2358483109997,0,0.0,4.948041000261583,28.900688999783597,2.0,4590.65625,17.0,1513.75
yolo11m.pt,4,vertical,128,2026-09-09,21:51:38.925,2026-09-09T21:51:38.925,4.267932327999915,1,0.1545695662498474,5.167459999938728,29.39755699981106,3.8,4590.65625,17.0,1513.75
yolo11m.pt,4,vertical,129,2026-09-09,21:51:38.961,2026-09-09T21:51:38.961,4.30390768999996,0,0.0,4.950252000071487,32.62138499985667,3.5,4590.65625,17.0,1513.75
yolo11m.pt,4,vertical,130,2026-09-09,21:51:38.993,2026-09-09T21:51:38.993,4.335921217999839,0,0.0,4.998860999876342,28.98391899998387,2.0,4590.65625,17.0,1513.75
yolo11m.pt,4,vertical,131,2026-09-09,21:51:39.025,2026-09-09T21:51:39.025,4.367924535999919,0,0.0,4.925981999804208,29.03611900001124,3.8,4590.65625,17.0,1513.75
yolo11m.pt,4,vertical,132,2026-09-09,21:51:39.061,2026-09-09T21:51:39.061,4.403919148000114,0,0.0,5.00744000009945,32.961123999939446,1.8,4590.65625,17.0,1513.75
yolo11m.pt,4,vertical,133,2026-09-09,21:51:39.093,2026-09-09T21:51:39.093,4.435829654999907,0,0.0,4.945541999859415,28.87346899979093,3.9,4590.65625,17.0,1513.75
yolo11m.pt,4,vertical,134,2026-09-09,21:51:39.129,2026-09-09T21:51:39.129,4.471898496999984,1,0.4530302882194519,5.2495599998110265,33.46173199997793,1.8,4590.8984375,17.0,1513.75
yolo11m.pt,4,vertical,135,2026-09-09,21:51:39.161,2026-09-09T21:51:39.161,4.503953044999889,0,0.0,4.99731999980213,28.806659000110812,3.9,4590.8984375,17.0,1513.75
yolo11m.pt,4,vertical,136,2026-09-09,21:51:39.193,2026-09-09T21:51:39.193,4.53588363200015,0,0.0,5.050720999861369,28.88689900009922,2.0,4590.8984375,17.0,1513.75
yolo11m.pt,4,vertical,137,2026-09-09,21:51:39.230,2026-09-09T21:51:39.230,4.571905973999947,0,0.0,5.368549999730021,33.45359200011444,1.8,4590.8984375,17.0,1513.75
yolo11m.pt,4,vertical,138,2026-09-09,21:51:39.261,2026-09-09T21:51:39.261,4.603991771999972,1,0.1701701134443283,5.128530000092724,28.96628899998177,3.9,4590.8984375,17.0,1513.75
yolo11m.pt,4,vertical,139,2026-09-09,21:51:39.294,2026-09-09T21:51:39.294,4.635852089999844,0,0.0,5.38216899985855,28.966988999854948,2.0,4591.140625,17.0,1513.75
yolo11m.pt,4,vertical,140,2026-09-09,21:51:39.329,2026-09-09T21:51:39.329,4.671928702000059,0,0.0,5.268409000109386,32.91172399985953,5.2,4591.140625,19.0,1513.75
yolo11m.pt,4,vertical,141,2026-09-09,21:51:39.362,2026-09-09T21:51:39.362,4.704231017999973,0,0.0,5.5998279999585066,29.702355999688734,1.9,4591.140625,19.0,1513.75
yolo11m.pt,4,vertical,142,2026-09-09,21:51:39.393,2026-09-09T21:51:39.393,4.7360694260000855,0,0.0,5.07592099984322,28.314092000073288,2.0,4591.140625,19.0,1513.75
yolo11m.pt,4,vertical,143,2026-09-09,21:51:39.429,2026-09-09T21:51:39.429,4.7720646079997096,0,0.0,4.994091000298795,33.02463399995759,3.4,4591.140625,19.0,1513.75
yolo11m.pt,4,vertical,144,2026-09-09,21:51:39.461,2026-09-09T21:51:39.461,4.803891495999778,0,0.0,5.007640999792784,28.805869999814604,2.0,4591.140625,19.0,1513.75
yolo11m.pt,4,vertical,145,2026-09-09,21:51:39.493,2026-09-09T21:51:39.493,4.835881124000025,0,0.0,4.9656110004434595,29.062428000088403,3.9,4591.140625,19.0,1513.75
yolo11m.pt,4,vertical,146,2026-09-09,21:51:39.529,2026-09-09T21:51:39.529,4.871913535999738,0,0.0,5.028180999943288,33.10865299999932,1.8,4591.140625,19.0,1513.75
yolo11m.pt,4,vertical,147,2026-09-09,21:51:39.561,2026-09-09T21:51:39.561,4.903761204000148,1,0.27173078060150146,5.19295999993119,29.20258800031661,2.0,4590.8125,19.0,1513.75
yolo11m.pt,4,vertical,148,2026-09-09,21:51:39.594,2026-09-09T21:51:39.594,4.93591780099996,1,0.15678288042545319,5.288458999984869,29.24031799966542,3.9,4591.0546875,19.0,1513.75
yolo11m.pt,4,vertical,149,2026-09-09,21:51:39.629,2026-09-09T21:51:39.629,4.972019752000051,0,0.0,4.98309100021288,32.74897399978727,1.8,4591.30078125,19.0,1513.75
yolo11m.pt,4,vertical,150,2026-09-09,21:51:39.661,2026-09-09T21:51:39.661,5.003914710000117,0,0.0,4.979020999599015,28.750409999702242,2.0,4591.30078125,19.0,1513.75
yolo11m.pt,4,vertical,151,2026-09-09,21:51:39.693,2026-09-09T21:51:39.693,5.035626069000045,0,0.0,4.938981000123022,28.624421000131406,5.8,4591.30078125,19.0,1513.75
yolo11m.pt,4,vertical,152,2026-09-09,21:51:39.729,2026-09-09T21:51:39.729,5.071710660999997,0,0.0,5.084809999971185,33.13852300016151,1.8,4590.80859375,19.0,1513.75
yolo11m.pt,4,vertical,153,2026-09-09,21:51:39.761,2026-09-09T21:51:39.761,5.103947806999713,0,0.0,5.075771000065288,29.219178999937867,3.8,4590.80859375,19.0,1513.75
yolo11m.pt,4,vertical,154,2026-09-09,21:51:39.793,2026-09-09T21:51:39.793,5.135877045000143,0,0.0,5.1888399998460955,28.956649000065227,2.0,4590.80859375,19.0,1513.75
yolo11m.pt,4,vertical,155,2026-09-09,21:51:39.829,2026-09-09T21:51:39.829,5.171678778000114,0,0.0,4.96527099994637,32.70895500008919,1.8,4590.80859375,19.0,1513.75
yolo11m.pt,4,vertical,156,2026-09-09,21:51:39.861,2026-09-09T21:51:39.861,5.203684345000056,1,0.3267630338668823,5.2341900000101305,29.391416999715148,3.8,4590.80859375,19.0,1513.5
yolo11m.pt,4,vertical,157,2026-09-09,21:51:39.893,2026-09-09T21:51:39.893,5.235720353000033,0,0.0,4.95177099992361,28.755758999977843,2.0,4590.80859375,19.0,1513.5
yolo11m.pt,4,vertical,158,2026-09-09,21:51:39.929,2026-09-09T21:51:39.929,5.271984814000007,0,0.0,5.02249099963592,33.33322299977226,3.4,4591.04296875,19.0,1513.5
yolo11m.pt,4,vertical,159,2026-09-09,21:51:39.961,2026-09-09T21:51:39.961,5.303902472000118,0,0.0,5.016539999814995,29.026208999766823,3.9,4591.04296875,19.0,1513.5
yolo11m.pt,4,vertical,160,2026-09-09,21:51:39.998,2026-09-09T21:51:39.998,5.340099723000094,1,0.2655862867832184,5.21688999970138,33.443522000197845,3.4,4591.04296875,19.0,1513.5
yolo11m.pt,4,vertical,161,2026-09-09,21:51:40.029,2026-09-09T21:51:40.029,5.371856062000006,0,0.0,4.99975100001393,28.500311000243528,3.9,4591.04296875,19.0,1513.5
yolo11m.pt,4,vertical,162,2026-09-09,21:51:40.061,2026-09-09T21:51:40.061,5.403913739000018,0,0.0,5.005941000035818,28.963589999875694,2.0,4591.04296875,19.0,1513.5
yolo11m.pt,4,vertical,163,2026-09-09,21:51:40.093,2026-09-09T21:51:40.093,5.435878505999881,0,0.0,4.9708210003700515,28.9336689997981,3.8,4591.04296875,19.0,1513.5
yolo11m.pt,4,vertical,164,2026-09-09,21:51:40.129,2026-09-09T21:51:40.129,5.471855968999989,0,0.0,5.075919999853795,33.308622000276955,1.8,4591.04296875,19.0,1513.5
yolo11m.pt,4,vertical,165,2026-09-09,21:51:40.161,2026-09-09T21:51:40.161,5.503876255999785,1,0.5225386619567871,5.176050000045507,29.310287999578577,2.0,4591.04296875,19.0,1513.5
yolo11m.pt,4,vertical,166,2026-09-09,21:51:40.194,2026-09-09T21:51:40.194,5.535978453000098,1,0.39395299553871155,5.238700000063545,29.07899899992117,3.9,4591.04296875,19.0,1513.5
yolo11m.pt,4,vertical,167,2026-09-09,21:51:40.229,2026-09-09T21:51:40.229,5.5717395759998,1,0.6045874953269958,5.155281000043033,32.61134500007756,1.8,4591.28515625,19.0,1513.5
yolo11m.pt,4,vertical,168,2026-09-09,21:51:40.261,2026-09-09T21:51:40.261,5.603829462999784,1,0.20650076866149902,5.123570999785443,28.89796900035435,3.9,4591.28515625,19.0,1513.5
yolo11m.pt,4,vertical,169,2026-09-09,21:51:40.293,2026-09-09T21:51:40.293,5.63589710999986,1,0.8514127731323242,5.155220999768062,29.06243799998265,2.0,4591.28515625,19.0,1513.5
yolo11m.pt,4,vertical,170,2026-09-09,21:51:40.329,2026-09-09T21:51:40.329,5.671841652999774,0,0.0,5.064769999989949,32.73047399989082,3.6,4591.28515625,18.0,1513.5
yolo11m.pt,4,vertical,171,2026-09-09,21:51:40.361,2026-09-09T21:51:40.361,5.703855029999886,1,0.7468790411949158,5.137850999744842,29.295897999872977,2.0,4591.28515625,18.0,1513.5
yolo11m.pt,4,vertical,172,2026-09-09,21:51:40.394,2026-09-09T21:51:40.394,5.735992986999918,1,0.1546126902103424,5.378028999984963,29.30614799970499,3.8,4591.28515625,18.0,1513.5
yolo11m.pt,4,vertical,173,2026-09-09,21:51:40.429,2026-09-09T21:51:40.429,5.771825799999988,0,0.0,4.943080999964877,32.32469700014917,1.8,4591.28515625,18.0,1513.5
yolo11m.pt,4,vertical,174,2026-09-09,21:51:40.461,2026-09-09T21:51:40.461,5.803921496999919,1,0.735032320022583,5.1781199999823,29.276388000198494,3.8,4591.28515625,18.0,1513.5
yolo11m.pt,4,vertical,175,2026-09-09,21:51:40.497,2026-09-09T21:51:40.497,5.8398692689997915,1,0.21022537350654602,5.110521000005974,32.84838399986256,1.8,4591.28515625,18.0,1513.5
yolo11m.pt,4,vertical,176,2026-09-09,21:51:40.529,2026-09-09T21:51:40.529,5.871772926999711,0,0.0,5.0406609998390195,28.62344100003611,2.0,4591.28515625,18.0,1513.5
yolo11m.pt,4,vertical,177,2026-09-09,21:51:40.561,2026-09-09T21:51:40.561,5.903697984999781,1,0.434640109539032,5.141329999787558,29.227267999885953,5.8,4590.8203125,18.0,1513.5
yolo11m.pt,4,vertical,178,2026-09-09,21:51:40.597,2026-09-09T21:51:40.597,5.939927905999866,1,0.1746947169303894,5.1923609998993925,33.25222300009045,1.8,4590.8203125,18.0,1513.5
yolo11m.pt,4,vertical,179,2026-09-09,21:51:40.629,2026-09-09T21:51:40.629,5.971912244000123,1,0.1612594872713089,5.118369999763672,28.808870000375464,3.8,4590.8203125,18.0,1513.5
yolo11m.pt,4,vertical,180,2026-09-09,21:51:40.661,2026-09-09T21:51:40.661,6.004082270999788,0,0.0,5.061079999904905,28.877129000193236,2.0,4590.8203125,18.0,1513.5
yolo11m.pt,4,vertical,181,2026-09-09,21:51:40.697,2026-09-09T21:51:40.697,6.03988338399995,0,0.0,4.925261000153114,32.56829600013589,1.8,4590.8203125,18.0,1513.5
yolo11m.pt,4,vertical,182,2026-09-09,21:51:40.730,2026-09-09T21:51:40.730,6.072071230999882,1,0.47060567140579224,5.218039999817847,29.51072700034274,3.8,4590.8203125,18.0,1513.5
yolo11m.pt,4,vertical,183,2026-09-09,21:51:40.761,2026-09-09T21:51:40.761,6.103958738000074,0,0.0,4.906601999664417,28.417181000349956,2.0,4590.8203125,18.0,1513.5
yolo11m.pt,4,vertical,184,2026-09-09,21:51:40.797,2026-09-09T21:51:40.797,6.139895850999892,0,0.0,5.2921399997103435,33.23328299984496,3.4,4590.8203125,18.0,1513.5
yolo11m.pt,4,vertical,185,2026-09-09,21:51:40.829,2026-09-09T21:51:40.829,6.171896748000108,0,0.0,4.8881419997997,28.528450000067096,2.0,4590.8203125,19.0,1513.5
yolo11m.pt,4,vertical,186,2026-09-09,21:51:40.861,2026-09-09T21:51:40.861,6.2040012160000515,1,0.578866720199585,5.13653100006195,29.451126999902044,2.0,4589.04296875,19.0,1513.0
yolo11m.pt,4,vertical,187,2026-09-09,21:51:40.897,2026-09-09T21:51:40.897,6.239868218000083,1,0.5484189391136169,5.099609999888344,32.856383999842365,3.4,4589.04296875,19.0,1513.0
yolo11m.pt,4,vertical,188,2026-09-09,21:51:40.930,2026-09-09T21:51:40.930,6.272013454999978,0,0.0,5.6932979996418,29.58237700022437,3.8,4588.79296875,19.0,1513.0
yolo11m.pt,4,vertical,189,2026-09-09,21:51:40.961,2026-09-09T21:51:40.961,6.303935562999868,0,0.0,4.990180999811855,28.18911299982574,2.0,4588.79296875,19.0,1513.0
yolo11m.pt,4,vertical,190,2026-09-09,21:51:40.997,2026-09-09T21:51:40.997,6.339701366000099,0,0.0,5.015330999867729,32.72393499992177,3.5,4588.79296875,19.0,1513.0
yolo11m.pt,4,vertical,191,2026-09-09,21:51:41.029,2026-09-09T21:51:41.029,6.371839373000057,0,0.0,4.984490999959235,29.16246799986766,3.8,4588.79296875,19.0,1513.0
yolo11m.pt,4,vertical,192,2026-09-09,21:51:41.061,2026-09-09T21:51:41.061,6.403891420000036,0,0.0,4.965041000104975,28.88743899984547,3.9,4588.79296875,19.0,1513.0
yolo11m.pt,4,vertical,193,2026-09-09,21:51:41.097,2026-09-09T21:51:41.097,6.439902191999863,0,0.0,4.999651000161975,33.053514000130235,1.8,4588.79296875,19.0,1513.0
yolo11m.pt,4,vertical,194,2026-09-09,21:51:41.129,2026-09-09T21:51:41.129,6.472002169000007,0,0.0,4.9211519999516895,29.009678999955213,3.8,4588.79296875,19.0,1513.0
yolo11m.pt,4,vertical,195,2026-09-09,21:51:41.161,2026-09-09T21:51:41.161,6.504104307000034,0,0.0,4.946302000007563,29.01939899993522,2.0,4588.79296875,19.0,1513.0
yolo11m.pt,4,vertical,196,2026-09-09,21:51:41.197,2026-09-09T21:51:41.197,6.539914748999763,0,0.0,5.055020999861881,32.803883999804384,3.4,4588.79296875,19.0,1513.0
yolo11m.pt,4,vertical,197,2026-09-09,21:51:41.229,2026-09-09T21:51:41.229,6.571762687000046,0,0.0,5.004190999898128,28.787329999886424,2.0,4588.79296875,19.0,1513.0
yolo11m.pt,4,vertical,198,2026-09-09,21:51:41.261,2026-09-09T21:51:41.261,6.603903304000141,0,0.0,5.002961000172945,28.981269000269094,2.0,4588.79296875,19.0,1513.0
yolo11m.pt,4,vertical,199,2026-09-09,21:51:41.297,2026-09-09T21:51:41.297,6.639965825999752,0,0.0,4.948940999838669,33.013682999808225,3.5,4588.79296875,19.0,1513.0
yolo11m.pt,4,vertical,200,2026-09-09,21:51:41.329,2026-09-09T21:51:41.329,6.671971563999705,1,0.39648088812828064,5.1496099999894795,29.319206999844027,2.0,4588.79296875,19.0,1513.0
yolo11m.pt,4,vertical,201,2026-09-09,21:51:41.361,2026-09-09T21:51:41.361,6.703938450999885,0,0.0,4.91755099983493,28.693069999917498,3.9,4588.79296875,19.0,1513.0
yolo11m.pt,4,vertical,202,2026-09-09,21:51:41.397,2026-09-09T21:51:41.397,6.740012342999762,0,0.0,4.921821000152704,33.1015629999456,3.4,4588.79296875,19.0,1513.0
yolo11m.pt,4,vertical,203,2026-09-09,21:51:41.429,2026-09-09T21:51:41.429,6.771909551000135,0,0.0,4.931750999730866,28.863129999990633,2.0,4588.79296875,19.0,1513.0
yolo11m.pt,4,vertical,204,2026-09-09,21:51:41.461,2026-09-09T21:51:41.461,6.803957247999733,0,0.0,4.963170999872091,28.966729000330815,3.8,4588.79296875,19.0,1513.0
yolo11m.pt,4,vertical,205,2026-09-09,21:51:41.497,2026-09-09T21:51:41.497,6.839831030999903,0,0.0,4.904340999928536,32.78963399998247,1.8,4588.79296875,19.0,1513.0
yolo11m.pt,4,vertical,206,2026-09-09,21:51:41.529,2026-09-09T21:51:41.529,6.871975367999767,0,0.0,4.962270999840257,29.08338899987939,2.0,4588.79296875,19.0,1513.0
yolo11m.pt,4,vertical,207,2026-09-09,21:51:41.565,2026-09-09T21:51:41.565,6.907990740000059,0,0.0,4.951350999817805,32.95955400017192,3.4,4588.79296875,19.0,1513.0
yolo11m.pt,4,vertical,208,2026-09-09,21:51:41.597,2026-09-09T21:51:41.597,6.940142776999892,0,0.0,5.032171000038943,29.125368999757484,2.0,4588.99609375,19.0,1513.0
yolo11m.pt,4,vertical,209,2026-09-09,21:51:41.630,2026-09-09T21:51:41.630,6.972059225000066,1,0.17206108570098877,5.121830000007321,29.208948999894346,3.9,4588.99609375,19.0,1513.0
yolo11m.pt,4,vertical,210,2026-09-09,21:51:41.665,2026-09-09T21:51:41.665,7.008046197000112,0,0.0,5.025260999900638,32.76036499983093,1.8,4588.99609375,19.0,1513.0
yolo11m.pt,4,vertical,211,2026-09-09,21:51:41.697,2026-09-09T21:51:41.697,7.040009834000102,0,0.0,5.021440999826154,29.011798999817984,2.0,4588.99609375,19.0,1513.0
yolo11m.pt,4,vertical,212,2026-09-09,21:51:41.725,2026-09-09T21:51:41.725,7.067590869000014,0,0.0,5.274089999602438,24.718166000184283,2.3,4588.99609375,19.0,1513.0
yolo11m.pt,4,vertical,213,2026-09-09,21:51:41.765,2026-09-09T21:51:41.765,7.107658944999912,0,0.0,4.961431000083394,36.977698000100645,3.1,4588.99609375,19.0,1513.0
yolo11m.pt,4,vertical,214,2026-09-09,21:51:41.797,2026-09-09T21:51:41.797,7.139888121999775,0,0.0,5.00189100011994,29.275758000039787,2.0,4588.99609375,19.0,1513.0
yolo11m.pt,4,vertical,215,2026-09-09,21:51:41.830,2026-09-09T21:51:41.830,7.172000058999856,1,0.2762187719345093,5.1235209998594655,29.39800700005435,2.0,4588.99609375,17.0,1513.0
yolo11m.pt,4,vertical,216,2026-09-09,21:51:41.865,2026-09-09T21:51:41.865,7.207891441999891,0,0.0,5.027871000038431,32.616435999898385,5.2,4588.99609375,17.0,1513.0
yolo11m.pt,4,vertical,217,2026-09-09,21:51:41.897,2026-09-09T21:51:41.897,7.239951098999882,1,0.3008037507534027,5.126541000208817,29.250737999973353,2.0,4588.99609375,17.0,1513.0
yolo11m.pt,4,vertical,218,2026-09-09,21:51:41.929,2026-09-09T21:51:41.929,7.272111266000138,0,0.0,5.055190999883052,28.883110000151646,3.9,4589.23046875,17.0,1513.0
yolo11m.pt,4,vertical,219,2026-09-09,21:51:41.965,2026-09-09T21:51:41.965,7.308080597999833,0,0.0,4.9940809999498015,33.01327300005141,3.4,4589.23046875,17.0,1513.0
yolo11m.pt,4,vertical,220,2026-09-09,21:51:41.997,2026-09-09T21:51:41.997,7.339961426999707,0,0.0,5.023620999963896,28.893999000047188,2.0,4589.23046875,17.0,1513.0
yolo11m.pt,4,vertical,221,2026-09-09,21:51:42.030,2026-09-09T21:51:42.030,7.3719909339997685,0,0.0,5.253358999652846,29.267368000091665,2.0,4589.23046875,17.0,1513.0
yolo11m.pt,4,vertical,222,2026-09-09,21:51:42.061,2026-09-09T21:51:42.061,7.403593343000011,0,0.0,5.233859999862034,28.55370099996435,2.0,4589.23046875,17.0,1513.0
yolo11m.pt,4,vertical,223,2026-09-09,21:51:42.097,2026-09-09T21:51:42.097,7.4398631340000065,1,0.20063918828964233,5.164079999758542,33.55484099984096,3.4,4589.23046875,17.0,1513.0
yolo11m.pt,4,vertical,224,2026-09-09,21:51:42.130,2026-09-09T21:51:42.130,7.4720147109997015,1,0.15543468296527863,5.186589999993885,29.16111800004728,3.8,4589.23046875,17.0,1513.0
yolo11m.pt,4,vertical,225,2026-09-09,21:51:42.165,2026-09-09T21:51:42.165,7.508025972999803,0,0.0,4.96721100034847,32.63070599996354,3.5,4589.23046875,17.0,1513.0
yolo11m.pt,4,vertical,226,2026-09-09,21:51:42.197,2026-09-09T21:51:42.197,7.539957981000043,0,0.0,5.035300000145071,28.90469900012249,2.0,4589.23046875,17.0,1513.0
yolo11m.pt,4,vertical,227,2026-09-09,21:51:42.229,2026-09-09T21:51:42.229,7.571880778999912,0,0.0,4.979431000265322,28.927428999850235,3.9,4589.23046875,17.0,1513.0
yolo11m.pt,4,vertical,228,2026-09-09,21:51:42.265,2026-09-09T21:51:42.265,7.607878590999917,0,0.0,5.048040000019682,33.0664030002481,1.8,4589.23046875,17.0,1513.0
yolo11m.pt,4,vertical,229,2026-09-09,21:51:42.297,2026-09-09T21:51:42.297,7.639981077999892,0,0.0,4.959160999987944,29.16246900031183,3.9,4589.23046875,17.0,1513.0
yolo11m.pt,4,vertical,230,2026-09-09,21:51:42.329,2026-09-09T21:51:42.329,7.6720911150000575,0,0.0,5.01624999969863,29.034468000190827,2.0,4589.47265625,19.0,1513.0
yolo11m.pt,4,vertical,231,2026-09-09,21:51:42.365,2026-09-09T21:51:42.365,7.707853968000109,1,0.30423885583877563,5.121780000081344,32.96266400002423,1.8,4589.47265625,19.0,1513.0
yolo11m.pt,4,vertical,232,2026-09-09,21:51:42.397,2026-09-09T21:51:42.397,7.739959884999735,0,0.0,5.0084810000043944,28.860070000064297,3.8,4589.47265625,19.0,1513.0
yolo11m.pt,4,vertical,233,2026-09-09,21:51:42.429,2026-09-09T21:51:42.429,7.771933782999895,1,0.17015570402145386,5.155780000222876,29.208427999947162,2.0,4589.47265625,19.0,1513.0
yolo11m.pt,4,vertical,234,2026-09-09,21:51:42.465,2026-09-09T21:51:42.465,7.807982224999705,0,0.0,4.988680999758799,32.78929399994013,3.4,4589.47265625,19.0,1513.0
yolo11m.pt,4,vertical,235,2026-09-09,21:51:42.497,2026-09-09T21:51:42.497,7.839894042999731,1,0.29529938101768494,5.185790000268753,29.22179799998048,2.0,4589.71484375,19.0,1513.0
yolo11m.pt,4,vertical,236,2026-09-09,21:51:42.529,2026-09-09T21:51:42.529,7.8721522289997665,0,0.0,5.040860999997676,28.97314899973935,3.9,4589.95703125,19.0,1513.0
yolo11m.pt,4,vertical,237,2026-09-09,21:51:42.565,2026-09-09T21:51:42.565,7.907640782999806,0,0.0,4.959790999691904,32.35214599999381,3.5,4589.953125,19.0,1513.0
yolo11m.pt,4,vertical,238,2026-09-09,21:51:42.597,2026-09-09T21:51:42.597,7.9397075009997025,0,0.0,5.04198999988148,29.04853900008675,3.8,4589.953125,19.0,1513.0
yolo11m.pt,4,vertical,239,2026-09-09,21:51:42.629,2026-09-09T21:51:42.629,7.9718691980001495,1,0.1815905123949051,5.158080000001064,29.440607000196906,3.8,4589.94921875,19.0,1513.0
yolo11m.pt,4,vertical,240,2026-09-09,21:51:42.666,2026-09-09T21:51:42.666,8.007936009999867,1,0.17009593546390533,5.233730000327341,33.024284000021,1.8,4589.94921875,19.0,1513.0
yolo11m.pt,4,vertical,241,2026-09-09,21:51:42.698,2026-09-09T21:51:42.698,8.04027998599986,0,0.0,5.009160000099655,28.9380990002428,5.8,4589.94921875,19.0,1513.0
yolo11m.pt,4,vertical,242,2026-09-09,21:51:42.729,2026-09-09T21:51:42.729,8.071990183999787,0,0.0,5.094700999961788,28.685910999683983,2.0,4589.94921875,19.0,1513.0
yolo11m.pt,4,vertical,243,2026-09-09,21:51:42.765,2026-09-09T21:51:42.765,8.107873106999705,1,0.5759609341621399,5.163520000223798,33.10813300004156,5.1,4589.94921875,19.0,1513.0
yolo11m.pt,4,vertical,244,2026-09-09,21:51:42.797,2026-09-09T21:51:42.797,8.139688204999857,0,0.0,5.040000999997574,28.483311000400136,2.0,4589.94921875,19.0,1513.0
yolo11m.pt,4,vertical,245,2026-09-09,21:51:42.825,2026-09-09T21:51:42.825,8.167588677999902,0,0.0,4.9954409996644245,24.945824000042194,2.2,4589.94921875,19.0,1513.0
yolo11m.pt,4,vertical,246,2026-09-09,21:51:42.865,2026-09-09T21:51:42.865,8.207615734999763,1,0.4132835566997528,5.244950000360404,37.5758160002988,3.1,4589.94921875,19.0,1513.0
yolo11m.pt,4,vertical,247,2026-09-09,21:51:42.897,2026-09-09T21:51:42.897,8.239893000999928,1,0.1741694211959839,5.165230000329757,29.256787999656808,3.9,4589.94921875,19.0,1513.0
yolo11m.pt,4,vertical,248,2026-09-09,21:51:42.929,2026-09-09T21:51:42.929,8.271796108999752,0,0.0,5.08351100006621,28.58861100003196,2.0,4589.59375,19.0,1513.0
yolo11m.pt,4,vertical,249,2026-09-09,21:51:42.965,2026-09-09T21:51:42.965,8.30761024200001,1,0.4906849265098572,5.170189999716968,33.030553000116925,5.1,4589.59375,19.0,1513.0
yolo11m.pt,4,vertical,250,2026-09-09,21:51:42.997,2026-09-09T21:51:42.997,8.339670359000138,1,0.4642885625362396,5.206299999827024,29.07983899967803,2.0,4589.59375,19.0,1513.0
yolo11m.pt,4,vertical,251,2026-09-09,21:51:43.033,2026-09-09T21:51:43.033,8.375789750999957,1,0.21340647339820862,5.191660000036791,33.20968300022287,3.4,4589.59375,19.0,1513.0
yolo11m.pt,4,vertical,252,2026-09-09,21:51:43.065,2026-09-09T21:51:43.065,8.407896937999794,0,0.0,5.35132999993948,29.110308999861445,3.8,4589.59375,19.0,1513.0
yolo11m.pt,4,vertical,253,2026-09-09,21:51:43.097,2026-09-09T21:51:43.097,8.439633496999704,0,0.0,5.029940999975224,28.437780999865936,5.9,4589.59375,19.0,1513.0
yolo11m.pt,4,vertical,254,2026-09-09,21:51:43.133,2026-09-09T21:51:43.133,8.475753557999724,1,0.7552710175514221,5.306830000336049,33.40705099981278,1.7,4589.59375,19.0,1513.0
yolo11m.pt,4,vertical,255,2026-09-09,21:51:43.165,2026-09-09T21:51:43.165,8.5077297859998,1,0.27310386300086975,5.170280000129424,29.166607999741245,2.0,4589.59375,19.0,1513.0
yolo11m.pt,4,vertical,256,2026-09-09,21:51:43.197,2026-09-09T21:51:43.197,8.539760773000125,0,0.0,5.142670000168437,28.863228999853163,2.0,4589.59375,19.0,1513.0
yolo11m.pt,4,vertical,257,2026-09-09,21:51:43.233,2026-09-09T21:51:43.233,8.575826604999747,1,0.21909917891025543,5.161990000033256,33.29665199998999,5.1,4589.59375,19.0,1513.0
yolo11m.pt,4,vertical,258,2026-09-09,21:51:43.265,2026-09-09T21:51:43.265,8.607855222000126,1,0.7408377528190613,5.249519999779295,29.08768900033465,2.0,4589.59375,19.0,1513.0
yolo11m.pt,4,vertical,259,2026-09-09,21:51:43.297,2026-09-09T21:51:43.297,8.639725369999724,1,0.7879060506820679,5.185539999729372,28.90303000003769,3.9,4589.59375,19.0,1513.0
yolo11m.pt,4,vertical,260,2026-09-09,21:51:43.333,2026-09-09T21:51:43.333,8.675655532999826,1,0.6597297787666321,5.224940000061906,32.952474000012444,3.4,4589.59375,19.0,1513.0
yolo11m.pt,4,vertical,261,2026-09-09,21:51:43.365,2026-09-09T21:51:43.365,8.707755330000055,0,0.0,4.944201000398607,28.688639999927545,2.0,4589.59375,19.0,1513.0
yolo11m.pt,4,vertical,262,2026-09-09,21:51:43.397,2026-09-09T21:51:43.397,8.739695586999915,1,0.34230053424835205,5.196890999741299,29.251257999931113,3.9,4589.59375,19.0,1513.0
yolo11m.pt,4,vertical,263,2026-09-09,21:51:43.433,2026-09-09T21:51:43.433,8.775971138999921,0,0.0,4.93844100037677,32.9971830001341,3.4,4589.59375,19.0,1513.0
yolo11m.pt,4,vertical,264,2026-09-09,21:51:43.465,2026-09-09T21:51:43.465,8.807797547000064,0,0.0,5.0343510001766845,28.863559999990684,2.0,4589.59375,19.0,1513.0
yolo11m.pt,4,vertical,265,2026-09-09,21:51:43.498,2026-09-09T21:51:43.498,8.839885173999846,1,0.6833231449127197,5.545139000332711,29.68862599982458,3.8,4589.59375,19.0,1513.0
yolo11m.pt,4,vertical,266,2026-09-09,21:51:43.534,2026-09-09T21:51:43.534,8.875915705999887,1,0.6325809955596924,5.261000000245986,32.65800400004082,1.8,4589.59375,19.0,1513.0
yolo11m.pt,4,vertical,267,2026-09-09,21:51:43.565,2026-09-09T21:51:43.565,8.907919543999924,1,0.4643443524837494,5.102099999930942,28.904458999932103,5.8,4589.171875,19.0,1513.0
yolo11m.pt,4,vertical,268,2026-09-09,21:51:43.597,2026-09-09T21:51:43.597,8.939793651999935,1,0.2346985787153244,5.2121500002613175,28.859889000159455,3.8,4589.4140625,19.0,1513.0
yolo11m.pt,4,vertical,269,2026-09-09,21:51:43.633,2026-09-09T21:51:43.633,8.975723003999974,0,0.0,4.917330999887781,32.54261499978384,1.8,4589.4140625,19.0,1513.0
yolo11m.pt,4,vertical,270,2026-09-09,21:51:43.665,2026-09-09T21:51:43.665,9.007787530999849,0,0.0,5.041911000262189,29.137898000044515,5.7,4589.4140625,19.0,1513.0
yolo11m.pt,4,vertical,271,2026-09-09,21:51:43.697,2026-09-09T21:51:43.697,9.039954137999757,1,0.21317745745182037,5.1613799996630405,29.367467999691144,2.0,4589.4140625,19.0,1513.0
yolo11m.pt,4,vertical,272,2026-09-09,21:51:43.733,2026-09-09T21:51:43.733,9.07583619099978,0,0.0,5.0446210002519365,32.54765600013343,1.8,4590.1484375,19.0,1513.0
yolo11m.pt,4,vertical,273,2026-09-09,21:51:43.765,2026-09-09T21:51:43.765,9.107804087999739,0,0.0,4.977051000423671,29.032738999831054,3.9,4590.1484375,19.0,1513.0
yolo11m.pt,4,vertical,274,2026-09-09,21:51:43.797,2026-09-09T21:51:43.797,9.139808894999987,0,0.0,5.037291000007826,29.04277799962074,3.8,4590.390625,19.0,1513.0
yolo11m.pt,4,vertical,275,2026-09-09,21:51:43.833,2026-09-09T21:51:43.833,9.175781097999788,1,0.17658421397209167,5.108540000037465,33.23388299986618,3.4,4590.390625,19.0,1513.0
yolo11m.pt,4,vertical,276,2026-09-09,21:51:43.865,2026-09-09T21:51:43.865,9.207648036000137,0,0.0,5.040089999965858,28.548830000090675,4.0,4590.390625,19.0,1510.5
yolo11m.pt,4,vertical,277,2026-09-09,21:51:43.897,2026-09-09T21:51:43.897,9.239661983000133,0,0.0,4.958501000146498,29.031528999894363,2.0,4590.390625,19.0,1510.5
yolo11m.pt,4,vertical,278,2026-09-09,21:51:43.933,2026-09-09T21:51:43.933,9.275724815000103,0,0.0,5.024811000112095,33.11188399993625,5.2,4590.3828125,19.0,1510.5
yolo11m.pt,4,vertical,279,2026-09-09,21:51:43.965,2026-09-09T21:51:43.965,9.307768361999933,0,0.0,4.951501000050484,29.029619000084494,3.8,4590.3828125,19.0,1510.5
yolo11m.pt,4,vertical,280,2026-09-09,21:51:44.001,2026-09-09T21:51:44.001,9.343776773999707,1,0.4169290363788605,5.222020000019256,33.28805299997839,3.4,4590.3828125,19.0,1510.5
yolo11m.pt,4,vertical,281,2026-09-09,21:51:44.033,2026-09-09T21:51:44.033,9.375661651999962,0,0.0,4.98872099979053,28.53107100008856,2.0,4590.3828125,19.0,1510.5
yolo11m.pt,4,vertical,282,2026-09-09,21:51:44.065,2026-09-09T21:51:44.065,9.407641280000007,0,0.0,5.041150000124617,28.91337900018698,3.9,4590.3828125,19.0,1510.5
yolo11m.pt,4,vertical,283,2026-09-09,21:51:44.097,2026-09-09T21:51:44.097,9.439499107999836,0,0.0,4.940550999890547,28.81165000007968,3.9,4590.3828125,19.0,1510.5
yolo11m.pt,4,vertical,284,2026-09-09,21:51:44.133,2026-09-09T21:51:44.133,9.475829289000103,0,0.0,5.033820000335254,33.29953200000091,3.4,4590.3828125,19.0,1510.5
yolo11m.pt,4,vertical,285,2026-09-09,21:51:44.165,2026-09-09T21:51:44.165,9.507734896999864,0,0.0,4.938601000048948,28.831248999722447,2.0,4590.3828125,19.0,1510.5
yolo11m.pt,4,vertical,286,2026-09-09,21:51:44.197,2026-09-09T21:51:44.197,9.539779213999736,1,0.4046163558959961,5.21798999989187,29.364257999986876,2.0,4590.3828125,19.0,1510.5
yolo11m.pt,4,vertical,287,2026-09-09,21:51:44.233,2026-09-09T21:51:44.233,9.575890025999797,0,0.0,4.971290999947087,32.84053400011544,5.1,4590.3828125,19.0,1510.5
yolo11m.pt,4,vertical,288,2026-09-09,21:51:44.265,2026-09-09T21:51:44.265,9.60782508300008,0,0.0,5.041820999849733,28.857608999715012,2.0,4590.3828125,19.0,1510.5
yolo11m.pt,4,vertical,289,2026-09-09,21:51:44.301,2026-09-09T21:51:44.301,9.643946144999973,0,0.0,4.939610999826982,33.03317399968364,3.4,4590.3828125,19.0,1510.5
yolo11m.pt,4,vertical,290,2026-09-09,21:51:44.333,2026-09-09T21:51:44.333,9.675690993999979,1,0.22620488703250885,5.218139000135125,29.107717999977467,2.0,4590.3828125,19.0,1510.5
yolo11m.pt,4,vertical,291,2026-09-09,21:51:44.361,2026-09-09T21:51:44.361,9.703598607000004,1,0.22620488703250885,5.279970000174217,24.999993999699655,4.3,4590.3828125,19.0,1510.5
yolo11m.pt,4,vertical,292,2026-09-09,21:51:44.401,2026-09-09T21:51:44.401,9.743651752999995,0,0.0,5.067421000148897,36.834159000136424,1.6,4590.3828125,19.0,1510.5
yolo11m.pt,4,vertical,293,2026-09-09,21:51:44.433,2026-09-09T21:51:44.433,9.775708370999837,1,0.4605722725391388,5.13474999979735,29.256358000111504,3.9,4590.3828125,19.0,1510.5
yolo11m.pt,4,vertical,294,2026-09-09,21:51:44.465,2026-09-09T21:51:44.465,9.807731108000098,1,0.5465937256813049,5.219340000166994,28.963569000097777,3.8,4590.13671875,19.0,1510.5
yolo11m.pt,4,vertical,295,2026-09-09,21:51:44.501,2026-09-09T21:51:44.501,9.843731630000093,0,0.0,4.98030100015967,32.64500500017675,1.8,4590.13671875,19.0,1510.5
yolo11m.pt,4,vertical,296,2026-09-09,21:51:44.533,2026-09-09T21:51:44.533,9.87578352699984,1,0.34364259243011475,5.214660000092408,29.31562699995993,5.7,4589.78125,19.0,1510.5
yolo11m.pt,4,vertical,297,2026-09-09,21:51:44.561,2026-09-09T21:51:44.561,9.903608450999855,1,0.34364259243011475,5.1149199998690165,24.747724999997445,2.3,4589.78125,19.0,1510.5
yolo11m.pt,4,vertical,298,2026-09-09,21:51:44.601,2026-09-09T21:51:44.601,9.943862867000007,0,0.0,5.066029999852617,37.28760700005296,1.6,4589.7734375,19.0,1510.5
yolo11m.pt,4,vertical,299,2026-09-09,21:51:44.633,2026-09-09T21:51:44.633,9.975969883999824,0,0.0,4.942120999658073,28.95544900002278,2.0,4589.703125,19.0,1510.5
yolo11m.pt,4,vertical,300,2026-09-09,21:51:44.665,2026-09-09T21:51:44.665,10.007756552000046,0,0.0,5.02872099968954,28.895799000110856,2.0,4589.703125,19.0,1510.5
yolo11m.pt,5,free_depth_motion,1,2026-09-09,21:51:48.687,2026-09-09T21:51:48.687,0.031762437999987014,0,0.0,6.370145000346383,38.728650999928504,2.0,4586.66015625,5.0,1514.875
yolo11m.pt,5,free_depth_motion,2,2026-09-09,21:51:48.721,2026-09-09T21:51:48.721,0.06800019899992549,0,0.0,5.1626800000121875,31.732687999920017,1.9,4586.66015625,5.0,1514.875
yolo11m.pt,5,free_depth_motion,3,2026-09-09,21:51:48.754,2026-09-09T21:51:48.754,0.09975549799992223,0,0.0,5.119560000366619,30.037773999993078,3.8,4566.55078125,5.0,1514.875
yolo11m.pt,5,free_depth_motion,4,2026-09-09,21:51:48.790,2026-09-09T21:51:48.790,0.1363416680001137,1,0.25680050253868103,5.255568999928073,32.43179600030999,1.8,4572.21484375,5.0,1514.875
yolo11m.pt,5,free_depth_motion,5,2026-09-09,21:51:48.821,2026-09-09T21:51:48.821,0.1678727369999251,0,0.0,5.111080000006041,28.153262000159884,5.9,4572.21484375,5.0,1514.875
yolo11m.pt,5,free_depth_motion,6,2026-09-09,21:51:48.853,2026-09-09T21:51:48.853,0.19988594400001602,0,0.0,4.997121000087645,28.964638999696035,2.0,4572.21484375,18.0,1514.875
yolo11m.pt,5,free_depth_motion,7,2026-09-09,21:51:48.889,2026-09-09T21:51:48.889,0.23600308599998243,0,0.0,5.248990000382037,33.270863000325335,3.4,4572.21484375,18.0,1515.5
yolo11m.pt,5,free_depth_motion,8,2026-09-09,21:51:48.921,2026-09-09T21:51:48.921,0.26784665400009544,0,0.0,5.096231000152329,28.723350000291248,4.0,4572.69140625,18.0,1515.5
yolo11m.pt,5,free_depth_motion,9,2026-09-09,21:51:48.954,2026-09-09T21:51:48.954,0.3000053010000556,1,0.3364394009113312,5.343229999652976,29.49504700018224,3.8,4572.69140625,18.0,1515.5
yolo11m.pt,5,free_depth_motion,10,2026-09-09,21:51:48.989,2026-09-09T21:51:48.989,0.3357773640000232,1,0.5195220112800598,5.240880000201287,32.637694999721134,1.8,4572.69140625,18.0,1515.5
yolo11m.pt,5,free_depth_motion,11,2026-09-09,21:51:49.021,2026-09-09T21:51:49.021,0.36774633200002427,0,0.0,5.144190000009985,28.65373000031468,2.0,4572.69140625,18.0,1515.5
yolo11m.pt,5,free_depth_motion,12,2026-09-09,21:51:49.049,2026-09-09T21:51:49.049,0.39577253400011614,0,0.0,5.0615810000635975,24.92692400028318,2.2,4572.69140625,18.0,1515.5
yolo11m.pt,5,free_depth_motion,13,2026-09-09,21:51:49.089,2026-09-09T21:51:49.089,0.43593978099988817,0,0.0,5.177699999876495,37.44636700002957,3.1,4572.69140625,18.0,1515.5
yolo11m.pt,5,free_depth_motion,14,2026-09-09,21:51:49.121,2026-09-09T21:51:49.121,0.467780147999747,1,0.25276410579681396,5.211630999838235,28.993898999942758,2.0,4572.69140625,18.0,1515.5
yolo11m.pt,5,free_depth_motion,15,2026-09-09,21:51:49.153,2026-09-09T21:51:49.153,0.49986554599990995,0,0.0,5.096960000173567,28.83217999988119,2.0,4572.69140625,18.0,1515.5
yolo11m.pt,5,free_depth_motion,16,2026-09-09,21:51:49.189,2026-09-09T21:51:49.189,0.5356990579998637,1,0.4599759578704834,5.131591000008484,32.84750399961922,3.4,4572.69140625,18.0,1515.5
yolo11m.pt,5,free_depth_motion,17,2026-09-09,21:51:49.221,2026-09-09T21:51:49.221,0.5679262049998215,1,0.5273036956787109,5.20516000005955,29.259317999731138,2.0,4572.69140625,18.0,1515.5
yolo11m.pt,5,free_depth_motion,18,2026-09-09,21:51:49.253,2026-09-09T21:51:49.253,0.5997025140000005,1,0.6726011633872986,5.169659999864962,28.721520000090095,2.0,4572.69140625,18.0,1515.5
yolo11m.pt,5,free_depth_motion,19,2026-09-09,21:51:49.289,2026-09-09T21:51:49.289,0.635920244999852,1,0.6814699172973633,5.2740999999514315,33.20715299969379,5.1,4572.69140625,18.0,1515.5
yolo11m.pt,5,free_depth_motion,20,2026-09-09,21:51:49.321,2026-09-09T21:51:49.321,0.6678559530000712,1,0.29943937063217163,5.120400000123482,28.700100999685674,2.0,4572.69140625,18.0,1515.5
yolo11m.pt,5,free_depth_motion,21,2026-09-09,21:51:49.353,2026-09-09T21:51:49.353,0.6999949299997752,1,0.6209498643875122,5.243789999894943,29.20561800010546,2.0,4572.69140625,19.0,1515.5
yolo11m.pt,5,free_depth_motion,22,2026-09-09,21:51:49.389,2026-09-09T21:51:49.389,0.7358027519999268,0,0.0,4.944171999795799,32.37424600001759,3.6,4572.69140625,19.0,1515.5
yolo11m.pt,5,free_depth_motion,23,2026-09-09,21:51:49.421,2026-09-09T21:51:49.421,0.7679510899997695,1,0.39868420362472534,5.277019000004657,29.623456999615883,1.9,4572.69140625,19.0,1515.5
yolo11m.pt,5,free_depth_motion,24,2026-09-09,21:51:49.453,2026-09-09T21:51:49.453,0.7999162969999816,1,0.8445335030555725,5.112199999985023,28.732610000133718,3.9,4572.69140625,19.0,1515.5
yolo11m.pt,5,free_depth_motion,25,2026-09-09,21:51:49.485,2026-09-09T21:51:49.485,0.8317818249997799,1,0.8445335030555725,5.3903889997855,29.08156900002723,0.0,4572.69140625,19.0,1515.5
yolo11m.pt,5,free_depth_motion,26,2026-09-09,21:51:49.521,2026-09-09T21:51:49.521,0.8678465769999093,1,0.5867957472801208,5.162380000001576,32.970294000278955,3.5,4572.69140625,19.0,1515.5
yolo11m.pt,5,free_depth_motion,27,2026-09-09,21:51:49.553,2026-09-09T21:51:49.553,0.8998865240000669,1,0.7937137484550476,5.2805299997089605,29.181499000060285,2.0,4572.69140625,19.0,1515.5
yolo11m.pt,5,free_depth_motion,28,2026-09-09,21:51:49.589,2026-09-09T21:51:49.589,0.9354532180000206,1,0.4961584210395813,5.108820999794261,32.34353600009854,3.5,4573.3359375,19.0,1515.25
yolo11m.pt,5,free_depth_motion,29,2026-09-09,21:51:49.621,2026-09-09T21:51:49.621,0.9678500539998822,1,0.6662769317626953,5.211099999996804,29.481906999990315,3.8,4573.3359375,19.0,1515.25
yolo11m.pt,5,free_depth_motion,30,2026-09-09,21:51:49.653,2026-09-09T21:51:49.653,0.9998460619999605,1,0.5575124025344849,5.095389999951294,28.855308999936824,2.0,4573.3359375,19.0,1515.25
yolo11m.pt,5,free_depth_motion,31,2026-09-09,21:51:49.689,2026-09-09T21:51:49.689,1.0359296940000604,1,0.5595843195915222,5.33142999984193,33.32615199997235,1.7,4573.3359375,19.0,1515.25
yolo11m.pt,5,free_depth_motion,32,2026-09-09,21:51:49.721,2026-09-09T21:51:49.721,1.067710322000039,0,0.0,4.9731409999367315,28.366292000100657,4.0,4573.3359375,19.0,1515.25
yolo11m.pt,5,free_depth_motion,33,2026-09-09,21:51:49.753,2026-09-09T21:51:49.753,1.0999138580000363,1,0.6209821105003357,5.309169999691221,29.713197000091895,2.0,4573.3359375,19.0,1515.25
yolo11m.pt,5,free_depth_motion,34,2026-09-09,21:51:49.789,2026-09-09T21:51:49.789,1.135995130000083,1,0.5376092195510864,5.173151000235521,32.95427400007611,5.1,4573.3359375,19.0,1515.25
yolo11m.pt,5,free_depth_motion,35,2026-09-09,21:51:49.821,2026-09-09T21:51:49.821,1.167926178000016,1,0.3434746265411377,5.235640000137209,28.94292900009532,2.0,4573.08984375,19.0,1515.25
yolo11m.pt,5,free_depth_motion,36,2026-09-09,21:51:49.857,2026-09-09T21:51:49.857,1.204129359000035,1,0.5266672968864441,5.159410000032949,33.07761299993217,1.8,4572.84375,19.0,1515.25
yolo11m.pt,5,free_depth_motion,37,2026-09-09,21:51:49.889,2026-09-09T21:51:49.889,1.2359558279999874,1,0.7463430762290955,5.303648999870347,28.902430000016466,3.9,4572.84375,19.0,1515.25
yolo11m.pt,5,free_depth_motion,38,2026-09-09,21:51:49.921,2026-09-09T21:51:49.921,1.2679120550001244,0,0.0,4.933920999974362,28.422960999705538,2.0,4573.8125,19.0,1515.25
yolo11m.pt,5,free_depth_motion,39,2026-09-09,21:51:49.957,2026-09-09T21:51:49.957,1.304022736999741,1,0.2416510283946991,5.225550000432122,33.47091200021168,3.4,4573.8125,19.0,1515.25
yolo11m.pt,5,free_depth_motion,40,2026-09-09,21:51:49.989,2026-09-09T21:51:49.989,1.3358675449999282,1,0.6852102279663086,5.086730000130046,28.691380000054778,2.0,4573.80859375,19.0,1515.25
yolo11m.pt,5,free_depth_motion,41,2026-09-09,21:51:50.021,2026-09-09T21:51:50.021,1.3678629319997526,1,0.39830517768859863,5.248590000064723,29.23832799979209,3.8,4573.80859375,19.0,1515.25
yolo11m.pt,5,free_depth_motion,42,2026-09-09,21:51:50.057,2026-09-09T21:51:50.057,1.403844374000073,1,0.7522974014282227,5.136191000019608,32.911813000282564,3.5,4573.80859375,19.0,1515.25
yolo11m.pt,5,free_depth_motion,43,2026-09-09,21:51:50.089,2026-09-09T21:51:50.089,1.4360122610000872,1,0.25373148918151855,5.256939999981114,29.356928000197513,2.0,4573.80859375,19.0,1515.25
yolo11m.pt,5,free_depth_motion,44,2026-09-09,21:51:50.121,2026-09-09T21:51:50.121,1.4677913099999387,1,0.19930067658424377,5.104110000047513,28.698240999801783,2.0,4573.80859375,19.0,1515.25
yolo11m.pt,5,free_depth_motion,45,2026-09-09,21:51:50.157,2026-09-09T21:51:50.157,1.5039669809998486,0,0.0,5.118039999615576,33.11477300030674,3.4,4573.80859375,19.0,1515.25
yolo11m.pt,5,free_depth_motion,46,2026-09-09,21:51:50.189,2026-09-09T21:51:50.189,1.536017878000166,1,0.8603628277778625,5.18133100013074,29.175027999826852,2.0,4573.80859375,19.0,1515.25
yolo11m.pt,5,free_depth_motion,47,2026-09-09,21:51:50.221,2026-09-09T21:51:50.221,1.5678482959997382,1,0.8042388558387756,5.277530000057595,28.903270000228076,3.8,4573.80859375,19.0,1515.25
yolo11m.pt,5,free_depth_motion,48,2026-09-09,21:51:50.258,2026-09-09T21:51:50.258,1.6038422689998697,1,0.8643685579299927,5.488989000241418,33.17277299993293,1.8,4573.80859375,19.0,1515.25
yolo11m.pt,5,free_depth_motion,49,2026-09-09,21:51:50.290,2026-09-09T21:51:50.290,1.6359830659998806,1,0.7777538299560547,5.3274500000952685,28.8805099999081,4.0,4573.80859375,19.0,1515.375
yolo11m.pt,5,free_depth_motion,50,2026-09-09,21:51:50.321,2026-09-09T21:51:50.321,1.6679993530001411,1,0.17630541324615479,5.177720000119734,28.791599000214774,3.9,4573.80859375,19.0,1515.375
yolo11m.pt,5,free_depth_motion,51,2026-09-09,21:51:50.357,2026-09-09T21:51:50.357,1.7039325649998318,1,0.8191208839416504,5.193819999931293,32.91376400011359,3.5,4573.80859375,19.0,1515.375
yolo11m.pt,5,free_depth_motion,52,2026-09-09,21:51:50.389,2026-09-09T21:51:50.389,1.7358452729999954,1,0.31861412525177,5.121719999806373,28.82406999970044,3.9,4573.80859375,19.0,1515.375
yolo11m.pt,5,free_depth_motion,53,2026-09-09,21:51:50.421,2026-09-09T21:51:50.421,1.7677402009999241,1,0.6589964032173157,5.258250000224507,28.934289000062563,2.0,4573.80859375,19.0,1515.375
yolo11m.pt,5,free_depth_motion,54,2026-09-09,21:51:50.457,2026-09-09T21:51:50.457,1.8040081119997922,1,0.703269362449646,5.21733999994467,33.202292999703786,3.4,4573.80859375,19.0,1515.375
yolo11m.pt,5,free_depth_motion,55,2026-09-09,21:51:50.489,2026-09-09T21:51:50.489,1.8360346989998106,1,0.8605658411979675,5.288469999868539,29.017289000421442,2.0,4573.80859375,19.0,1515.375
yolo11m.pt,5,free_depth_motion,56,2026-09-09,21:51:50.521,2026-09-09T21:51:50.521,1.8680617270001676,1,0.8756401538848877,5.2095099999860395,29.022628999882727,3.8,4574.05078125,19.0,1515.375
yolo11m.pt,5,free_depth_motion,57,2026-09-09,21:51:50.557,2026-09-09T21:51:50.557,1.9038653799998428,1,0.8303009867668152,5.3081000000929635,32.79435500007821,1.8,4574.29296875,19.0,1515.375
yolo11m.pt,5,free_depth_motion,58,2026-09-09,21:51:50.589,2026-09-09T21:51:50.589,1.9358651469997312,1,0.8148128390312195,5.158350000328937,28.946008999810147,3.9,4574.29296875,19.0,1514.0625
yolo11m.pt,5,free_depth_motion,59,2026-09-09,21:51:50.621,2026-09-09T21:51:50.621,1.9677854850001495,1,0.7312769293785095,5.320899999787798,29.053768999801832,2.0,4574.29296875,19.0,1514.0625
yolo11m.pt,5,free_depth_motion,60,2026-09-09,21:51:50.657,2026-09-09T21:51:50.657,2.0039391459999933,1,0.7279891967773438,5.183781000141607,33.01885400014726,3.4,4574.29296875,19.0,1514.0625
yolo11m.pt,5,free_depth_motion,61,2026-09-09,21:51:50.689,2026-09-09T21:51:50.689,2.0359823640001196,1,0.7412393093109131,5.33037900004274,29.101788999923883,2.0,4574.29296875,19.0,1514.0625
yolo11m.pt,5,free_depth_motion,62,2026-09-09,21:51:50.722,2026-09-09T21:51:50.722,2.067905640999925,1,0.38513433933258057,5.348860000140121,29.022438999618316,3.9,4574.29296875,19.0,1514.0625
yolo11m.pt,5,free_depth_motion,63,2026-09-09,21:51:50.757,2026-09-09T21:51:50.757,2.103984042999855,1,0.33360859751701355,5.178750000141008,32.66703500003132,3.4,4574.29296875,19.0,1514.0625
yolo11m.pt,5,free_depth_motion,64,2026-09-09,21:51:50.789,2026-09-09T21:51:50.789,2.135985451000124,1,0.39058321714401245,5.2013009999427595,29.00284899988037,4.0,4574.29296875,19.0,1514.0625
yolo11m.pt,5,free_depth_motion,65,2026-09-09,21:51:50.821,2026-09-09T21:51:50.821,2.1678398589997414,0,0.0,5.097139999634237,28.55387099998552,2.0,4574.29296875,19.0,1514.0625
yolo11m.pt,5,free_depth_motion,66,2026-09-09,21:51:50.857,2026-09-09T21:51:50.857,2.2037521910001487,0,0.0,5.000730999654479,32.86534400012897,3.4,4574.53515625,19.0,1514.0625
yolo11m.pt,5,free_depth_motion,67,2026-09-09,21:51:50.889,2026-09-09T21:51:50.889,2.2357310090001192,0,0.0,5.057849999957398,28.943368999989616,3.9,4574.53515625,19.0,1514.0625
yolo11m.pt,5,free_depth_motion,68,2026-09-09,21:51:50.921,2026-09-09T21:51:50.921,2.268175933999828,0,0.0,4.970281000169052,29.35083800002758,3.9,4574.77734375,19.0,1514.0625
yolo11m.pt,5,free_depth_motion,69,2026-09-09,21:51:50.958,2026-09-09T21:51:50.958,2.3041160669999954,1,0.253531813621521,5.240579999735928,33.324091999929806,3.4,4574.77734375,19.0,1514.0625
yolo11m.pt,5,free_depth_motion,70,2026-09-09,21:51:50.989,2026-09-09T21:51:50.989,2.3361054540000623,0,0.0,4.961820999596966,28.554341000017303,2.0,4574.77734375,19.0,1514.0625
yolo11m.pt,5,free_depth_motion,71,2026-09-09,21:51:51.021,2026-09-09T21:51:51.021,2.368132252000123,0,0.0,4.969680999693082,29.045768000287353,3.8,4574.77734375,19.0,1514.0625
yolo11m.pt,5,free_depth_motion,72,2026-09-09,21:51:51.057,2026-09-09T21:51:51.057,2.4039717549999295,0,0.0,5.001081000045815,32.83209399978659,1.8,4574.77734375,19.0,1514.0625
yolo11m.pt,5,free_depth_motion,73,2026-09-09,21:51:51.089,2026-09-09T21:51:51.089,2.4361300820000906,0,0.0,5.026300000281481,29.126128000370954,3.8,4574.77734375,19.0,1514.0625
yolo11m.pt,5,free_depth_motion,74,2026-09-09,21:51:51.125,2026-09-09T21:51:51.125,2.4719013449998783,1,0.4844117760658264,5.1315999999133055,33.0593730000146,1.8,4574.77734375,19.0,1514.0625
yolo11m.pt,5,free_depth_motion,75,2026-09-09,21:51:51.157,2026-09-09T21:51:51.157,2.5039221819997692,0,0.0,5.14396000016859,28.921788999923592,3.8,4574.77734375,19.0,1514.0625
yolo11m.pt,5,free_depth_motion,76,2026-09-09,21:51:51.189,2026-09-09T21:51:51.189,2.536029428999882,1,0.37352895736694336,5.193120000058116,29.27743800000826,7.5,4575.0234375,19.0,1514.0625
yolo11m.pt,5,free_depth_motion,77,2026-09-09,21:51:51.221,2026-09-09T21:51:51.221,2.567810786999871,0,0.0,5.1092210001115745,28.443750999940676,2.0,4575.0234375,19.0,1514.0625
yolo11m.pt,5,free_depth_motion,78,2026-09-09,21:51:51.258,2026-09-09T21:51:51.258,2.6042051879999235,1,0.2363981157541275,5.1718800000344345,33.504301999983,3.4,4575.0234375,19.0,1514.0625
yolo11m.pt,5,free_depth_motion,79,2026-09-09,21:51:51.289,2026-09-09T21:51:51.289,2.635815947000083,1,0.3361414074897766,5.2197899999555375,28.56281099957414,2.0,4575.015625,19.0,1514.0625
yolo11m.pt,5,free_depth_motion,80,2026-09-09,21:51:51.321,2026-09-09T21:51:51.321,2.6678569350001453,0,0.0,4.965901000105077,28.65031999999701,3.9,4575.015625,19.0,1514.0625
yolo11m.pt,5,free_depth_motion,81,2026-09-09,21:51:51.357,2026-09-09T21:51:51.357,2.703743306999968,0,0.0,5.084691000320163,32.91932399997677,1.8,4575.015625,19.0,1514.0625
yolo11m.pt,5,free_depth_motion,82,2026-09-09,21:51:51.389,2026-09-09T21:51:51.389,2.7359142039999824,0,0.0,4.958941000040795,29.11096899970289,3.8,4575.015625,19.0,1514.0625
yolo11m.pt,5,free_depth_motion,83,2026-09-09,21:51:51.425,2026-09-09T21:51:51.425,2.7718804559999626,1,0.3716794550418854,5.215330000282847,33.31781199995021,3.4,4575.015625,19.0,1514.0625
yolo11m.pt,5,free_depth_motion,84,2026-09-09,21:51:51.457,2026-09-09T21:51:51.457,2.8042118319999645,0,0.0,5.0042210000356135,29.097967999859975,3.9,4575.015625,19.0,1514.0625
yolo11m.pt,5,free_depth_motion,85,2026-09-09,21:51:51.489,2026-09-09T21:51:51.489,2.835971671000152,0,0.0,5.047650000051362,28.775768999821594,2.0,4575.015625,19.0,1514.0625
yolo11m.pt,5,free_depth_motion,86,2026-09-09,21:51:51.525,2026-09-09T21:51:51.525,2.8719649029999346,0,0.0,4.9316210001961736,32.83197400014615,3.4,4575.015625,19.0,1514.0625
yolo11m.pt,5,free_depth_motion,87,2026-09-09,21:51:51.557,2026-09-09T21:51:51.557,2.9038684910001393,0,0.0,5.097069999919768,28.98564899987832,2.0,4575.015625,19.0,1514.0625
yolo11m.pt,5,free_depth_motion,88,2026-09-09,21:51:51.589,2026-09-09T21:51:51.589,2.93575127899976,0,0.0,5.092369999601942,28.866440000001603,5.9,4575.2578125,19.0,1513.5625
yolo11m.pt,5,free_depth_motion,89,2026-09-09,21:51:51.625,2026-09-09T21:51:51.625,2.9719470300001376,0,0.0,5.100571000184573,33.08833399978539,1.8,4575.2578125,19.0,1513.5625
yolo11m.pt,5,free_depth_motion,90,2026-09-09,21:51:51.657,2026-09-09T21:51:51.657,3.004053827000007,0,0.0,4.999681000299461,28.981668999676913,3.9,4575.2578125,19.0,1513.5625
yolo11m.pt,5,free_depth_motion,91,2026-09-09,21:51:51.689,2026-09-09T21:51:51.689,3.0359620449999056,0,0.0,5.068480999852909,28.93384899971352,2.0,4575.2578125,19.0,1513.5625
yolo11m.pt,5,free_depth_motion,92,2026-09-09,21:51:51.725,2026-09-09T21:51:51.725,3.0722071059999507,0,0.0,4.980651000096259,33.3656319999136,3.4,4575.2578125,19.0,1513.5625
yolo11m.pt,5,free_depth_motion,93,2026-09-09,21:51:51.757,2026-09-09T21:51:51.757,3.103898025000035,0,0.0,5.135909999808064,28.838368999913655,3.9,4575.2578125,19.0,1513.5625
yolo11m.pt,5,free_depth_motion,94,2026-09-09,21:51:51.789,2026-09-09T21:51:51.789,3.135999212000115,0,0.0,4.99010100020314,28.915970000070956,3.9,4575.2578125,19.0,1513.5625
yolo11m.pt,5,free_depth_motion,95,2026-09-09,21:51:51.825,2026-09-09T21:51:51.825,3.1719404139998915,0,0.0,5.045111000072211,32.90069399963613,3.4,4575.2578125,18.0,1513.5625
yolo11m.pt,5,free_depth_motion,96,2026-09-09,21:51:51.857,2026-09-09T21:51:51.857,3.203930191999916,0,0.0,4.995220999717276,28.912060000038764,2.0,4575.2578125,18.0,1513.5625
yolo11m.pt,5,free_depth_motion,97,2026-09-09,21:51:51.889,2026-09-09T21:51:51.889,3.235861449999902,0,0.0,5.0407499998073035,28.80888900017453,2.0,4575.2578125,18.0,1513.5625
yolo11m.pt,5,free_depth_motion,98,2026-09-09,21:51:51.925,2026-09-09T21:51:51.925,3.2718455220001488,0,0.0,4.961561000072834,32.90286399987963,3.5,4575.2578125,18.0,1513.5625
yolo11m.pt,5,free_depth_motion,99,2026-09-09,21:51:51.957,2026-09-09T21:51:51.957,3.303953049000029,0,0.0,5.057779999788181,29.10348800014617,3.8,4575.5,18.0,1513.5625
yolo11m.pt,5,free_depth_motion,100,2026-09-09,21:51:51.989,2026-09-09T21:51:51.989,3.3357436070000404,1,0.42690151929855347,5.1810899999509274,28.9682789998551,3.9,4575.5,18.0,1513.5625
yolo11m.pt,5,free_depth_motion,101,2026-09-09,21:51:52.025,2026-09-09T21:51:52.025,3.3720359379999536,1,0.6382727026939392,5.169720000139932,33.15095299967652,1.7,4575.5,18.0,1513.5625
yolo11m.pt,5,free_depth_motion,102,2026-09-09,21:51:52.057,2026-09-09T21:51:52.057,3.4038619960001597,0,0.0,4.969861000063247,28.57053099978657,2.0,4575.5,18.0,1513.5625
yolo11m.pt,5,free_depth_motion,103,2026-09-09,21:51:52.089,2026-09-09T21:51:52.089,3.435891053999967,0,0.0,5.121849999795813,29.10620900001959,5.8,4575.84765625,18.0,1513.5625
yolo11m.pt,5,free_depth_motion,104,2026-09-09,21:51:52.125,2026-09-09T21:51:52.125,3.4719758759997603,0,0.0,4.947831999743357,32.83669399979772,3.5,4576.20703125,18.0,1513.5625
yolo11m.pt,5,free_depth_motion,105,2026-09-09,21:51:52.157,2026-09-09T21:51:52.157,3.504029733000152,1,0.28723058104515076,5.249990000265825,29.342936999910307,2.0,4576.20703125,18.0,1513.5625
yolo11m.pt,5,free_depth_motion,106,2026-09-09,21:51:52.189,2026-09-09T21:51:52.189,3.5357943210001395,1,0.5421086549758911,5.148579999968206,28.62878100040689,3.9,4576.20703125,18.0,1513.5625
yolo11m.pt,5,free_depth_motion,107,2026-09-09,21:51:52.225,2026-09-09T21:51:52.225,3.571942282999771,1,0.7081440091133118,5.258188999960112,33.12057299990556,1.8,4576.20703125,18.0,1513.5625
yolo11m.pt,5,free_depth_motion,108,2026-09-09,21:51:52.257,2026-09-09T21:51:52.257,3.603934809999828,1,0.513659656047821,5.174339999939548,28.883699999823875,3.8,4576.20703125,18.0,1513.5625
yolo11m.pt,5,free_depth_motion,109,2026-09-09,21:51:52.289,2026-09-09T21:51:52.289,3.635927398000149,1,0.4870367646217346,5.207481000070402,28.941039000073943,2.0,4576.20703125,18.0,1513.5625
yolo11m.pt,5,free_depth_motion,110,2026-09-09,21:51:52.325,2026-09-09T21:51:52.325,3.6717800199999147,0,0.0,4.932311000175105,32.45888599985847,3.5,4576.20703125,19.0,1513.5625
yolo11m.pt,5,free_depth_motion,111,2026-09-09,21:51:52.357,2026-09-09T21:51:52.357,3.7039778670000487,1,0.6493403911590576,5.255570000372245,29.524026999752095,2.0,4576.20703125,19.0,1513.5625
yolo11m.pt,5,free_depth_motion,112,2026-09-09,21:51:52.389,2026-09-09T21:51:52.389,3.735863894999966,0,0.0,4.96525099970313,28.576990000146907,2.0,4576.20703125,19.0,1513.5625
yolo11m.pt,5,free_depth_motion,113,2026-09-09,21:51:52.426,2026-09-09T21:51:52.426,3.7719622360000358,1,0.34835219383239746,5.376739999974234,33.554721000200516,3.4,4576.20703125,19.0,1513.5625
yolo11m.pt,5,free_depth_motion,114,2026-09-09,21:51:52.457,2026-09-09T21:51:52.457,3.803945103999922,1,0.5819326639175415,5.158350000328937,28.75690000018949,5.8,4576.20703125,19.0,1513.5625
yolo11m.pt,5,free_depth_motion,115,2026-09-09,21:51:52.493,2026-09-09T21:51:52.493,3.8401249859998643,1,0.7864280939102173,5.112069999995583,33.04460299978018,1.8,4576.20703125,19.0,1513.5625
yolo11m.pt,5,free_depth_motion,116,2026-09-09,21:51:52.526,2026-09-09T21:51:52.526,3.8721029729999827,1,0.3019345998764038,5.302830000346148,29.134937999970134,3.9,4576.20703125,19.0,1513.5625
yolo11m.pt,5,free_depth_motion,117,2026-09-09,21:51:52.557,2026-09-09T21:51:52.557,3.9040059009998913,1,0.23211835324764252,5.250890000297659,28.868759000033606,2.0,4576.20703125,19.0,1513.5625
yolo11m.pt,5,free_depth_motion,118,2026-09-09,21:51:52.589,2026-09-09T21:51:52.589,3.9358930590001364,0,0.0,5.039991000103328,28.628551000110747,4.0,4576.453125,19.0,1513.5625
yolo11m.pt,5,free_depth_motion,119,2026-09-09,21:51:52.625,2026-09-09T21:51:52.625,3.97197369100013,1,0.37327101826667786,5.286340000111522,33.30370200001198,1.7,4576.70703125,19.0,1513.5625
yolo11m.pt,5,free_depth_motion,120,2026-09-09,21:51:52.657,2026-09-09T21:51:52.657,4.0038111789999675,1,0.5062993764877319,5.164940000213392,28.693298999769468,2.0,4576.70703125,19.0,1513.5625
yolo11m.pt,5,free_depth_motion,121,2026-09-09,21:51:52.693,2026-09-09T21:51:52.693,4.03987128100016,1,0.8317726254463196,5.208569999922474,33.04376300002332,3.5,4576.70703125,19.0,1513.5625
yolo11m.pt,5,free_depth_motion,122,2026-09-09,21:51:52.725,2026-09-09T21:51:52.725,4.071799638999892,0,0.0,4.998139999770501,28.890239000247675,2.0,4576.70703125,19.0,1513.5625
yolo11m.pt,5,free_depth_motion,123,2026-09-09,21:51:52.757,2026-09-09T21:51:52.757,4.1038637960000415,1,0.7783608436584473,5.220229999849835,29.34182700028032,3.8,4576.70703125,19.0,1513.5625
yolo11m.pt,5,free_depth_motion,124,2026-09-09,21:51:52.793,2026-09-09T21:51:52.793,4.139990648000094,1,0.7557649612426758,5.199261000143451,33.12955299998066,1.8,4576.70703125,19.0,1513.5625
yolo11m.pt,5,free_depth_motion,125,2026-09-09,21:51:52.825,2026-09-09T21:51:52.825,4.17196355499982,0,0.0,5.112039999858098,28.649189999669034,3.9,4576.70703125,19.0,1513.5625
yolo11m.pt,5,free_depth_motion,126,2026-09-09,21:51:52.857,2026-09-09T21:51:52.857,4.2038508729997375,1,0.3114405572414398,5.226689999744849,29.14991799980271,2.0,4576.70703125,19.0,1513.5625
yolo11m.pt,5,free_depth_motion,127,2026-09-09,21:51:52.893,2026-09-09T21:51:52.893,4.240020754999932,1,0.6964156031608582,5.227210000157356,33.078082999963954,3.4,4576.70703125,19.0,1513.5625
yolo11m.pt,5,free_depth_motion,128,2026-09-09,21:51:52.925,2026-09-09T21:51:52.925,4.27187263299993,0,0.0,4.9643309998828045,28.574179999850458,4.0,4576.34375,19.0,1513.5625
yolo11m.pt,5,free_depth_motion,129,2026-09-09,21:51:52.957,2026-09-09T21:51:52.957,4.304119168999932,1,0.6485760807991028,5.164220000096975,29.528117000154452,3.8,4576.34375,19.0,1513.5625
yolo11m.pt,5,free_depth_motion,130,2026-09-09,21:51:52.993,2026-09-09T21:51:52.993,4.34005179199994,1,0.6828057765960693,5.2131510001345305,32.9483440000331,1.8,4576.34375,19.0,1513.5625
yolo11m.pt,5,free_depth_motion,131,2026-09-09,21:51:53.025,2026-09-09T21:51:53.025,4.372001628999897,1,0.5120275616645813,5.309350000061386,28.9994290001232,2.0,4576.5859375,19.0,1513.5625
yolo11m.pt,5,free_depth_motion,132,2026-09-09,21:51:53.057,2026-09-09T21:51:53.057,4.4038228569997955,1,0.5914808511734009,5.214360000081797,28.682990000106656,3.9,4576.5859375,19.0,1513.5625
yolo11m.pt,5,free_depth_motion,133,2026-09-09,21:51:53.093,2026-09-09T21:51:53.093,4.439911929000118,1,0.43523094058036804,5.209400999774516,32.97386299982463,1.8,4576.5859375,19.0,1513.5625
yolo11m.pt,5,free_depth_motion,134,2026-09-09,21:51:53.121,2026-09-09T21:51:53.121,4.4677887520001605,1,0.43523094058036804,5.239970000275207,24.809805000131746,2.3,4576.5859375,19.0,1513.5625
yolo11m.pt,5,free_depth_motion,135,2026-09-09,21:51:53.157,2026-09-09T21:51:53.157,4.504027633000078,1,0.7842299938201904,5.170920000182377,33.35463299981711,1.7,4576.5859375,19.0,1513.5625
yolo11m.pt,5,free_depth_motion,136,2026-09-09,21:51:53.193,2026-09-09T21:51:53.193,4.539947375999873,1,0.5249611735343933,5.110849999709899,32.81356400020741,3.5,4576.5859375,19.0,1513.5625
yolo11m.pt,5,free_depth_motion,137,2026-09-09,21:51:53.225,2026-09-09T21:51:53.225,4.572010172999853,1,0.6311210989952087,5.231829999956972,29.057748000013817,2.0,4576.5859375,19.0,1513.5625
yolo11m.pt,5,free_depth_motion,138,2026-09-09,21:51:53.257,2026-09-09T21:51:53.257,4.6039154909999525,1,0.15108491480350494,5.130331000145816,28.76061999995727,2.0,4576.5859375,19.0,1513.5625
yolo11m.pt,5,free_depth_motion,139,2026-09-09,21:51:53.294,2026-09-09T21:51:53.294,4.6402136420001625,1,0.5064986944198608,5.259899000066071,33.34532200005924,3.4,4576.5859375,19.0,1513.5625
yolo11m.pt,5,free_depth_motion,140,2026-09-09,21:51:53.325,2026-09-09T21:51:53.325,4.672032749999744,1,0.6577748656272888,5.166000000372151,28.788349000024027,2.0,4576.5859375,19.0,1513.5625
yolo11m.pt,5,free_depth_motion,141,2026-09-09,21:51:53.357,2026-09-09T21:51:53.357,4.7040491570000995,1,0.5520058274269104,5.219699999997829,29.025808999904257,3.9,4576.5859375,19.0,1513.5625
yolo11m.pt,5,free_depth_motion,142,2026-09-09,21:51:53.393,2026-09-09T21:51:53.393,4.740013279999857,1,0.8722091913223267,5.109760000323149,32.86309399982201,3.4,4576.5859375,19.0,1513.5625
yolo11m.pt,5,free_depth_motion,143,2026-09-09,21:51:53.425,2026-09-09T21:51:53.425,4.771892037999805,0,0.0,5.034030999922834,28.595450000011624,2.0,4576.5859375,19.0,1513.5625
yolo11m.pt,5,free_depth_motion,144,2026-09-09,21:51:53.457,2026-09-09T21:51:53.457,4.804095724000035,1,0.6217315793037415,5.131541000082507,29.486237000128313,3.8,4576.5859375,19.0,1513.5625
yolo11m.pt,5,free_depth_motion,145,2026-09-09,21:51:53.493,2026-09-09T21:51:53.493,4.840027846999874,1,0.4247826635837555,5.228089999945951,33.02751299997908,1.8,4576.828125,19.0,1513.5625
yolo11m.pt,5,free_depth_motion,146,2026-09-09,21:51:53.525,2026-09-09T21:51:53.525,4.87183624499994,0,0.0,4.925441000068531,28.44214100014142,4.0,4576.828125,19.0,1513.5625
yolo11m.pt,5,free_depth_motion,147,2026-09-09,21:51:53.557,2026-09-09T21:51:53.557,4.903849752000042,0,0.0,5.053850999956921,29.060548999950697,2.0,4576.828125,19.0,1513.5625
yolo11m.pt,5,free_depth_motion,148,2026-09-09,21:51:53.593,2026-09-09T21:51:53.593,4.939845013999729,0,0.0,5.278489999909652,33.2179330002873,3.4,4573.984375,19.0,1512.875
yolo11m.pt,5,free_depth_motion,149,2026-09-09,21:51:53.626,2026-09-09T21:51:53.626,4.972116860999904,1,0.7708027958869934,5.226549999861163,29.254588000185322,3.8,4573.984375,19.0,1512.875
yolo11m.pt,5,free_depth_motion,150,2026-09-09,21:51:53.657,2026-09-09T21:51:53.657,5.004001818999768,1,0.4389418065547943,5.149601000084658,28.71722999998383,2.0,4573.984375,19.0,1512.875
yolo11m.pt,5,free_depth_motion,151,2026-09-09,21:51:53.693,2026-09-09T21:51:53.693,5.040034951000052,1,0.3383198082447052,5.210110999996687,33.06350299999394,1.8,4573.984375,19.0,1512.875
yolo11m.pt,5,free_depth_motion,152,2026-09-09,21:51:53.725,2026-09-09T21:51:53.725,5.071893478999755,1,0.5029029250144958,5.1104709996252495,28.71754099987811,5.8,4573.984375,19.0,1512.875
yolo11m.pt,5,free_depth_motion,153,2026-09-09,21:51:53.757,2026-09-09T21:51:53.757,5.103874265999821,1,0.35995081067085266,5.294369999774062,29.21638800034998,2.0,4573.984375,19.0,1512.875
yolo11m.pt,5,free_depth_motion,154,2026-09-09,21:51:53.793,2026-09-09T21:51:53.793,5.139992937999978,0,0.0,4.885720999936893,32.55774499984909,1.8,4573.984375,19.0,1512.875
yolo11m.pt,5,free_depth_motion,155,2026-09-09,21:51:53.825,2026-09-09T21:51:53.825,5.1716509869997935,0,0.0,5.036230999849067,28.833998999743926,3.9,4573.984375,19.0,1512.875
yolo11m.pt,5,free_depth_motion,156,2026-09-09,21:51:53.857,2026-09-09T21:51:53.857,5.203963102999751,0,0.0,5.014459999983956,29.27180800043061,3.9,4574.72265625,19.0,1513.6875
yolo11m.pt,5,free_depth_motion,157,2026-09-09,21:51:53.893,2026-09-09T21:51:53.893,5.2399634650000735,1,0.8364812731742859,5.257129999790777,33.30967200008672,3.4,4574.72265625,19.0,1513.6875
yolo11m.pt,5,free_depth_motion,158,2026-09-09,21:51:53.925,2026-09-09T21:51:53.925,5.27194812200014,1,0.7373253703117371,5.1055109997832915,28.832389999934094,2.0,4575.08203125,19.0,1513.6875
yolo11m.pt,5,free_depth_motion,159,2026-09-09,21:51:53.961,2026-09-09T21:51:53.961,5.308033473999785,1,0.5300645232200623,5.208820000007108,33.22484299997086,3.4,4575.08203125,19.0,1513.6875
yolo11m.pt,5,free_depth_motion,160,2026-09-09,21:51:53.993,2026-09-09T21:51:53.993,5.340031652000107,0,0.0,4.936361000090983,28.596070999810763,2.0,4575.32421875,19.0,1513.6875
yolo11m.pt,5,free_depth_motion,161,2026-09-09,21:51:54.025,2026-09-09T21:51:54.025,5.372031948999847,0,0.0,5.046231000051193,29.007659000399144,3.9,4575.32421875,19.0,1513.6875
yolo11m.pt,5,free_depth_motion,162,2026-09-09,21:51:54.061,2026-09-09T21:51:54.061,5.407903622000049,1,0.368085116147995,5.188109999835433,33.1927529996392,1.8,4576.0625,19.0,1513.6875
yolo11m.pt,5,free_depth_motion,163,2026-09-09,21:51:54.093,2026-09-09T21:51:54.093,5.440076279000095,1,0.45433947443962097,5.209699999795703,29.201647999798297,5.7,4576.0625,19.0,1513.6875
yolo11m.pt,5,free_depth_motion,164,2026-09-09,21:51:54.125,2026-09-09T21:51:54.125,5.471912117000102,0,0.0,4.943931000070734,28.529030999834504,2.0,4576.0625,19.0,1513.6875
yolo11m.pt,5,free_depth_motion,165,2026-09-09,21:51:54.161,2026-09-09T21:51:54.161,5.507938659000047,0,0.0,5.0576799999362265,33.133503000044584,1.8,4576.0625,19.0,1513.6875
yolo11m.pt,5,free_depth_motion,166,2026-09-09,21:51:54.193,2026-09-09T21:51:54.193,5.540060205999907,0,0.0,4.945230999965133,29.0583789997072,3.8,4575.81640625,19.0,1513.6875
yolo11m.pt,5,free_depth_motion,167,2026-09-09,21:51:54.225,2026-09-09T21:51:54.225,5.572033223999824,0,0.0,5.029620000186696,28.94920899962017,2.0,4575.81640625,19.0,1513.6875
yolo11m.pt,5,free_depth_motion,168,2026-09-09,21:51:54.261,2026-09-09T21:51:54.261,5.607946665999862,0,0.0,4.956751000008808,32.798354999613366,3.4,4575.81640625,19.0,1513.6875
yolo11m.pt,5,free_depth_motion,169,2026-09-09,21:51:54.293,2026-09-09T21:51:54.293,5.639839233999737,0,0.0,5.027490999964357,28.795948999686516,2.0,4575.81640625,19.0,1513.6875
yolo11m.pt,5,free_depth_motion,170,2026-09-09,21:51:54.325,2026-09-09T21:51:54.325,5.672064541000054,0,0.0,4.9927709997064085,29.252917999656347,3.8,4575.81640625,19.0,1513.6875
yolo11m.pt,5,free_depth_motion,171,2026-09-09,21:51:54.361,2026-09-09T21:51:54.361,5.708045642999878,0,0.0,5.037621000155923,32.936873999915406,1.8,4575.81640625,19.0,1513.6875
yolo11m.pt,5,free_depth_motion,172,2026-09-09,21:51:54.393,2026-09-09T21:51:54.393,5.740067030999853,0,0.0,4.9520119996486756,28.97009900016201,3.9,4575.81640625,19.0,1513.6875
yolo11m.pt,5,free_depth_motion,173,2026-09-09,21:51:54.425,2026-09-09T21:51:54.425,5.771888619000038,0,0.0,5.003701000077854,28.733910000028118,2.0,4575.81640625,19.0,1513.6875
yolo11m.pt,5,free_depth_motion,174,2026-09-09,21:51:54.461,2026-09-09T21:51:54.461,5.807703790999767,0,0.0,4.9536809997334785,32.746274000146514,3.4,4575.81640625,19.0,1513.6875
yolo11m.pt,5,free_depth_motion,175,2026-09-09,21:51:54.493,2026-09-09T21:51:54.493,5.8399435279998215,0,0.0,5.045100999723218,29.277648000061163,2.0,4575.81640625,19.0,1513.6875
yolo11m.pt,5,free_depth_motion,176,2026-09-09,21:51:54.525,2026-09-09T21:51:54.525,5.871872965999955,1,0.15972912311553955,5.149919999894337,29.217437999704998,3.9,4576.05859375,19.0,1513.6875
yolo11m.pt,5,free_depth_motion,177,2026-09-09,21:51:54.561,2026-09-09T21:51:54.561,5.908041666999907,0,0.0,5.108569999720203,32.91967299992393,1.8,4576.05859375,19.0,1513.6875
yolo11m.pt,5,free_depth_motion,178,2026-09-09,21:51:54.593,2026-09-09T21:51:54.593,5.940018564999718,0,0.0,5.0602000001163105,28.900238999995054,7.7,4576.62109375,19.0,1513.9375
yolo11m.pt,5,free_depth_motion,179,2026-09-09,21:51:54.625,2026-09-09T21:51:54.625,5.971932112000104,0,0.0,5.0768309997692995,28.829530000166415,2.0,4576.62109375,19.0,1513.9375
yolo11m.pt,5,free_depth_motion,180,2026-09-09,21:51:54.661,2026-09-09T21:51:54.661,6.007903714999884,0,0.0,4.96092100001988,32.89400400035447,1.8,4576.62109375,19.0,1513.9375
yolo11m.pt,5,free_depth_motion,181,2026-09-09,21:51:54.694,2026-09-09T21:51:54.694,6.040149440999812,1,0.41347482800483704,5.184509999708098,29.487747000075615,2.0,4576.62109375,19.0,1513.9375
yolo11m.pt,5,free_depth_motion,182,2026-09-09,21:51:54.725,2026-09-09T21:51:54.725,6.071970188999785,1,0.4051590859889984,5.1330400001461385,28.79211999970721,3.9,4576.62109375,19.0,1513.9375
yolo11m.pt,5,free_depth_motion,183,2026-09-09,21:51:54.761,2026-09-09T21:51:54.761,6.1080326510000305,1,0.5986538529396057,5.243999999947846,33.00749400023051,1.8,4576.62109375,19.0,1513.9375
yolo11m.pt,5,free_depth_motion,184,2026-09-09,21:51:54.793,2026-09-09T21:51:54.793,6.140053068999805,0,0.0,4.936130999794841,28.551949999837234,2.0,4576.62109375,19.0,1513.9375
yolo11m.pt,5,free_depth_motion,185,2026-09-09,21:51:54.825,2026-09-09T21:51:54.825,6.1719441469999765,1,0.4930984675884247,5.22475099978692,29.12372899982074,3.8,4576.62109375,19.0,1513.9375
yolo11m.pt,5,free_depth_motion,186,2026-09-09,21:51:54.857,2026-09-09T21:51:54.857,6.203784915000142,1,0.4930984675884247,5.161551000128384,28.69594000003417,2.0,4576.62109375,19.0,1513.875
yolo11m.pt,5,free_depth_motion,187,2026-09-09,21:51:54.893,2026-09-09T21:51:54.893,6.239991685999939,1,0.5769757032394409,5.2016200002071855,33.37906300021132,1.8,4576.62109375,19.0,1513.875
yolo11m.pt,5,free_depth_motion,188,2026-09-09,21:51:54.925,2026-09-09T21:51:54.925,6.2718258539998715,0,0.0,4.903060999822628,28.442411000014545,4.0,4576.62109375,19.0,1513.875
yolo11m.pt,5,free_depth_motion,189,2026-09-09,21:51:54.961,2026-09-09T21:51:54.961,6.307845175999773,0,0.0,5.111130999921443,33.26744200012399,1.8,4576.62109375,19.0,1513.875
yolo11m.pt,5,free_depth_motion,190,2026-09-09,21:51:54.993,2026-09-09T21:51:54.993,6.3397143339998365,0,0.0,5.072820999885153,28.85402999982034,5.9,4577.33203125,19.0,1516.75
yolo11m.pt,5,free_depth_motion,191,2026-09-09,21:51:55.025,2026-09-09T21:51:55.025,6.371909860999949,1,0.46480101346969604,5.269709999993211,29.438966999805416,3.8,4577.33203125,19.0,1516.75
yolo11m.pt,5,free_depth_motion,192,2026-09-09,21:51:55.061,2026-09-09T21:51:55.061,6.407791984000141,1,0.23056936264038086,5.116749999615422,32.670134999989386,1.8,4577.33203125,19.0,1516.75
yolo11m.pt,5,free_depth_motion,193,2026-09-09,21:51:55.093,2026-09-09T21:51:55.093,6.440066419999766,1,0.3708439767360687,5.189760000121169,29.23221899982309,2.0,4577.33203125,19.0,1516.75
yolo11m.pt,5,free_depth_motion,194,2026-09-09,21:51:55.125,2026-09-09T21:51:55.125,6.472028437000063,0,0.0,4.898612000033609,28.485670999998547,3.9,4577.33203125,19.0,1516.75
yolo11m.pt,5,free_depth_motion,195,2026-09-09,21:51:55.161,2026-09-09T21:51:55.161,6.5080852989999585,0,0.0,5.052211000020179,33.19455300015761,3.4,4577.33203125,19.0,1516.75
yolo11m.pt,5,free_depth_motion,196,2026-09-09,21:51:55.193,2026-09-09T21:51:55.193,6.540141515999949,0,0.0,4.911512000035145,28.9087890000701,2.0,4577.33203125,19.0,1516.75
yolo11m.pt,5,free_depth_motion,197,2026-09-09,21:51:55.229,2026-09-09T21:51:55.229,6.575999458999831,0,0.0,5.049411000072723,33.04180399982215,1.8,4577.33203125,19.0,1516.75
yolo11m.pt,5,free_depth_motion,198,2026-09-09,21:51:55.261,2026-09-09T21:51:55.261,6.607940566999787,0,0.0,4.916581000088627,28.843250000136322,3.9,4577.33203125,19.0,1516.75
yolo11m.pt,5,free_depth_motion,199,2026-09-09,21:51:55.293,2026-09-09T21:51:55.293,6.639986214000146,0,0.0,5.11799100013377,29.293437999967864,3.9,4577.33203125,19.0,1516.75
yolo11m.pt,5,free_depth_motion,200,2026-09-09,21:51:55.329,2026-09-09T21:51:55.329,6.67587526699981,1,0.1805950105190277,5.16990000005535,32.99726300019756,3.4,4577.33203125,18.0,1516.75
yolo11m.pt,5,free_depth_motion,201,2026-09-09,21:51:55.361,2026-09-09T21:51:55.361,6.707866564000142,0,0.0,5.129241000304319,28.697370999907434,4.0,4577.33203125,18.0,1516.75
yolo11m.pt,5,free_depth_motion,202,2026-09-09,21:51:55.393,2026-09-09T21:51:55.393,6.739916280999751,0,0.0,4.959550999956264,28.823219000059908,3.9,4577.33203125,18.0,1516.75
yolo11m.pt,5,free_depth_motion,203,2026-09-09,21:51:55.429,2026-09-09T21:51:55.429,6.775912263000009,0,0.0,5.0486210002418375,33.0652130000999,1.8,4577.9296875,18.0,1516.75
yolo11m.pt,5,free_depth_motion,204,2026-09-09,21:51:55.457,2026-09-09T21:51:55.457,6.803812506999748,0,0.0,4.990479999833042,24.880343999939214,2.2,4577.9296875,18.0,1516.75
yolo11m.pt,5,free_depth_motion,205,2026-09-09,21:51:55.493,2026-09-09T21:51:55.493,6.839738798999861,0,0.0,5.152049999651354,33.311241999854246,3.5,4577.9296875,18.0,1516.75
yolo11m.pt,5,free_depth_motion,206,2026-09-09,21:51:55.529,2026-09-09T21:51:55.529,6.8759490799998275,0,0.0,4.929930999878707,32.968643000003794,3.4,4577.9296875,18.0,1516.75
yolo11m.pt,5,free_depth_motion,207,2026-09-09,21:51:55.561,2026-09-09T21:51:55.561,6.90789163799991,0,0.0,5.095341000014741,29.07302899984643,2.0,4577.9296875,18.0,1516.75
yolo11m.pt,5,free_depth_motion,208,2026-09-09,21:51:55.593,2026-09-09T21:51:55.593,6.93977910600006,0,0.0,4.957960999945499,28.67227000024286,3.9,4578.55859375,18.0,1516.75
yolo11m.pt,5,free_depth_motion,209,2026-09-09,21:51:55.629,2026-09-09T21:51:55.629,6.976011236999966,0,0.0,5.0470609999138105,33.22186300010799,1.7,4578.55859375,18.0,1516.75
yolo11m.pt,5,free_depth_motion,210,2026-09-09,21:51:55.661,2026-09-09T21:51:55.661,7.007933344999856,0,0.0,4.945371000303567,28.726240000196412,3.9,4578.55859375,18.0,1516.75
yolo11m.pt,5,free_depth_motion,211,2026-09-09,21:51:55.693,2026-09-09T21:51:55.693,7.03977456299981,0,0.0,5.070260999673337,28.919410000071366,3.9,4578.55859375,18.0,1516.75
yolo11m.pt,5,free_depth_motion,212,2026-09-09,21:51:55.729,2026-09-09T21:51:55.729,7.07570574600004,0,0.0,4.892901999937749,32.776415000171255,3.5,4578.55859375,18.0,1516.75
yolo11m.pt,5,free_depth_motion,213,2026-09-09,21:51:55.761,2026-09-09T21:51:55.761,7.107915342000069,0,0.0,5.098670999814203,29.446938000091905,2.0,4578.55859375,18.0,1516.75
yolo11m.pt,5,free_depth_motion,214,2026-09-09,21:51:55.793,2026-09-09T21:51:55.793,7.1398349099999905,0,0.0,4.890480999620195,28.767689999767754,3.9,4578.55859375,18.0,1516.75
yolo11m.pt,5,free_depth_motion,215,2026-09-09,21:51:55.829,2026-09-09T21:51:55.829,7.175873021999905,0,0.0,5.05075000000943,33.23928200006776,1.7,4578.55859375,19.0,1516.75
yolo11m.pt,5,free_depth_motion,216,2026-09-09,21:51:55.861,2026-09-09T21:51:55.861,7.207805900000039,0,0.0,4.948761999912676,28.83444999997664,3.9,4578.55859375,19.0,1516.75
yolo11m.pt,5,free_depth_motion,217,2026-09-09,21:51:55.893,2026-09-09T21:51:55.893,7.240078555999844,0,0.0,4.991780999716866,29.26129800016497,2.0,4578.55859375,19.0,1516.75
yolo11m.pt,5,free_depth_motion,218,2026-09-09,21:51:55.929,2026-09-09T21:51:55.929,7.276048348000131,0,0.0,4.878522000126395,32.74435499997708,3.5,4578.80078125,19.0,1516.75
yolo11m.pt,5,free_depth_motion,219,2026-09-09,21:51:55.961,2026-09-09T21:51:55.961,7.3078500269998585,0,0.0,5.073339999853488,28.981459000078758,2.0,4578.80078125,19.0,1516.75
yolo11m.pt,5,free_depth_motion,220,2026-09-09,21:51:55.993,2026-09-09T21:51:55.993,7.339829523999924,1,0.1633918434381485,5.115220999869052,29.063258999940444,3.8,4578.79296875,19.0,1516.75
yolo11m.pt,5,free_depth_motion,221,2026-09-09,21:51:56.029,2026-09-09T21:51:56.029,7.37585088600008,0,0.0,5.042881000008492,32.89771400022801,3.5,4578.79296875,19.0,1516.75
yolo11m.pt,5,free_depth_motion,222,2026-09-09,21:51:56.061,2026-09-09T21:51:56.061,7.407895253999868,0,0.0,4.993240999738191,28.964099999939208,3.8,4578.79296875,19.0,1516.75
yolo11m.pt,5,free_depth_motion,223,2026-09-09,21:51:56.093,2026-09-09T21:51:56.093,7.439914930999748,0,0.0,5.062430999714707,29.145738999886817,2.0,4578.79296875,19.0,1516.75
yolo11m.pt,5,free_depth_motion,224,2026-09-09,21:51:56.129,2026-09-09T21:51:56.129,7.475793034000162,0,0.0,4.91320099990844,32.72647499989034,3.5,4578.79296875,19.0,1516.75
yolo11m.pt,5,free_depth_motion,225,2026-09-09,21:51:56.161,2026-09-09T21:51:56.161,7.50775405100012,1,0.47683992981910706,5.234230000041862,29.389878000074532,3.8,4578.79296875,19.0,1516.75
yolo11m.pt,5,free_depth_motion,226,2026-09-09,21:51:56.193,2026-09-09T21:51:56.193,7.540051867999864,0,0.0,4.925300999730098,28.84223999990354,2.0,4578.79296875,19.0,1516.75
yolo11m.pt,5,free_depth_motion,227,2026-09-09,21:51:56.229,2026-09-09T21:51:56.229,7.575525861999722,1,0.2544007897377014,5.20074999985809,32.88785499989899,3.5,4578.79296875,19.0,1516.75
yolo11m.pt,5,free_depth_motion,228,2026-09-09,21:51:56.261,2026-09-09T21:51:56.261,7.607954938000148,0,0.0,4.95560099989234,29.0808790000483,2.0,4578.79296875,19.0,1516.75
yolo11m.pt,5,free_depth_motion,229,2026-09-09,21:51:56.293,2026-09-09T21:51:56.293,7.640037184999983,1,0.2958223819732666,5.188090000046941,29.408267999770032,3.8,4578.79296875,19.0,1516.75
yolo11m.pt,5,free_depth_motion,230,2026-09-09,21:51:56.329,2026-09-09T21:51:56.329,7.676000816999931,0,0.0,4.906051000034495,32.51948500019353,1.8,4578.78125,19.0,1516.75
yolo11m.pt,5,free_depth_motion,231,2026-09-09,21:51:56.361,2026-09-09T21:51:56.361,7.707934815000044,0,0.0,5.092150000109541,29.16645800041806,3.9,4578.78125,19.0,1516.75
yolo11m.pt,5,free_depth_motion,232,2026-09-09,21:51:56.393,2026-09-09T21:51:56.393,7.739831592999963,1,0.2736714482307434,5.079569999907108,29.02621899966107,2.0,4578.78125,19.0,1516.75
yolo11m.pt,5,free_depth_motion,233,2026-09-09,21:51:56.429,2026-09-09T21:51:56.429,7.7758465849997265,1,0.24591438472270966,5.298528999901464,33.14301299997169,3.4,4578.78125,19.0,1516.75
yolo11m.pt,5,free_depth_motion,234,2026-09-09,21:51:56.461,2026-09-09T21:51:56.461,7.8077794030000405,0,0.0,4.989411000224209,28.5213610000028,2.0,4578.78125,19.0,1516.75
yolo11m.pt,5,free_depth_motion,235,2026-09-09,21:51:56.497,2026-09-09T21:51:56.497,7.844050753999909,0,0.0,5.3573189998132875,33.60739099980492,5.1,4578.78125,19.0,1516.75
yolo11m.pt,5,free_depth_motion,236,2026-09-09,21:51:56.529,2026-09-09T21:51:56.529,7.875804551999863,1,0.33358609676361084,5.104931000005308,28.589621000264742,2.0,4578.78125,19.0,1516.75
yolo11m.pt,5,free_depth_motion,237,2026-09-09,21:51:56.561,2026-09-09T21:51:56.561,7.907968679000078,1,0.5760464072227478,5.264399999759917,29.36421699996572,3.8,4578.76953125,19.0,1516.75
yolo11m.pt,5,free_depth_motion,238,2026-09-09,21:51:56.597,2026-09-09T21:51:56.597,7.943929861000015,1,0.2400391548871994,5.074431000139157,32.67803400012781,1.8,4578.76953125,19.0,1516.75
yolo11m.pt,5,free_depth_motion,239,2026-09-09,21:51:56.630,2026-09-09T21:51:56.630,7.976165988000048,1,0.5574660897254944,5.186780000258295,29.28712799985078,2.0,4578.76953125,19.0,1516.75
yolo11m.pt,5,free_depth_motion,240,2026-09-09,21:51:56.660,2026-09-09T21:51:56.660,8.007511907999742,0,0.0,4.90764100004526,27.93010300001697,4.0,4578.76953125,19.0,1516.75
yolo11m.pt,5,free_depth_motion,241,2026-09-09,21:51:56.698,2026-09-09T21:51:56.698,8.044050468000023,1,0.5083262324333191,5.2935600001546845,34.0332099999614,1.7,4578.76953125,19.0,1516.75
yolo11m.pt,5,free_depth_motion,242,2026-09-09,21:51:56.729,2026-09-09T21:51:56.729,8.076007346000097,1,0.3296169638633728,5.1628100000016275,28.826879000007466,2.0,4578.76953125,19.0,1516.75
yolo11m.pt,5,free_depth_motion,243,2026-09-09,21:51:56.761,2026-09-09T21:51:56.761,8.107998772999963,0,0.0,5.092340999908629,28.865129000223533,3.9,4578.76953125,19.0,1516.75
yolo11m.pt,5,free_depth_motion,244,2026-09-09,21:51:56.797,2026-09-09T21:51:56.797,8.143907686000148,1,0.19670532643795013,5.076630000075966,33.083483000154956,1.8,4578.76953125,19.0,1516.75
yolo11m.pt,5,free_depth_motion,245,2026-09-09,21:51:56.829,2026-09-09T21:51:56.829,8.17607099199995,1,0.19400593638420105,5.1960810001219215,29.18900799977564,3.8,4578.76953125,19.0,1516.75
yolo11m.pt,5,free_depth_motion,246,2026-09-09,21:51:56.861,2026-09-09T21:51:56.861,8.208012080000117,1,0.7276932001113892,5.081550999875617,28.70239000003494,2.0,4577.34765625,19.0,1514.125
yolo11m.pt,5,free_depth_motion,247,2026-09-09,21:51:56.897,2026-09-09T21:51:56.897,8.24384817300006,0,0.0,5.098300000099698,32.656464999945456,1.8,4577.34765625,19.0,1514.125
yolo11m.pt,5,free_depth_motion,248,2026-09-09,21:51:56.930,2026-09-09T21:51:56.930,8.276184669000031,1,0.2071719616651535,5.161019999832206,29.357377999986056,5.7,4577.58984375,19.0,1514.125
yolo11m.pt,5,free_depth_motion,249,2026-09-09,21:51:56.962,2026-09-09T21:51:56.962,8.30812135699989,1,0.4320142865180969,5.216579999796522,29.01171900020927,3.9,4577.58984375,19.0,1514.125
yolo11m.pt,5,free_depth_motion,250,2026-09-09,21:51:56.998,2026-09-09T21:51:56.998,8.344195938999746,1,0.17467504739761353,5.792078000013134,33.59028100021533,1.7,4577.58984375,19.0,1514.125
yolo11m.pt,5,free_depth_motion,251,2026-09-09,21:51:57.029,2026-09-09T21:51:57.029,8.376015426999857,1,0.5622227787971497,5.159540000022389,28.19026199995278,2.0,4577.83203125,19.0,1514.125
yolo11m.pt,5,free_depth_motion,252,2026-09-09,21:51:57.061,2026-09-09T21:51:57.061,8.408004514999902,1,0.4955347776412964,5.101990000184742,28.851389000010386,3.9,4577.83203125,19.0,1514.125
yolo11m.pt,5,free_depth_motion,253,2026-09-09,21:51:57.098,2026-09-09T21:51:57.098,8.444156225999905,1,0.7543697357177734,5.1341299999876355,33.11012299991489,1.8,4577.83203125,19.0,1514.125
yolo11m.pt,5,free_depth_motion,254,2026-09-09,21:51:57.130,2026-09-09T21:51:57.130,8.476222692999727,1,0.565656840801239,5.125730999679945,28.939478999745916,2.0,4577.83203125,19.0,1514.125
yolo11m.pt,5,free_depth_motion,255,2026-09-09,21:51:57.161,2026-09-09T21:51:57.161,8.507977811999808,1,0.7497462630271912,5.276180000237218,28.884248999929696,3.9,4577.83203125,19.0,1514.125
yolo11m.pt,5,free_depth_motion,256,2026-09-09,21:51:57.197,2026-09-09T21:51:57.197,8.543722054999762,1,0.2965887784957886,5.280920000132028,32.79381499987721,3.6,4579.25390625,19.0,1514.875
yolo11m.pt,5,free_depth_motion,257,2026-09-09,21:51:57.229,2026-09-09T21:51:57.229,8.575847781999983,1,0.5321243405342102,5.251219999991008,28.99555900012274,3.8,4579.25390625,19.0,1514.875
yolo11m.pt,5,free_depth_motion,258,2026-09-09,21:51:57.261,2026-09-09T21:51:57.261,8.60798320899994,0,0.0,4.988631000287569,28.716229000110616,2.0,4579.25390625,19.0,1514.875
yolo11m.pt,5,free_depth_motion,259,2026-09-09,21:51:57.297,2026-09-09T21:51:57.297,8.644057520999922,1,0.8352280855178833,5.212039999605622,33.250932000100875,3.4,4579.25390625,19.0,1514.875
yolo11m.pt,5,free_depth_motion,260,2026-09-09,21:51:57.329,2026-09-09T21:51:57.329,8.675901668999813,1,0.7219565510749817,5.10844000018551,28.699540000161505,2.0,4579.25390625,19.0,1514.875
yolo11m.pt,5,free_depth_motion,261,2026-09-09,21:51:57.361,2026-09-09T21:51:57.361,8.708015826000064,1,0.8548450469970703,5.2252200002840254,29.124368999873695,3.8,4579.25390625,19.0,1514.875
yolo11m.pt,5,free_depth_motion,262,2026-09-09,21:51:57.397,2026-09-09T21:51:57.397,8.743958808000116,1,0.6422300338745117,5.116841000017303,32.915373999912845,1.8,4579.25390625,19.0,1514.875
yolo11m.pt,5,free_depth_motion,263,2026-09-09,21:51:57.429,2026-09-09T21:51:57.429,8.775638246999733,1,0.6002050638198853,5.248979999578296,28.779550000308518,2.0,4579.25390625,19.0,1514.875
yolo11m.pt,5,free_depth_motion,264,2026-09-09,21:51:57.461,2026-09-09T21:51:57.461,8.807995722999749,1,0.6356501579284668,5.116649999763467,29.263137999805622,5.8,4579.25390625,19.0,1514.875
yolo11m.pt,5,free_depth_motion,265,2026-09-09,21:51:57.497,2026-09-09T21:51:57.497,8.843915555999956,1,0.18790870904922485,5.232540000179142,32.87456399993971,1.8,4579.25390625,19.0,1514.875
yolo11m.pt,5,free_depth_motion,266,2026-09-09,21:51:57.529,2026-09-09T21:51:57.529,8.876027873000112,1,0.7003280520439148,5.147889999989275,28.981459000078758,2.0,4579.25390625,19.0,1514.875
yolo11m.pt,5,free_depth_motion,267,2026-09-09,21:51:57.562,2026-09-09T21:51:57.562,8.908221288999812,1,0.6732491850852966,5.225559999871621,29.171367999879294,3.8,4579.25390625,19.0,1514.875
yolo11m.pt,5,free_depth_motion,268,2026-09-09,21:51:57.597,2026-09-09T21:51:57.597,8.944056351999734,0,0.0,5.067440999937389,32.55301499984853,5.3,4579.96484375,19.0,1514.875
yolo11m.pt,5,free_depth_motion,269,2026-09-09,21:51:57.630,2026-09-09T21:51:57.630,8.976114389000031,1,0.43991678953170776,5.218080999839003,29.067209000004368,2.0,4580.43359375,19.0,1514.875
yolo11m.pt,5,free_depth_motion,270,2026-09-09,21:51:57.661,2026-09-09T21:51:57.661,9.007978947000083,0,0.0,5.022791000101279,28.3601420001105,3.9,4580.43359375,19.0,1514.875
yolo11m.pt,5,free_depth_motion,271,2026-09-09,21:51:57.698,2026-09-09T21:51:57.698,9.04416362899974,1,0.7023661732673645,5.224799999723473,33.36905200012552,3.5,4581.171875,19.0,1514.8125
yolo11m.pt,5,free_depth_motion,272,2026-09-09,21:51:57.725,2026-09-09T21:51:57.725,9.07183949299997,1,0.7023661732673645,5.211610000060318,24.607175000255666,2.3,4581.171875,19.0,1514.8125
yolo11m.pt,5,free_depth_motion,273,2026-09-09,21:51:57.762,2026-09-09T21:51:57.762,9.108218593999936,1,0.7706947922706604,5.268608999813296,33.596630999909394,1.8,4581.171875,19.0,1514.8125
yolo11m.pt,5,free_depth_motion,274,2026-09-09,21:51:57.797,2026-09-09T21:51:57.797,9.144053006999911,0,0.0,4.934070999752294,32.34178599996085,3.5,4581.4140625,19.0,1514.8125
yolo11m.pt,5,free_depth_motion,275,2026-09-09,21:51:57.829,2026-09-09T21:51:57.829,9.176121383999998,1,0.1684075891971588,5.167220000203088,29.373247000421543,2.0,4581.4140625,18.0,1514.8125
yolo11m.pt,5,free_depth_motion,276,2026-09-09,21:51:57.865,2026-09-09T21:51:57.865,9.211885777000134,1,0.30329611897468567,5.153930000233231,32.684695000170905,1.8,4581.4140625,18.0,1514.8125
yolo11m.pt,5,free_depth_motion,277,2026-09-09,21:51:57.898,2026-09-09T21:51:57.898,9.244045173999893,1,0.5126215815544128,5.3546589997495175,29.257248000249092,3.9,4581.4140625,18.0,1514.8125
yolo11m.pt,5,free_depth_motion,278,2026-09-09,21:51:57.930,2026-09-09T21:51:57.930,9.276023230999726,1,0.5502845644950867,5.302510000092298,28.929639000125462,5.8,4581.30078125,18.0,1514.8125
yolo11m.pt,5,free_depth_motion,279,2026-09-09,21:51:57.965,2026-09-09T21:51:57.965,9.311970302999725,0,0.0,5.059290999724908,32.50384500006476,1.8,4581.30078125,18.0,1514.8125
yolo11m.pt,5,free_depth_motion,280,2026-09-09,21:51:57.997,2026-09-09T21:51:57.997,9.343992221000008,0,0.0,5.025710000154504,29.071508000015456,3.9,4581.30078125,18.0,1514.8125
yolo11m.pt,5,free_depth_motion,281,2026-09-09,21:51:58.030,2026-09-09T21:51:58.030,9.376159307999842,1,0.6587142944335938,5.149179999989428,29.287677999946027,2.0,4581.30078125,18.0,1514.8125
yolo11m.pt,5,free_depth_motion,282,2026-09-09,21:51:58.065,2026-09-09T21:51:58.065,9.411787800999718,0,0.0,4.960950999702618,32.39685599965014,3.5,4581.30078125,18.0,1514.8125
yolo11m.pt,5,free_depth_motion,283,2026-09-09,21:51:58.097,2026-09-09T21:51:58.097,9.444032937999964,0,0.0,5.12873000025138,29.395017999831907,3.9,4581.30078125,18.0,1515.0625
yolo11m.pt,5,free_depth_motion,284,2026-09-09,21:51:58.129,2026-09-09T21:51:58.129,9.475888546000078,0,0.0,4.957491000368464,28.593141000328615,3.9,4581.30078125,18.0,1515.0625
yolo11m.pt,5,free_depth_motion,285,2026-09-09,21:51:58.165,2026-09-09T21:51:58.165,9.512074546999884,0,0.0,5.0188610002805945,33.18240299995523,3.4,4581.30078125,18.0,1515.0625
yolo11m.pt,5,free_depth_motion,286,2026-09-09,21:51:58.197,2026-09-09T21:51:58.197,9.544016485000157,0,0.0,4.9704709999787156,28.875299999981507,3.9,4581.30078125,18.0,1515.0625
yolo11m.pt,5,free_depth_motion,287,2026-09-09,21:51:58.229,2026-09-09T21:51:58.229,9.575940743000046,0,0.0,5.043919999934587,28.8115589996778,2.0,4581.30078125,18.0,1515.0625
yolo11m.pt,5,free_depth_motion,288,2026-09-09,21:51:58.265,2026-09-09T21:51:58.265,9.611995204999857,0,0.0,4.965301000083855,32.906434000324225,3.5,4581.30078125,18.0,1515.0625
yolo11m.pt,5,free_depth_motion,289,2026-09-09,21:51:58.297,2026-09-09T21:51:58.297,9.644029162000152,0,0.0,5.060360999777913,28.904660000080185,2.0,4581.30078125,18.0,1515.0625
yolo11m.pt,5,free_depth_motion,290,2026-09-09,21:51:58.329,2026-09-09T21:51:58.329,9.675944300000083,0,0.0,4.945210999721894,28.74197000028289,3.9,4581.30078125,19.0,1515.0625
yolo11m.pt,5,free_depth_motion,291,2026-09-09,21:51:58.365,2026-09-09T21:51:58.365,9.711955681999825,0,0.0,5.048221000379272,32.9656639996756,1.8,4581.30078125,19.0,1515.0625
yolo11m.pt,5,free_depth_motion,292,2026-09-09,21:51:58.397,2026-09-09T21:51:58.397,9.744006868999804,1,0.37327009439468384,5.197460000090359,29.303847999926802,3.8,4581.30078125,19.0,1515.0625
yolo11m.pt,5,free_depth_motion,293,2026-09-09,21:51:58.429,2026-09-09T21:51:58.429,9.776064746999964,0,0.0,5.011580999962462,28.7404399996376,3.9,4581.30078125,19.0,1515.0625
yolo11m.pt,5,free_depth_motion,294,2026-09-09,21:51:58.465,2026-09-09T21:51:58.465,9.811934319000102,1,0.19737675786018372,5.125150999901962,33.03345399990576,1.8,4581.30078125,19.0,1515.0625
yolo11m.pt,5,free_depth_motion,295,2026-09-09,21:51:58.497,2026-09-09T21:51:58.497,9.84396631699974,0,0.0,5.086059999939607,28.77312000009624,2.0,4581.30078125,19.0,1515.0625
yolo11m.pt,5,free_depth_motion,296,2026-09-09,21:51:58.529,2026-09-09T21:51:58.529,9.876096643999972,0,0.0,4.976951000116969,28.99998900011269,3.9,4581.30078125,19.0,1515.0625
yolo11m.pt,5,free_depth_motion,297,2026-09-09,21:51:58.565,2026-09-09T21:51:58.565,9.911885027000153,0,0.0,5.015519999687967,32.750184000178706,1.8,4581.15234375,19.0,1515.0625
yolo11m.pt,5,free_depth_motion,298,2026-09-09,21:51:58.597,2026-09-09T21:51:58.597,9.94397180399983,1,0.20502886176109314,5.121179999605374,29.30746799984263,2.0,4581.39453125,19.0,1515.0625
yolo11m.pt,5,free_depth_motion,299,2026-09-09,21:51:58.629,2026-09-09T21:51:58.629,9.97603060099982,1,0.1684260219335556,5.199700000048324,29.00178900017636,3.9,4581.39453125,19.0,1515.0625
yolo11m.pt,5,free_depth_motion,300,2026-09-09,21:51:58.665,2026-09-09T21:51:58.665,10.012128482999742,0,0.0,5.0707400000646885,32.79398399990896,1.8,4581.39453125,19.0,1515.0625
