model,run,movement,frame_id,date,time,datetime_iso,timestamp_s,detected,confidence,inference_ms,total_processing_ms,cpu_percent,ram_mb,gpu_percent,vram_mb
yolo11n.pt,1,static,1,2026-09-09,21:37:23.094,2026-09-09T21:37:23.094,0.03261133499972857,1,0.43035638332366943,5.721228000311385,41.09427299999879,2.4,4822.67578125,3.0,1264.875
yolo11n.pt,1,static,2,2026-09-09,21:37:23.127,2026-09-09T21:37:23.127,0.06852010799957498,1,0.3896438479423523,4.73024200027794,29.617366999900696,1.8,4822.62109375,2.0,1264.875
yolo11n.pt,1,static,3,2026-09-09,21:37:23.158,2026-09-09T21:37:23.158,0.10067275499977768,1,0.38421106338500977,4.216184000142675,28.58208999987255,4.0,4822.62109375,2.0,1264.875
yolo11n.pt,1,static,4,2026-09-09,21:37:23.191,2026-09-09T21:37:23.191,0.13196915499975148,1,0.3160562515258789,4.316873999869131,29.62646700007099,2.0,4822.62109375,2.0,1264.875
yolo11n.pt,1,static,5,2026-09-09,21:37:23.226,2026-09-09T21:37:23.226,0.16892203399993377,1,0.4585513770580292,4.158933999860892,32.609524999770656,3.4,4822.59765625,2.0,1264.875
yolo11n.pt,1,static,6,2026-09-09,21:37:23.257,2026-09-09T21:37:23.257,0.19971662599982665,1,0.37597203254699707,4.288683000140736,27.90200299978096,2.1,4822.59765625,2.0,1264.875
yolo11n.pt,1,static,7,2026-09-09,21:37:23.289,2026-09-09T21:37:23.289,0.23195804199986014,1,0.41789862513542175,4.253953999977966,29.12649900008546,1.9,4822.59765625,2.0,1264.875
yolo11n.pt,1,static,8,2026-09-09,21:37:23.325,2026-09-09T21:37:23.325,0.2679590949996964,1,0.34511324763298035,4.226933000154531,32.97497399989879,1.8,4822.59765625,2.0,1264.875
yolo11n.pt,1,static,9,2026-09-09,21:37:23.357,2026-09-09T21:37:23.357,0.3000214519997826,1,0.4612407088279724,4.197814000235667,29.03964899996936,5.8,4823.81640625,2.0,1264.875
yolo11n.pt,1,static,10,2026-09-09,21:37:23.389,2026-09-09T21:37:23.389,0.3320268689999466,1,0.36156198382377625,4.2104939998353075,29.02629899972453,2.0,4823.81640625,2.0,1264.875
yolo11n.pt,1,static,11,2026-09-09,21:37:23.425,2026-09-09T21:37:23.425,0.36802394199958144,1,0.38441890478134155,4.186362999917037,32.896464000259584,1.8,4823.81640625,2.0,1264.875
yolo11n.pt,1,static,12,2026-09-09,21:37:23.457,2026-09-09T21:37:23.457,0.3999173989996052,1,0.4256817102432251,4.238073999658809,28.894929999751184,2.0,4823.81640625,2.0,1264.875
yolo11n.pt,1,static,13,2026-09-09,21:37:23.489,2026-09-09T21:37:23.489,0.4320329459997083,1,0.38075825572013855,4.172353999820189,29.102108999722986,3.9,4823.81640625,2.0,1264.875
yolo11n.pt,1,static,14,2026-09-09,21:37:23.525,2026-09-09T21:37:23.525,0.4678921189997709,1,0.36890020966529846,4.3090939998364775,33.04196299995965,1.8,4819.546875,2.0,1264.5
yolo11n.pt,1,static,15,2026-09-09,21:37:23.557,2026-09-09T21:37:23.557,0.4998855669996374,1,0.42826542258262634,4.2131440000048315,28.932569000062358,2.0,4818.32421875,2.0,1264.1875
yolo11n.pt,1,static,16,2026-09-09,21:37:23.590,2026-09-09T21:37:23.590,0.5320595439998215,1,0.33519676327705383,4.224642999815842,29.375398000411224,2.0,4818.32421875,2.0,1264.1875
yolo11n.pt,1,static,17,2026-09-09,21:37:23.625,2026-09-09T21:37:23.625,0.5679955359996711,1,0.3973497450351715,4.205944000204909,32.680425999842555,1.8,4817.88671875,8.0,1264.1875
yolo11n.pt,1,static,18,2026-09-09,21:37:23.658,2026-09-09T21:37:23.658,0.5997867639998731,1,0.4258315861225128,4.5037129998490855,29.197848999956477,2.0,4817.88671875,8.0,1264.1875
yolo11n.pt,1,static,19,2026-09-09,21:37:23.689,2026-09-09T21:37:23.689,0.6320395909997387,1,0.496192067861557,4.1651040000942885,28.943689000243467,3.9,4817.88671875,8.0,1264.1875
yolo11n.pt,1,static,20,2026-09-09,21:37:23.725,2026-09-09T21:37:23.725,0.668021772999964,1,0.37102624773979187,4.185864000191941,33.05913399981364,3.4,4817.88671875,8.0,1264.1875
yolo11n.pt,1,static,21,2026-09-09,21:37:23.757,2026-09-09T21:37:23.757,0.6999835109995729,1,0.46477845311164856,4.232843999943725,29.058839000299486,2.0,4817.88671875,8.0,1264.1875
yolo11n.pt,1,static,22,2026-09-09,21:37:23.789,2026-09-09T21:37:23.789,0.7320502679999663,1,0.48099738359451294,4.181373999927018,29.087147999689478,2.0,4817.88671875,8.0,1264.1875
yolo11n.pt,1,static,23,2026-09-09,21:37:23.826,2026-09-09T21:37:23.826,0.7681083799998305,1,0.34498414397239685,4.155974000241258,33.09658300031515,3.5,4818.12109375,8.0,1264.1875
yolo11n.pt,1,static,24,2026-09-09,21:37:23.857,2026-09-09T21:37:23.857,0.8000308679997943,1,0.40435653924942017,4.232013000091683,29.02835899976708,3.9,4818.12109375,8.0,1264.1875
yolo11n.pt,1,static,25,2026-09-09,21:37:23.889,2026-09-09T21:37:23.889,0.8320431049996841,1,0.3924393653869629,4.203623999728734,29.0262490002533,2.0,4818.12109375,8.0,1264.1875
yolo11n.pt,1,static,26,2026-09-09,21:37:23.925,2026-09-09T21:37:23.925,0.8680337979999422,1,0.44550690054893494,4.200043999844638,33.034633999704965,1.8,4818.12109375,8.0,1264.1875
yolo11n.pt,1,static,27,2026-09-09,21:37:23.957,2026-09-09T21:37:23.957,0.9000194749996808,1,0.3892522156238556,4.17046400025356,28.979900000194903,2.0,4818.12109375,8.0,1264.1875
yolo11n.pt,1,static,28,2026-09-09,21:37:23.989,2026-09-09T21:37:23.989,0.9320151319998331,1,0.499468058347702,4.193134000161081,28.953238999747555,3.9,4818.12109375,8.0,1264.1875
yolo11n.pt,1,static,29,2026-09-09,21:37:24.025,2026-09-09T21:37:24.025,0.9679012549995605,1,0.374871164560318,4.269323999778862,32.87788400029967,1.7,4817.875,8.0,1264.1875
yolo11n.pt,1,static,30,2026-09-09,21:37:24.057,2026-09-09T21:37:24.057,0.9998014829998283,1,0.28718098998069763,4.2492840002523735,28.958669000076043,2.0,4817.875,8.0,1264.1875
yolo11n.pt,1,static,31,2026-09-09,21:37:24.089,2026-09-09T21:37:24.089,1.0318701099999998,1,0.3828701376914978,4.228543999943213,29.083199000069726,3.8,4817.875,8.0,1264.1875
yolo11n.pt,1,static,32,2026-09-09,21:37:24.125,2026-09-09T21:37:24.125,1.0678678819999732,1,0.37885379791259766,4.389573000025848,33.23978200023703,1.8,4817.875,8.0,1264.1875
yolo11n.pt,1,static,33,2026-09-09,21:37:24.157,2026-09-09T21:37:24.157,1.0998789399995985,1,0.40548455715179443,4.251462999945943,28.88761899976089,2.0,4817.875,8.0,1264.1875
yolo11n.pt,1,static,34,2026-09-09,21:37:24.193,2026-09-09T21:37:24.193,1.1358276219998515,1,0.43446505069732666,4.23287400008121,32.96295299969643,1.8,4817.875,8.0,1264.1875
yolo11n.pt,1,static,35,2026-09-09,21:37:24.225,2026-09-09T21:37:24.225,1.1678364199997304,1,0.37471094727516174,4.212563000237424,29.034739000053378,3.9,4818.1171875,8.0,1264.1875
yolo11n.pt,1,static,36,2026-09-09,21:37:24.257,2026-09-09T21:37:24.257,1.2000327259997903,1,0.3387422263622284,4.16209400009393,29.18100799979584,2.0,4818.1171875,8.0,1264.1875
yolo11n.pt,1,static,37,2026-09-09,21:37:24.293,2026-09-09T21:37:24.293,1.23583865899991,1,0.5285089612007141,4.26917400000093,32.87021400001322,1.8,4818.1171875,8.0,1264.1875
yolo11n.pt,1,static,38,2026-09-09,21:37:24.325,2026-09-09T21:37:24.325,1.2677627869998105,1,0.4602704346179962,4.286354000214487,28.743410000060976,3.8,4818.1171875,8.0,1264.1875
yolo11n.pt,1,static,39,2026-09-09,21:37:24.357,2026-09-09T21:37:24.357,1.2998471939999945,1,0.4736170172691345,4.290314000172657,29.128528000001097,2.0,4818.1171875,8.0,1264.1875
yolo11n.pt,1,static,40,2026-09-09,21:37:24.393,2026-09-09T21:37:24.393,1.3357750569998643,1,0.42055031657218933,4.190963999917585,32.6710849999472,1.8,4818.1171875,8.0,1264.1875
yolo11n.pt,1,static,41,2026-09-09,21:37:24.425,2026-09-09T21:37:24.425,1.3677879539995956,1,0.4716947376728058,4.168543999639951,29.052789000161283,3.9,4818.1171875,8.0,1264.1875
yolo11n.pt,1,static,42,2026-09-09,21:37:24.457,2026-09-09T21:37:24.457,1.3997719319995667,1,0.23899739980697632,4.219472999920981,29.101698999966175,3.8,4818.1171875,8.0,1264.1875
yolo11n.pt,1,static,43,2026-09-09,21:37:24.493,2026-09-09T21:37:24.493,1.4358575339997515,1,0.43240272998809814,4.247623000082967,33.14087299986568,1.8,4818.1171875,8.0,1264.1875
yolo11n.pt,1,static,44,2026-09-09,21:37:24.525,2026-09-09T21:37:24.525,1.467861960999926,1,0.3322024941444397,4.33634399996663,29.06378899979245,3.8,4821.78515625,8.0,1266.1875
yolo11n.pt,1,static,45,2026-09-09,21:37:24.558,2026-09-09T21:37:24.558,1.5001853969997683,1,0.338762104511261,4.245843999797216,29.17419899995366,2.0,4818.109375,8.0,1266.1875
yolo11n.pt,1,static,46,2026-09-09,21:37:24.594,2026-09-09T21:37:24.594,1.53585362099966,1,0.3345949947834015,4.691352000008919,33.16331300038655,1.7,4817.015625,8.0,1266.1875
yolo11n.pt,1,static,47,2026-09-09,21:37:24.626,2026-09-09T21:37:24.626,1.56778119899991,1,0.3677031993865967,4.679241999838268,28.924139000082505,2.0,4817.015625,9.0,1266.1875
yolo11n.pt,1,static,48,2026-09-09,21:37:24.658,2026-09-09T21:37:24.658,1.5997587459996794,1,0.22498247027397156,4.716672000085964,29.075918999751593,3.9,4816.76953125,9.0,1266.1875
yolo11n.pt,1,static,49,2026-09-09,21:37:24.693,2026-09-09T21:37:24.693,1.6357777579996764,1,0.47579941153526306,4.251574000136316,32.63317499977347,3.4,4816.76953125,9.0,1266.1875
yolo11n.pt,1,static,50,2026-09-09,21:37:24.725,2026-09-09T21:37:24.725,1.6678583149996484,1,0.30649664998054504,4.338184000062029,29.251337999994576,2.0,4816.76953125,9.0,1266.1875
yolo11n.pt,1,static,51,2026-09-09,21:37:24.757,2026-09-09T21:37:24.757,1.6999060229995848,1,0.44377464056015015,4.291632999866124,29.075979000026564,2.0,4816.76953125,9.0,1266.1875
yolo11n.pt,1,static,52,2026-09-09,21:37:24.793,2026-09-09T21:37:24.793,1.7357658649998484,1,0.36361512541770935,4.488272999878973,33.166163000259985,1.8,4816.76953125,9.0,1266.1875
yolo11n.pt,1,static,53,2026-09-09,21:37:24.825,2026-09-09T21:37:24.825,1.7678688829996645,1,0.4034348428249359,4.255413999999291,28.847190000306,3.9,4817.01171875,9.0,1266.1875
yolo11n.pt,1,static,54,2026-09-09,21:37:24.857,2026-09-09T21:37:24.857,1.79983884999956,1,0.3346385061740875,4.24661399983961,28.948089000095933,2.0,4816.76171875,9.0,1266.1875
yolo11n.pt,1,static,55,2026-09-09,21:37:24.893,2026-09-09T21:37:24.893,1.835805801999868,1,0.3041574954986572,4.225194000355259,32.8553340000326,1.8,4816.76171875,9.0,1266.1875
yolo11n.pt,1,static,56,2026-09-09,21:37:24.925,2026-09-09T21:37:24.925,1.8678433199997926,1,0.46025192737579346,4.224453000006179,28.96955899996101,1.9,4816.76171875,9.0,1266.1875
yolo11n.pt,1,static,57,2026-09-09,21:37:24.957,2026-09-09T21:37:24.957,1.8998263869998482,1,0.31506675481796265,4.22515399986878,28.917229999933625,2.0,4816.76171875,9.0,1266.1875
yolo11n.pt,1,static,58,2026-09-09,21:37:24.993,2026-09-09T21:37:24.993,1.935740420000002,1,0.3214949369430542,4.228404000059527,32.85071400023298,1.8,4817.00390625,9.0,1266.1875
yolo11n.pt,1,static,59,2026-09-09,21:37:25.025,2026-09-09T21:37:25.025,1.9678673969997362,1,0.36099928617477417,4.309713000111515,29.200638000020263,7.5,4817.00390625,9.0,1266.1875
yolo11n.pt,1,static,60,2026-09-09,21:37:25.057,2026-09-09T21:37:25.057,1.9998740940000062,1,0.36146625876426697,4.258944000412157,28.862468999705015,2.0,4813.3984375,9.0,1266.5
yolo11n.pt,1,static,61,2026-09-09,21:37:25.093,2026-09-09T21:37:25.093,2.035762376999628,1,0.3537139594554901,4.312762999688857,32.90452400005961,1.8,4813.3984375,9.0,1266.5
yolo11n.pt,1,static,62,2026-09-09,21:37:25.125,2026-09-09T21:37:25.125,2.06786231399974,1,0.4475899934768677,4.286293999939517,29.15543799963416,2.0,4813.3984375,9.0,1266.5
yolo11n.pt,1,static,63,2026-09-09,21:37:25.158,2026-09-09T21:37:25.158,2.1000686109996423,1,0.4220088720321655,4.2519629996604635,28.98629900028027,3.8,4813.3984375,9.0,1266.5
yolo11n.pt,1,static,64,2026-09-09,21:37:25.194,2026-09-09T21:37:25.194,2.1357284439995965,1,0.34222087264060974,4.780062000008911,33.20141199992577,1.8,4813.3984375,9.0,1266.5
yolo11n.pt,1,static,65,2026-09-09,21:37:25.225,2026-09-09T21:37:25.225,2.1677953720000005,1,0.4469769597053528,4.243023999606521,28.523750999738695,3.9,4813.3984375,9.0,1266.5
yolo11n.pt,1,static,66,2026-09-09,21:37:25.257,2026-09-09T21:37:25.257,2.199770098999579,1,0.40213528275489807,4.2427440002938965,29.05033899969567,2.0,4813.3984375,9.0,1266.5
yolo11n.pt,1,static,67,2026-09-09,21:37:25.293,2026-09-09T21:37:25.293,2.2357105709997995,1,0.36734962463378906,4.230273999837664,32.98454400010087,3.4,4813.3984375,9.0,1266.5
yolo11n.pt,1,static,68,2026-09-09,21:37:25.325,2026-09-09T21:37:25.325,2.2679508279998117,1,0.4589354693889618,4.324113000166108,29.354698000133794,2.0,4813.3984375,9.0,1266.5
yolo11n.pt,1,static,69,2026-09-09,21:37:25.358,2026-09-09T21:37:25.358,2.300068364999788,1,0.3006080090999603,4.208243999983097,29.023408999819367,3.9,4813.640625,9.0,1266.5
yolo11n.pt,1,static,70,2026-09-09,21:37:25.394,2026-09-09T21:37:25.394,2.335956067999632,1,0.37484613060951233,4.3908130001000245,33.02314299980935,1.8,4813.640625,9.0,1266.5
yolo11n.pt,1,static,71,2026-09-09,21:37:25.427,2026-09-09T21:37:25.427,2.3677390459997696,1,0.33280912041664124,5.832257999827561,30.29655399996045,3.8,4813.640625,9.0,1266.625
yolo11n.pt,1,static,72,2026-09-09,21:37:25.461,2026-09-09T21:37:25.461,2.4037680379997255,1,0.2479275017976761,4.241923999870778,31.474849000005634,3.6,4813.6328125,9.0,1266.625
yolo11n.pt,1,static,73,2026-09-09,21:37:25.493,2026-09-09T21:37:25.493,2.43579633499985,1,0.30324456095695496,4.2895740002677485,29.146178000246437,2.0,4813.6328125,9.0,1266.625
yolo11n.pt,1,static,74,2026-09-09,21:37:25.526,2026-09-09T21:37:25.526,2.467882312999791,1,0.4374134838581085,5.066260000148759,29.975364999700105,3.8,4812.375,9.0,1266.625
yolo11n.pt,1,static,75,2026-09-09,21:37:25.561,2026-09-09T21:37:25.561,2.5038201349998417,1,0.42435702681541443,4.270302999884734,32.15532700005497,1.8,4812.375,9.0,1266.625
yolo11n.pt,1,static,76,2026-09-09,21:37:25.593,2026-09-09T21:37:25.593,2.535800432999622,1,0.4028811752796173,4.29537399986657,29.04405900017082,2.0,4806.41015625,9.0,1266.625
yolo11n.pt,1,static,77,2026-09-09,21:37:25.625,2026-09-09T21:37:25.625,2.5677263999996285,1,0.38493067026138306,4.278234000139491,28.879108999717573,2.0,4806.1640625,9.0,1266.625
yolo11n.pt,1,static,78,2026-09-09,21:37:25.661,2026-09-09T21:37:25.661,2.603851181999744,1,0.3256623148918152,4.366163000213419,33.1925229997978,3.4,4806.40625,9.0,1266.625
yolo11n.pt,1,static,79,2026-09-09,21:37:25.693,2026-09-09T21:37:25.693,2.6358201899997766,1,0.41785016655921936,4.288183000426216,28.961738999896625,2.0,4806.40625,9.0,1266.625
yolo11n.pt,1,static,80,2026-09-09,21:37:25.726,2026-09-09T21:37:25.726,2.6679213969996454,1,0.34980231523513794,4.465743000309885,29.333838000184187,2.0,4806.40625,9.0,1266.625
yolo11n.pt,1,static,81,2026-09-09,21:37:25.761,2026-09-09T21:37:25.761,2.7037754099997073,1,0.4427202641963959,4.2649239999263955,32.645625000441214,3.5,4806.40625,9.0,1266.625
yolo11n.pt,1,static,82,2026-09-09,21:37:25.793,2026-09-09T21:37:25.793,2.735795766999672,1,0.23751547932624817,4.281572999843775,29.08816899980593,2.0,4806.40625,9.0,1266.625
yolo11n.pt,1,static,83,2026-09-09,21:37:25.825,2026-09-09T21:37:25.825,2.7677460549998614,1,0.17749682068824768,4.308192999815219,28.971278999961214,4.0,4806.6484375,9.0,1266.625
yolo11n.pt,1,static,84,2026-09-09,21:37:25.861,2026-09-09T21:37:25.861,2.8037057369997456,1,0.403637558221817,4.263862999778212,32.96751400011999,1.8,4806.390625,9.0,1266.625
yolo11n.pt,1,static,85,2026-09-09,21:37:25.893,2026-09-09T21:37:25.893,2.835712773999603,1,0.28608062863349915,4.263774000264675,28.965409999727854,2.0,4806.390625,9.0,1266.625
yolo11n.pt,1,static,86,2026-09-09,21:37:25.925,2026-09-09T21:37:25.925,2.867740741999569,1,0.3423973619937897,4.28755299981276,29.06003900034193,3.8,4806.390625,9.0,1266.625
yolo11n.pt,1,static,87,2026-09-09,21:37:25.962,2026-09-09T21:37:25.962,2.903789613999834,1,0.39800262451171875,4.598171999987244,33.42206199977227,1.8,4806.390625,9.0,1266.625
yolo11n.pt,1,static,88,2026-09-09,21:37:25.993,2026-09-09T21:37:25.993,2.935763401999793,1,0.3312211334705353,4.242244000124629,28.679041000032157,3.8,4806.390625,9.0,1266.625
yolo11n.pt,1,static,89,2026-09-09,21:37:26.026,2026-09-09T21:37:26.026,2.9677652389996183,1,0.45874956250190735,4.518423000263283,29.31922800007669,2.0,4806.390625,9.0,1266.625
yolo11n.pt,1,static,90,2026-09-09,21:37:26.061,2026-09-09T21:37:26.061,3.0037828709996575,1,0.4055691957473755,4.2726639999273175,32.813293999879534,1.8,4806.390625,9.0,1266.625
yolo11n.pt,1,static,91,2026-09-09,21:37:26.093,2026-09-09T21:37:26.093,3.0357843979995778,1,0.313446044921875,4.252283999903739,29.003339000155393,3.9,4806.390625,9.0,1266.625
yolo11n.pt,1,static,92,2026-09-09,21:37:26.125,2026-09-09T21:37:26.125,3.0677770259999306,1,0.41536638140678406,4.257333999703405,29.037549000349827,2.0,4806.390625,9.0,1266.625
yolo11n.pt,1,static,93,2026-09-09,21:37:26.161,2026-09-09T21:37:26.161,3.1038394879997213,1,0.3943922519683838,4.261764000148105,33.108863000052224,1.8,4806.390625,9.0,1266.625
yolo11n.pt,1,static,94,2026-09-09,21:37:26.193,2026-09-09T21:37:26.193,3.13577003599994,1,0.42471882700920105,4.288782999992691,29.024119000041537,5.8,4806.390625,9.0,1266.625
yolo11n.pt,1,static,95,2026-09-09,21:37:26.225,2026-09-09T21:37:26.225,3.1677665129996058,1,0.42490315437316895,4.272694000064803,29.02814799972475,2.0,4806.390625,9.0,1266.625
yolo11n.pt,1,static,96,2026-09-09,21:37:26.261,2026-09-09T21:37:26.261,3.2038332449997142,1,0.3837917447090149,4.226013999868883,33.062684000015,1.8,4806.390625,9.0,1266.625
yolo11n.pt,1,static,97,2026-09-09,21:37:26.293,2026-09-09T21:37:26.293,3.2358804729997246,1,0.4444096088409424,4.246913000315544,29.103598999881797,1.9,4806.390625,9.0,1266.625
yolo11n.pt,1,static,98,2026-09-09,21:37:26.326,2026-09-09T21:37:26.326,3.268139138999686,1,0.39882364869117737,4.257143999893742,29.303927999990265,3.9,4806.6328125,9.0,1266.625
yolo11n.pt,1,static,99,2026-09-09,21:37:26.361,2026-09-09T21:37:26.361,3.303778742999839,1,0.42508354783058167,4.236493000007613,32.68172499974753,1.8,4806.6328125,9.0,1266.625
yolo11n.pt,1,static,100,2026-09-09,21:37:26.393,2026-09-09T21:37:26.393,3.335879549999845,1,0.49070799350738525,4.330783000114025,29.193047999797272,3.9,4805.58984375,9.0,1266.625
yolo11n.pt,1,static,101,2026-09-09,21:37:26.425,2026-09-09T21:37:26.425,3.3677259579999372,1,0.3862023949623108,4.222164000111661,28.78830999998172,3.9,4805.58984375,9.0,1266.625
yolo11n.pt,1,static,102,2026-09-09,21:37:26.461,2026-09-09T21:37:26.461,3.4037781399997584,1,0.49787309765815735,4.33094300024095,33.10607399998844,1.8,4805.58984375,9.0,1266.625
yolo11n.pt,1,static,103,2026-09-09,21:37:26.493,2026-09-09T21:37:26.493,3.4357729669995933,1,0.4115833044052124,4.254064000178914,28.97024000003512,2.0,4805.58984375,9.0,1266.625
yolo11n.pt,1,static,104,2026-09-09,21:37:26.525,2026-09-09T21:37:26.525,3.467799164999633,1,0.3702409565448761,4.276793000371981,29.082879000270623,2.0,4805.58984375,9.0,1265.1875
yolo11n.pt,1,static,105,2026-09-09,21:37:26.561,2026-09-09T21:37:26.561,3.503820416999588,1,0.4835805594921112,4.239324000081979,32.91230400009226,3.4,4804.43359375,9.0,1265.1875
yolo11n.pt,1,static,106,2026-09-09,21:37:26.593,2026-09-09T21:37:26.593,3.535843253999701,1,0.30229613184928894,4.239653999775328,28.974268000183656,2.0,4798.5390625,9.0,1265.1875
yolo11n.pt,1,static,107,2026-09-09,21:37:26.626,2026-09-09T21:37:26.626,3.5681404609999845,1,0.4292583465576172,4.242112999691017,29.210757999862835,3.9,4798.5390625,8.0,1265.1875
yolo11n.pt,1,static,108,2026-09-09,21:37:26.661,2026-09-09T21:37:26.661,3.6038256539995928,1,0.27416229248046875,4.239643999881082,32.61353500010955,1.8,4798.5390625,8.0,1265.1875
yolo11n.pt,1,static,109,2026-09-09,21:37:26.693,2026-09-09T21:37:26.693,3.6358352609995563,1,0.45242297649383545,4.284503999770095,28.723989999889454,3.8,4798.5390625,8.0,1265.1875
yolo11n.pt,1,static,110,2026-09-09,21:37:26.729,2026-09-09T21:37:26.729,3.6718386539996573,1,0.3434339463710785,4.28270300017175,33.10993300010523,3.5,4798.29296875,8.0,1265.1875
yolo11n.pt,1,static,111,2026-09-09,21:37:26.761,2026-09-09T21:37:26.761,3.703861670999686,1,0.39858976006507874,4.259464000369917,28.909758999816404,3.8,4795.328125,8.0,1265.1875
yolo11n.pt,1,static,112,2026-09-09,21:37:26.793,2026-09-09T21:37:26.793,3.73584708899989,1,0.3550896942615509,4.222684000069421,28.997018999689317,2.0,4795.328125,8.0,1265.1875
yolo11n.pt,1,static,113,2026-09-09,21:37:26.829,2026-09-09T21:37:26.829,3.7718443309995564,1,0.39784085750579834,4.226554000069882,33.04090299980089,3.5,4795.0625,8.0,1265.1875
yolo11n.pt,1,static,114,2026-09-09,21:37:26.861,2026-09-09T21:37:26.861,3.8040458579998813,1,0.35454392433166504,4.196364000108588,29.218818000117608,1.9,4795.0625,8.0,1265.1875
yolo11n.pt,1,static,115,2026-09-09,21:37:26.893,2026-09-09T21:37:26.893,3.8357931559999088,1,0.33323341608047485,4.246424000029947,28.842458999861265,2.0,4795.0625,8.0,1265.1875
yolo11n.pt,1,static,116,2026-09-09,21:37:26.929,2026-09-09T21:37:26.929,3.8717657379997945,1,0.42639458179473877,4.298254000332236,33.09005300025092,3.5,4795.015625,8.0,1265.1875
yolo11n.pt,1,static,117,2026-09-09,21:37:26.961,2026-09-09T21:37:26.961,3.9037606659999255,1,0.4313521087169647,4.3790730001092015,29.127789000085613,2.0,4795.015625,8.0,1265.1875
yolo11n.pt,1,static,118,2026-09-09,21:37:26.993,2026-09-09T21:37:26.993,3.935871032999785,1,0.4086276590824127,4.2924630001834885,29.104728000220348,2.0,4795.015625,8.0,1265.1875
yolo11n.pt,1,static,119,2026-09-09,21:37:27.029,2026-09-09T21:37:27.029,3.971801714999856,1,0.47232359647750854,4.295514000205003,32.982833000005485,1.8,4795.015625,8.0,1265.1875
yolo11n.pt,1,static,120,2026-09-09,21:37:27.061,2026-09-09T21:37:27.061,4.004087691999757,1,0.38826414942741394,4.157473999839567,29.240198000024975,3.9,4795.015625,8.0,1265.1875
yolo11n.pt,1,static,121,2026-09-09,21:37:27.093,2026-09-09T21:37:27.093,4.035863769999651,1,0.5025241374969482,4.231084000366536,28.834090000145807,2.0,4795.015625,8.0,1265.1875
yolo11n.pt,1,static,122,2026-09-09,21:37:27.129,2026-09-09T21:37:27.129,4.0717970829996375,1,0.22307030856609344,4.233742999986134,32.96581399990828,1.8,4795.015625,8.0,1265.1875
yolo11n.pt,1,static,123,2026-09-09,21:37:27.161,2026-09-09T21:37:27.161,4.103975338999589,1,0.44536441564559937,4.208964000099513,29.06683899982454,5.8,4795.015625,8.0,1265.1875
yolo11n.pt,1,static,124,2026-09-09,21:37:27.193,2026-09-09T21:37:27.193,4.135773298000004,1,0.5084337592124939,4.249722999702499,28.812159999688447,2.0,4795.2578125,8.0,1265.1875
yolo11n.pt,1,static,125,2026-09-09,21:37:27.230,2026-09-09T21:37:27.230,4.17197441899998,1,0.41431042551994324,4.4024429998898995,33.42422200012152,3.5,4795.2578125,8.0,1265.1875
yolo11n.pt,1,static,126,2026-09-09,21:37:27.262,2026-09-09T21:37:27.262,4.20376112699978,1,0.29199597239494324,4.629182999906334,28.920728999764833,5.7,4795.2578125,8.0,1265.1875
yolo11n.pt,1,static,127,2026-09-09,21:37:27.293,2026-09-09T21:37:27.293,4.23586723399967,1,0.3298852741718292,4.406604000450898,28.846098999565584,2.0,4795.2578125,8.0,1265.1875
yolo11n.pt,1,static,128,2026-09-09,21:37:27.329,2026-09-09T21:37:27.329,4.271881416999804,1,0.430447518825531,4.35089299980973,32.999133999965125,1.8,4795.25,8.0,1265.1875
yolo11n.pt,1,static,129,2026-09-09,21:37:27.361,2026-09-09T21:37:27.361,4.303882063999936,1,0.3489930331707001,4.250984000009339,28.9268589999665,3.9,4795.25,8.0,1265.1875
yolo11n.pt,1,static,130,2026-09-09,21:37:27.393,2026-09-09T21:37:27.393,4.335848831999556,1,0.34387755393981934,4.2465239998819015,28.979769000216038,2.0,4795.21484375,8.0,1265.1875
yolo11n.pt,1,static,131,2026-09-09,21:37:27.430,2026-09-09T21:37:27.430,4.37204450299987,1,0.32955607771873474,4.345884000031219,33.30932200015013,3.4,4795.21484375,8.0,1265.1875
yolo11n.pt,1,static,132,2026-09-09,21:37:27.461,2026-09-09T21:37:27.461,4.403860090999842,1,0.3116534948348999,4.250873999808391,28.74667000014597,2.0,4795.21484375,8.0,1265.1875
yolo11n.pt,1,static,133,2026-09-09,21:37:27.493,2026-09-09T21:37:27.493,4.435851538999941,1,0.4853099584579468,4.2742129999169265,29.06514899996182,2.0,4795.21484375,8.0,1265.1875
yolo11n.pt,1,static,134,2026-09-09,21:37:27.529,2026-09-09T21:37:27.529,4.4718474909996075,1,0.3871217966079712,4.212744000142266,32.97201399982441,1.8,4795.21484375,8.0,1264.5
yolo11n.pt,1,static,135,2026-09-09,21:37:27.561,2026-09-09T21:37:27.561,4.503777718999572,1,0.31755998730659485,4.372592999970948,29.145308999886765,3.8,4791.08203125,8.0,1264.5
yolo11n.pt,1,static,136,2026-09-09,21:37:27.593,2026-09-09T21:37:27.593,4.535762025999702,1,0.2092745453119278,4.2741140000543965,28.917699999965407,2.0,4790.1796875,8.0,1264.5
yolo11n.pt,1,static,137,2026-09-09,21:37:27.629,2026-09-09T21:37:27.629,4.571887657999923,1,0.34590664505958557,4.29407399997217,33.12148299983164,1.8,4790.1796875,8.0,1264.5
yolo11n.pt,1,static,138,2026-09-09,21:37:27.662,2026-09-09T21:37:27.662,4.604083464999803,1,0.5630790591239929,4.2131539998990775,29.107767999903444,2.0,4790.1796875,8.0,1264.5
yolo11n.pt,1,static,139,2026-09-09,21:37:27.693,2026-09-09T21:37:27.693,4.63603040299995,1,0.3648803234100342,4.215043999920454,29.19138800007204,2.0,4790.1796875,8.0,1264.5
yolo11n.pt,1,static,140,2026-09-09,21:37:27.729,2026-09-09T21:37:27.729,4.6718452559998696,1,0.36343881487846375,4.256783000073483,32.893304000026546,5.3,4790.421875,8.0,1264.5
yolo11n.pt,1,static,141,2026-09-09,21:37:27.761,2026-09-09T21:37:27.761,4.703872952999973,0,0.0,4.067443999701936,28.769618999831437,2.0,4790.421875,8.0,1264.5
yolo11n.pt,1,static,142,2026-09-09,21:37:27.793,2026-09-09T21:37:27.793,4.735856240999965,1,0.32061871886253357,4.250382999998692,29.330278000088583,2.0,4790.6015625,8.0,1263.1875
yolo11n.pt,1,static,143,2026-09-09,21:37:27.829,2026-09-09T21:37:27.829,4.771822392999638,1,0.3134497404098511,4.234104000261141,32.98947399980534,3.5,4790.640625,8.0,1263.1875
yolo11n.pt,1,static,144,2026-09-09,21:37:27.861,2026-09-09T21:37:27.861,4.80391752999958,1,0.45886367559432983,4.241524000008212,29.1614079997089,2.0,4790.640625,8.0,1263.1875
yolo11n.pt,1,static,145,2026-09-09,21:37:27.893,2026-09-09T21:37:27.893,4.8358102379997945,1,0.5106187462806702,4.279932999907032,28.96910899971772,3.9,4790.640625,8.0,1263.1875
yolo11n.pt,1,static,146,2026-09-09,21:37:27.929,2026-09-09T21:37:27.929,4.871861649999573,1,0.37187010049819946,4.2466240001886035,32.99625299996478,1.8,4790.640625,8.0,1263.1875
yolo11n.pt,1,static,147,2026-09-09,21:37:27.961,2026-09-09T21:37:27.961,4.903794117999951,1,0.34677672386169434,4.24024299991288,28.848349999861966,2.0,4790.640625,8.0,1263.1875
yolo11n.pt,1,static,148,2026-09-09,21:37:27.993,2026-09-09T21:37:27.993,4.935792724999828,1,0.4385358393192291,4.286844000034762,29.013268999733555,2.0,4790.640625,8.0,1263.1875
yolo11n.pt,1,static,149,2026-09-09,21:37:28.030,2026-09-09T21:37:28.030,4.972134875999927,1,0.2932833135128021,4.701482000200485,33.74788100018122,3.3,4790.640625,8.0,1263.1875
yolo11n.pt,1,static,150,2026-09-09,21:37:28.061,2026-09-09T21:37:28.061,5.004044203999911,0,0.0,4.082043999915186,28.24393199989572,4.0,4790.640625,8.0,1263.1875
yolo11n.pt,1,static,151,2026-09-09,21:37:28.097,2026-09-09T21:37:28.097,5.039893006999591,1,0.3311558663845062,4.240842999934102,33.14088300021467,1.8,4790.640625,8.0,1263.1875
yolo11n.pt,1,static,152,2026-09-09,21:37:28.129,2026-09-09T21:37:28.129,5.07185118399957,1,0.3977825939655304,4.31053400006931,29.098468000029243,2.0,4790.640625,9.0,1263.1875
yolo11n.pt,1,static,153,2026-09-09,21:37:28.161,2026-09-09T21:37:28.161,5.103892131999601,1,0.3635197877883911,4.293362999760575,29.082398999889847,3.9,4790.640625,9.0,1263.1875
yolo11n.pt,1,static,154,2026-09-09,21:37:28.197,2026-09-09T21:37:28.197,5.1398217939999995,0,0.0,4.084684000190464,32.70393399998284,1.8,4788.1328125,9.0,1263.1875
yolo11n.pt,1,static,155,2026-09-09,21:37:28.229,2026-09-09T21:37:28.229,5.171762561999913,0,0.0,4.098183999758476,28.98118900020563,3.8,4787.88671875,9.0,1263.1875
yolo11n.pt,1,static,156,2026-09-09,21:37:28.261,2026-09-09T21:37:28.261,5.2038753189999625,1,0.5023770332336426,4.289033999612002,29.406456999822694,3.8,4787.88671875,9.0,1263.1875
yolo11n.pt,1,static,157,2026-09-09,21:37:28.297,2026-09-09T21:37:28.297,5.239791901999979,1,0.35878515243530273,4.1845939999802795,32.89295400008996,1.8,4788.12890625,9.0,1263.1875
yolo11n.pt,1,static,158,2026-09-09,21:37:28.329,2026-09-09T21:37:28.329,5.271814148999965,1,0.35121023654937744,4.282113000044774,29.15125800018359,2.0,4788.12890625,9.0,1263.1875
yolo11n.pt,1,static,159,2026-09-09,21:37:28.361,2026-09-09T21:37:28.361,5.303783205999935,1,0.34166398644447327,4.179584000212344,28.97647899999356,2.0,4788.12890625,9.0,1263.1875
yolo11n.pt,1,static,160,2026-09-09,21:37:28.397,2026-09-09T21:37:28.397,5.339883767999709,1,0.476767361164093,4.274974000054499,33.18699200008268,3.5,4788.12890625,9.0,1263.1875
yolo11n.pt,1,static,161,2026-09-09,21:37:28.429,2026-09-09T21:37:28.429,5.371865335999701,1,0.5497484803199768,4.254324000157794,28.95787899979041,3.8,4788.12890625,9.0,1263.1875
yolo11n.pt,1,static,162,2026-09-09,21:37:28.461,2026-09-09T21:37:28.461,5.403860072999578,1,0.3982073664665222,4.239544000029127,29.008878999775334,2.0,4788.12890625,9.0,1263.1875
yolo11n.pt,1,static,163,2026-09-09,21:37:28.497,2026-09-09T21:37:28.497,5.439819365999938,1,0.542884111404419,4.2575229999783915,32.92429400016772,3.5,4788.12890625,9.0,1263.1875
yolo11n.pt,1,static,164,2026-09-09,21:37:28.529,2026-09-09T21:37:28.529,5.4718499629998405,1,0.34954336285591125,4.242384000008315,29.026598000200465,2.0,4786.078125,9.0,1262.875
yolo11n.pt,1,static,165,2026-09-09,21:37:28.561,2026-09-09T21:37:28.561,5.503880100999595,1,0.45579132437705994,4.24822300010419,28.960479000033956,2.0,4786.078125,9.0,1262.875
yolo11n.pt,1,static,166,2026-09-09,21:37:28.597,2026-09-09T21:37:28.597,5.539896832999602,1,0.30631566047668457,4.234673000155453,33.03282399974705,1.8,4786.078125,9.0,1262.875
yolo11n.pt,1,static,167,2026-09-09,21:37:28.629,2026-09-09T21:37:28.629,5.5718072499998925,1,0.6327033638954163,4.270334000011644,28.877050000119198,2.0,4781.66015625,9.0,1262.875
yolo11n.pt,1,static,168,2026-09-09,21:37:28.661,2026-09-09T21:37:28.661,5.603882877999695,1,0.3964601457118988,4.233722999742895,29.0320890003386,2.0,4781.66015625,9.0,1262.875
yolo11n.pt,1,static,169,2026-09-09,21:37:28.697,2026-09-09T21:37:28.697,5.639788299999964,1,0.4376300871372223,4.308563999984472,33.01226299981863,3.4,4781.1015625,9.0,1262.875
yolo11n.pt,1,static,170,2026-09-09,21:37:28.729,2026-09-09T21:37:28.729,5.6718029579997165,1,0.46213001012802124,4.2649930001061875,29.06101899998248,2.0,4781.09765625,9.0,1262.875
yolo11n.pt,1,static,171,2026-09-09,21:37:28.761,2026-09-09T21:37:28.761,5.703890144999605,1,0.37681683897972107,4.257383999629383,29.122947999894677,2.0,4781.09765625,9.0,1262.875
yolo11n.pt,1,static,172,2026-09-09,21:37:28.797,2026-09-09T21:37:28.797,5.739787936999619,1,0.5823182463645935,4.3232240000179445,33.008122999945044,1.8,4781.33984375,9.0,1262.875
yolo11n.pt,1,static,173,2026-09-09,21:37:28.830,2026-09-09T21:37:28.830,5.772429961999933,1,0.38654085993766785,4.5413329999064445,29.871395000100165,5.7,4781.56640625,9.0,1262.875
yolo11n.pt,1,static,174,2026-09-09,21:37:28.861,2026-09-09T21:37:28.861,5.803866551999818,1,0.4246295690536499,4.322032999880321,28.17847200003598,2.0,4781.56640625,9.0,1262.875
yolo11n.pt,1,static,175,2026-09-09,21:37:28.897,2026-09-09T21:37:28.897,5.839873883999644,1,0.4714938998222351,4.262743999788654,33.006464000209235,1.7,4781.56640625,9.0,1262.875
yolo11n.pt,1,static,176,2026-09-09,21:37:28.929,2026-09-09T21:37:28.929,5.87192233199994,1,0.2941078543663025,4.242662999786262,29.10507900014636,2.0,4781.56640625,9.0,1262.875
yolo11n.pt,1,static,177,2026-09-09,21:37:28.962,2026-09-09T21:37:28.962,5.904153427999972,1,0.41793254017829895,4.27819400010776,29.329656999834697,3.8,4781.56640625,9.0,1262.875
yolo11n.pt,1,static,178,2026-09-09,21:37:28.997,2026-09-09T21:37:28.997,5.9398429319999195,1,0.38459134101867676,4.338203999850521,32.78656400016189,3.4,4781.56640625,9.0,1262.875
yolo11n.pt,1,static,179,2026-09-09,21:37:29.030,2026-09-09T21:37:29.030,5.971953588999895,1,0.4395814836025238,4.267932999937329,29.061659000035434,2.0,4781.56640625,9.0,1262.875
yolo11n.pt,1,static,180,2026-09-09,21:37:29.061,2026-09-09T21:37:29.061,6.003811026999756,1,0.4851020574569702,4.309422999995149,28.663641000093776,3.8,4781.56640625,9.0,1262.875
yolo11n.pt,1,static,181,2026-09-09,21:37:29.098,2026-09-09T21:37:29.098,6.039864208999916,1,0.4586813747882843,4.549002000203473,33.33708199988905,1.8,4781.56640625,9.0,1262.875
yolo11n.pt,1,static,182,2026-09-09,21:37:29.129,2026-09-09T21:37:29.129,6.0718484059998445,1,0.41075098514556885,4.24220399963815,28.73779999981707,2.0,4781.56640625,9.0,1262.875
yolo11n.pt,1,static,183,2026-09-09,21:37:29.161,2026-09-09T21:37:29.161,6.104048302999672,1,0.34471505880355835,4.217314000015904,29.342296999857354,3.8,4781.56640625,9.0,1262.875
yolo11n.pt,1,static,184,2026-09-09,21:37:29.197,2026-09-09T21:37:29.197,6.139876685999752,1,0.49197715520858765,4.272963999937929,32.927834000020084,1.8,4781.56640625,9.0,1262.875
yolo11n.pt,1,static,185,2026-09-09,21:37:29.229,2026-09-09T21:37:29.229,6.171931052999753,1,0.22152858972549438,4.274963999705506,29.08153799990032,2.0,4781.56640625,9.0,1262.875
yolo11n.pt,1,static,186,2026-09-09,21:37:29.261,2026-09-09T21:37:29.261,6.203920150999693,1,0.3935784697532654,4.260382999746071,29.00832899968009,2.0,4781.56640625,9.0,1262.875
yolo11n.pt,1,static,187,2026-09-09,21:37:29.297,2026-09-09T21:37:29.297,6.239866092999819,1,0.40950119495391846,4.30729399977281,32.92877400008365,3.4,4781.80859375,9.0,1262.875
yolo11n.pt,1,static,188,2026-09-09,21:37:29.329,2026-09-09T21:37:29.329,6.271866260999559,1,0.4630444645881653,4.331592999733402,28.970549999939976,2.0,4781.80859375,9.0,1262.875
yolo11n.pt,1,static,189,2026-09-09,21:37:29.365,2026-09-09T21:37:29.365,6.307880512999873,1,0.4393790066242218,4.255064000062703,32.98577399982605,3.4,4781.80859375,9.0,1262.875
yolo11n.pt,1,static,190,2026-09-09,21:37:29.397,2026-09-09T21:37:29.397,6.339886179999667,1,0.5135738849639893,4.235324000092078,29.055809000055888,2.0,4781.80859375,9.0,1262.875
yolo11n.pt,1,static,191,2026-09-09,21:37:29.429,2026-09-09T21:37:29.429,6.37188550799965,1,0.23858536779880524,4.3634730000121635,29.19965899991439,2.0,4781.80859375,9.0,1262.875
yolo11n.pt,1,static,192,2026-09-09,21:37:29.465,2026-09-09T21:37:29.465,6.407755709999947,1,0.3183814585208893,4.214413999761746,32.79448500006765,1.8,4781.80859375,9.0,1262.875
yolo11n.pt,1,static,193,2026-09-09,21:37:29.497,2026-09-09T21:37:29.497,6.439783387999796,1,0.29556596279144287,4.244843999913428,29.058568999971612,3.8,4781.80859375,9.0,1262.875
yolo11n.pt,1,static,194,2026-09-09,21:37:29.529,2026-09-09T21:37:29.529,6.4719604749998325,1,0.32118383049964905,4.232412999954249,29.090339000049426,2.0,4781.80859375,9.0,1262.875
yolo11n.pt,1,static,195,2026-09-09,21:37:29.565,2026-09-09T21:37:29.565,6.507834356999865,1,0.5109952688217163,4.328863999944588,33.01373300018895,1.8,4777.48828125,9.0,1262.875
yolo11n.pt,1,static,196,2026-09-09,21:37:29.598,2026-09-09T21:37:29.598,6.5398497449996285,1,0.4819352924823761,4.529431999799272,29.22489799993855,2.0,4777.48828125,9.0,1262.875
yolo11n.pt,1,static,197,2026-09-09,21:37:29.629,2026-09-09T21:37:29.629,6.571895091999977,1,0.32265999913215637,4.368472999885853,28.86729000010746,5.8,4774.42578125,9.0,1262.875
yolo11n.pt,1,static,198,2026-09-09,21:37:29.665,2026-09-09T21:37:29.665,6.607889143999728,1,0.29401281476020813,4.263413999979093,32.96903399996154,1.8,4774.42578125,9.0,1262.875
yolo11n.pt,1,static,199,2026-09-09,21:37:29.698,2026-09-09T21:37:29.698,6.639901751999787,1,0.3478263318538666,4.476022999824636,29.121838000264688,2.0,4774.42578125,9.0,1262.875
yolo11n.pt,1,static,200,2026-09-09,21:37:29.729,2026-09-09T21:37:29.729,6.672001658999761,1,0.43386200070381165,4.229323999879853,28.82660900013434,3.8,4774.1796875,9.0,1262.875
yolo11n.pt,1,static,201,2026-09-09,21:37:29.765,2026-09-09T21:37:29.765,6.707846051999695,1,0.38816359639167786,4.262363000179903,32.92903400006253,1.8,4774.1796875,9.0,1262.875
yolo11n.pt,1,static,202,2026-09-09,21:37:29.798,2026-09-09T21:37:29.798,6.740123497999775,1,0.3980524241924286,4.304313999909937,29.417298000225856,6.0,4778.9609375,9.0,1269.25
yolo11n.pt,1,static,203,2026-09-09,21:37:29.830,2026-09-09T21:37:29.830,6.772015135999936,1,0.278453528881073,4.269374000159587,28.776590000234137,3.9,4778.671875,9.0,1269.25
yolo11n.pt,1,static,204,2026-09-09,21:37:29.865,2026-09-09T21:37:29.865,6.807857168999817,1,0.3221628963947296,4.278622999663639,32.87581399990813,1.8,4778.671875,9.0,1269.25
yolo11n.pt,1,static,205,2026-09-09,21:37:29.897,2026-09-09T21:37:29.897,6.839895195999816,1,0.2032926380634308,4.2454340000404045,29.04968800021379,2.0,4778.671875,9.0,1269.25
yolo11n.pt,1,static,206,2026-09-09,21:37:29.930,2026-09-09T21:37:29.930,6.871984382999926,1,0.3464544713497162,4.421253000145953,29.323258000204078,5.7,4778.17578125,9.0,1269.25
yolo11n.pt,1,static,207,2026-09-09,21:37:29.965,2026-09-09T21:37:29.965,6.907907025999975,1,0.38760659098625183,4.2402639996907965,32.77777499988588,1.8,4778.17578125,9.0,1269.25
yolo11n.pt,1,static,208,2026-09-09,21:37:29.997,2026-09-09T21:37:29.997,6.939817043999938,1,0.4658074975013733,4.265213000053336,28.972018999866123,3.8,4778.17578125,9.0,1269.25
yolo11n.pt,1,static,209,2026-09-09,21:37:30.030,2026-09-09T21:37:30.030,6.971921480999754,1,0.4392598569393158,4.360122999969462,29.26756699980615,3.9,4778.17578125,9.0,1269.1875
yolo11n.pt,1,static,210,2026-09-09,21:37:30.065,2026-09-09T21:37:30.065,7.007866212999943,1,0.33346420526504517,4.357353000159492,32.98038399998404,3.5,4775.671875,9.0,1269.1875
yolo11n.pt,1,static,211,2026-09-09,21:37:30.098,2026-09-09T21:37:30.098,7.039972229999876,1,0.34536096453666687,4.376763999971445,29.074728999603394,2.0,4775.671875,9.0,1269.1875
yolo11n.pt,1,static,212,2026-09-09,21:37:30.129,2026-09-09T21:37:30.129,7.071865567999794,1,0.32368189096450806,4.251734000263241,28.70398999993995,2.0,4775.671875,9.0,1269.1875
yolo11n.pt,1,static,213,2026-09-09,21:37:30.165,2026-09-09T21:37:30.165,7.107864999999947,0,0.0,4.026194999823929,32.67756500008545,3.5,4775.9140625,9.0,1269.1875
yolo11n.pt,1,static,214,2026-09-09,21:37:30.197,2026-09-09T21:37:30.197,7.139980986999944,1,0.42510494589805603,4.269313999884616,29.519376999814995,2.0,4775.9140625,9.0,1269.1875
yolo11n.pt,1,static,215,2026-09-09,21:37:30.230,2026-09-09T21:37:30.230,7.171887484999843,1,0.3622925281524658,4.864192000241019,29.70326600006956,13.0,4776.6171875,9.0,1269.3125
yolo11n.pt,1,static,216,2026-09-09,21:37:30.266,2026-09-09T21:37:30.266,7.2079030569998395,1,0.32675230503082275,4.341514000316238,32.2821859999749,1.8,4776.64453125,9.0,1269.3125
yolo11n.pt,1,static,217,2026-09-09,21:37:30.297,2026-09-09T21:37:30.297,7.239802424999652,1,0.40259599685668945,4.262963999735803,28.800520000004326,2.0,4776.64453125,9.0,1269.3125
yolo11n.pt,1,static,218,2026-09-09,21:37:30.329,2026-09-09T21:37:30.329,7.271688002999781,1,0.3440503478050232,4.289063999749487,28.966468999897188,3.9,4776.64453125,9.0,1269.3125
yolo11n.pt,1,static,219,2026-09-09,21:37:30.365,2026-09-09T21:37:30.365,7.307900614999653,1,0.3309214413166046,4.286063999643375,33.271602999775496,1.8,4776.64453125,9.0,1269.3125
yolo11n.pt,1,static,220,2026-09-09,21:37:30.397,2026-09-09T21:37:30.397,7.339896771999975,0,0.0,4.197463999844331,28.878989999611804,4.0,4776.64453125,9.0,1271.5
yolo11n.pt,1,static,221,2026-09-09,21:37:30.429,2026-09-09T21:37:30.429,7.371865209999669,1,0.5012340545654297,4.286122999928921,29.204278999714006,2.0,4776.64453125,9.0,1271.5
yolo11n.pt,1,static,222,2026-09-09,21:37:30.465,2026-09-09T21:37:30.465,7.407875671999591,1,0.3771393597126007,4.230173999985709,32.97531299995171,3.4,4776.64453125,9.0,1271.5
yolo11n.pt,1,static,223,2026-09-09,21:37:30.497,2026-09-09T21:37:30.497,7.439889958999629,1,0.41224634647369385,4.259563999767124,29.065099000035843,2.0,4776.64453125,9.0,1271.5
yolo11n.pt,1,static,224,2026-09-09,21:37:30.529,2026-09-09T21:37:30.529,7.471863826999652,1,0.42294052243232727,4.265074000159075,28.99520900018615,3.9,4776.64453125,9.0,1271.5
yolo11n.pt,1,static,225,2026-09-09,21:37:30.565,2026-09-09T21:37:30.565,7.507892798999819,1,0.3571240305900574,4.291113999897789,33.127143000001524,1.8,4776.64453125,9.0,1271.5
yolo11n.pt,1,static,226,2026-09-09,21:37:30.597,2026-09-09T21:37:30.597,7.539798736999728,1,0.18883472681045532,4.29315300016242,28.95298899966292,2.0,4771.59375,9.0,1271.5
yolo11n.pt,1,static,227,2026-09-09,21:37:30.633,2026-09-09T21:37:30.633,7.575800488999903,1,0.34742748737335205,4.224263999731193,33.0324529995778,1.8,4771.46484375,9.0,1271.5
yolo11n.pt,1,static,228,2026-09-09,21:37:30.665,2026-09-09T21:37:30.665,7.607805835999898,1,0.4382232427597046,4.191074000118533,29.0516690001823,3.9,4771.46484375,9.0,1271.5
yolo11n.pt,1,static,229,2026-09-09,21:37:30.697,2026-09-09T21:37:30.697,7.639811563999956,1,0.42439454793930054,4.198233999886725,29.076008000174625,2.0,4771.46484375,9.0,1271.5
yolo11n.pt,1,static,230,2026-09-09,21:37:30.733,2026-09-09T21:37:30.733,7.675823955999931,1,0.3670320510864258,4.3178640003134205,33.183253000061086,3.5,4771.70703125,9.0,1271.5
yolo11n.pt,1,static,231,2026-09-09,21:37:30.766,2026-09-09T21:37:30.766,7.708025862999875,1,0.46960386633872986,4.260634000274877,29.183957999975974,5.8,4771.70703125,9.0,1271.5
yolo11n.pt,1,static,232,2026-09-09,21:37:30.797,2026-09-09T21:37:30.797,7.73991807099992,1,0.4706993103027344,4.302533000100084,28.951419000350143,2.0,4771.70703125,9.0,1271.5
yolo11n.pt,1,static,233,2026-09-09,21:37:30.834,2026-09-09T21:37:30.834,7.776276231999873,1,0.37210381031036377,4.3077029999949445,33.328013000300416,3.5,4771.4609375,9.0,1271.5
yolo11n.pt,1,static,234,2026-09-09,21:37:30.866,2026-09-09T21:37:30.866,7.807880710999598,1,0.4182877242565155,4.499141999986023,28.84461999974519,2.0,4771.4609375,9.0,1271.5
yolo11n.pt,1,static,235,2026-09-09,21:37:30.897,2026-09-09T21:37:30.897,7.839880357999846,1,0.4199557304382324,4.3148839999958,28.80005999986679,2.0,4771.4609375,9.0,1271.5
yolo11n.pt,1,static,236,2026-09-09,21:37:30.933,2026-09-09T21:37:30.933,7.875896759999705,1,0.2678695023059845,4.249494000305276,33.02740399976756,5.1,4771.4609375,9.0,1271.5
yolo11n.pt,1,static,237,2026-09-09,21:37:30.965,2026-09-09T21:37:30.965,7.907801137999741,1,0.44531163573265076,4.275964000044041,28.977289000067685,2.0,4771.703125,9.0,1271.5
yolo11n.pt,1,static,238,2026-09-09,21:37:30.997,2026-09-09T21:37:30.997,7.939920014999643,1,0.2924024760723114,4.2491640001571795,29.056977999971423,2.0,4771.703125,9.0,1271.5
yolo11n.pt,1,static,239,2026-09-09,21:37:31.033,2026-09-09T21:37:31.033,7.975734347999605,1,0.5495594143867493,4.18671399984305,32.773455000096874,3.4,4771.703125,9.0,1271.5
yolo11n.pt,1,static,240,2026-09-09,21:37:31.065,2026-09-09T21:37:31.065,8.007763544999762,1,0.3269948661327362,4.202153999813163,29.085819000101765,2.0,4771.703125,9.0,1271.5
yolo11n.pt,1,static,241,2026-09-09,21:37:31.097,2026-09-09T21:37:31.097,8.039710142999866,1,0.30695921182632446,4.231534000155079,29.007588000240503,3.8,4771.703125,9.0,1271.5
yolo11n.pt,1,static,242,2026-09-09,21:37:31.133,2026-09-09T21:37:31.133,8.075851074999719,1,0.4316471219062805,4.326833000050101,33.24904300006892,3.4,4771.703125,9.0,1271.5
yolo11n.pt,1,static,243,2026-09-09,21:37:31.165,2026-09-09T21:37:31.165,8.107835881999563,1,0.31183212995529175,4.362414000297576,29.085848000249825,2.0,4771.703125,9.0,1271.5
yolo11n.pt,1,static,244,2026-09-09,21:37:31.197,2026-09-09T21:37:31.197,8.139839739999843,1,0.3251977562904358,4.359332999683829,29.062929000247095,2.0,4771.703125,9.0,1271.5
yolo11n.pt,1,static,245,2026-09-09,21:37:31.233,2026-09-09T21:37:31.233,8.17588286199998,1,0.3232211172580719,4.242523999892001,32.96273400019345,1.8,4771.703125,9.0,1271.5
yolo11n.pt,1,static,246,2026-09-09,21:37:31.265,2026-09-09T21:37:31.265,8.207963618999656,1,0.5664146542549133,4.235723999954644,29.03478799998993,3.8,4771.703125,9.0,1271.5
yolo11n.pt,1,static,247,2026-09-09,21:37:31.297,2026-09-09T21:37:31.297,8.239836966999974,1,0.3625262975692749,4.255514000305993,28.83820899978673,2.0,4771.703125,9.0,1271.5
yolo11n.pt,1,static,248,2026-09-09,21:37:31.333,2026-09-09T21:37:31.333,8.27590298899986,1,0.3139204978942871,4.266874000222742,33.056622999993124,1.7,4771.703125,9.0,1271.5
yolo11n.pt,1,static,249,2026-09-09,21:37:31.365,2026-09-09T21:37:31.365,8.30781844699959,1,0.4402518570423126,4.303032999814604,28.84558999994624,3.9,4771.703125,9.0,1271.5
yolo11n.pt,1,static,250,2026-09-09,21:37:31.397,2026-09-09T21:37:31.397,8.339796493999984,1,0.34219297766685486,4.288074000214692,28.950029000043287,2.0,4771.703125,9.0,1271.5
yolo11n.pt,1,static,251,2026-09-09,21:37:31.433,2026-09-09T21:37:31.433,8.375812845999917,1,0.3847150504589081,4.22327399974165,32.91447399988101,3.4,4771.703125,9.0,1271.5
yolo11n.pt,1,static,252,2026-09-09,21:37:31.465,2026-09-09T21:37:31.465,8.407797493999624,1,0.3126562237739563,4.220014000111405,28.982510000332695,2.0,4771.703125,9.0,1271.5
yolo11n.pt,1,static,253,2026-09-09,21:37:31.497,2026-09-09T21:37:31.497,8.439892310999767,1,0.37308675050735474,4.256963999978325,29.144428999643424,3.9,4771.703125,9.0,1271.5
yolo11n.pt,1,static,254,2026-09-09,21:37:31.533,2026-09-09T21:37:31.533,8.475930912999956,1,0.2977259159088135,4.342543999882764,33.10089300020991,1.8,4769.5078125,9.0,1271.5
yolo11n.pt,1,static,255,2026-09-09,21:37:31.565,2026-09-09T21:37:31.565,8.507930120999845,1,0.32091420888900757,4.203143999802705,28.910859000006894,2.0,4769.33203125,9.0,1271.5
yolo11n.pt,1,static,256,2026-09-09,21:37:31.597,2026-09-09T21:37:31.597,8.53992376799988,1,0.43592217564582825,4.246013999818388,29.060378999929526,1.9,4769.33203125,9.0,1271.5
yolo11n.pt,1,static,257,2026-09-09,21:37:31.634,2026-09-09T21:37:31.634,8.575921490999917,1,0.4050372838973999,4.372323000097822,33.06065300012051,3.5,4766.0078125,8.0,1271.5
yolo11n.pt,1,static,258,2026-09-09,21:37:31.666,2026-09-09T21:37:31.666,8.6081372069998,1,0.42006516456604004,4.334904000188544,29.020448999744985,2.0,4766.0078125,8.0,1271.5
yolo11n.pt,1,static,259,2026-09-09,21:37:31.698,2026-09-09T21:37:31.698,8.639895245999924,1,0.3601498603820801,4.394013999899471,28.733220000049187,2.0,4763.9921875,8.0,1271.5
yolo11n.pt,1,static,260,2026-09-09,21:37:31.734,2026-09-09T21:37:31.734,8.67604788699964,1,0.1874128133058548,4.3740030000662955,33.14415300019391,5.1,4763.078125,8.0,1271.5
yolo11n.pt,1,static,261,2026-09-09,21:37:31.765,2026-09-09T21:37:31.765,8.707829955999841,1,0.37831687927246094,4.2817930002456706,28.56064100024014,2.0,4763.078125,8.0,1271.5
yolo11n.pt,1,static,262,2026-09-09,21:37:31.798,2026-09-09T21:37:31.798,8.7401584119998,1,0.3985022306442261,4.381062999982532,29.407888000150706,3.8,4762.83203125,8.0,1266.5625
yolo11n.pt,1,static,263,2026-09-09,21:37:31.833,2026-09-09T21:37:31.833,8.775817794999966,1,0.2711501121520996,4.328594000071462,32.532384999740316,3.6,4762.30859375,8.0,1266.5625
yolo11n.pt,1,static,264,2026-09-09,21:37:31.866,2026-09-09T21:37:31.866,8.807961961999808,1,0.45391300320625305,4.417463000208954,29.37456800009386,1.9,4762.30859375,8.0,1266.5625
yolo11n.pt,1,static,265,2026-09-09,21:37:31.901,2026-09-09T21:37:31.901,8.843901234999976,1,0.36015599966049194,4.27641299984316,32.76415500022267,5.2,4762.0625,8.0,1266.5625
yolo11n.pt,1,static,266,2026-09-09,21:37:31.933,2026-09-09T21:37:31.933,8.875892351999937,1,0.19108006358146667,4.382334000183619,29.157947999919998,2.0,4762.0625,8.0,1266.5625
yolo11n.pt,1,static,267,2026-09-09,21:37:31.965,2026-09-09T21:37:31.965,8.907900919999975,1,0.2796574532985687,4.2897029998130165,28.981249000025855,2.0,4762.0625,8.0,1266.5625
yolo11n.pt,1,static,268,2026-09-09,21:37:32.001,2026-09-09T21:37:32.001,8.943923241999983,1,0.3398503065109253,4.251032999945892,33.03779299994858,3.4,4762.0625,8.0,1266.5625
yolo11n.pt,1,static,269,2026-09-09,21:37:32.033,2026-09-09T21:37:32.033,8.975911868999901,1,0.37415581941604614,4.249754000284156,29.03031899995767,3.8,4762.0625,8.0,1266.5625
yolo11n.pt,1,static,270,2026-09-09,21:37:32.065,2026-09-09T21:37:32.065,9.007970316999945,1,0.41095367074012756,4.217493000396644,29.086809000091307,2.0,4762.0625,8.0,1266.5625
yolo11n.pt,1,static,271,2026-09-09,21:37:32.101,2026-09-09T21:37:32.101,9.043900198999836,1,0.4331198036670685,4.282644000340952,33.03812299964193,3.4,4762.0625,8.0,1266.5625
yolo11n.pt,1,static,272,2026-09-09,21:37:32.133,2026-09-09T21:37:32.133,9.075789246999648,1,0.41770869493484497,4.244623999966279,28.92953899981876,2.0,4762.0625,9.0,1266.5625
yolo11n.pt,1,static,273,2026-09-09,21:37:32.165,2026-09-09T21:37:32.165,9.107907453999815,1,0.5909253358840942,4.233443999964948,29.129047999958857,2.0,4762.0625,9.0,1266.5625
yolo11n.pt,1,static,274,2026-09-09,21:37:32.201,2026-09-09T21:37:32.201,9.1438796059997,1,0.2568141520023346,4.223804000048403,32.94056400000045,1.8,4762.0625,9.0,1266.5625
yolo11n.pt,1,static,275,2026-09-09,21:37:32.233,2026-09-09T21:37:32.233,9.175832703999731,1,0.378351628780365,4.2544039997665095,28.988889000174822,2.0,4762.0625,9.0,1266.5625
yolo11n.pt,1,static,276,2026-09-09,21:37:32.265,2026-09-09T21:37:32.265,9.207749702000001,1,0.5620391964912415,4.160703999787074,28.905729000143765,3.8,4762.3046875,9.0,1266.5625
yolo11n.pt,1,static,277,2026-09-09,21:37:32.301,2026-09-09T21:37:32.301,9.243770743999903,1,0.3425455689430237,4.295303000162676,33.173972999975376,3.5,4762.3046875,9.0,1266.5625
yolo11n.pt,1,static,278,2026-09-09,21:37:32.333,2026-09-09T21:37:32.333,9.275842930999715,1,0.4259990453720093,4.269833999842376,29.1175980000844,2.0,4762.3046875,9.0,1266.5625
yolo11n.pt,1,static,279,2026-09-09,21:37:32.365,2026-09-09T21:37:32.365,9.307864408999649,1,0.27699583768844604,4.249442999935127,29.036518999873806,2.0,4762.3046875,9.0,1266.5625
yolo11n.pt,1,static,280,2026-09-09,21:37:32.401,2026-09-09T21:37:32.401,9.343821010999818,1,0.451075941324234,4.30826399997386,33.059314000183804,1.7,4762.3046875,9.0,1266.5625
yolo11n.pt,1,static,281,2026-09-09,21:37:32.433,2026-09-09T21:37:32.433,9.37589406799998,1,0.34021496772766113,4.33517400006167,29.155547999835107,2.0,4762.3046875,9.0,1266.5625
yolo11n.pt,1,static,282,2026-09-09,21:37:32.465,2026-09-09T21:37:32.465,9.407843835999756,1,0.4221586287021637,4.329243000029237,28.999848999774258,2.0,4762.3046875,9.0,1266.5625
yolo11n.pt,1,static,283,2026-09-09,21:37:32.501,2026-09-09T21:37:32.501,9.4438574779997,1,0.19556331634521484,4.253903999597242,32.89638400019612,3.5,4761.8125,9.0,1266.5625
yolo11n.pt,1,static,284,2026-09-09,21:37:32.533,2026-09-09T21:37:32.533,9.47583124599987,1,0.2950180470943451,4.28121300001294,29.037009000148828,2.0,4761.8125,9.0,1266.5625
yolo11n.pt,1,static,285,2026-09-09,21:37:32.565,2026-09-09T21:37:32.565,9.507887793000009,1,0.3679455816745758,4.247503999977198,29.002529000081267,3.8,4758.078125,9.0,1266.5625
yolo11n.pt,1,static,286,2026-09-09,21:37:32.601,2026-09-09T21:37:32.601,9.54386418499962,1,0.38058674335479736,4.247893999945518,33.04287299988573,1.8,4755.16015625,9.0,1266.5625
yolo11n.pt,1,static,287,2026-09-09,21:37:32.633,2026-09-09T21:37:32.633,9.575984741999946,1,0.5468248724937439,4.2143240002587845,29.12820900019142,2.0,4755.40625,9.0,1266.5625
yolo11n.pt,1,static,288,2026-09-09,21:37:32.666,2026-09-09T21:37:32.666,9.608130908999556,1,0.19289009273052216,4.23889399962718,29.17777799984833,3.9,4755.6484375,9.0,1266.5625
yolo11n.pt,1,static,289,2026-09-09,21:37:32.701,2026-09-09T21:37:32.701,9.64381072299966,1,0.3816133141517639,4.3521229999896605,32.81464500014408,3.4,4755.5390625,9.0,1266.5625
yolo11n.pt,1,static,290,2026-09-09,21:37:32.733,2026-09-09T21:37:32.733,9.675892219999696,1,0.4457623064517975,4.363193000244792,29.180279000229348,2.0,4755.5390625,9.0,1266.5625
yolo11n.pt,1,static,291,2026-09-09,21:37:32.766,2026-09-09T21:37:32.766,9.708014566999736,1,0.6668854355812073,4.311333000259765,29.100439000103506,3.9,4755.5390625,9.0,1266.5625
yolo11n.pt,1,static,292,2026-09-09,21:37:32.802,2026-09-09T21:37:32.802,9.74402973899987,1,0.5054678916931152,4.258133999883285,33.03337299985287,1.8,4752.3828125,9.0,1263.25
yolo11n.pt,1,static,293,2026-09-09,21:37:32.834,2026-09-09T21:37:32.834,9.776227125999867,1,0.4399273097515106,4.272433000096498,29.25876800009064,5.8,4752.609375,9.0,1263.25
yolo11n.pt,1,static,294,2026-09-09,21:37:32.865,2026-09-09T21:37:32.865,9.807860754999638,1,0.4184167981147766,4.2264329999852635,28.662459999850398,2.0,4752.609375,9.0,1263.25
yolo11n.pt,1,static,295,2026-09-09,21:37:32.901,2026-09-09T21:37:32.901,9.84373487699986,1,0.4027788043022156,4.331504000219866,32.99819300036688,3.4,4752.609375,9.0,1263.25
yolo11n.pt,1,static,296,2026-09-09,21:37:32.933,2026-09-09T21:37:32.933,9.875724684999568,1,0.3724370002746582,4.34732299981988,29.07759800018539,2.0,4753.34375,9.0,1257.5625
yolo11n.pt,1,static,297,2026-09-09,21:37:32.965,2026-09-09T21:37:32.965,9.907728511999721,1,0.3315680921077728,4.322064000007231,28.94813900002191,3.9,4753.34375,9.0,1257.5625
yolo11n.pt,1,static,298,2026-09-09,21:37:33.001,2026-09-09T21:37:33.001,9.943872363999617,1,0.41834020614624023,4.173053999693366,33.03874299990639,1.8,4753.34375,9.0,1257.5625
yolo11n.pt,1,static,299,2026-09-09,21:37:33.033,2026-09-09T21:37:33.033,9.975884540999687,1,0.28074806928634644,4.1649839999990945,28.9394089995767,2.0,4753.34375,9.0,1257.5625
yolo11n.pt,1,static,300,2026-09-09,21:37:33.065,2026-09-09T21:37:33.065,10.00775356899976,1,0.2933240234851837,4.159604000051331,28.849280000031285,1.9,4753.34375,9.0,1257.5625
yolo11n.pt,2,horizontal_slow,1,2026-09-09,21:37:46.836,2026-09-09T21:37:46.836,0.03642483000021457,1,0.6546580195426941,5.77077800016923,42.84728500033452,3.7,4794.55078125,4.0,1259.75
yolo11n.pt,2,horizontal_slow,2,2026-09-09,21:37:46.866,2026-09-09T21:37:46.866,0.06819083900018086,1,0.42497026920318604,4.359673999715596,27.25222599974586,4.1,4794.79296875,4.0,1259.75
yolo11n.pt,2,horizontal_slow,3,2026-09-09,21:37:46.899,2026-09-09T21:37:46.899,0.0998784670000532,0,0.0,4.092243999821221,29.631156000050396,2.0,4794.79296875,4.0,1259.75
yolo11n.pt,2,horizontal_slow,4,2026-09-09,21:37:46.935,2026-09-09T21:37:46.935,0.13716479400000026,1,0.37850868701934814,4.184834000170667,33.21797299986429,3.4,4794.79296875,4.0,1259.75
yolo11n.pt,2,horizontal_slow,5,2026-09-09,21:37:46.966,2026-09-09T21:37:46.966,0.16790501700006644,1,0.42850589752197266,4.230893000112701,27.822582999760925,2.0,4794.79296875,4.0,1259.75
yolo11n.pt,2,horizontal_slow,6,2026-09-09,21:37:46.997,2026-09-09T21:37:46.997,0.1999093840004207,0,0.0,4.047594999974535,28.739260000293143,2.0,4794.79296875,4.0,1259.75
yolo11n.pt,2,horizontal_slow,7,2026-09-09,21:37:47.034,2026-09-09T21:37:47.034,0.235808107000139,1,0.44390735030174255,4.45682300005501,33.485362000192254,3.5,4794.79296875,4.0,1259.75
yolo11n.pt,2,horizontal_slow,8,2026-09-09,21:37:47.065,2026-09-09T21:37:47.065,0.2675990550001188,1,0.7344434857368469,4.321433999848523,28.619919999982812,5.8,4794.79296875,4.0,1258.3125
yolo11n.pt,2,horizontal_slow,9,2026-09-09,21:37:47.097,2026-09-09T21:37:47.097,0.2998364320001201,1,0.39248234033584595,4.2624929997145955,29.121989000032045,2.0,4794.79296875,4.0,1258.3125
yolo11n.pt,2,horizontal_slow,10,2026-09-09,21:37:47.133,2026-09-09T21:37:47.133,0.3357903740002257,1,0.30923882126808167,4.310433000227931,32.929643999978,1.8,4794.79296875,10.0,1258.3125
yolo11n.pt,2,horizontal_slow,11,2026-09-09,21:37:47.166,2026-09-09T21:37:47.166,0.3678246020003826,1,0.7155824303627014,4.374073999770189,29.146467999908054,3.8,4794.79296875,10.0,1258.3125
yolo11n.pt,2,horizontal_slow,12,2026-09-09,21:37:47.197,2026-09-09T21:37:47.197,0.39980210900012025,1,0.6532166004180908,4.331262999585306,28.89233999985663,3.9,4795.03515625,10.0,1258.3125
yolo11n.pt,2,horizontal_slow,13,2026-09-09,21:37:47.234,2026-09-09T21:37:47.234,0.4358915410002737,1,0.4389094114303589,4.230323999763641,32.95618399988598,1.8,4795.03515625,10.0,1258.3125
yolo11n.pt,2,horizontal_slow,14,2026-09-09,21:37:47.265,2026-09-09T21:37:47.265,0.46781101900023714,1,0.2789042294025421,4.262902999926155,28.8329199997861,2.0,4795.03515625,10.0,1258.3125
yolo11n.pt,2,horizontal_slow,15,2026-09-09,21:37:47.298,2026-09-09T21:37:47.298,0.500061375000314,1,0.6246102452278137,4.349943999841344,29.41107800006648,5.7,4795.03515625,10.0,1259.75
yolo11n.pt,2,horizontal_slow,16,2026-09-09,21:37:47.334,2026-09-09T21:37:47.334,0.5358536180001465,1,0.6834157705307007,4.376942999897437,32.83090400009314,1.8,4795.03515625,10.0,1259.75
yolo11n.pt,2,horizontal_slow,17,2026-09-09,21:37:47.365,2026-09-09T21:37:47.365,0.5678069860000505,1,0.4567689895629883,4.279802999917592,28.90225900000587,3.9,4795.03515625,10.0,1259.75
yolo11n.pt,2,horizontal_slow,18,2026-09-09,21:37:47.397,2026-09-09T21:37:47.397,0.5998487230003775,1,0.5086959004402161,4.275734000202647,29.06853800004683,2.0,4795.03515625,10.0,1259.75
yolo11n.pt,2,horizontal_slow,19,2026-09-09,21:37:47.433,2026-09-09T21:37:47.433,0.6358307059999788,1,0.6141212582588196,4.264272999989771,32.976613999835536,1.8,4795.03515625,10.0,1259.75
yolo11n.pt,2,horizontal_slow,20,2026-09-09,21:37:47.466,2026-09-09T21:37:47.466,0.6678883730000962,1,0.15427008271217346,4.253873999914504,29.080038999836688,2.0,4795.03515625,10.0,1259.75
yolo11n.pt,2,horizontal_slow,21,2026-09-09,21:37:47.497,2026-09-09T21:37:47.497,0.6998312000000624,1,0.6520729064941406,4.233443999964948,28.94081999966147,3.8,4795.03515625,10.0,1259.75
yolo11n.pt,2,horizontal_slow,22,2026-09-09,21:37:47.533,2026-09-09T21:37:47.533,0.7358372630001213,0,0.0,4.2238830001224414,32.90269399985846,1.8,4794.70703125,10.0,1259.75
yolo11n.pt,2,horizontal_slow,23,2026-09-09,21:37:47.565,2026-09-09T21:37:47.565,0.767861680000351,1,0.7451704740524292,4.250033999596781,29.19863799979794,3.8,4794.70703125,10.0,1259.75
yolo11n.pt,2,horizontal_slow,24,2026-09-09,21:37:47.597,2026-09-09T21:37:47.597,0.7997872780001671,0,0.0,4.1183940002156305,28.69248000024527,3.9,4794.0703125,10.0,1259.75
yolo11n.pt,2,horizontal_slow,25,2026-09-09,21:37:47.633,2026-09-09T21:37:47.633,0.8357696600000963,1,0.8898707032203674,4.342324000390363,33.302233000085835,1.8,4794.06640625,9.0,1259.75
yolo11n.pt,2,horizontal_slow,26,2026-09-09,21:37:47.665,2026-09-09T21:37:47.665,0.8678511870002694,1,0.8298401236534119,4.284783999992214,29.043997999906424,1.9,4793.8203125,9.0,1259.75
yolo11n.pt,2,horizontal_slow,27,2026-09-09,21:37:47.697,2026-09-09T21:37:47.697,0.899800535000395,1,0.7769575119018555,4.278593999970326,28.97976899976129,2.0,4793.8203125,9.0,1259.75
yolo11n.pt,2,horizontal_slow,28,2026-09-09,21:37:47.733,2026-09-09T21:37:47.733,0.935843897000268,1,0.6486219763755798,4.233633999774611,33.025602999714465,3.5,4793.8203125,9.0,1259.75
yolo11n.pt,2,horizontal_slow,29,2026-09-09,21:37:47.765,2026-09-09T21:37:47.765,0.9678133450001951,1,0.8404169082641602,4.250782999861258,29.012619000241102,2.0,4793.8203125,9.0,1259.75
yolo11n.pt,2,horizontal_slow,30,2026-09-09,21:37:47.797,2026-09-09T21:37:47.797,0.9998427520004043,1,0.7785202860832214,4.205673999877035,29.0020799998274,2.0,4793.13671875,9.0,1259.75
yolo11n.pt,2,horizontal_slow,31,2026-09-09,21:37:47.833,2026-09-09T21:37:47.833,1.0358113540000886,1,0.7710227370262146,4.2466639997655875,33.02663400017991,5.1,4793.37890625,9.0,1259.75
yolo11n.pt,2,horizontal_slow,32,2026-09-09,21:37:47.865,2026-09-09T21:37:47.865,1.0678117320003366,1,0.7623004913330078,4.229174000101921,28.990728999815474,2.0,4793.37890625,9.0,1259.75
yolo11n.pt,2,horizontal_slow,33,2026-09-09,21:37:47.901,2026-09-09T21:37:47.901,1.103710594000404,1,0.8803280591964722,4.274614000223664,32.988303000365704,3.4,4793.62109375,9.0,1259.75
yolo11n.pt,2,horizontal_slow,34,2026-09-09,21:37:47.934,2026-09-09T21:37:47.934,1.1359018310004103,1,0.7546848654747009,4.224693999731244,29.166368000005605,3.9,4793.62109375,9.0,1259.75
yolo11n.pt,2,horizontal_slow,35,2026-09-09,21:37:47.965,2026-09-09T21:37:47.965,1.1678741690002425,0,0.0,4.035653999835631,28.69701999998142,3.9,4793.62109375,9.0,1259.75
yolo11n.pt,2,horizontal_slow,36,2026-09-09,21:37:48.001,2026-09-09T21:37:48.001,1.2038694510001733,1,0.8293668031692505,4.135774000133097,33.261912999932974,1.7,4793.62109375,9.0,1259.75
yolo11n.pt,2,horizontal_slow,37,2026-09-09,21:37:48.033,2026-09-09T21:37:48.033,1.2356588690004173,1,0.8122832775115967,4.28844400039452,28.9380990002428,2.0,4793.62109375,9.0,1259.75
yolo11n.pt,2,horizontal_slow,38,2026-09-09,21:37:48.065,2026-09-09T21:37:48.065,1.2678637560002244,1,0.8163662552833557,4.21730399966691,29.17070800003785,3.8,4793.62109375,9.0,1259.75
yolo11n.pt,2,horizontal_slow,39,2026-09-09,21:37:48.102,2026-09-09T21:37:48.102,1.3038936580001064,1,0.7103991508483887,4.229134000070189,33.079032999921765,1.8,4793.62109375,9.0,1259.75
yolo11n.pt,2,horizontal_slow,40,2026-09-09,21:37:48.133,2026-09-09T21:37:48.133,1.3358704460001718,0,0.0,4.0419340002699755,28.722969999762427,2.0,4793.62109375,10.0,1259.75
yolo11n.pt,2,horizontal_slow,41,2026-09-09,21:37:48.166,2026-09-09T21:37:48.166,1.3678787430003467,1,0.7460891604423523,4.280503999780194,29.413676999865856,5.7,4793.62109375,10.0,1259.75
yolo11n.pt,2,horizontal_slow,42,2026-09-09,21:37:48.201,2026-09-09T21:37:48.201,1.4036921660003827,1,0.7499942183494568,4.247454000051221,32.771644000149536,1.8,4793.62109375,10.0,1259.75
yolo11n.pt,2,horizontal_slow,43,2026-09-09,21:37:48.233,2026-09-09T21:37:48.233,1.4359166730000652,1,0.7154371738433838,4.182943000159867,29.232668000076956,2.0,4793.62109375,10.0,1259.75
yolo11n.pt,2,horizontal_slow,44,2026-09-09,21:37:48.265,2026-09-09T21:37:48.265,1.4679251600000498,1,0.7582949995994568,4.156963999776053,28.97578900001463,2.0,4793.62109375,10.0,1259.75
yolo11n.pt,2,horizontal_slow,45,2026-09-09,21:37:48.301,2026-09-09T21:37:48.301,1.50389350200021,1,0.7564266324043274,4.146284999933414,32.9735539999092,3.4,4793.62109375,10.0,1259.75
yolo11n.pt,2,horizontal_slow,46,2026-09-09,21:37:48.333,2026-09-09T21:37:48.333,1.5358680800000002,1,0.7285789847373962,4.205744000046252,29.036507999990135,2.0,4793.62109375,10.0,1259.75
yolo11n.pt,2,horizontal_slow,47,2026-09-09,21:37:48.365,2026-09-09T21:37:48.365,1.5677708880002683,1,0.7681307792663574,4.228404000059527,28.894598999613663,2.0,4793.62109375,10.0,1259.75
yolo11n.pt,2,horizontal_slow,48,2026-09-09,21:37:48.401,2026-09-09T21:37:48.401,1.6038985000000139,1,0.747083842754364,4.201812999781396,33.00407400001859,1.8,4793.62109375,10.0,1259.75
yolo11n.pt,2,horizontal_slow,49,2026-09-09,21:37:48.433,2026-09-09T21:37:48.433,1.6358246570002848,1,0.7764806151390076,4.2167540000264125,28.83553999981814,5.7,4793.62109375,10.0,1259.75
yolo11n.pt,2,horizontal_slow,50,2026-09-09,21:37:48.465,2026-09-09T21:37:48.465,1.6678664650003157,1,0.4329449534416199,4.230242999710754,29.07641900037561,2.0,4793.62109375,10.0,1259.75
yolo11n.pt,2,horizontal_slow,51,2026-09-09,21:37:48.501,2026-09-09T21:37:48.501,1.7039199170003485,1,0.8410808444023132,4.167954000422469,33.02788300015891,1.8,4793.62109375,10.0,1259.75
yolo11n.pt,2,horizontal_slow,52,2026-09-09,21:37:48.533,2026-09-09T21:37:48.533,1.7357114950000323,1,0.8928307294845581,4.280012999970495,28.889669000363938,3.8,4793.62109375,10.0,1259.75
yolo11n.pt,2,horizontal_slow,53,2026-09-09,21:37:48.565,2026-09-09T21:37:48.565,1.7678504520004026,1,0.8083713054656982,4.213713999888569,29.130678000001353,2.0,4793.4140625,10.0,1259.75
yolo11n.pt,2,horizontal_slow,54,2026-09-09,21:37:48.601,2026-09-09T21:37:48.601,1.803682905000187,1,0.8915229439735413,4.343973000231927,32.986933999836765,1.7,4793.16796875,10.0,1259.75
yolo11n.pt,2,horizontal_slow,55,2026-09-09,21:37:48.633,2026-09-09T21:37:48.633,1.8359128410002086,1,0.9029311537742615,4.171563999989303,29.104898999776196,2.0,4793.16796875,9.0,1259.75
yolo11n.pt,2,horizontal_slow,56,2026-09-09,21:37:48.665,2026-09-09T21:37:48.665,1.8677263900003709,0,0.0,4.069384000104037,28.60065000004397,3.9,4793.16796875,9.0,1259.75
yolo11n.pt,2,horizontal_slow,57,2026-09-09,21:37:48.701,2026-09-09T21:37:48.701,1.9036980720002248,1,0.45968955755233765,4.255943999851297,33.31741200008764,5.1,4793.16796875,9.0,1259.75
yolo11n.pt,2,horizontal_slow,58,2026-09-09,21:37:48.733,2026-09-09T21:37:48.733,1.9359188990001712,1,0.8174903988838196,4.1808340001807665,29.212838000148622,2.0,4793.16796875,9.0,1259.75
yolo11n.pt,2,horizontal_slow,59,2026-09-09,21:37:48.766,2026-09-09T21:37:48.766,1.9679217760003667,1,0.6638333201408386,4.203883999707614,29.054548000203795,2.0,4793.16796875,9.0,1259.75
yolo11n.pt,2,horizontal_slow,60,2026-09-09,21:37:48.801,2026-09-09T21:37:48.801,2.0038080389999777,1,0.8586772084236145,4.210864000015135,32.87778399999297,1.8,4793.16796875,9.0,1259.75
yolo11n.pt,2,horizontal_slow,61,2026-09-09,21:37:48.834,2026-09-09T21:37:48.834,2.0357158970000455,1,0.6593762040138245,4.382742999951006,29.161437999846385,5.9,4793.4140625,9.0,1259.6875
yolo11n.pt,2,horizontal_slow,62,2026-09-09,21:37:48.861,2026-09-09T21:37:48.861,2.0635845800002244,1,0.6593762040138245,4.3702729999495205,24.797244999717805,2.2,4793.4140625,9.0,1259.6875
yolo11n.pt,2,horizontal_slow,63,2026-09-09,21:37:48.901,2026-09-09T21:37:48.901,2.1038673259999996,1,0.5684810876846313,4.248143000040727,37.30715700021392,3.1,4793.41015625,9.0,1259.6875
yolo11n.pt,2,horizontal_slow,64,2026-09-09,21:37:48.933,2026-09-09T21:37:48.933,2.1356002940001417,1,0.820102334022522,4.264184000021487,28.748629000347137,3.9,4793.41015625,9.0,1259.6875
yolo11n.pt,2,horizontal_slow,65,2026-09-09,21:37:48.965,2026-09-09T21:37:48.965,2.1678114110000024,1,0.5284578204154968,4.244163999828743,29.116398000041954,3.9,4793.41015625,9.0,1259.6875
yolo11n.pt,2,horizontal_slow,66,2026-09-09,21:37:49.001,2026-09-09T21:37:49.001,2.2038310330003696,1,0.6599541306495667,4.217824000079418,33.01862300031644,1.8,4793.41015625,9.0,1259.6875
yolo11n.pt,2,horizontal_slow,67,2026-09-09,21:37:49.034,2026-09-09T21:37:49.034,2.2357469110002057,1,0.862512469291687,4.547651999928348,29.317708000235143,3.8,4793.41015625,9.0,1259.6875
yolo11n.pt,2,horizontal_slow,68,2026-09-09,21:37:49.065,2026-09-09T21:37:49.065,2.2678589680003824,1,0.8088703751564026,4.224234000048455,28.761410000242904,2.0,4793.41015625,9.0,1258.25
yolo11n.pt,2,horizontal_slow,69,2026-09-09,21:37:49.102,2026-09-09T21:37:49.102,2.3039656200003265,1,0.8041265606880188,4.228793000038422,33.121243000096,1.8,4793.41015625,9.0,1258.25
yolo11n.pt,2,horizontal_slow,70,2026-09-09,21:37:49.133,2026-09-09T21:37:49.133,2.3359341270002005,1,0.752141535282135,4.156013999818242,28.956889000255615,2.0,4793.41015625,10.0,1258.25
yolo11n.pt,2,horizontal_slow,71,2026-09-09,21:37:49.165,2026-09-09T21:37:49.165,2.367914545000076,1,0.7029216885566711,4.176794000159134,29.00394900007086,2.0,4793.41015625,10.0,1258.25
yolo11n.pt,2,horizontal_slow,72,2026-09-09,21:37:49.201,2026-09-09T21:37:49.201,2.4036992780002038,1,0.5933067202568054,4.253153999798087,32.841453999935766,3.4,4793.41015625,10.0,1258.25
yolo11n.pt,2,horizontal_slow,73,2026-09-09,21:37:49.233,2026-09-09T21:37:49.233,2.4358356249999815,1,0.6521996855735779,4.241203999754362,29.002099000081216,3.8,4793.41015625,10.0,1258.25
yolo11n.pt,2,horizontal_slow,74,2026-09-09,21:37:49.266,2026-09-09T21:37:49.266,2.467974692000098,1,0.7562981247901917,4.240514000230178,29.069979000269086,2.0,4793.41015625,10.0,1258.25
yolo11n.pt,2,horizontal_slow,75,2026-09-09,21:37:49.301,2026-09-09T21:37:49.301,2.5036311850003585,1,0.8191173672676086,4.2658840002332,32.58383499996853,1.8,4793.41015625,10.0,1258.25
yolo11n.pt,2,horizontal_slow,76,2026-09-09,21:37:49.333,2026-09-09T21:37:49.333,2.5358941220001725,1,0.6613317131996155,4.214063999825157,29.172397999900568,3.8,4793.41015625,10.0,1258.25
yolo11n.pt,2,horizontal_slow,77,2026-09-09,21:37:49.369,2026-09-09T21:37:49.369,2.5717099950002194,1,0.7849517464637756,4.242574000272725,32.86093399992751,1.8,4793.41015625,10.0,1258.25
yolo11n.pt,2,horizontal_slow,78,2026-09-09,21:37:49.401,2026-09-09T21:37:49.401,2.6038943820003624,1,0.714783251285553,4.201904000183276,29.064648999792553,2.0,4793.41015625,10.0,1258.25
yolo11n.pt,2,horizontal_slow,79,2026-09-09,21:37:49.434,2026-09-09T21:37:49.434,2.635972509000112,1,0.39562365412712097,4.404742999668088,29.250667999804136,5.8,4793.3515625,10.0,1258.25
yolo11n.pt,2,horizontal_slow,80,2026-09-09,21:37:49.469,2026-09-09T21:37:49.469,2.6717770320001364,1,0.6399461627006531,4.262853000000177,32.643855000060285,3.5,4793.3515625,10.0,1258.25
yolo11n.pt,2,horizontal_slow,81,2026-09-09,21:37:49.501,2026-09-09T21:37:49.501,2.7035940000000664,1,0.6203247308731079,4.268334000244067,28.854449999926146,2.0,4793.3515625,10.0,1258.25
yolo11n.pt,2,horizontal_slow,82,2026-09-09,21:37:49.536,2026-09-09T21:37:49.536,2.7362303150002845,1,0.7918329238891602,6.106356999680429,31.534578999981022,5.4,4791.59375,10.0,1258.25
yolo11n.pt,2,horizontal_slow,83,2026-09-09,21:37:49.569,2026-09-09T21:37:49.569,2.7717800489999718,1,0.7795066833496094,4.2599429998517735,30.70839200017872,3.7,4791.8359375,10.0,1258.25
yolo11n.pt,2,horizontal_slow,84,2026-09-09,21:37:49.601,2026-09-09T21:37:49.601,2.803670957000122,0,0.0,4.054873999848496,28.554590000112512,2.0,4791.54296875,10.0,1258.25
yolo11n.pt,2,horizontal_slow,85,2026-09-09,21:37:49.633,2026-09-09T21:37:49.633,2.835868613999992,1,0.3776487112045288,4.21393300030104,29.39753800001199,3.8,4791.78515625,10.0,1258.25
yolo11n.pt,2,horizontal_slow,86,2026-09-09,21:37:49.669,2026-09-09T21:37:49.669,2.8719218559999717,1,0.7225298881530762,4.180585000085557,33.01354400036871,1.8,4791.78515625,10.0,1258.25
yolo11n.pt,2,horizontal_slow,87,2026-09-09,21:37:49.701,2026-09-09T21:37:49.701,2.903925782999977,1,0.8927524089813232,4.172693999862531,28.92397899995558,2.0,4791.78515625,10.0,1258.25
yolo11n.pt,2,horizontal_slow,88,2026-09-09,21:37:49.733,2026-09-09T21:37:49.733,2.9356611210000665,1,0.5378320813179016,4.264543999852322,28.804679999666405,3.9,4791.78515625,10.0,1258.25
yolo11n.pt,2,horizontal_slow,89,2026-09-09,21:37:49.769,2026-09-09T21:37:49.769,2.971587844000169,1,0.6799619793891907,4.276312999991205,32.989673999964,1.8,4791.78515625,10.0,1258.25
yolo11n.pt,2,horizontal_slow,90,2026-09-09,21:37:49.801,2026-09-09T21:37:49.801,3.0039131700000326,0,0.0,4.004574999726174,28.98207900034322,3.8,4791.78515625,10.0,1258.25
yolo11n.pt,2,horizontal_slow,91,2026-09-09,21:37:49.833,2026-09-09T21:37:49.833,3.035937758000273,1,0.8048098683357239,4.160934000083216,29.296707999947103,3.9,4791.78515625,10.0,1258.25
yolo11n.pt,2,horizontal_slow,92,2026-09-09,21:37:49.869,2026-09-09T21:37:49.869,3.0718538400001307,1,0.7504842281341553,4.215564000332961,32.965693999813084,1.8,4791.78515625,10.0,1258.25
yolo11n.pt,2,horizontal_slow,93,2026-09-09,21:37:49.902,2026-09-09T21:37:49.902,3.1039198170001328,1,0.7361500263214111,4.274593999980425,29.183267999997042,3.9,4791.78515625,10.0,1259.6875
yolo11n.pt,2,horizontal_slow,94,2026-09-09,21:37:49.933,2026-09-09T21:37:49.933,3.1359170050000102,1,0.8310376405715942,4.188763999991352,28.853399000126956,5.8,4791.78515625,10.0,1259.6875
yolo11n.pt,2,horizontal_slow,95,2026-09-09,21:37:49.969,2026-09-09T21:37:49.969,3.171821318000184,1,0.672372043132782,4.239244000018516,32.8371049999987,1.8,4791.78515625,10.0,1259.6875
yolo11n.pt,2,horizontal_slow,96,2026-09-09,21:37:50.001,2026-09-09T21:37:50.001,3.203874045000248,1,0.7872077822685242,4.245543000251928,28.95484900000156,3.8,4791.78515625,10.0,1259.6875
yolo11n.pt,2,horizontal_slow,97,2026-09-09,21:37:50.029,2026-09-09T21:37:50.029,3.2315826690000904,1,0.7872077822685242,4.323823000049742,24.732725999911054,0.0,4792.02734375,10.0,1259.6875
yolo11n.pt,2,horizontal_slow,98,2026-09-09,21:37:50.069,2026-09-09T21:37:50.069,3.2718577540003935,1,0.7524464726448059,4.1871339999488555,37.35308699970119,3.1,4792.02734375,10.0,1259.6875
yolo11n.pt,2,horizontal_slow,99,2026-09-09,21:37:50.101,2026-09-09T21:37:50.101,3.303885122000338,1,0.8227298855781555,4.1793740001594415,29.01400900009321,2.0,4792.02734375,10.0,1259.6875
yolo11n.pt,2,horizontal_slow,100,2026-09-09,21:37:50.134,2026-09-09T21:37:50.134,3.3361660479999955,1,0.845854640007019,4.924671000026137,29.962716000227374,5.7,4792.02734375,9.0,1259.6875
yolo11n.pt,2,horizontal_slow,101,2026-09-09,21:37:50.169,2026-09-09T21:37:50.169,3.3717384820001826,1,0.8275159001350403,4.299824000099761,31.954896999650373,1.8,4792.02734375,9.0,1259.6875
yolo11n.pt,2,horizontal_slow,102,2026-09-09,21:37:50.201,2026-09-09T21:37:50.201,3.4037998690000677,1,0.7082704901695251,4.2271739998795965,28.915659000176674,3.9,4792.02734375,9.0,1259.6875
yolo11n.pt,2,horizontal_slow,103,2026-09-09,21:37:50.234,2026-09-09T21:37:50.234,3.4359631560000707,1,0.7980587482452393,4.276934000245092,29.260538000016822,3.8,4792.02734375,9.0,1259.6875
yolo11n.pt,2,horizontal_slow,104,2026-09-09,21:37:50.269,2026-09-09T21:37:50.269,3.471895599000163,1,0.8521509170532227,4.198063999865553,32.78360399963276,1.8,4792.02734375,9.0,1259.6875
yolo11n.pt,2,horizontal_slow,105,2026-09-09,21:37:50.302,2026-09-09T21:37:50.302,3.5039599860001545,1,0.7893845438957214,4.284224000002723,29.185298000356852,3.8,4792.02734375,9.0,1259.6875
yolo11n.pt,2,horizontal_slow,106,2026-09-09,21:37:50.333,2026-09-09T21:37:50.333,3.535917184000027,1,0.5987941026687622,4.176974000074551,28.88228900019385,3.9,4792.02734375,9.0,1259.6875
yolo11n.pt,2,horizontal_slow,107,2026-09-09,21:37:50.370,2026-09-09T21:37:50.370,3.571955886000069,1,0.8460443019866943,4.315972999847872,33.20730299992647,1.7,4792.02734375,9.0,1259.6875
yolo11n.pt,2,horizontal_slow,108,2026-09-09,21:37:50.401,2026-09-09T21:37:50.401,3.6039318430002822,1,0.8212963342666626,4.1678840002532525,28.888950000236946,2.0,4792.02734375,9.0,1259.6875
yolo11n.pt,2,horizontal_slow,109,2026-09-09,21:37:50.433,2026-09-09T21:37:50.433,3.6359487310000986,1,0.7153977751731873,4.143913999996585,29.019119000167848,3.9,4792.02734375,9.0,1259.6875
yolo11n.pt,2,horizontal_slow,110,2026-09-09,21:37:50.469,2026-09-09T21:37:50.469,3.671814553000331,0,0.0,4.047635000006267,32.62869500031229,1.8,4792.02734375,9.0,1259.6875
yolo11n.pt,2,horizontal_slow,111,2026-09-09,21:37:50.501,2026-09-09T21:37:50.501,3.703616092000175,1,0.7864633202552795,4.335912999977154,29.135278000012477,3.9,4792.73828125,9.0,1259.6875
yolo11n.pt,2,horizontal_slow,112,2026-09-09,21:37:50.534,2026-09-09T21:37:50.534,3.7357930690000103,1,0.7940181493759155,4.38967300033255,29.208167999968282,3.9,4792.484375,9.0,1259.6875
yolo11n.pt,2,horizontal_slow,113,2026-09-09,21:37:50.570,2026-09-09T21:37:50.570,3.771720361000007,1,0.8592141270637512,4.5362219998423825,33.05552399979206,3.4,4791.5859375,9.0,1259.6875
yolo11n.pt,2,horizontal_slow,114,2026-09-09,21:37:50.601,2026-09-09T21:37:50.601,3.8037811880003574,1,0.8327500820159912,4.213583999899129,28.73889100010274,3.9,4791.4765625,9.0,1259.6875
yolo11n.pt,2,horizontal_slow,115,2026-09-09,21:37:50.638,2026-09-09T21:37:50.638,3.839762821000022,1,0.8498598337173462,4.365104000044084,33.00301299987041,1.7,4791.47265625,10.0,1259.6875
yolo11n.pt,2,horizontal_slow,116,2026-09-09,21:37:50.670,2026-09-09T21:37:50.670,3.8718874770002003,1,0.6949722170829773,4.426364000210015,29.142037999918102,3.9,4791.47265625,10.0,1259.6875
yolo11n.pt,2,horizontal_slow,117,2026-09-09,21:37:50.701,2026-09-09T21:37:50.701,3.903644176000398,1,0.7669674158096313,4.242034000071726,28.53890999995201,2.0,4790.51171875,10.0,1259.6875
yolo11n.pt,2,horizontal_slow,118,2026-09-09,21:37:50.737,2026-09-09T21:37:50.737,3.939859357000387,1,0.4893774092197418,4.196924000098079,33.154772999751,3.5,4790.51171875,10.0,1259.6875
yolo11n.pt,2,horizontal_slow,119,2026-09-09,21:37:50.769,2026-09-09T21:37:50.769,3.971903735000069,1,0.6467409133911133,4.186233999917022,28.93827899970347,2.0,4790.51171875,10.0,1259.6875
yolo11n.pt,2,horizontal_slow,120,2026-09-09,21:37:50.801,2026-09-09T21:37:50.801,4.0039206020001075,1,0.5144684314727783,4.179934000148933,28.92872000029456,3.9,4790.51171875,10.0,1259.6875
yolo11n.pt,2,horizontal_slow,121,2026-09-09,21:37:50.837,2026-09-09T21:37:50.837,4.039593255,1,0.672181248664856,4.216253999857145,32.69591500020397,3.4,4790.49609375,10.0,1259.6875
yolo11n.pt,2,horizontal_slow,122,2026-09-09,21:37:50.869,2026-09-09T21:37:50.869,4.071868472000006,1,0.8241429924964905,4.22744400020747,29.311407000022882,3.9,4790.49609375,10.0,1259.6875
yolo11n.pt,2,horizontal_slow,123,2026-09-09,21:37:50.902,2026-09-09T21:37:50.902,4.103970269000001,1,0.7768815755844116,4.164844000115409,29.11001899974508,2.0,4790.73828125,10.0,1259.6875
yolo11n.pt,2,horizontal_slow,124,2026-09-09,21:37:50.937,2026-09-09T21:37:50.937,4.139896442000008,1,0.7392901182174683,4.168553999988944,32.950543999959336,1.8,4790.73828125,10.0,1259.6875
yolo11n.pt,2,horizontal_slow,125,2026-09-09,21:37:50.969,2026-09-09T21:37:50.969,4.171714850000171,1,0.717241108417511,4.217203999814956,28.870038999684766,2.0,4790.73828125,10.0,1259.6875
yolo11n.pt,2,horizontal_slow,126,2026-09-09,21:37:51.001,2026-09-09T21:37:51.001,4.20379999700026,1,0.8417499661445618,4.19735400009813,29.112648000136687,3.8,4790.73828125,10.0,1259.6875
yolo11n.pt,2,horizontal_slow,127,2026-09-09,21:37:51.038,2026-09-09T21:37:51.038,4.239846349000345,1,0.6814283132553101,4.5364620000327704,33.45286200010378,5.2,4790.4921875,10.0,1259.6875
yolo11n.pt,2,horizontal_slow,128,2026-09-09,21:37:51.069,2026-09-09T21:37:51.069,4.27177743700031,1,0.6802489161491394,4.286513000351988,28.690390000065236,2.0,4790.4921875,10.0,1259.6875
yolo11n.pt,2,horizontal_slow,129,2026-09-09,21:37:51.102,2026-09-09T21:37:51.102,4.303948664000018,1,0.8038620352745056,4.230203999668447,29.164218999994773,5.7,4790.890625,10.0,1261.1875
yolo11n.pt,2,horizontal_slow,130,2026-09-09,21:37:51.138,2026-09-09T21:37:51.138,4.339975526000217,1,0.5155672430992126,4.187154000192095,33.01606400009405,1.8,4790.890625,11.0,1261.1875
yolo11n.pt,2,horizontal_slow,131,2026-09-09,21:37:51.169,2026-09-09T21:37:51.169,4.371770584000387,1,0.8522564172744751,4.201713999918866,28.763289999915287,3.8,4790.890625,11.0,1261.1875
yolo11n.pt,2,horizontal_slow,132,2026-09-09,21:37:51.202,2026-09-09T21:37:51.202,4.403887831000247,1,0.782071590423584,4.3062740001005295,29.273968000325112,4.0,4790.890625,11.0,1261.6875
yolo11n.pt,2,horizontal_slow,133,2026-09-09,21:37:51.237,2026-09-09T21:37:51.237,4.439855413000259,1,0.5386270880699158,4.250874000263138,32.89802499966754,3.4,4790.890625,11.0,1261.6875
yolo11n.pt,2,horizontal_slow,134,2026-09-09,21:37:51.270,2026-09-09T21:37:51.270,4.471597362000011,1,0.7991000413894653,4.688131999955658,29.21577899996919,3.8,4794.65234375,11.0,1261.6875
yolo11n.pt,2,horizontal_slow,135,2026-09-09,21:37:51.302,2026-09-09T21:37:51.302,4.503932158000225,1,0.8002516031265259,4.200364000098489,28.659669999797188,4.1,4792.20703125,11.0,1261.6875
yolo11n.pt,2,horizontal_slow,136,2026-09-09,21:37:51.338,2026-09-09T21:37:51.338,4.5398367110001345,1,0.8300356864929199,4.375302999960695,33.01118299987138,5.1,4792.20703125,11.0,1261.6875
yolo11n.pt,2,horizontal_slow,137,2026-09-09,21:37:51.369,2026-09-09T21:37:51.369,4.571852678000141,1,0.6871535181999207,4.214083999613649,28.83876900023097,3.9,4792.20703125,11.0,1261.6875
yolo11n.pt,2,horizontal_slow,138,2026-09-09,21:37:51.401,2026-09-09T21:37:51.401,4.6038974750003945,1,0.7832586765289307,4.210864000015135,28.942630000074132,2.0,4792.44921875,11.0,1261.6875
yolo11n.pt,2,horizontal_slow,139,2026-09-09,21:37:51.437,2026-09-09T21:37:51.437,4.639901637000094,1,0.7716965079307556,4.162693999660405,32.98254400033329,1.8,4792.44921875,11.0,1261.6875
yolo11n.pt,2,horizontal_slow,140,2026-09-09,21:37:51.469,2026-09-09T21:37:51.469,4.671877725000286,1,0.712687611579895,4.204813999876933,29.035408000254392,2.0,4792.44921875,11.0,1261.6875
yolo11n.pt,2,horizontal_slow,141,2026-09-09,21:37:51.501,2026-09-09T21:37:51.501,4.703880763000143,1,0.7281705141067505,4.219283000111318,29.024518999904103,5.8,4792.44921875,11.0,1261.6875
yolo11n.pt,2,horizontal_slow,142,2026-09-09,21:37:51.537,2026-09-09T21:37:51.537,4.739841445000366,1,0.2677071988582611,4.241143999934138,32.86713400029839,1.8,4792.44921875,11.0,1261.6875
yolo11n.pt,2,horizontal_slow,143,2026-09-09,21:37:51.569,2026-09-09T21:37:51.569,4.771867962000215,1,0.7016444206237793,4.231214000355976,28.97424000002502,1.9,4790.7578125,11.0,1261.6875
yolo11n.pt,2,horizontal_slow,144,2026-09-09,21:37:51.601,2026-09-09T21:37:51.601,4.803836120000142,1,0.714023768901825,4.247624000072392,28.997958999752882,3.9,4790.671875,11.0,1261.6875
yolo11n.pt,2,horizontal_slow,145,2026-09-09,21:37:51.638,2026-09-09T21:37:51.638,4.839921092000168,1,0.6443876624107361,4.198583999823313,33.076523000090674,1.8,4790.109375,10.0,1261.6875
yolo11n.pt,2,horizontal_slow,146,2026-09-09,21:37:51.669,2026-09-09T21:37:51.669,4.871888979000232,1,0.7077350616455078,4.206084000088595,28.980949000015244,2.0,4790.109375,10.0,1261.6875
yolo11n.pt,2,horizontal_slow,147,2026-09-09,21:37:51.701,2026-09-09T21:37:51.701,4.90391741700023,1,0.7123571038246155,4.161454000040976,29.0073289997963,3.9,4790.109375,10.0,1261.6875
yolo11n.pt,2,horizontal_slow,148,2026-09-09,21:37:51.738,2026-09-09T21:37:51.738,4.939700450000146,1,0.7467566728591919,4.807981000340078,33.4691420002855,5.1,4789.86328125,10.0,1261.6875
yolo11n.pt,2,horizontal_slow,149,2026-09-09,21:37:51.769,2026-09-09T21:37:51.769,4.971871207000277,1,0.715548038482666,4.230183999879955,28.60413099961079,3.9,4790.10546875,10.0,1261.6875
yolo11n.pt,2,horizontal_slow,150,2026-09-09,21:37:51.801,2026-09-09T21:37:51.801,5.003727675000391,1,0.7412729859352112,4.277102999822091,28.8988900001641,2.0,4790.10546875,10.0,1261.6875
yolo11n.pt,2,horizontal_slow,151,2026-09-09,21:37:51.837,2026-09-09T21:37:51.837,5.039672987000358,1,0.7876817584037781,4.219244000069011,32.940094000423414,3.4,4790.10546875,10.0,1261.6875
yolo11n.pt,2,horizontal_slow,152,2026-09-09,21:37:51.869,2026-09-09T21:37:51.869,5.0719262640000125,1,0.7972633242607117,4.170933999830595,29.23129800001334,2.0,4790.10546875,10.0,1261.6875
yolo11n.pt,2,horizontal_slow,153,2026-09-09,21:37:51.906,2026-09-09T21:37:51.906,5.1079057560000365,1,0.8222947716712952,4.250043999945774,33.07115299958241,5.2,4790.34765625,10.0,1261.6875
yolo11n.pt,2,horizontal_slow,154,2026-09-09,21:37:51.938,2026-09-09T21:37:51.938,5.139920573000381,1,0.8139446377754211,4.221833999963565,28.87151000004451,3.8,4790.34765625,10.0,1261.6875
yolo11n.pt,2,horizontal_slow,155,2026-09-09,21:37:51.969,2026-09-09T21:37:51.969,5.171909771000173,1,0.7936068773269653,4.18186400020204,28.870559000097273,2.0,4790.34765625,10.0,1261.6875
yolo11n.pt,2,horizontal_slow,156,2026-09-09,21:37:52.005,2026-09-09T21:37:52.005,5.2077306340002,1,0.6154693365097046,4.354003000116791,32.875384999897506,1.8,4790.1015625,10.0,1261.6875
yolo11n.pt,2,horizontal_slow,157,2026-09-09,21:37:52.038,2026-09-09T21:37:52.038,5.239911391000078,1,0.770615816116333,4.307483999582473,29.1273889997683,3.8,4790.1015625,10.0,1261.6875
yolo11n.pt,2,horizontal_slow,158,2026-09-09,21:37:52.070,2026-09-09T21:37:52.070,5.272033548000309,1,0.8029908537864685,4.388314000152604,29.227498000182095,3.9,4790.1015625,10.0,1261.6875
yolo11n.pt,2,horizontal_slow,159,2026-09-09,21:37:52.106,2026-09-09T21:37:52.106,5.3079480800001875,1,0.76192706823349,4.338963000009244,32.9192639997018,1.8,4790.1015625,10.0,1261.6875
yolo11n.pt,2,horizontal_slow,160,2026-09-09,21:37:52.138,2026-09-09T21:37:52.138,5.339939557999969,1,0.8952874541282654,4.183483999895543,28.854488999968453,3.9,4790.1015625,10.0,1261.6875
yolo11n.pt,2,horizontal_slow,161,2026-09-09,21:37:52.170,2026-09-09T21:37:52.170,5.372016305000216,1,0.8755465745925903,4.18647400010741,29.11456800029555,3.8,4790.1015625,10.0,1261.6875
yolo11n.pt,2,horizontal_slow,162,2026-09-09,21:37:52.206,2026-09-09T21:37:52.206,5.408000347000325,1,0.8322615623474121,4.3102839999846765,33.11129299981985,1.8,4790.1015625,10.0,1261.6875
yolo11n.pt,2,horizontal_slow,163,2026-09-09,21:37:52.238,2026-09-09T21:37:52.238,5.439927965000152,1,0.7645053267478943,4.197253999791428,28.861928999958764,2.0,4790.1015625,10.0,1261.6875
yolo11n.pt,2,horizontal_slow,164,2026-09-09,21:37:52.270,2026-09-09T21:37:52.270,5.471944662000169,1,0.8249204754829407,4.163333999713359,29.0064590003567,3.8,4790.1015625,10.0,1261.6875
yolo11n.pt,2,horizontal_slow,165,2026-09-09,21:37:52.305,2026-09-09T21:37:52.305,5.507840985000257,0,0.0,4.181404000064504,32.79787499968734,1.8,4790.1015625,10.0,1261.6875
yolo11n.pt,2,horizontal_slow,166,2026-09-09,21:37:52.338,2026-09-09T21:37:52.338,5.539886772000045,1,0.7667511105537415,4.336803999649419,29.38676800022222,3.9,4790.34375,10.0,1261.6875
yolo11n.pt,2,horizontal_slow,167,2026-09-09,21:37:52.370,2026-09-09T21:37:52.370,5.571888740000304,1,0.8089491128921509,4.345192999608116,29.039138999905845,2.0,4790.34375,10.0,1261.6875
yolo11n.pt,2,horizontal_slow,168,2026-09-09,21:37:52.406,2026-09-09T21:37:52.406,5.607934022000336,1,0.6055389046669006,4.223582999657083,32.952214000033564,5.1,4790.33203125,10.0,1261.6875
yolo11n.pt,2,horizontal_slow,169,2026-09-09,21:37:52.438,2026-09-09T21:37:52.438,5.63988758000005,1,0.8061636686325073,4.543092999938381,29.450196999732725,6.0,4790.33203125,10.0,1261.6875
yolo11n.pt,2,horizontal_slow,170,2026-09-09,21:37:52.470,2026-09-09T21:37:52.470,5.671983367000394,1,0.7975220680236816,4.333222999775899,28.596460999779083,2.0,4790.33203125,10.0,1261.6875
yolo11n.pt,2,horizontal_slow,171,2026-09-09,21:37:52.505,2026-09-09T21:37:52.505,5.707663510000202,1,0.760525107383728,4.317713000091317,32.57773499990435,3.6,4790.33203125,10.0,1261.6875
yolo11n.pt,2,horizontal_slow,172,2026-09-09,21:37:52.538,2026-09-09T21:37:52.538,5.739882237000074,1,0.8375205993652344,4.239623999637843,29.195057999913843,1.9,4789.0546875,10.0,1261.6875
yolo11n.pt,2,horizontal_slow,173,2026-09-09,21:37:52.569,2026-09-09T21:37:52.569,5.771868504000395,1,0.5531668066978455,4.238804000124219,29.00906800005032,2.0,4789.0546875,10.0,1261.6875
yolo11n.pt,2,horizontal_slow,174,2026-09-09,21:37:52.606,2026-09-09T21:37:52.606,5.8079660060002425,1,0.6819621920585632,4.425122999691666,33.38377199997922,5.1,4786.20703125,10.0,1261.6875
yolo11n.pt,2,horizontal_slow,175,2026-09-09,21:37:52.638,2026-09-09T21:37:52.638,5.839914234000389,1,0.7411666512489319,4.313803000059124,28.82017999991149,2.0,4786.20703125,10.0,1261.6875
yolo11n.pt,2,horizontal_slow,176,2026-09-09,21:37:52.670,2026-09-09T21:37:52.670,5.871863481000219,1,0.7855319976806641,4.336634000082995,29.003049000039027,3.8,4785.9609375,10.0,1261.6875
yolo11n.pt,2,horizontal_slow,177,2026-09-09,21:37:52.705,2026-09-09T21:37:52.705,5.9078473240001586,1,0.3521571755409241,4.242142999828502,32.9425039999478,1.8,4785.9609375,10.0,1261.6875
yolo11n.pt,2,horizontal_slow,178,2026-09-09,21:37:52.738,2026-09-09T21:37:52.738,5.939926891000141,1,0.5792967677116394,4.521641999872372,29.430527000386064,5.8,4785.9609375,10.0,1261.6875
yolo11n.pt,2,horizontal_slow,179,2026-09-09,21:37:52.770,2026-09-09T21:37:52.770,5.971924768000008,1,0.6830611824989319,4.228944000260526,28.75140999958603,2.0,4785.9609375,10.0,1261.6875
yolo11n.pt,2,horizontal_slow,180,2026-09-09,21:37:52.805,2026-09-09T21:37:52.805,6.007647692000319,1,0.22222554683685303,4.340153000157443,32.86073499975828,1.8,4785.9609375,10.0,1261.6875
yolo11n.pt,2,horizontal_slow,181,2026-09-09,21:37:52.838,2026-09-09T21:37:52.838,6.0397641690001365,1,0.5996974110603333,4.444252999746823,29.30434800009607,5.9,4785.71484375,10.0,1261.6875
yolo11n.pt,2,horizontal_slow,182,2026-09-09,21:37:52.870,2026-09-09T21:37:52.870,6.071889236000061,1,0.8475304245948792,4.273083000043698,28.9308589999564,3.9,4785.703125,10.0,1261.6875
yolo11n.pt,2,horizontal_slow,183,2026-09-09,21:37:52.905,2026-09-09T21:37:52.905,6.1077278490001845,1,0.8905048370361328,4.24212300004001,32.838285000252654,1.8,4785.703125,10.0,1261.6875
yolo11n.pt,2,horizontal_slow,184,2026-09-09,21:37:52.937,2026-09-09T21:37:52.937,6.1398512860000665,1,0.7484237551689148,4.226003999974637,29.09636899994439,3.8,4785.703125,10.0,1261.6875
yolo11n.pt,2,horizontal_slow,185,2026-09-09,21:37:52.970,2026-09-09T21:37:52.970,6.171906333000152,1,0.7751691937446594,4.313652999826445,29.12140900025406,2.0,4785.703125,10.0,1261.6875
yolo11n.pt,2,horizontal_slow,186,2026-09-09,21:37:53.005,2026-09-09T21:37:53.005,6.207905494999977,1,0.8062217831611633,4.178153999873757,32.778354000129184,1.8,4785.703125,10.0,1261.6875
yolo11n.pt,2,horizontal_slow,187,2026-09-09,21:37:53.038,2026-09-09T21:37:53.038,6.2398794929999895,1,0.8645146489143372,4.611651999766764,29.36053700022967,5.8,4785.94921875,10.0,1261.6875
yolo11n.pt,2,horizontal_slow,188,2026-09-09,21:37:53.070,2026-09-09T21:37:53.070,6.271937220000382,1,0.8222302198410034,4.248594000273442,28.664590000062162,2.0,4785.94921875,10.0,1258.9375
yolo11n.pt,2,horizontal_slow,189,2026-09-09,21:37:53.106,2026-09-09T21:37:53.106,6.3078253930002575,1,0.9070329666137695,4.340454000157479,32.97584399979314,1.8,4785.94921875,10.0,1258.9375
yolo11n.pt,2,horizontal_slow,190,2026-09-09,21:37:53.138,2026-09-09T21:37:53.138,6.3398801000003004,1,0.8639723062515259,4.442822999862983,29.229237999970792,5.8,4785.94921875,10.0,1258.9375
yolo11n.pt,2,horizontal_slow,191,2026-09-09,21:37:53.174,2026-09-09T21:37:53.174,6.375891592000244,1,0.8636012673377991,4.21978400027001,32.82708400001866,3.4,4785.94921875,10.0,1258.9375
yolo11n.pt,2,horizontal_slow,192,2026-09-09,21:37:53.205,2026-09-09T21:37:53.205,6.407864000000245,1,0.8033827543258667,4.245182999966346,29.001149000123405,2.0,4785.94921875,10.0,1258.9375
yolo11n.pt,2,horizontal_slow,193,2026-09-09,21:37:53.237,2026-09-09T21:37:53.237,6.439947577000112,1,0.736476719379425,4.14457399983803,29.07847899996341,2.0,4785.9453125,10.0,1258.9375
yolo11n.pt,2,horizontal_slow,194,2026-09-09,21:37:53.273,2026-09-09T21:37:53.273,6.475665730000401,1,0.8287047147750854,4.307202999825677,32.89530400024887,3.4,4785.9453125,10.0,1258.9375
yolo11n.pt,2,horizontal_slow,195,2026-09-09,21:37:53.305,2026-09-09T21:37:53.305,6.507668457000364,1,0.5690452456474304,4.2793140000867425,28.99531899993235,2.0,4785.9453125,10.0,1258.9375
yolo11n.pt,2,horizontal_slow,196,2026-09-09,21:37:53.337,2026-09-09T21:37:53.337,6.539657085000272,1,0.869177520275116,4.255854000348336,28.98002899974017,3.9,4785.9453125,10.0,1258.9375
yolo11n.pt,2,horizontal_slow,197,2026-09-09,21:37:53.374,2026-09-09T21:37:53.374,6.575879736000388,1,0.8957240581512451,4.30573399989953,33.21894300006534,3.4,4785.9453125,10.0,1258.9375
yolo11n.pt,2,horizontal_slow,198,2026-09-09,21:37:53.406,2026-09-09T21:37:53.406,6.60785441400003,1,0.9256501197814941,4.297414000120625,28.935249000369367,2.0,4785.9453125,10.0,1258.9375
yolo11n.pt,2,horizontal_slow,199,2026-09-09,21:37:53.438,2026-09-09T21:37:53.438,6.639862942000036,1,0.8892011642456055,4.2859130003307655,29.055948999939574,2.0,4785.9453125,10.0,1258.9375
yolo11n.pt,2,horizontal_slow,200,2026-09-09,21:37:53.474,2026-09-09T21:37:53.474,6.675895954000225,1,0.7520098686218262,4.234363000250596,33.06645299971933,1.8,4785.9453125,10.0,1258.9375
yolo11n.pt,2,horizontal_slow,201,2026-09-09,21:37:53.505,2026-09-09T21:37:53.505,6.7079068310004,1,0.32341641187667847,4.196214000330656,29.00694800018755,5.8,4785.9453125,10.0,1258.9375
yolo11n.pt,2,horizontal_slow,202,2026-09-09,21:37:53.537,2026-09-09T21:37:53.537,6.7399302190001436,1,0.8243041038513184,4.18167399993763,29.03704900018056,2.0,4785.9453125,10.0,1258.9375
yolo11n.pt,2,horizontal_slow,203,2026-09-09,21:37:53.574,2026-09-09T21:37:53.574,6.775893911000367,1,0.5956569910049438,4.278074000012566,33.14290299977074,1.7,4783.65234375,10.0,1258.9375
yolo11n.pt,2,horizontal_slow,204,2026-09-09,21:37:53.605,2026-09-09T21:37:53.605,6.807624279000265,1,0.6151490807533264,4.31916400020782,28.83125900007144,2.0,4783.61328125,10.0,1258.9375
yolo11n.pt,2,horizontal_slow,205,2026-09-09,21:37:53.637,2026-09-09T21:37:53.637,6.8398487760000535,1,0.6207340955734253,4.25957399966137,29.068457999983366,3.8,4783.2578125,10.0,1258.9375
yolo11n.pt,2,horizontal_slow,206,2026-09-09,21:37:53.673,2026-09-09T21:37:53.673,6.875861848000113,1,0.7656291127204895,4.232193999996525,32.95357300021351,3.4,4783.09765625,10.0,1258.9375
yolo11n.pt,2,horizontal_slow,207,2026-09-09,21:37:53.705,2026-09-09T21:37:53.705,6.907835166000041,1,0.6254709362983704,4.209654000078444,28.94670900013807,2.0,4783.09765625,10.0,1258.9375
yolo11n.pt,2,horizontal_slow,208,2026-09-09,21:37:53.737,2026-09-09T21:37:53.737,6.939815793999969,1,0.603152334690094,4.276232999927743,29.01091900002939,3.8,4783.09765625,10.0,1258.9375
yolo11n.pt,2,horizontal_slow,209,2026-09-09,21:37:53.773,2026-09-09T21:37:53.773,6.975885136000215,1,0.7189419865608215,4.226374000154465,33.0427740000232,1.8,4783.09765625,10.0,1258.9375
yolo11n.pt,2,horizontal_slow,210,2026-09-09,21:37:53.805,2026-09-09T21:37:53.805,7.007893883000179,1,0.45722827315330505,4.185404000054405,28.907138999784365,3.8,4782.60546875,10.0,1258.9375
yolo11n.pt,2,horizontal_slow,211,2026-09-09,21:37:53.837,2026-09-09T21:37:53.837,7.039695741000287,1,0.7975911498069763,4.282662999685272,28.801519999888114,3.9,4782.84765625,10.0,1258.9375
yolo11n.pt,2,horizontal_slow,212,2026-09-09,21:37:53.874,2026-09-09T21:37:53.874,7.075866003000101,1,0.7081605792045593,4.321643000366748,33.228302000225085,1.8,4781.52734375,10.0,1258.9375
yolo11n.pt,2,horizontal_slow,213,2026-09-09,21:37:53.906,2026-09-09T21:37:53.906,7.107870840000032,1,0.883014440536499,4.489242999625276,29.238657999940187,5.8,4781.52734375,10.0,1258.9375
yolo11n.pt,2,horizontal_slow,214,2026-09-09,21:37:53.938,2026-09-09T21:37:53.938,7.139941877000183,1,0.8427431583404541,4.234223999901587,28.862958999980037,2.0,4781.52734375,10.0,1258.9375
yolo11n.pt,2,horizontal_slow,215,2026-09-09,21:37:53.974,2026-09-09T21:37:53.974,7.1759090590003325,1,0.8117382526397705,4.2002139998658095,32.97576400018443,1.8,4781.52734375,10.0,1258.9375
yolo11n.pt,2,horizontal_slow,216,2026-09-09,21:37:54.005,2026-09-09T21:37:54.005,7.20783882700016,1,0.7262660264968872,4.225063999911072,28.969239000161906,3.8,4781.52734375,10.0,1258.9375
yolo11n.pt,2,horizontal_slow,217,2026-09-09,21:37:54.037,2026-09-09T21:37:54.037,7.239870644000348,1,0.5507932901382446,4.230903999996372,29.098688999965816,2.0,4781.28125,10.0,1258.9375
yolo11n.pt,2,horizontal_slow,218,2026-09-09,21:37:54.073,2026-09-09T21:37:54.073,7.27565809700036,1,0.90496826171875,4.317713999625994,32.919044999744074,3.4,4781.015625,10.0,1257.1875
yolo11n.pt,2,horizontal_slow,219,2026-09-09,21:37:54.105,2026-09-09T21:37:54.105,7.307908924000003,1,0.777229905128479,4.186183999991044,29.132038000170724,3.8,4781.015625,10.0,1257.1875
yolo11n.pt,2,horizontal_slow,220,2026-09-09,21:37:54.137,2026-09-09T21:37:54.137,7.3397098520003965,1,0.8904198408126831,4.311093999604054,28.879079000034835,2.0,4781.015625,10.0,1257.1875
yolo11n.pt,2,horizontal_slow,221,2026-09-09,21:37:54.174,2026-09-09T21:37:54.174,7.37588104400038,1,0.8844982385635376,4.3091829998047615,33.196193000094354,3.4,4781.015625,10.0,1257.1875
yolo11n.pt,2,horizontal_slow,222,2026-09-09,21:37:54.206,2026-09-09T21:37:54.206,7.407895961000122,1,0.710698127746582,4.444802999842068,29.1698890000589,2.0,4781.015625,10.0,1257.1875
yolo11n.pt,2,horizontal_slow,223,2026-09-09,21:37:54.238,2026-09-09T21:37:54.238,7.440001698000287,1,0.6081207394599915,4.2828139999073755,28.99726899977395,3.9,4780.765625,10.0,1257.1875
yolo11n.pt,2,horizontal_slow,224,2026-09-09,21:37:54.274,2026-09-09T21:37:54.274,7.476098750000347,1,0.8406223058700562,4.282093999790959,33.116932999746496,1.8,4780.76171875,10.0,1257.1875
yolo11n.pt,2,horizontal_slow,225,2026-09-09,21:37:54.306,2026-09-09T21:37:54.306,7.5079832180003905,1,0.6900352835655212,4.1585440003473195,28.83809900004053,3.9,4780.76171875,10.0,1257.1875
yolo11n.pt,2,horizontal_slow,226,2026-09-09,21:37:54.338,2026-09-09T21:37:54.338,7.540003546000207,1,0.848921537399292,4.261513000074046,29.11916899984135,3.8,4780.76171875,10.0,1257.1875
yolo11n.pt,2,horizontal_slow,227,2026-09-09,21:37:54.374,2026-09-09T21:37:54.374,7.575887828000305,1,0.7743039727210999,4.190164000192453,32.94107400006396,1.8,4780.76171875,10.0,1257.1875
yolo11n.pt,2,horizontal_slow,228,2026-09-09,21:37:54.406,2026-09-09T21:37:54.406,7.6078792160001285,1,0.4282228946685791,4.2754229998536175,28.914699999859295,3.8,4780.76171875,10.0,1257.1875
yolo11n.pt,2,horizontal_slow,229,2026-09-09,21:37:54.437,2026-09-09T21:37:54.437,7.639582583999982,1,0.4282228946685791,4.44010299997899,28.834910000114178,0.0,4780.76171875,10.0,1257.1875
yolo11n.pt,2,horizontal_slow,230,2026-09-09,21:37:54.474,2026-09-09T21:37:54.474,7.675904345000163,1,0.5466277599334717,4.2468840001674835,33.34481199999573,3.5,4780.76171875,10.0,1257.1875
yolo11n.pt,2,horizontal_slow,231,2026-09-09,21:37:54.506,2026-09-09T21:37:54.506,7.7079749330000595,1,0.4661482572555542,4.228943999805779,29.099879000114015,2.0,4780.76171875,10.0,1258.75
yolo11n.pt,2,horizontal_slow,232,2026-09-09,21:37:54.542,2026-09-09T21:37:54.542,7.743967285000053,1,0.6708947420120239,4.195034000076703,32.83314400005111,3.4,4780.76171875,10.0,1258.75
yolo11n.pt,2,horizontal_slow,233,2026-09-09,21:37:54.574,2026-09-09T21:37:54.574,7.775926582000011,1,0.7340031862258911,4.190993999600323,28.9361000000099,3.8,4780.31640625,10.0,1258.75
yolo11n.pt,2,horizontal_slow,234,2026-09-09,21:37:54.605,2026-09-09T21:37:54.605,7.80767035100007,1,0.8917450308799744,4.333773000325891,28.864009999779228,3.9,4778.1484375,10.0,1258.75
yolo11n.pt,2,horizontal_slow,235,2026-09-09,21:37:54.642,2026-09-09T21:37:54.642,7.8440071420000095,1,0.7438294291496277,4.240783000113879,33.19245300008333,1.8,4778.2109375,11.0,1258.75
yolo11n.pt,2,horizontal_slow,236,2026-09-09,21:37:54.674,2026-09-09T21:37:54.674,7.876001729000109,1,0.7084750533103943,4.33608399998775,29.11772800007384,2.0,4778.2109375,11.0,1258.75
yolo11n.pt,2,horizontal_slow,237,2026-09-09,21:37:54.705,2026-09-09T21:37:54.705,7.907992007000303,0,0.0,4.119293999792717,28.70623000035266,2.0,4778.2109375,11.0,1258.75
yolo11n.pt,2,horizontal_slow,238,2026-09-09,21:37:54.742,2026-09-09T21:37:54.742,7.944020259000354,1,0.7729289531707764,4.261814000074082,33.2929520000107,3.4,4778.2109375,11.0,1258.75
yolo11n.pt,2,horizontal_slow,239,2026-09-09,21:37:54.773,2026-09-09T21:37:54.773,7.97585548699999,1,0.16112305223941803,4.206254000109766,28.813189000175043,2.0,4778.2109375,11.0,1258.75
yolo11n.pt,2,horizontal_slow,240,2026-09-09,21:37:54.806,2026-09-09T21:37:54.806,8.007869715000197,1,0.7702158093452454,4.267893999895023,29.094669000187423,2.0,4778.2109375,11.0,1258.75
yolo11n.pt,2,horizontal_slow,241,2026-09-09,21:37:54.841,2026-09-09T21:37:54.841,8.043615828000384,1,0.6916128993034363,4.241362999891862,32.755954999629466,5.2,4778.203125,11.0,1258.75
yolo11n.pt,2,horizontal_slow,242,2026-09-09,21:37:54.873,2026-09-09T21:37:54.873,8.075710765000167,1,0.6978428363800049,4.2432330001247465,29.1273889997683,2.0,4778.203125,11.0,1258.75
yolo11n.pt,2,horizontal_slow,243,2026-09-09,21:37:54.905,2026-09-09T21:37:54.905,8.107761422000294,1,0.6071432828903198,4.271273999620462,29.12410800036014,3.8,4778.203125,11.0,1258.75
yolo11n.pt,2,horizontal_slow,244,2026-09-09,21:37:54.942,2026-09-09T21:37:54.942,8.144005753000329,1,0.42801037430763245,4.31371400009084,33.26353199963705,1.8,4778.203125,11.0,1258.75
yolo11n.pt,2,horizontal_slow,245,2026-09-09,21:37:54.974,2026-09-09T21:37:54.974,8.17596734100016,1,0.7810419201850891,4.323943000144936,28.924508999807585,3.8,4778.203125,11.0,1258.75
yolo11n.pt,2,horizontal_slow,246,2026-09-09,21:37:55.006,2026-09-09T21:37:55.006,8.207971938000355,1,0.7622837424278259,4.2753639995680714,28.904710000006162,2.0,4778.203125,11.0,1258.75
yolo11n.pt,2,horizontal_slow,247,2026-09-09,21:37:55.041,2026-09-09T21:37:55.041,8.24375573100042,1,0.546520471572876,4.262323999682849,32.76002500024333,1.8,4778.203125,11.0,1258.75
yolo11n.pt,2,horizontal_slow,248,2026-09-09,21:37:55.073,2026-09-09T21:37:55.073,8.275698089000343,1,0.8508931994438171,4.27955400027713,28.883708999728697,2.0,4778.203125,11.0,1258.75
yolo11n.pt,2,horizontal_slow,249,2026-09-09,21:37:55.105,2026-09-09T21:37:55.105,8.307685106999998,0,0.0,4.085613999905036,28.601430999970034,3.9,4778.203125,11.0,1258.75
yolo11n.pt,2,horizontal_slow,250,2026-09-09,21:37:55.142,2026-09-09T21:37:55.142,8.343925418000254,1,0.6503716707229614,4.251773999840225,33.46212199994625,1.8,4778.203125,11.0,1258.75
yolo11n.pt,2,horizontal_slow,251,2026-09-09,21:37:55.174,2026-09-09T21:37:55.174,8.37586712600023,1,0.5878276228904724,4.2756330003612675,28.857180000159133,3.8,4778.203125,11.0,1258.75
yolo11n.pt,2,horizontal_slow,252,2026-09-09,21:37:55.205,2026-09-09T21:37:55.205,8.408003013000325,0,0.0,4.203764000067167,28.885759999866423,3.9,4778.203125,11.0,1258.75
yolo11n.pt,2,horizontal_slow,253,2026-09-09,21:37:55.241,2026-09-09T21:37:55.241,8.443721736000043,0,0.0,4.067664000103832,32.64125499981674,1.8,4778.203125,11.0,1258.75
yolo11n.pt,2,horizontal_slow,254,2026-09-09,21:37:55.274,2026-09-09T21:37:55.274,8.475722794000376,1,0.7396740317344666,4.535933000170189,29.46339700019962,2.0,4778.203125,11.0,1258.75
yolo11n.pt,2,horizontal_slow,255,2026-09-09,21:37:55.305,2026-09-09T21:37:55.305,8.507694420999997,0,0.0,4.055725000398525,28.339750999748503,2.0,4778.1953125,11.0,1258.75
yolo11n.pt,2,horizontal_slow,256,2026-09-09,21:37:55.341,2026-09-09T21:37:55.341,8.544010142000388,0,0.0,4.094013999747403,33.36497200007216,3.5,4778.1953125,11.0,1258.75
yolo11n.pt,2,horizontal_slow,257,2026-09-09,21:37:55.373,2026-09-09T21:37:55.373,8.575785700000324,0,0.0,4.129294999984268,28.802400000131456,2.0,4778.1953125,11.0,1258.75
yolo11n.pt,2,horizontal_slow,258,2026-09-09,21:37:55.406,2026-09-09T21:37:55.406,8.608387625999967,1,0.7088229060173035,4.271073000381875,29.74582599972564,5.6,4778.1953125,11.0,1258.75
yolo11n.pt,2,horizontal_slow,259,2026-09-09,21:37:55.441,2026-09-09T21:37:55.441,8.643711059999987,1,0.5580708384513855,4.272723999747541,32.2017160001451,3.5,4778.1953125,11.0,1258.75
yolo11n.pt,2,horizontal_slow,260,2026-09-09,21:37:55.473,2026-09-09T21:37:55.473,8.67578802800017,0,0.0,4.384293000384787,29.130208999958995,2.0,4778.1953125,11.0,1258.75
yolo11n.pt,2,horizontal_slow,261,2026-09-09,21:37:55.505,2026-09-09T21:37:55.505,8.707817765000073,1,0.6892343163490295,4.259263999756513,29.031849000148213,3.8,4778.1953125,11.0,1258.75
yolo11n.pt,2,horizontal_slow,262,2026-09-09,21:37:55.544,2026-09-09T21:37:55.544,8.74442656500014,1,0.7178329825401306,5.783107999832282,35.20856500017544,3.3,4776.9296875,11.0,1259.0
yolo11n.pt,2,horizontal_slow,263,2026-09-09,21:37:55.574,2026-09-09T21:37:55.574,8.775839135000297,1,0.530503511428833,4.279042999769445,26.883587000156695,4.2,4776.9296875,11.0,1259.0
yolo11n.pt,2,horizontal_slow,264,2026-09-09,21:37:55.605,2026-09-09T21:37:55.605,8.80783577200009,1,0.6808866858482361,4.272363999916706,29.201417999956902,2.0,4775.0,11.0,1259.0
yolo11n.pt,2,horizontal_slow,265,2026-09-09,21:37:55.641,2026-09-09T21:37:55.641,8.843713595000281,1,0.6792574524879456,4.269232999831729,32.883914000194636,3.5,4774.93359375,10.0,1259.0
yolo11n.pt,2,horizontal_slow,266,2026-09-09,21:37:55.673,2026-09-09T21:37:55.673,8.875758701999985,1,0.722652018070221,4.294114000003901,29.057648000161862,2.0,4774.93359375,10.0,1259.0
yolo11n.pt,2,horizontal_slow,267,2026-09-09,21:37:55.705,2026-09-09T21:37:55.705,8.907732560000113,1,0.4661845564842224,4.271913000138738,28.879439999855094,3.9,4774.6875,10.0,1259.0
yolo11n.pt,2,horizontal_slow,268,2026-09-09,21:37:55.741,2026-09-09T21:37:55.741,8.943776062000325,1,0.773595929145813,4.271483000138687,32.97987399992053,1.7,4774.6875,10.0,1259.0
yolo11n.pt,2,horizontal_slow,269,2026-09-09,21:37:55.773,2026-09-09T21:37:55.773,8.97578447900014,0,0.0,4.1145340001094155,28.785770000013144,2.0,4774.6875,10.0,1259.0
yolo11n.pt,2,horizontal_slow,270,2026-09-09,21:37:55.809,2026-09-09T21:37:55.809,9.011606332000156,1,0.8495876789093018,4.29297399978168,33.113772999968205,3.5,4774.6875,10.0,1259.0
yolo11n.pt,2,horizontal_slow,271,2026-09-09,21:37:55.841,2026-09-09T21:37:55.841,9.043558440000197,1,0.4156961739063263,4.244633000325848,28.941459000179748,3.9,4774.9296875,10.0,1259.0
yolo11n.pt,2,horizontal_slow,272,2026-09-09,21:37:55.873,2026-09-09T21:37:55.873,9.075681537000037,0,0.0,4.092873999979929,28.794009999728587,3.9,4774.9296875,10.0,1259.0
yolo11n.pt,2,horizontal_slow,273,2026-09-09,21:37:55.909,2026-09-09T21:37:55.909,9.111609969000256,1,0.7032613754272461,4.301264000332594,33.19691299975602,1.7,4774.9296875,10.0,1259.0
yolo11n.pt,2,horizontal_slow,274,2026-09-09,21:37:55.942,2026-09-09T21:37:55.942,9.143586497000342,1,0.7915651798248291,4.813650999949459,29.525546999593644,3.9,4774.31640625,10.0,1259.0
yolo11n.pt,2,horizontal_slow,275,2026-09-09,21:37:55.973,2026-09-09T21:37:55.973,9.17577488400002,1,0.6282613277435303,4.309334000026865,28.547610999794415,3.9,4774.31640625,10.0,1259.0
yolo11n.pt,2,horizontal_slow,276,2026-09-09,21:37:56.009,2026-09-09T21:37:56.009,9.211648836000222,1,0.5379050374031067,4.274293999969814,32.75954399987313,1.8,4774.31640625,10.0,1259.0
yolo11n.pt,2,horizontal_slow,277,2026-09-09,21:37:56.042,2026-09-09T21:37:56.042,9.243750233000355,1,0.5338417887687683,4.422973000146158,29.321687999981805,3.9,4774.31640625,10.0,1259.25
yolo11n.pt,2,horizontal_slow,278,2026-09-09,21:37:56.073,2026-09-09T21:37:56.073,9.275720421000187,1,0.8239688873291016,4.248654000093666,28.78886999997121,3.9,4774.31640625,10.0,1258.1875
yolo11n.pt,2,horizontal_slow,279,2026-09-09,21:37:56.109,2026-09-09T21:37:56.109,9.311693063000348,1,0.8242310285568237,4.288174000066647,33.038903000033315,3.4,4774.31640625,10.0,1258.1875
yolo11n.pt,2,horizontal_slow,280,2026-09-09,21:37:56.141,2026-09-09T21:37:56.141,9.343655421000221,1,0.5159250497817993,4.214993999994476,28.882759000225633,2.0,4774.31640625,11.0,1258.1875
yolo11n.pt,2,horizontal_slow,281,2026-09-09,21:37:56.173,2026-09-09T21:37:56.173,9.375760748000175,0,0.0,4.107834000024013,28.925019000325847,2.0,4774.31640625,11.0,1258.1875
yolo11n.pt,2,horizontal_slow,282,2026-09-09,21:37:56.209,2026-09-09T21:37:56.209,9.411683370999981,1,0.636927604675293,4.434771999967779,33.37945200019021,3.4,4774.31640625,11.0,1258.1875
yolo11n.pt,2,horizontal_slow,283,2026-09-09,21:37:56.242,2026-09-09T21:37:56.242,9.443750448000173,1,0.6577587723731995,4.5583619998978975,29.243038000004162,3.9,4774.31640625,11.0,1258.1875
yolo11n.pt,2,horizontal_slow,284,2026-09-09,21:37:56.274,2026-09-09T21:37:56.274,9.475743065000188,1,0.42230331897735596,4.459632999896712,28.744130000177393,2.0,4774.31640625,11.0,1258.1875
yolo11n.pt,2,horizontal_slow,285,2026-09-09,21:37:56.309,2026-09-09T21:37:56.309,9.511703838000358,1,0.6753883957862854,4.2727230002128636,32.71741500020653,5.2,4774.55859375,11.0,1258.1875
yolo11n.pt,2,horizontal_slow,286,2026-09-09,21:37:56.342,2026-09-09T21:37:56.342,9.543841504000284,1,0.815417468547821,4.411383999922691,29.337767000015447,3.9,4774.55859375,11.0,1258.1875
yolo11n.pt,2,horizontal_slow,287,2026-09-09,21:37:56.373,2026-09-09T21:37:56.373,9.57574402299997,0,0.0,4.119804999845655,28.513500999906682,2.0,4774.55859375,11.0,1258.1875
yolo11n.pt,2,horizontal_slow,288,2026-09-09,21:37:56.409,2026-09-09T21:37:56.409,9.611643325000387,1,0.5344293117523193,4.2727740001282655,33.17605300026116,1.7,4774.55859375,11.0,1258.1875
yolo11n.pt,2,horizontal_slow,289,2026-09-09,21:37:56.441,2026-09-09T21:37:56.441,9.643558943000244,1,0.6897265911102295,4.2598140003065055,28.900298999815277,2.0,4774.55859375,11.0,1258.1875
yolo11n.pt,2,horizontal_slow,290,2026-09-09,21:37:56.473,2026-09-09T21:37:56.473,9.67565865000006,1,0.3283918797969818,4.290063000098598,29.10630799988212,5.8,4774.55859375,11.0,1258.1875
yolo11n.pt,2,horizontal_slow,291,2026-09-09,21:37:56.509,2026-09-09T21:37:56.509,9.711693432000175,1,0.5316798090934753,4.433883000274363,33.05227400005606,1.8,4774.06640625,11.0,1258.1875
yolo11n.pt,2,horizontal_slow,292,2026-09-09,21:37:56.541,2026-09-09T21:37:56.541,9.743718300000182,0,0.0,4.15959500014651,28.597680000075343,5.7,4774.06640625,11.0,1258.1875
yolo11n.pt,2,horizontal_slow,293,2026-09-09,21:37:56.573,2026-09-09T21:37:56.573,9.775793577000059,0,0.0,4.070734000379161,29.009699000198452,2.0,4768.21875,11.0,1258.1875
yolo11n.pt,2,horizontal_slow,294,2026-09-09,21:37:56.609,2026-09-09T21:37:56.609,9.81162034900035,1,0.15705160796642303,4.233714000292821,33.01606400009405,1.8,4768.19921875,11.0,1258.1875
yolo11n.pt,2,horizontal_slow,295,2026-09-09,21:37:56.641,2026-09-09T21:37:56.641,9.843670977000329,1,0.7130709290504456,4.226243999710277,28.95893899994917,2.0,4768.19921875,10.0,1258.1875
yolo11n.pt,2,horizontal_slow,296,2026-09-09,21:37:56.673,2026-09-09T21:37:56.673,9.875647054000183,1,0.3570149838924408,4.272294000202237,29.02725800004191,3.9,4768.19921875,10.0,1258.1875
yolo11n.pt,2,horizontal_slow,297,2026-09-09,21:37:56.709,2026-09-09T21:37:56.709,9.911703486000079,0,0.0,4.05924500000765,32.76910499971564,3.4,4768.19921875,10.0,1258.1875
yolo11n.pt,2,horizontal_slow,298,2026-09-09,21:37:56.741,2026-09-09T21:37:56.741,9.943733694000002,1,0.238090381026268,4.273083000043698,29.37774799966064,2.0,4767.60546875,10.0,1258.1875
yolo11n.pt,2,horizontal_slow,299,2026-09-09,21:37:56.773,2026-09-09T21:37:56.773,9.975700001000405,1,0.5521072149276733,4.222664000280929,28.925328999775957,3.9,4767.60546875,10.0,1258.1875
yolo11n.pt,2,horizontal_slow,300,2026-09-09,21:37:56.809,2026-09-09T21:37:56.809,10.011725273000138,1,0.5415295958518982,4.273774000012054,33.08320400037701,1.8,4767.60546875,10.0,1258.1875
yolo11n.pt,3,horizontal_fast,1,2026-09-09,21:38:03.083,2026-09-09T21:38:03.083,0.032249667000087356,1,0.20738206803798676,5.253699999684613,38.07913400032703,2.2,4741.30078125,4.0,1259.875
yolo11n.pt,3,horizontal_fast,2,2026-09-09,21:38:03.114,2026-09-09T21:38:03.114,0.06382414600011543,1,0.37402430176734924,4.428072999871802,27.602544000274065,5.9,4741.14453125,4.0,1259.875
yolo11n.pt,3,horizontal_fast,3,2026-09-09,21:38:03.149,2026-09-09T21:38:03.149,0.09984736800015526,0,0.0,4.069653999977163,32.568615000400314,1.8,4741.38671875,3.0,1259.875
yolo11n.pt,3,horizontal_fast,4,2026-09-09,21:38:03.181,2026-09-09T21:38:03.181,0.1318383749999157,1,0.4356820285320282,4.258443999788142,29.34605800010104,3.8,4741.38671875,3.0,1259.875
yolo11n.pt,3,horizontal_fast,5,2026-09-09,21:38:03.213,2026-09-09T21:38:03.213,0.16374661300005755,0,0.0,4.036965000068449,28.61539100013033,2.0,4741.38671875,3.0,1259.875
yolo11n.pt,3,horizontal_fast,6,2026-09-09,21:38:03.249,2026-09-09T21:38:03.249,0.19978021499991883,1,0.3761252760887146,4.34190399982981,33.526852000250074,5.2,4743.51953125,3.0,1259.875
yolo11n.pt,3,horizontal_fast,7,2026-09-09,21:38:03.282,2026-09-09T21:38:03.282,0.23181656299993847,1,0.3409869074821472,4.388524000205507,29.005799000060506,7.7,4743.875,3.0,1263.25
yolo11n.pt,3,horizontal_fast,8,2026-09-09,21:38:03.313,2026-09-09T21:38:03.313,0.26380930999994234,0,0.0,4.107434000161447,28.592610000032437,3.9,4743.875,3.0,1263.25
yolo11n.pt,3,horizontal_fast,9,2026-09-09,21:38:03.349,2026-09-09T21:38:03.349,0.2997665230000166,1,0.6085902452468872,4.252353000083531,33.27128299997639,1.8,4743.875,3.0,1263.25
yolo11n.pt,3,horizontal_fast,10,2026-09-09,21:38:03.381,2026-09-09T21:38:03.381,0.33168641000020216,1,0.5908176898956299,4.2621040001904476,28.983180000068387,5.8,4743.875,3.0,1263.25
yolo11n.pt,3,horizontal_fast,11,2026-09-09,21:38:03.413,2026-09-09T21:38:03.413,0.3637552569998661,1,0.6504648327827454,4.260713999883592,29.063059000236535,2.0,4743.875,3.0,1263.25
yolo11n.pt,3,horizontal_fast,12,2026-09-09,21:38:03.449,2026-09-09T21:38:03.449,0.39984557900015716,1,0.5158697962760925,4.243544000019028,33.133514000383,1.8,4743.875,3.0,1263.25
yolo11n.pt,3,horizontal_fast,13,2026-09-09,21:38:03.481,2026-09-09T21:38:03.481,0.4316783580002266,0,0.0,4.023544000119728,28.532011000152124,2.0,4744.234375,3.0,1263.25
yolo11n.pt,3,horizontal_fast,14,2026-09-09,21:38:03.514,2026-09-09T21:38:03.514,0.4636982150000222,0,0.0,4.819311999654019,29.782026000248152,1.9,4744.9453125,3.0,1263.25
yolo11n.pt,3,horizontal_fast,15,2026-09-09,21:38:03.550,2026-09-09T21:38:03.550,0.5000224959999287,0,0.0,4.523423000136972,33.24424299989914,5.1,4744.97265625,3.0,1263.25
yolo11n.pt,3,horizontal_fast,16,2026-09-09,21:38:03.581,2026-09-09T21:38:03.581,0.5317797640000208,1,0.20343464612960815,4.2453139999452105,28.580371000316518,2.0,4744.97265625,3.0,1263.25
yolo11n.pt,3,horizontal_fast,17,2026-09-09,21:38:03.617,2026-09-09T21:38:03.617,0.5677414669999052,0,0.0,4.063573999701475,32.622395000089455,1.8,4744.19921875,9.0,1263.25
yolo11n.pt,3,horizontal_fast,18,2026-09-09,21:38:03.649,2026-09-09T21:38:03.649,0.5997499939999216,1,0.15841922163963318,4.226774000017031,29.198017999988224,3.9,4743.953125,9.0,1263.25
yolo11n.pt,3,horizontal_fast,19,2026-09-09,21:38:03.681,2026-09-09T21:38:03.681,0.6318908910002392,1,0.6503632068634033,4.205323999940447,29.157828999814228,1.9,4743.953125,9.0,1263.25
yolo11n.pt,3,horizontal_fast,20,2026-09-09,21:38:03.717,2026-09-09T21:38:03.717,0.6678654430002098,1,0.4983668327331543,4.24293400010356,33.03678400015997,1.8,4743.953125,9.0,1263.25
yolo11n.pt,3,horizontal_fast,21,2026-09-09,21:38:03.750,2026-09-09T21:38:03.750,0.6998813810000684,1,0.7939030528068542,4.293792999760626,29.13125900022351,4.0,4743.953125,9.0,1263.25
yolo11n.pt,3,horizontal_fast,22,2026-09-09,21:38:03.781,2026-09-09T21:38:03.781,0.7317354689998865,1,0.8121864199638367,4.2587429998093285,28.807839999899443,2.0,4743.953125,9.0,1263.25
yolo11n.pt,3,horizontal_fast,23,2026-09-09,21:38:03.817,2026-09-09T21:38:03.817,0.7677600410002015,1,0.5894066691398621,4.259344000274723,33.04390300036175,3.4,4743.953125,9.0,1263.25
yolo11n.pt,3,horizontal_fast,24,2026-09-09,21:38:03.849,2026-09-09T21:38:03.849,0.7998144879998108,0,0.0,4.068085000199062,28.693731000203115,3.9,4744.0234375,9.0,1263.25
yolo11n.pt,3,horizontal_fast,25,2026-09-09,21:38:03.881,2026-09-09T21:38:03.881,0.8317584760002319,1,0.7993712425231934,4.254874000253039,29.24301800021567,3.9,4744.0234375,9.0,1263.25
yolo11n.pt,3,horizontal_fast,26,2026-09-09,21:38:03.917,2026-09-09T21:38:03.917,0.8677778480000597,1,0.339011013507843,4.242453999722784,32.91218399999707,1.8,4744.0234375,9.0,1263.25
yolo11n.pt,3,horizontal_fast,27,2026-09-09,21:38:03.949,2026-09-09T21:38:03.949,0.8997083760000351,1,0.6502141356468201,4.237113000272075,28.834429000198725,5.8,4744.0234375,9.0,1263.25
yolo11n.pt,3,horizontal_fast,28,2026-09-09,21:38:03.981,2026-09-09T21:38:03.981,0.9317812730000696,1,0.7978308796882629,4.258414000105404,28.989669000111462,2.0,4744.0234375,9.0,1263.25
yolo11n.pt,3,horizontal_fast,29,2026-09-09,21:38:04.017,2026-09-09T21:38:04.017,0.9677654450001683,1,0.29706671833992004,4.2608139997355465,32.903014999646985,1.8,4744.0234375,9.0,1263.25
yolo11n.pt,3,horizontal_fast,30,2026-09-09,21:38:04.049,2026-09-09T21:38:04.049,0.999820593000095,1,0.4465745985507965,4.250382999998692,28.98056899994117,3.8,4744.0234375,9.0,1263.25
yolo11n.pt,3,horizontal_fast,31,2026-09-09,21:38:04.081,2026-09-09T21:38:04.081,1.0318123600000035,1,0.8485056161880493,4.210754000268935,28.969759000119666,3.8,4744.265625,9.0,1261.6875
yolo11n.pt,3,horizontal_fast,32,2026-09-09,21:38:04.117,2026-09-09T21:38:04.117,1.0678396319999592,1,0.6309556365013123,4.240983999807213,33.089392999954725,1.8,4744.265625,10.0,1261.6875
yolo11n.pt,3,horizontal_fast,33,2026-09-09,21:38:04.150,2026-09-09T21:38:04.150,1.1006056770002033,0,0.0,4.395732999910251,29.927676000170322,7.8,4744.25390625,10.0,1261.9375
yolo11n.pt,3,horizontal_fast,34,2026-09-09,21:38:04.181,2026-09-09T21:38:04.181,1.1317614180002238,0,0.0,4.166664999956993,27.793482999641128,4.0,4744.25390625,10.0,1261.9375
yolo11n.pt,3,horizontal_fast,35,2026-09-09,21:38:04.217,2026-09-09T21:38:04.217,1.167675969999891,1,0.8918101787567139,4.277933999674133,33.14305300000342,1.8,4744.25390625,10.0,1261.9375
yolo11n.pt,3,horizontal_fast,36,2026-09-09,21:38:04.249,2026-09-09T21:38:04.249,1.1998880569999528,1,0.7792080044746399,4.228093000165245,29.061878999982582,2.0,4744.25390625,10.0,1261.9375
yolo11n.pt,3,horizontal_fast,37,2026-09-09,21:38:04.282,2026-09-09T21:38:04.282,1.2318873640001584,1,0.858836829662323,4.29764399996202,28.999439000017446,3.9,4744.25390625,10.0,1261.9375
yolo11n.pt,3,horizontal_fast,38,2026-09-09,21:38:04.317,2026-09-09T21:38:04.317,1.2678250769999977,1,0.4217720925807953,4.260722999788413,32.90519400025005,1.8,4744.24609375,10.0,1261.9375
yolo11n.pt,3,horizontal_fast,39,2026-09-09,21:38:04.349,2026-09-09T21:38:04.349,1.2998009540001476,1,0.7701634764671326,4.292493999855651,29.06055900029969,3.9,4744.24609375,10.0,1261.9375
yolo11n.pt,3,horizontal_fast,40,2026-09-09,21:38:04.381,2026-09-09T21:38:04.381,1.331751671999882,1,0.8107978701591492,4.245493999860628,28.859718999683537,3.9,4744.24609375,10.0,1261.9375
yolo11n.pt,3,horizontal_fast,41,2026-09-09,21:38:04.417,2026-09-09T21:38:04.417,1.367768814000101,1,0.7471402287483215,4.203164000045945,32.864043999779824,1.7,4744.24609375,10.0,1261.9375
yolo11n.pt,3,horizontal_fast,42,2026-09-09,21:38:04.448,2026-09-09T21:38:04.448,1.398774995000167,1,0.46325168013572693,4.251234000093973,27.994792999834317,2.0,4744.24609375,10.0,1261.9375
yolo11n.pt,3,horizontal_fast,43,2026-09-09,21:38:04.481,2026-09-09T21:38:04.481,1.4317539090002356,1,0.774627685546875,4.217744000015955,29.94412599991847,1.9,4744.24609375,10.0,1261.9375
yolo11n.pt,3,horizontal_fast,44,2026-09-09,21:38:04.517,2026-09-09T21:38:04.517,1.4675776720000613,1,0.8039864897727966,4.262763999577146,32.750094000221,3.5,4744.24609375,10.0,1261.9375
yolo11n.pt,3,horizontal_fast,45,2026-09-09,21:38:04.549,2026-09-09T21:38:04.549,1.4996874990001743,1,0.7648475766181946,4.278603999864572,29.10316799989232,3.8,4744.24609375,10.0,1261.9375
yolo11n.pt,3,horizontal_fast,46,2026-09-09,21:38:04.581,2026-09-09T21:38:04.581,1.5317246069998873,1,0.7834153771400452,4.265683999619796,29.06763900000442,2.0,4743.4140625,10.0,1261.9375
yolo11n.pt,3,horizontal_fast,47,2026-09-09,21:38:04.617,2026-09-09T21:38:04.617,1.5677600290000555,1,0.8186519742012024,4.195074000108434,33.01124399968103,1.8,4743.4140625,11.0,1261.9375
yolo11n.pt,3,horizontal_fast,48,2026-09-09,21:38:04.649,2026-09-09T21:38:04.649,1.5998773159999473,1,0.8320924043655396,4.2715540002973285,29.043488999832334,3.8,4743.4140625,11.0,1261.9375
yolo11n.pt,3,horizontal_fast,49,2026-09-09,21:38:04.682,2026-09-09T21:38:04.682,1.631931472999895,1,0.5341078042984009,4.2600330002642295,28.964739000002737,2.0,4743.4140625,11.0,1261.9375
yolo11n.pt,3,horizontal_fast,50,2026-09-09,21:38:04.717,2026-09-09T21:38:04.717,1.6678216949999296,1,0.6989049315452576,4.262213999936648,32.791565000025,3.5,4743.4140625,11.0,1261.9375
yolo11n.pt,3,horizontal_fast,51,2026-09-09,21:38:04.749,2026-09-09T21:38:04.749,1.6999804520000907,1,0.6537160873413086,4.167713999777334,28.988088999994943,3.9,4743.4140625,11.0,1261.9375
yolo11n.pt,3,horizontal_fast,52,2026-09-09,21:38:04.785,2026-09-09T21:38:04.785,1.735902575000182,1,0.7766702771186829,4.233424000176456,32.86221400003342,3.4,4743.16796875,11.0,1261.9375
yolo11n.pt,3,horizontal_fast,53,2026-09-09,21:38:04.817,2026-09-09T21:38:04.817,1.767706293000174,1,0.867315948009491,4.244423999807623,28.73461999979554,4.0,4743.16796875,11.0,1261.9375
yolo11n.pt,3,horizontal_fast,54,2026-09-09,21:38:04.849,2026-09-09T21:38:04.849,1.7998367099999086,1,0.6438779234886169,4.230164000091463,29.146297999886883,3.8,4743.40234375,11.0,1261.9375
yolo11n.pt,3,horizontal_fast,55,2026-09-09,21:38:04.885,2026-09-09T21:38:04.885,1.8358485720000317,0,0.0,4.035604999899078,32.74662499961778,1.8,4743.40234375,11.0,1261.9375
yolo11n.pt,3,horizontal_fast,56,2026-09-09,21:38:04.917,2026-09-09T21:38:04.917,1.8678675699998166,1,0.8021147847175598,4.206583000268438,29.312908000065363,3.8,4743.40234375,11.0,1261.9375
yolo11n.pt,3,horizontal_fast,57,2026-09-09,21:38:04.949,2026-09-09T21:38:04.949,1.8998669269999482,1,0.4199022948741913,4.23873400040975,29.08960800004934,3.9,4743.40234375,11.0,1261.9375
yolo11n.pt,3,horizontal_fast,58,2026-09-09,21:38:04.985,2026-09-09T21:38:04.985,1.93582472900016,1,0.771600067615509,4.243943999881594,32.929103999777,1.8,4743.40234375,11.0,1261.9375
yolo11n.pt,3,horizontal_fast,59,2026-09-09,21:38:05.017,2026-09-09T21:38:05.017,1.9677473770002507,0,0.0,4.0690650002943585,28.564200999880995,2.0,4743.40234375,11.0,1261.9375
yolo11n.pt,3,horizontal_fast,60,2026-09-09,21:38:05.049,2026-09-09T21:38:05.049,1.999909063999894,0,0.0,4.032874999666092,28.991238999878988,3.9,4743.40234375,11.0,1261.9375
yolo11n.pt,3,horizontal_fast,61,2026-09-09,21:38:05.085,2026-09-09T21:38:05.085,2.035788867000065,1,0.19173230230808258,4.236273000060464,33.1958830001895,1.7,4743.40234375,11.0,1259.4375
yolo11n.pt,3,horizontal_fast,62,2026-09-09,21:38:05.117,2026-09-09T21:38:05.117,2.0678310640000745,1,0.22321297228336334,4.248044000178197,29.047628000171244,2.0,4743.40234375,10.0,1259.4375
yolo11n.pt,3,horizontal_fast,63,2026-09-09,21:38:05.149,2026-09-09T21:38:05.149,2.0998579410002094,1,0.456790953874588,4.229724000197166,28.944200000296405,5.8,4743.40234375,10.0,1259.4375
yolo11n.pt,3,horizontal_fast,64,2026-09-09,21:38:05.181,2026-09-09T21:38:05.181,2.1317082300001857,1,0.456790953874588,4.287413999918499,28.807899999719666,2.0,4743.40234375,10.0,1259.4375
yolo11n.pt,3,horizontal_fast,65,2026-09-09,21:38:05.217,2026-09-09T21:38:05.217,2.167842420999932,1,0.4294198155403137,4.239293999944493,33.33219199976156,1.7,4743.40234375,10.0,1259.4375
yolo11n.pt,3,horizontal_fast,66,2026-09-09,21:38:05.249,2026-09-09T21:38:05.249,2.1998153690001345,1,0.6672429442405701,4.268843999852834,28.985538999677374,2.0,4743.40234375,10.0,1259.4375
yolo11n.pt,3,horizontal_fast,67,2026-09-09,21:38:05.285,2026-09-09T21:38:05.285,2.2357249010001397,1,0.2887468934059143,4.271593999874312,32.93848399971466,3.4,4743.40234375,10.0,1259.4375
yolo11n.pt,3,horizontal_fast,68,2026-09-09,21:38:05.317,2026-09-09T21:38:05.317,2.2677067089998673,0,0.0,4.056763999869872,28.662530000019615,3.9,4743.40234375,10.0,1259.4375
yolo11n.pt,3,horizontal_fast,69,2026-09-09,21:38:05.349,2026-09-09T21:38:05.349,2.29981604600016,1,0.4075910151004791,4.227804000038304,29.38446699999986,2.0,4743.40234375,10.0,1259.4375
yolo11n.pt,3,horizontal_fast,70,2026-09-09,21:38:05.385,2026-09-09T21:38:05.385,2.3358746180001617,1,0.5343365669250488,4.222273999857862,33.064643000216165,3.4,4743.40234375,10.0,1259.4375
yolo11n.pt,3,horizontal_fast,71,2026-09-09,21:38:05.417,2026-09-09T21:38:05.417,2.3678182160001597,1,0.32703539729118347,4.218533999846841,28.957759000149963,2.0,4743.40234375,10.0,1259.4375
yolo11n.pt,3,horizontal_fast,72,2026-09-09,21:38:05.449,2026-09-09T21:38:05.449,2.399863312999969,1,0.40741005539894104,4.239164000409801,29.108428000199638,2.0,4743.40234375,10.0,1259.4375
yolo11n.pt,3,horizontal_fast,73,2026-09-09,21:38:05.485,2026-09-09T21:38:05.485,2.4357801659998586,0,0.0,4.06999500000893,32.62535499970909,3.4,4743.40234375,10.0,1259.4375
yolo11n.pt,3,horizontal_fast,74,2026-09-09,21:38:05.517,2026-09-09T21:38:05.517,2.4679491319998306,1,0.7558098435401917,4.198433999590634,29.443446999721345,2.0,4742.5625,10.0,1259.4375
yolo11n.pt,3,horizontal_fast,75,2026-09-09,21:38:05.549,2026-09-09T21:38:05.549,2.4998012710002513,1,0.7926530241966248,4.245743999945262,28.905850000228384,2.0,4742.5625,10.0,1259.4375
yolo11n.pt,3,horizontal_fast,76,2026-09-09,21:38:05.585,2026-09-09T21:38:05.585,2.535915601999932,1,0.8787314891815186,4.2233139997733815,33.096714000294014,1.7,4743.046875,10.0,1259.4375
yolo11n.pt,3,horizontal_fast,77,2026-09-09,21:38:05.617,2026-09-09T21:38:05.617,2.567915919999905,1,0.5054898262023926,4.216794000058144,29.00855899997623,3.9,4743.046875,10.0,1259.4375
yolo11n.pt,3,horizontal_fast,78,2026-09-09,21:38:05.649,2026-09-09T21:38:05.649,2.5997440979999737,0,0.0,4.067624000072101,28.589410000222415,3.9,4742.69140625,10.0,1259.4375
yolo11n.pt,3,horizontal_fast,79,2026-09-09,21:38:05.685,2026-09-09T21:38:05.685,2.635842159999811,1,0.8670358061790466,4.25419300017893,33.43028199969922,1.8,4742.69140625,10.0,1259.4375
yolo11n.pt,3,horizontal_fast,80,2026-09-09,21:38:05.717,2026-09-09T21:38:05.717,2.6677602780000598,1,0.8329682350158691,4.249553000136075,28.888560000268626,2.0,4742.69140625,10.0,1259.4375
yolo11n.pt,3,horizontal_fast,81,2026-09-09,21:38:05.749,2026-09-09T21:38:05.749,2.699806394999996,1,0.47112274169921875,4.239633999986836,28.92972900008317,3.9,4742.69140625,10.0,1259.4375
yolo11n.pt,3,horizontal_fast,82,2026-09-09,21:38:05.785,2026-09-09T21:38:05.785,2.7357247969998753,0,0.0,4.069494999839662,32.56074599994463,1.8,4742.69140625,10.0,1259.4375
yolo11n.pt,3,horizontal_fast,83,2026-09-09,21:38:05.817,2026-09-09T21:38:05.817,2.767728215000261,0,0.0,4.0512640002816624,28.992729000037798,3.8,4742.4453125,10.0,1259.4375
yolo11n.pt,3,horizontal_fast,84,2026-09-09,21:38:05.849,2026-09-09T21:38:05.849,2.7997534720002477,1,0.8400462865829468,4.226774000017031,29.274806999637804,2.0,4742.4453125,10.0,1259.4375
yolo11n.pt,3,horizontal_fast,85,2026-09-09,21:38:05.885,2026-09-09T21:38:05.885,2.8355840849999367,1,0.762639582157135,4.221073999815417,32.73689400020885,3.4,4742.42578125,10.0,1259.4375
yolo11n.pt,3,horizontal_fast,86,2026-09-09,21:38:05.917,2026-09-09T21:38:05.917,2.8677664820002065,1,0.5172008275985718,4.26956399996925,29.211118999683094,3.8,4742.42578125,10.0,1259.4375
yolo11n.pt,3,horizontal_fast,87,2026-09-09,21:38:05.949,2026-09-09T21:38:05.949,2.8997585890001574,1,0.8119574785232544,4.233124000165844,28.922629000135203,2.0,4742.42578125,10.0,1259.4375
yolo11n.pt,3,horizontal_fast,88,2026-09-09,21:38:05.985,2026-09-09T21:38:05.985,2.935866191000059,1,0.6080000996589661,4.232574000070599,33.17145300025004,3.4,4742.42578125,10.0,1259.4375
yolo11n.pt,3,horizontal_fast,89,2026-09-09,21:38:06.017,2026-09-09T21:38:06.017,2.9679509279999365,1,0.8618815541267395,4.155613999955676,28.868509999938397,2.0,4742.42578125,10.0,1259.4375
yolo11n.pt,3,horizontal_fast,90,2026-09-09,21:38:06.053,2026-09-09T21:38:06.053,3.0036473019999903,1,0.8215349316596985,4.240902999754326,32.78818500029956,1.8,4738.859375,10.0,1259.4375
yolo11n.pt,3,horizontal_fast,91,2026-09-09,21:38:06.086,2026-09-09T21:38:06.086,3.0359286480002083,1,0.4732171595096588,4.235234000134369,29.3892979998418,3.8,4738.7890625,10.0,1258.25
yolo11n.pt,3,horizontal_fast,92,2026-09-09,21:38:06.117,2026-09-09T21:38:06.117,3.0679315960001077,1,0.64894038438797,4.228003999742214,28.69929000007687,3.9,4738.7890625,10.0,1258.25
yolo11n.pt,3,horizontal_fast,93,2026-09-09,21:38:06.154,2026-09-09T21:38:06.154,3.1040100069999426,1,0.7035794854164124,4.565932999867073,33.447291999891604,5.2,4739.0234375,10.0,1259.0625
yolo11n.pt,3,horizontal_fast,94,2026-09-09,21:38:06.185,2026-09-09T21:38:06.185,3.1358960560000924,0,0.0,4.098125000382424,28.060082999672886,3.9,4739.00390625,10.0,1259.0625
yolo11n.pt,3,horizontal_fast,95,2026-09-09,21:38:06.218,2026-09-09T21:38:06.218,3.167987592999907,1,0.7493671178817749,4.200524000225414,29.27922800017768,2.0,4739.00390625,10.0,1259.0625
yolo11n.pt,3,horizontal_fast,96,2026-09-09,21:38:06.254,2026-09-09T21:38:06.254,3.2039761450000697,1,0.8898178339004517,4.201874000045791,32.97415399993042,1.8,4739.00390625,10.0,1259.0625
yolo11n.pt,3,horizontal_fast,97,2026-09-09,21:38:06.285,2026-09-09T21:38:06.285,3.236160662000202,0,0.0,4.041015000439074,28.869758999917394,3.9,4739.0,10.0,1259.0625
yolo11n.pt,3,horizontal_fast,98,2026-09-09,21:38:06.318,2026-09-09T21:38:06.318,3.2681330890000027,1,0.7973635792732239,4.223794000154157,29.218438000043534,2.0,4739.0,10.0,1259.0625
yolo11n.pt,3,horizontal_fast,99,2026-09-09,21:38:06.353,2026-09-09T21:38:06.353,3.3038857820001795,1,0.7280666828155518,4.239913999754208,32.80959499988967,3.4,4739.0,10.0,1259.0625
yolo11n.pt,3,horizontal_fast,100,2026-09-09,21:38:06.386,2026-09-09T21:38:06.386,3.3357046510000146,1,0.7453871369361877,4.629333000139013,29.218678000233922,3.9,4739.0,10.0,1259.0625
yolo11n.pt,3,horizontal_fast,101,2026-09-09,21:38:06.417,2026-09-09T21:38:06.417,3.3679667070000505,1,0.20212356746196747,4.172894000021188,28.813099999752012,2.0,4739.0,10.0,1259.0625
yolo11n.pt,3,horizontal_fast,102,2026-09-09,21:38:06.454,2026-09-09T21:38:06.454,3.4038264199998594,1,0.7336280345916748,4.378282999823568,33.08409400005985,1.7,4739.0,10.0,1259.0625
yolo11n.pt,3,horizontal_fast,103,2026-09-09,21:38:06.486,2026-09-09T21:38:06.486,3.436000057000001,1,0.29069584608078003,4.161154000030365,28.964328999791178,3.9,4739.0,10.0,1259.0625
yolo11n.pt,3,horizontal_fast,104,2026-09-09,21:38:06.517,2026-09-09T21:38:06.517,3.4677769350000744,1,0.1761428713798523,4.2519839998931275,28.7081000001308,3.9,4739.0,10.0,1259.0625
yolo11n.pt,3,horizontal_fast,105,2026-09-09,21:38:06.553,2026-09-09T21:38:06.553,3.503746627000055,1,0.36676734685897827,4.285924000214436,32.98016400003689,1.8,4738.93359375,10.0,1259.0625
yolo11n.pt,3,horizontal_fast,106,2026-09-09,21:38:06.585,2026-09-09T21:38:06.585,3.5358521439998185,0,0.0,4.057614999965153,28.77766999972664,2.0,4738.93359375,10.0,1259.0625
yolo11n.pt,3,horizontal_fast,107,2026-09-09,21:38:06.617,2026-09-09T21:38:06.617,3.567885882000155,1,0.2208571583032608,4.18892399966353,29.166208000333427,3.8,4738.93359375,10.0,1259.0625
yolo11n.pt,3,horizontal_fast,108,2026-09-09,21:38:06.653,2026-09-09T21:38:06.653,3.603841164000187,0,0.0,4.141333999996277,32.706805000088934,1.8,4738.6875,10.0,1259.0625
yolo11n.pt,3,horizontal_fast,109,2026-09-09,21:38:06.686,2026-09-09T21:38:06.686,3.6356322520000504,1,0.7242850065231323,4.690511999797309,29.363417999775265,2.0,4738.6875,10.0,1259.0625
yolo11n.pt,3,horizontal_fast,110,2026-09-09,21:38:06.717,2026-09-09T21:38:06.717,3.667712500000107,0,0.0,4.196614000193222,28.435480999633,4.0,4738.6875,10.0,1259.0625
yolo11n.pt,3,horizontal_fast,111,2026-09-09,21:38:06.753,2026-09-09T21:38:06.753,3.7039838609998696,0,0.0,4.032394000205386,33.217823000086355,3.4,4738.68359375,10.0,1259.0625
yolo11n.pt,3,horizontal_fast,112,2026-09-09,21:38:06.785,2026-09-09T21:38:06.785,3.7358949479998955,1,0.32278820872306824,4.233383999689977,29.244507999919733,3.8,4738.6875,10.0,1259.0625
yolo11n.pt,3,horizontal_fast,113,2026-09-09,21:38:06.818,2026-09-09T21:38:06.818,3.7679120359998706,1,0.3371325731277466,4.272233000392589,29.100107999965985,2.0,4738.6875,10.0,1259.0625
yolo11n.pt,3,horizontal_fast,114,2026-09-09,21:38:06.853,2026-09-09T21:38:06.853,3.803685258999849,1,0.2704220712184906,4.241584000283183,32.83140399980766,3.5,4738.68359375,10.0,1259.0625
yolo11n.pt,3,horizontal_fast,115,2026-09-09,21:38:06.885,2026-09-09T21:38:06.885,3.835872806000225,1,0.3752392828464508,4.2336740002610895,28.985809000005247,2.0,4738.68359375,10.0,1259.0625
yolo11n.pt,3,horizontal_fast,116,2026-09-09,21:38:06.917,2026-09-09T21:38:06.917,3.8672790149998946,0,0.0,4.1674749995763705,28.264362000300025,2.0,4738.68359375,10.0,1259.0625
yolo11n.pt,3,horizontal_fast,117,2026-09-09,21:38:06.953,2026-09-09T21:38:06.953,3.9036709259999043,0,0.0,4.0887840000323195,33.32547199988767,5.1,4738.68359375,10.0,1259.0625
yolo11n.pt,3,horizontal_fast,118,2026-09-09,21:38:06.986,2026-09-09T21:38:06.986,3.935886752999977,1,0.6384294629096985,4.490352999710012,29.731056000400713,2.0,4738.68359375,10.0,1259.0625
yolo11n.pt,3,horizontal_fast,119,2026-09-09,21:38:07.013,2026-09-09T21:38:07.013,3.963686076000158,1,0.6384294629096985,4.289804000109143,24.654135999753635,2.3,4738.68359375,10.0,1259.0625
yolo11n.pt,3,horizontal_fast,120,2026-09-09,21:38:07.054,2026-09-09T21:38:07.054,4.0042180509999525,1,0.7120546698570251,4.21615400000519,37.6992260003135,3.0,4738.68359375,10.0,1259.0625
yolo11n.pt,3,horizontal_fast,121,2026-09-09,21:38:07.085,2026-09-09T21:38:07.085,4.03589133000014,0,0.0,4.110814000341634,28.497401000095124,2.0,4738.68359375,10.0,1259.0625
yolo11n.pt,3,horizontal_fast,122,2026-09-09,21:38:07.118,2026-09-09T21:38:07.118,4.067915567999989,1,0.7368407845497131,4.31660300000658,29.335146999983408,2.0,4738.6796875,9.0,1259.0625
yolo11n.pt,3,horizontal_fast,123,2026-09-09,21:38:07.154,2026-09-09T21:38:07.154,4.103883620000033,1,0.8867762684822083,4.674891999911779,33.28618200021083,5.1,4738.92578125,9.0,1258.4375
yolo11n.pt,3,horizontal_fast,124,2026-09-09,21:38:07.185,2026-09-09T21:38:07.185,4.135840867999832,1,0.40955352783203125,4.318133999731799,28.50747100001172,2.0,4738.92578125,9.0,1258.4375
yolo11n.pt,3,horizontal_fast,125,2026-09-09,21:38:07.218,2026-09-09T21:38:07.218,4.167759015000229,1,0.8160848617553711,4.731212000024243,29.373717999988003,3.8,4738.92578125,9.0,1258.4375
yolo11n.pt,3,horizontal_fast,126,2026-09-09,21:38:07.253,2026-09-09T21:38:07.253,4.203623817999869,0,0.0,4.125993999878119,32.19486699981644,1.8,4738.92578125,9.0,1258.4375
yolo11n.pt,3,horizontal_fast,127,2026-09-09,21:38:07.286,2026-09-09T21:38:07.286,4.236158814000191,1,0.8216730952262878,4.231204000006983,29.75760600020294,3.8,4738.92578125,9.0,1258.4375
yolo11n.pt,3,horizontal_fast,128,2026-09-09,21:38:07.317,2026-09-09T21:38:07.317,4.26781542200024,1,0.3966559171676636,4.242684000018926,28.702671000246482,2.0,4738.92578125,9.0,1258.4375
yolo11n.pt,3,horizontal_fast,129,2026-09-09,21:38:07.353,2026-09-09T21:38:07.353,4.303861824000251,1,0.8674432039260864,4.217564000100538,33.06135399998311,3.5,4738.92578125,9.0,1258.4375
yolo11n.pt,3,horizontal_fast,130,2026-09-09,21:38:07.385,2026-09-09T21:38:07.385,4.335792282000057,1,0.8036037087440491,4.238244000134728,28.97193899980266,2.0,4738.92578125,9.0,1258.4375
yolo11n.pt,3,horizontal_fast,131,2026-09-09,21:38:07.421,2026-09-09T21:38:07.421,4.371955063999849,1,0.623208224773407,4.172955000285583,33.152602999962255,3.4,4738.92578125,9.0,1258.4375
yolo11n.pt,3,horizontal_fast,132,2026-09-09,21:38:07.454,2026-09-09T21:38:07.454,4.403988551000111,1,0.49938082695007324,4.509562999828631,29.387377000148263,2.0,4738.92578125,9.0,1258.4375
yolo11n.pt,3,horizontal_fast,133,2026-09-09,21:38:07.485,2026-09-09T21:38:07.485,4.435900839000169,1,0.4862174093723297,4.206304000035743,28.4869609999987,2.0,4738.92578125,9.0,1258.4375
yolo11n.pt,3,horizontal_fast,134,2026-09-09,21:38:07.522,2026-09-09T21:38:07.522,4.472126279999884,1,0.7787617444992065,4.210393999983353,33.165934000408015,3.4,4739.16796875,9.0,1258.4375
yolo11n.pt,3,horizontal_fast,135,2026-09-09,21:38:07.553,2026-09-09T21:38:07.553,4.503961878000155,1,0.8424763679504395,4.160374000093725,28.856760000053328,2.0,4739.16796875,9.0,1258.4375
yolo11n.pt,3,horizontal_fast,136,2026-09-09,21:38:07.585,2026-09-09T21:38:07.585,4.5360704049999185,0,0.0,4.0831349997461075,28.919169999880978,2.0,4739.30078125,9.0,1258.4375
yolo11n.pt,3,horizontal_fast,137,2026-09-09,21:38:07.621,2026-09-09T21:38:07.621,4.571814369000094,1,0.7355793118476868,4.248372999882122,33.082833999742434,3.4,4739.0546875,10.0,1258.4375
yolo11n.pt,3,horizontal_fast,138,2026-09-09,21:38:07.653,2026-09-09T21:38:07.653,4.603780815999926,1,0.8656163215637207,4.268064000370941,28.98625899979379,3.9,4739.0546875,10.0,1258.4375
yolo11n.pt,3,horizontal_fast,139,2026-09-09,21:38:07.685,2026-09-09T21:38:07.685,4.635945923000236,1,0.8526296615600586,4.19969399990805,29.060047999792005,2.0,4739.0546875,10.0,1258.4375
yolo11n.pt,3,horizontal_fast,140,2026-09-09,21:38:07.721,2026-09-09T21:38:07.721,4.671979915000065,1,0.6937350630760193,4.185524000149599,33.00084400007108,3.4,4739.0546875,10.0,1258.4375
yolo11n.pt,3,horizontal_fast,141,2026-09-09,21:38:07.754,2026-09-09T21:38:07.754,4.704001181999956,1,0.8252047300338745,4.613123000126507,29.51537700027984,2.0,4739.0546875,10.0,1258.4375
yolo11n.pt,3,horizontal_fast,142,2026-09-09,21:38:07.785,2026-09-09T21:38:07.785,4.735689440999977,1,0.6062273383140564,4.2614539997885,28.308141000252363,4.0,4739.0546875,10.0,1258.4375
yolo11n.pt,3,horizontal_fast,143,2026-09-09,21:38:07.822,2026-09-09T21:38:07.822,4.772233211000184,1,0.7463496923446655,4.279163999854063,33.51766100013265,1.8,4739.0546875,10.0,1258.4375
yolo11n.pt,3,horizontal_fast,144,2026-09-09,21:38:07.853,2026-09-09T21:38:07.853,4.803803020000032,0,0.0,4.081104999841045,28.177401999982976,2.0,4739.0546875,10.0,1258.4375
yolo11n.pt,3,horizontal_fast,145,2026-09-09,21:38:07.885,2026-09-09T21:38:07.885,4.8359574569999495,1,0.8183020353317261,4.15145399983885,29.419277000215516,5.6,4739.0546875,10.0,1258.4375
yolo11n.pt,3,horizontal_fast,146,2026-09-09,21:38:07.921,2026-09-09T21:38:07.921,4.871904539999832,1,0.7810262441635132,4.20738299999357,33.013592999850516,1.8,4739.0546875,10.0,1258.4375
yolo11n.pt,3,horizontal_fast,147,2026-09-09,21:38:07.953,2026-09-09T21:38:07.953,4.90379553799994,1,0.851095974445343,4.247592999945482,28.97294900003544,2.0,4739.0546875,10.0,1258.4375
yolo11n.pt,3,horizontal_fast,148,2026-09-09,21:38:07.985,2026-09-09T21:38:07.985,4.935839854999813,1,0.8287276029586792,4.233854000176507,29.063578999739548,3.8,4739.0546875,10.0,1258.4375
yolo11n.pt,3,horizontal_fast,149,2026-09-09,21:38:08.021,2026-09-09T21:38:08.021,4.971762886999841,1,0.3840057849884033,4.256793999957154,32.9818840000371,1.8,4739.0546875,10.0,1258.4375
yolo11n.pt,3,horizontal_fast,150,2026-09-09,21:38:08.053,2026-09-09T21:38:08.053,5.003766755000015,1,0.7022035121917725,4.274623000128486,29.08611800012295,5.7,4739.0546875,10.0,1258.4375
yolo11n.pt,3,horizontal_fast,151,2026-09-09,21:38:08.085,2026-09-09T21:38:08.085,5.0356992629999695,1,0.811587929725647,4.272813000170572,28.983699000036722,2.0,4739.0546875,10.0,1258.4375
yolo11n.pt,3,horizontal_fast,152,2026-09-09,21:38:08.121,2026-09-09T21:38:08.121,5.071687144999942,0,0.0,4.0575640000497515,32.700185000066995,1.8,4739.0546875,10.0,1258.4375
yolo11n.pt,3,horizontal_fast,153,2026-09-09,21:38:08.149,2026-09-09T21:38:08.149,5.099676618000103,0,0.0,4.0499440001440234,25.057993999780592,2.2,4739.0546875,10.0,1258.4375
yolo11n.pt,3,horizontal_fast,154,2026-09-09,21:38:08.185,2026-09-09T21:38:08.185,5.13570295999989,1,0.5137194395065308,4.2664729999160045,33.592991000205075,3.4,4737.28515625,10.0,1257.9375
yolo11n.pt,3,horizontal_fast,155,2026-09-09,21:38:08.222,2026-09-09T21:38:08.222,5.171938270999817,1,0.5042737722396851,4.367822999938653,33.39064200008579,3.4,4737.28515625,10.0,1257.9375
yolo11n.pt,3,horizontal_fast,156,2026-09-09,21:38:08.254,2026-09-09T21:38:08.254,5.204089648000263,1,0.450483113527298,4.286332999981823,29.117867999957525,2.0,4737.28515625,10.0,1257.9375
yolo11n.pt,3,horizontal_fast,157,2026-09-09,21:38:08.285,2026-09-09T21:38:08.285,5.235784266999872,1,0.5691173076629639,4.270912999800203,28.745569999955478,2.0,4737.28515625,10.0,1257.9375
yolo11n.pt,3,horizontal_fast,158,2026-09-09,21:38:08.321,2026-09-09T21:38:08.321,5.271872189000078,0,0.0,4.037153999888687,32.80222400007915,3.5,4737.28515625,10.0,1257.9375
yolo11n.pt,3,horizontal_fast,159,2026-09-09,21:38:08.353,2026-09-09T21:38:08.353,5.303959746000146,1,0.4410298764705658,4.154263999680552,29.38162700002067,3.8,4737.52734375,10.0,1257.9375
yolo11n.pt,3,horizontal_fast,160,2026-09-09,21:38:08.385,2026-09-09T21:38:08.385,5.335945592999906,0,0.0,4.009784999652766,28.763169999820093,2.0,4737.76953125,10.0,1257.9375
yolo11n.pt,3,horizontal_fast,161,2026-09-09,21:38:08.421,2026-09-09T21:38:08.421,5.371655617000215,1,0.8154630661010742,4.236682999817276,32.965884000077494,3.5,4737.76953125,10.0,1257.9375
yolo11n.pt,3,horizontal_fast,162,2026-09-09,21:38:08.453,2026-09-09T21:38:08.453,5.403884642999856,1,0.4808288812637329,4.22160400012217,29.15412899983494,2.0,4737.76953125,10.0,1257.9375
yolo11n.pt,3,horizontal_fast,163,2026-09-09,21:38:08.485,2026-09-09T21:38:08.485,5.4359196609998435,0,0.0,4.073284999776661,28.72865000017555,3.9,4737.76953125,10.0,1257.9375
yolo11n.pt,3,horizontal_fast,164,2026-09-09,21:38:08.522,2026-09-09T21:38:08.522,5.471875733000161,1,0.6390649676322937,4.4530129998747725,33.42430200018498,1.7,4737.5234375,10.0,1257.9375
yolo11n.pt,3,horizontal_fast,165,2026-09-09,21:38:08.553,2026-09-09T21:38:08.553,5.503943919999983,1,0.425993949174881,4.206684000109817,28.884138999728748,2.0,4737.50390625,10.0,1257.9375
yolo11n.pt,3,horizontal_fast,166,2026-09-09,21:38:08.585,2026-09-09T21:38:08.585,5.535819967999942,1,0.4513132870197296,4.285974000140413,28.857128999788983,3.9,4737.73828125,10.0,1257.9375
yolo11n.pt,3,horizontal_fast,167,2026-09-09,21:38:08.621,2026-09-09T21:38:08.621,5.571898010000041,1,0.9006175994873047,4.185653999684291,32.9535340001712,3.4,4737.4921875,9.0,1257.9375
yolo11n.pt,3,horizontal_fast,168,2026-09-09,21:38:08.653,2026-09-09T21:38:08.653,5.603887268000108,1,0.6717934608459473,4.21998399997392,28.930818999924668,2.0,4737.4921875,9.0,1257.9375
yolo11n.pt,3,horizontal_fast,169,2026-09-09,21:38:08.689,2026-09-09T21:38:08.689,5.639793960000134,0,0.0,4.071924000072613,32.58621500026493,3.4,4737.4921875,9.0,1257.9375
yolo11n.pt,3,horizontal_fast,170,2026-09-09,21:38:08.721,2026-09-09T21:38:08.721,5.671839756999816,1,0.6260321736335754,4.242093999891949,29.36952800018844,2.0,4737.4921875,9.0,1257.9375
yolo11n.pt,3,horizontal_fast,171,2026-09-09,21:38:08.753,2026-09-09T21:38:08.753,5.703880574999857,1,0.7087693810462952,4.214833999867551,29.036148999693978,2.0,4737.1015625,9.0,1257.9375
yolo11n.pt,3,horizontal_fast,172,2026-09-09,21:38:08.789,2026-09-09T21:38:08.789,5.739798457000234,1,0.644483208656311,4.23800399994434,32.95162399990659,3.5,4737.1015625,9.0,1257.9375
yolo11n.pt,3,horizontal_fast,173,2026-09-09,21:38:08.821,2026-09-09T21:38:08.821,5.771752444999947,1,0.5858265161514282,4.265904000021692,29.032149000158824,1.9,4737.1015625,9.0,1257.9375
yolo11n.pt,3,horizontal_fast,174,2026-09-09,21:38:08.853,2026-09-09T21:38:08.853,5.8036806129998695,1,0.794518232345581,4.4088429999646905,29.159597999750986,7.8,4738.82421875,9.0,1258.6875
yolo11n.pt,3,horizontal_fast,175,2026-09-09,21:38:08.889,2026-09-09T21:38:08.889,5.83978306400013,1,0.6936379075050354,4.29550399985601,32.96551299990824,1.8,4738.82421875,9.0,1258.6875
yolo11n.pt,3,horizontal_fast,176,2026-09-09,21:38:08.924,2026-09-09T21:38:08.924,5.873001657000259,1,0.7447769045829773,5.008840999835229,31.180090999896493,25.5,4738.46875,9.0,1258.6875
yolo11n.pt,3,horizontal_fast,177,2026-09-09,21:38:08.955,2026-09-09T21:38:08.955,5.903913689000092,1,0.6472037434577942,5.503898999904777,28.243991999715945,38.5,4738.46875,9.0,1258.6875
yolo11n.pt,3,horizontal_fast,178,2026-09-09,21:38:08.990,2026-09-09T21:38:08.990,5.9397976420000305,1,0.6353549957275391,4.707651999979134,31.604288999915298,1.9,4738.11328125,9.0,1258.6875
yolo11n.pt,3,horizontal_fast,179,2026-09-09,21:38:09.021,2026-09-09T21:38:09.021,5.971879209000235,1,0.8071615695953369,4.2363839997960895,28.553829999964364,3.9,4738.11328125,9.0,1258.6875
yolo11n.pt,3,horizontal_fast,180,2026-09-09,21:38:09.053,2026-09-09T21:38:09.053,6.003901066000253,1,0.7131012082099915,4.216483999698539,28.947929999958433,3.8,4738.11328125,9.0,1258.6875
yolo11n.pt,3,horizontal_fast,181,2026-09-09,21:38:09.089,2026-09-09T21:38:09.089,6.039882769000087,1,0.6774942874908447,4.234842999721877,33.00819399964894,1.8,4738.11328125,9.0,1258.6875
yolo11n.pt,3,horizontal_fast,182,2026-09-09,21:38:09.121,2026-09-09T21:38:09.121,6.071877035999933,1,0.6641228795051575,4.224234000048455,28.941329000190308,3.9,4738.11328125,10.0,1258.6875
yolo11n.pt,3,horizontal_fast,183,2026-09-09,21:38:09.153,2026-09-09T21:38:09.153,6.103879412999959,1,0.6945489645004272,4.2349039999862725,29.083109000112017,2.0,4738.11328125,10.0,1258.6875
yolo11n.pt,3,horizontal_fast,184,2026-09-09,21:38:09.188,2026-09-09T21:38:09.188,6.138681949999864,1,0.8995530009269714,4.220474000248942,31.791289000011602,1.8,4738.11328125,10.0,1258.6875
yolo11n.pt,3,horizontal_fast,185,2026-09-09,21:38:09.221,2026-09-09T21:38:09.221,6.1717201139999815,1,0.8500009775161743,4.23200299974269,29.96749500016449,1.9,4738.11328125,10.0,1258.6875
yolo11n.pt,3,horizontal_fast,186,2026-09-09,21:38:09.253,2026-09-09T21:38:09.253,6.203899970999828,1,0.5681135058403015,4.251023000051646,29.108928999903583,3.9,4738.11328125,10.0,1258.6875
yolo11n.pt,3,horizontal_fast,187,2026-09-09,21:38:09.289,2026-09-09T21:38:09.289,6.2398701530000835,1,0.8643465042114258,4.214634000163642,32.845613999597845,3.4,4738.11328125,10.0,1258.6875
yolo11n.pt,3,horizontal_fast,188,2026-09-09,21:38:09.321,2026-09-09T21:38:09.321,6.271795450999889,1,0.8556789755821228,4.229012999985571,28.97052900016206,2.0,4738.11328125,10.0,1258.6875
yolo11n.pt,3,horizontal_fast,189,2026-09-09,21:38:09.353,2026-09-09T21:38:09.353,6.303691639000135,1,0.21354001760482788,4.239182999754121,28.960979000203224,3.9,4738.11328125,10.0,1258.6875
yolo11n.pt,3,horizontal_fast,190,2026-09-09,21:38:09.389,2026-09-09T21:38:09.389,6.339841959999831,1,0.6630528569221497,4.2351240003881685,33.18972199986092,1.7,4738.11328125,10.0,1258.6875
yolo11n.pt,3,horizontal_fast,191,2026-09-09,21:38:09.421,2026-09-09T21:38:09.421,6.371828257999823,1,0.8609318137168884,4.260693000105675,29.062889000215364,2.0,4738.11328125,10.0,1258.6875
yolo11n.pt,3,horizontal_fast,192,2026-09-09,21:38:09.453,2026-09-09T21:38:09.453,6.403770375000022,1,0.6594069004058838,4.248793999977352,28.975258999707876,3.9,4738.11328125,10.0,1258.6875
yolo11n.pt,3,horizontal_fast,193,2026-09-09,21:38:09.489,2026-09-09T21:38:09.489,6.439783958000135,1,0.6281583905220032,4.249062999861053,33.09143299975403,1.8,4738.15234375,10.0,1258.6875
yolo11n.pt,3,horizontal_fast,194,2026-09-09,21:38:09.521,2026-09-09T21:38:09.521,6.471943555000053,0,0.0,4.072364000421658,28.909299999668292,4.0,4738.15234375,10.0,1257.375
yolo11n.pt,3,horizontal_fast,195,2026-09-09,21:38:09.554,2026-09-09T21:38:09.554,6.5039579320000485,1,0.6021143794059753,4.251773999840225,29.333427999972628,3.8,4737.7578125,10.0,1257.375
yolo11n.pt,3,horizontal_fast,196,2026-09-09,21:38:09.589,2026-09-09T21:38:09.589,6.5399891940001,1,0.38300782442092896,4.159134000019549,33.0004839997855,3.4,4737.6328125,10.0,1257.375
yolo11n.pt,3,horizontal_fast,197,2026-09-09,21:38:09.621,2026-09-09T21:38:09.621,6.571759752000162,1,0.33836978673934937,4.245684000125038,28.884320000088337,2.0,4737.6328125,11.0,1257.375
yolo11n.pt,3,horizontal_fast,198,2026-09-09,21:38:09.653,2026-09-09T21:38:09.653,6.603785270000117,1,0.6818219423294067,4.244873000061489,29.049398999632103,3.9,4737.6328125,11.0,1257.375
yolo11n.pt,3,horizontal_fast,199,2026-09-09,21:38:09.689,2026-09-09T21:38:09.689,6.639728271999957,1,0.3361424505710602,4.278114000044297,33.03204299982099,1.8,4737.6328125,11.0,1257.375
yolo11n.pt,3,horizontal_fast,200,2026-09-09,21:38:09.721,2026-09-09T21:38:09.721,6.671832939000069,1,0.6249692440032959,4.2841639997277525,29.137497999727202,2.0,4737.38671875,11.0,1257.375
yolo11n.pt,3,horizontal_fast,201,2026-09-09,21:38:09.753,2026-09-09T21:38:09.753,6.703689596999993,1,0.26671767234802246,4.250704000241967,28.730410000207485,3.9,4737.38671875,11.0,1257.375
yolo11n.pt,3,horizontal_fast,202,2026-09-09,21:38:09.790,2026-09-09T21:38:09.790,6.739990328000204,1,0.3233020603656769,4.209933999845816,33.25680299985834,1.7,4737.38671875,11.0,1257.375
yolo11n.pt,3,horizontal_fast,203,2026-09-09,21:38:09.821,2026-09-09T21:38:09.821,6.771951795999939,1,0.6707456111907959,4.219104000185325,28.987909000079526,3.9,4737.38671875,11.0,1257.375
yolo11n.pt,3,horizontal_fast,204,2026-09-09,21:38:09.853,2026-09-09T21:38:09.853,6.803874564000125,1,0.6666133999824524,4.257464000147593,28.864479000276333,2.0,4737.38671875,11.0,1257.375
yolo11n.pt,3,horizontal_fast,205,2026-09-09,21:38:09.890,2026-09-09T21:38:09.890,6.839956465999876,1,0.3007557988166809,4.2219739998472505,33.02210399988326,3.4,4737.03125,11.0,1257.375
yolo11n.pt,3,horizontal_fast,206,2026-09-09,21:38:09.922,2026-09-09T21:38:09.922,6.872009362999961,1,0.6563158631324768,4.1819439998107555,29.06076799990842,3.8,4737.03125,11.0,1257.375
yolo11n.pt,3,horizontal_fast,207,2026-09-09,21:38:09.957,2026-09-09T21:38:09.957,6.907732726000177,1,0.6270178556442261,4.359893999662745,32.906244000059814,3.5,4737.03125,11.0,1257.375
yolo11n.pt,3,horizontal_fast,208,2026-09-09,21:38:09.989,2026-09-09T21:38:09.989,6.939812612999958,1,0.6211565732955933,4.286203999981808,29.014729000209627,2.0,4737.03125,11.0,1257.375
yolo11n.pt,3,horizontal_fast,209,2026-09-09,21:38:10.021,2026-09-09T21:38:10.021,6.971899670999846,1,0.7261336445808411,4.273043000011967,28.98731899995255,3.8,4737.03125,11.0,1257.375
yolo11n.pt,3,horizontal_fast,210,2026-09-09,21:38:10.057,2026-09-09T21:38:10.057,7.007797053000104,1,0.823517918586731,4.259634000391088,32.815075000144134,1.8,4737.03125,11.0,1257.375
yolo11n.pt,3,horizontal_fast,211,2026-09-09,21:38:10.089,2026-09-09T21:38:10.089,7.039614760999939,1,0.7846131920814514,4.16045399970244,28.853669999989506,2.0,4737.03125,11.0,1257.375
yolo11n.pt,3,horizontal_fast,212,2026-09-09,21:38:10.121,2026-09-09T21:38:10.121,7.0717826780000905,1,0.7729825377464294,4.248654000093666,29.184338000050047,3.8,4737.03125,10.0,1257.375
yolo11n.pt,3,horizontal_fast,213,2026-09-09,21:38:10.157,2026-09-09T21:38:10.157,7.107888540000204,1,0.8136668801307678,4.222063999804959,33.11453300011635,1.8,4737.03125,10.0,1257.375
yolo11n.pt,3,horizontal_fast,214,2026-09-09,21:38:10.190,2026-09-09T21:38:10.190,7.140205996000077,1,0.6388335227966309,4.25433400005204,29.3573369999649,3.9,4737.03125,10.0,1257.375
yolo11n.pt,3,horizontal_fast,215,2026-09-09,21:38:10.221,2026-09-09T21:38:10.221,7.171913225000026,1,0.8652982711791992,4.247243999998318,28.755259999798,2.0,4737.03125,10.0,1257.375
yolo11n.pt,3,horizontal_fast,216,2026-09-09,21:38:10.257,2026-09-09T21:38:10.257,7.2076042779999625,1,0.7145572304725647,4.363953999927617,32.814064000376675,3.5,4737.390625,10.0,1257.375
yolo11n.pt,3,horizontal_fast,217,2026-09-09,21:38:10.289,2026-09-09T21:38:10.289,7.239765865000209,1,0.5341934561729431,4.310763999910705,28.99211900012233,3.8,4737.390625,10.0,1257.375
yolo11n.pt,3,horizontal_fast,218,2026-09-09,21:38:10.321,2026-09-09T21:38:10.321,7.271891561999837,1,0.8030279874801636,4.2558040004223585,28.978348999771697,5.8,4737.390625,10.0,1257.375
yolo11n.pt,3,horizontal_fast,219,2026-09-09,21:38:10.358,2026-09-09T21:38:10.358,7.307868455000062,1,0.6977329850196838,4.281653999896662,33.09687299997677,1.8,4737.390625,10.0,1257.375
yolo11n.pt,3,horizontal_fast,220,2026-09-09,21:38:10.389,2026-09-09T21:38:10.389,7.339908322000156,1,0.7717112898826599,4.187884000202757,28.903129000354966,2.0,4737.390625,10.0,1257.375
yolo11n.pt,3,horizontal_fast,221,2026-09-09,21:38:10.421,2026-09-09T21:38:10.421,7.371849928999836,1,0.8474615812301636,4.288113999791676,29.085039000165125,3.8,4737.390625,10.0,1257.375
yolo11n.pt,3,horizontal_fast,222,2026-09-09,21:38:10.457,2026-09-09T21:38:10.457,7.407800771999973,1,0.8427391648292542,4.2275240002709324,32.90355399985856,1.8,4737.6328125,10.0,1257.375
yolo11n.pt,3,horizontal_fast,223,2026-09-09,21:38:10.489,2026-09-09T21:38:10.489,7.439618790000168,1,0.8498107194900513,4.226814000048762,28.856749000169657,3.9,4737.6328125,10.0,1257.375
yolo11n.pt,3,horizontal_fast,224,2026-09-09,21:38:10.521,2026-09-09T21:38:10.521,7.4718558670001585,1,0.7987257838249207,4.235953999796038,29.26759799993306,3.8,4737.6328125,10.0,1257.375
yolo11n.pt,3,horizontal_fast,225,2026-09-09,21:38:10.557,2026-09-09T21:38:10.557,7.507934699000089,0,0.0,4.013704000044527,32.76943500031848,1.8,4737.6328125,10.0,1257.375
yolo11n.pt,3,horizontal_fast,226,2026-09-09,21:38:10.590,2026-09-09T21:38:10.590,7.539964315999896,1,0.6991599798202515,4.524613000285171,29.53703699995458,1.9,4736.9765625,10.0,1257.375
yolo11n.pt,3,horizontal_fast,227,2026-09-09,21:38:10.621,2026-09-09T21:38:10.621,7.571895764000146,1,0.8434423804283142,4.215533000206051,28.57584000003044,4.0,4736.9765625,10.0,1257.375
yolo11n.pt,3,horizontal_fast,228,2026-09-09,21:38:10.657,2026-09-09T21:38:10.657,7.607929245999912,0,0.0,4.014524000012898,32.75327399978778,3.5,4736.9765625,10.0,1257.375
yolo11n.pt,3,horizontal_fast,229,2026-09-09,21:38:10.689,2026-09-09T21:38:10.689,7.639901513000041,0,0.0,4.0572249999968335,28.9980289999221,1.9,4736.9765625,10.0,1257.375
yolo11n.pt,3,horizontal_fast,230,2026-09-09,21:38:10.721,2026-09-09T21:38:10.721,7.671904521000215,1,0.2574462592601776,4.206964000331936,29.16987800017523,3.9,4736.9765625,10.0,1257.375
yolo11n.pt,3,horizontal_fast,231,2026-09-09,21:38:10.758,2026-09-09T21:38:10.758,7.707935092999833,1,0.20461882650852203,4.214144000343367,33.12002299981032,1.8,4736.9765625,10.0,1257.375
yolo11n.pt,3,horizontal_fast,232,2026-09-09,21:38:10.789,2026-09-09T21:38:10.789,7.739743481000005,1,0.28752490878105164,4.2479540002204885,28.644949999943492,5.8,4736.9765625,10.0,1257.375
yolo11n.pt,3,horizontal_fast,233,2026-09-09,21:38:10.821,2026-09-09T21:38:10.821,7.771728288999839,1,0.18939074873924255,4.258663000200613,29.064298999855964,2.0,4737.22265625,10.0,1257.375
yolo11n.pt,3,horizontal_fast,234,2026-09-09,21:38:10.857,2026-09-09T21:38:10.857,7.807789421000052,1,0.4993942081928253,4.274952999821835,32.86541399984344,3.5,4737.69921875,10.0,1257.375
yolo11n.pt,3,horizontal_fast,235,2026-09-09,21:38:10.890,2026-09-09T21:38:10.890,7.83975523800018,1,0.4445885419845581,4.521422999914648,29.26048900008027,3.8,4737.34375,10.0,1257.375
yolo11n.pt,3,horizontal_fast,236,2026-09-09,21:38:10.921,2026-09-09T21:38:10.921,7.871909275000235,1,0.4346208870410919,4.218804000174714,28.896550000354182,2.0,4737.34375,10.0,1257.375
yolo11n.pt,3,horizontal_fast,237,2026-09-09,21:38:10.957,2026-09-09T21:38:10.957,7.907950636999885,1,0.35063543915748596,4.181064000022161,33.08016399978442,1.7,4737.34375,10.0,1257.375
yolo11n.pt,3,horizontal_fast,238,2026-09-09,21:38:10.989,2026-09-09T21:38:10.989,7.939865315000134,0,0.0,4.077974999745493,28.68687999989561,2.0,4737.34375,10.0,1257.375
yolo11n.pt,3,horizontal_fast,239,2026-09-09,21:38:11.021,2026-09-09T21:38:11.021,7.971759753000242,1,0.42039692401885986,4.226444000323681,29.072438000184775,5.7,4737.34375,10.0,1257.375
yolo11n.pt,3,horizontal_fast,240,2026-09-09,21:38:11.057,2026-09-09T21:38:11.057,8.007728025000233,0,0.0,4.491123000207153,33.046432999981334,1.8,4737.34375,10.0,1257.375
yolo11n.pt,3,horizontal_fast,241,2026-09-09,21:38:11.089,2026-09-09T21:38:11.089,8.03988020199995,1,0.453818678855896,4.250014000263036,29.041197999958968,1.9,4737.34375,10.0,1257.375
yolo11n.pt,3,horizontal_fast,242,2026-09-09,21:38:11.122,2026-09-09T21:38:11.122,8.072001939000074,1,0.24377568066120148,4.540902999906393,29.496397000002617,2.0,4736.98828125,10.0,1257.375
yolo11n.pt,3,horizontal_fast,243,2026-09-09,21:38:11.157,2026-09-09T21:38:11.157,8.107850702000178,0,0.0,4.0590140001768305,32.26498599997285,3.6,4736.98828125,10.0,1257.375
yolo11n.pt,3,horizontal_fast,244,2026-09-09,21:38:11.189,2026-09-09T21:38:11.189,8.14017948799983,0,0.0,4.091674999926909,29.412328000034904,2.0,4737.23046875,10.0,1257.375
yolo11n.pt,3,horizontal_fast,245,2026-09-09,21:38:11.225,2026-09-09T21:38:11.225,8.17584430199986,1,0.21698814630508423,4.251222999755555,32.966664000014134,3.4,4737.23046875,10.0,1257.375
yolo11n.pt,3,horizontal_fast,246,2026-09-09,21:38:11.257,2026-09-09T21:38:11.257,8.207770988999982,0,0.0,4.10603499994977,28.663159999723575,3.9,4737.23046875,10.0,1257.375
yolo11n.pt,3,horizontal_fast,247,2026-09-09,21:38:11.289,2026-09-09T21:38:11.289,8.239930477000144,1,0.5763272643089294,4.202283999802603,29.282727999998315,2.0,4737.23046875,10.0,1257.375
yolo11n.pt,3,horizontal_fast,248,2026-09-09,21:38:11.325,2026-09-09T21:38:11.325,8.275916188999872,0,0.0,4.054154000186827,32.65552500033664,3.5,4737.23046875,10.0,1257.375
yolo11n.pt,3,horizontal_fast,249,2026-09-09,21:38:11.358,2026-09-09T21:38:11.358,8.307885126000201,1,0.5722993612289429,4.566433000036341,29.61498600006962,2.0,4737.23046875,10.0,1257.375
yolo11n.pt,3,horizontal_fast,250,2026-09-09,21:38:11.389,2026-09-09T21:38:11.389,8.339816554000208,0,0.0,4.086844000084966,28.376191000006656,2.0,4736.4921875,10.0,1257.375
yolo11n.pt,3,horizontal_fast,251,2026-09-09,21:38:11.426,2026-09-09T21:38:11.426,8.376208234999922,1,0.21932312846183777,4.252333000295039,33.723520999956236,3.4,4736.4921875,10.0,1257.375
yolo11n.pt,3,horizontal_fast,252,2026-09-09,21:38:11.458,2026-09-09T21:38:11.458,8.407933373000105,1,0.6260288953781128,4.26463399981003,28.73541999997542,2.0,4736.4921875,10.0,1257.375
yolo11n.pt,3,horizontal_fast,253,2026-09-09,21:38:11.487,2026-09-09T21:38:11.487,8.438117237999904,0,0.0,4.154184000071837,26.844837999760784,6.1,4736.4921875,10.0,1257.375
yolo11n.pt,3,horizontal_fast,254,2026-09-09,21:38:11.525,2026-09-09T21:38:11.525,8.47589962300026,1,0.916573703289032,4.268703999969148,34.91389600003458,1.7,4736.4921875,10.0,1257.375
yolo11n.pt,3,horizontal_fast,255,2026-09-09,21:38:11.557,2026-09-09T21:38:11.557,8.507788021000124,1,0.5999265313148499,4.2741040001601505,28.79493000000366,2.0,4736.390625,10.0,1257.375
yolo11n.pt,3,horizontal_fast,256,2026-09-09,21:38:11.589,2026-09-09T21:38:11.589,8.540060608000204,0,0.0,4.078935000052297,28.927629000008892,3.8,4736.390625,10.0,1257.375
yolo11n.pt,3,horizontal_fast,257,2026-09-09,21:38:11.625,2026-09-09T21:38:11.625,8.575924010000108,1,0.554348886013031,4.239123999923322,32.821404000060284,1.8,4736.33984375,10.0,1257.375
yolo11n.pt,3,horizontal_fast,258,2026-09-09,21:38:11.658,2026-09-09T21:38:11.658,8.60791996800026,1,0.8645744323730469,4.444792999947822,29.090209000059986,3.8,4736.33984375,10.0,1257.375
yolo11n.pt,3,horizontal_fast,259,2026-09-09,21:38:11.689,2026-09-09T21:38:11.689,8.639827785999842,1,0.7621685266494751,4.249113999776455,28.621551000014733,3.9,4736.33984375,10.0,1257.375
yolo11n.pt,3,horizontal_fast,260,2026-09-09,21:38:11.726,2026-09-09T21:38:11.726,8.676201725999817,1,0.6559688448905945,4.270283999630919,33.41505199978201,1.8,4736.33984375,10.0,1257.375
yolo11n.pt,3,horizontal_fast,261,2026-09-09,21:38:11.757,2026-09-09T21:38:11.757,8.707649296,1,0.7635006308555603,4.327223000018421,28.558031000102346,4.0,4736.33984375,10.0,1257.375
yolo11n.pt,3,horizontal_fast,262,2026-09-09,21:38:11.790,2026-09-09T21:38:11.790,8.74021220099985,1,0.42377492785453796,4.265074000159075,29.455036999934237,1.9,4736.33984375,10.0,1257.375
yolo11n.pt,3,horizontal_fast,263,2026-09-09,21:38:11.826,2026-09-09T21:38:11.826,8.77594970400014,1,0.6102845072746277,4.2427739999766345,32.75498499988316,3.5,4736.33984375,10.0,1257.375
yolo11n.pt,3,horizontal_fast,264,2026-09-09,21:38:11.857,2026-09-09T21:38:11.857,8.807774283000072,1,0.6746609210968018,4.324612999880628,28.89623000010033,5.8,4736.33984375,10.0,1257.3125
yolo11n.pt,3,horizontal_fast,265,2026-09-09,21:38:11.889,2026-09-09T21:38:11.889,8.839835400000084,1,0.7430360317230225,4.311713000333839,28.940989000147965,2.0,4736.33984375,10.0,1257.3125
yolo11n.pt,3,horizontal_fast,266,2026-09-09,21:38:11.926,2026-09-09T21:38:11.926,8.87597777100018,1,0.690814197063446,4.200403999675473,32.99676400001772,1.8,4736.33984375,10.0,1257.3125
yolo11n.pt,3,horizontal_fast,267,2026-09-09,21:38:11.957,2026-09-09T21:38:11.957,8.90785692999998,1,0.8452256917953491,4.2376740002509905,28.932830000030663,3.9,4736.33984375,10.0,1257.3125
yolo11n.pt,3,horizontal_fast,268,2026-09-09,21:38:11.989,2026-09-09T21:38:11.989,8.939826026999981,1,0.6883453130722046,4.2638040004021605,29.001138999774412,2.0,4736.33984375,10.0,1257.3125
yolo11n.pt,3,horizontal_fast,269,2026-09-09,21:38:12.021,2026-09-09T21:38:12.021,8.971715385000152,1,0.6883453130722046,4.253553999660653,28.89483899980405,2.0,4736.33984375,10.0,1257.3125
yolo11n.pt,3,horizontal_fast,270,2026-09-09,21:38:12.057,2026-09-09T21:38:12.057,9.007509678000133,1,0.7795130610466003,4.245483999966382,33.010332999765524,1.8,4736.33984375,10.0,1257.3125
yolo11n.pt,3,horizontal_fast,271,2026-09-09,21:38:12.089,2026-09-09T21:38:12.089,9.039720235000004,1,0.787525475025177,4.253563000020222,29.19402799989257,3.9,4736.33984375,10.0,1257.3125
yolo11n.pt,3,horizontal_fast,272,2026-09-09,21:38:12.125,2026-09-09T21:38:12.125,9.075929036000161,1,0.7466138005256653,4.204953999760619,33.14791299999342,3.4,4736.33984375,9.0,1257.3125
yolo11n.pt,3,horizontal_fast,273,2026-09-09,21:38:12.157,2026-09-09T21:38:12.157,9.107904943999984,1,0.7937425971031189,4.228942999816354,28.94975900017016,2.0,4736.33984375,9.0,1257.3125
yolo11n.pt,3,horizontal_fast,274,2026-09-09,21:38:12.189,2026-09-09T21:38:12.189,9.139709562000007,1,0.5946225523948669,4.24875399994562,28.794479000225692,2.0,4736.33984375,9.0,1257.3125
yolo11n.pt,3,horizontal_fast,275,2026-09-09,21:38:12.226,2026-09-09T21:38:12.226,9.17632555199998,1,0.28581735491752625,4.262692999873252,33.576771999833,3.3,4736.33984375,9.0,1257.3125
yolo11n.pt,3,horizontal_fast,276,2026-09-09,21:38:12.258,2026-09-09T21:38:12.258,9.208063860000038,1,0.7994529008865356,4.311243999836734,28.78158000021358,3.9,4736.328125,9.0,1257.3125
yolo11n.pt,3,horizontal_fast,277,2026-09-09,21:38:12.290,2026-09-09T21:38:12.290,9.239991318000193,1,0.650131106376648,4.162764000284369,28.7348709998696,2.0,4736.328125,9.0,1257.3125
yolo11n.pt,3,horizontal_fast,278,2026-09-09,21:38:12.326,2026-09-09T21:38:12.326,9.275967380000111,1,0.4448278546333313,4.4036330000380985,33.22387300022456,1.8,4736.328125,9.0,1257.3125
yolo11n.pt,3,horizontal_fast,279,2026-09-09,21:38:12.357,2026-09-09T21:38:12.357,9.307965028000126,0,0.0,4.023224000320624,28.51915099972757,3.9,4736.5703125,9.0,1257.3125
yolo11n.pt,3,horizontal_fast,280,2026-09-09,21:38:12.389,2026-09-09T21:38:12.389,9.339902816000176,1,0.6826398968696594,4.243572999712342,29.09488900013457,2.0,4736.5703125,9.0,1257.3125
yolo11n.pt,3,horizontal_fast,281,2026-09-09,21:38:12.425,2026-09-09T21:38:12.425,9.37570359900019,0,0.0,4.0432640003018605,32.57666600029552,1.8,4736.5703125,9.0,1257.3125
yolo11n.pt,3,horizontal_fast,282,2026-09-09,21:38:12.457,2026-09-09T21:38:12.457,9.408050574999834,0,0.0,4.072434000136127,29.33859799986749,5.7,4736.5703125,9.0,1257.3125
yolo11n.pt,3,horizontal_fast,283,2026-09-09,21:38:12.493,2026-09-09T21:38:12.493,9.443700008000178,1,0.5353235602378845,4.457673000160867,33.290292999936355,1.8,4736.5703125,9.0,1257.3125
yolo11n.pt,3,horizontal_fast,284,2026-09-09,21:38:12.525,2026-09-09T21:38:12.525,9.475737905000187,0,0.0,4.107135000140261,28.587650999725156,2.0,4736.5703125,9.0,1257.3125
yolo11n.pt,3,horizontal_fast,285,2026-09-09,21:38:12.557,2026-09-09T21:38:12.557,9.507789282999966,0,0.0,4.076983999766526,28.958929000054923,5.8,4736.62890625,9.0,1257.3125
yolo11n.pt,3,horizontal_fast,286,2026-09-09,21:38:12.593,2026-09-09T21:38:12.593,9.543820285000038,1,0.31862136721611023,4.251623000072868,33.22251300005519,1.8,4736.3828125,9.0,1257.3125
yolo11n.pt,3,horizontal_fast,287,2026-09-09,21:38:12.625,2026-09-09T21:38:12.625,9.575724493000052,1,0.37089958786964417,4.225173999657272,28.89379899988853,3.8,4736.3828125,10.0,1257.3125
yolo11n.pt,3,horizontal_fast,288,2026-09-09,21:38:12.657,2026-09-09T21:38:12.657,9.607740020000165,1,0.38017043471336365,4.236274000049889,29.04394899996987,2.0,4736.3828125,10.0,1257.3125
yolo11n.pt,3,horizontal_fast,289,2026-09-09,21:38:12.693,2026-09-09T21:38:12.693,9.643954231999942,1,0.5522423982620239,4.164384999967297,33.175483000377426,1.7,4736.3828125,10.0,1257.3125
yolo11n.pt,3,horizontal_fast,290,2026-09-09,21:38:12.725,2026-09-09T21:38:12.725,9.67596494899999,0,0.0,3.984864999893034,28.730799999721057,3.9,4736.3828125,10.0,1257.3125
yolo11n.pt,3,horizontal_fast,291,2026-09-09,21:38:12.757,2026-09-09T21:38:12.757,9.707796087000133,1,0.4777994155883789,4.234514000017953,29.18169900021894,3.9,4736.3828125,10.0,1257.3125
yolo11n.pt,3,horizontal_fast,292,2026-09-09,21:38:12.793,2026-09-09T21:38:12.793,9.743885529000181,1,0.30363237857818604,4.2167540000264125,33.08018400002766,3.4,4736.3828125,10.0,1257.3125
yolo11n.pt,3,horizontal_fast,293,2026-09-09,21:38:12.825,2026-09-09T21:38:12.825,9.77580593699986,1,0.4769427180290222,4.218283999762207,29.007988999637746,2.0,4736.625,10.0,1257.3125
yolo11n.pt,3,horizontal_fast,294,2026-09-09,21:38:12.857,2026-09-09T21:38:12.857,9.807730985000035,0,0.0,4.055504999996629,28.585259999999835,4.0,4733.78125,10.0,1256.625
yolo11n.pt,3,horizontal_fast,295,2026-09-09,21:38:12.893,2026-09-09T21:38:12.893,9.84388197599992,1,0.6526996493339539,4.205324000395194,33.44770200010316,1.8,4733.78125,10.0,1256.625
yolo11n.pt,3,horizontal_fast,296,2026-09-09,21:38:12.925,2026-09-09T21:38:12.925,9.875784123999892,1,0.7360479831695557,4.273983999610209,28.954168999916874,3.9,4733.78125,10.0,1256.625
yolo11n.pt,3,horizontal_fast,297,2026-09-09,21:38:12.957,2026-09-09T21:38:12.957,9.907921931000146,0,0.0,4.007035000086034,28.699990999939473,3.9,4733.78125,10.0,1256.625
yolo11n.pt,3,horizontal_fast,298,2026-09-09,21:38:12.993,2026-09-09T21:38:12.993,9.943872682999881,1,0.44171372056007385,4.206214000078035,33.16696299998512,3.4,4733.78125,10.0,1256.625
yolo11n.pt,3,horizontal_fast,299,2026-09-09,21:38:13.025,2026-09-09T21:38:13.025,9.975923470999987,1,0.7716977000236511,4.173574000105873,29.044467999938206,2.0,4733.78125,10.0,1256.625
yolo11n.pt,3,horizontal_fast,300,2026-09-09,21:38:13.057,2026-09-09T21:38:13.057,10.007748669000193,1,0.853702962398529,4.226764000122785,28.84754900014741,2.0,4733.78125,10.0,1256.625
yolo11n.pt,4,vertical,1,2026-09-09,21:38:18.132,2026-09-09T21:38:18.132,0.032097726999836595,1,0.7618457674980164,5.501488999925641,38.18587400019169,2.2,4730.9375,4.0,1254.125
yolo11n.pt,4,vertical,2,2026-09-09,21:38:18.166,2026-09-09T21:38:18.166,0.06717508299971087,0,0.0,4.222622999805026,30.609982999976637,5.5,4730.9375,4.0,1254.125
yolo11n.pt,4,vertical,3,2026-09-09,21:38:18.198,2026-09-09T21:38:18.198,0.09917337999968368,0,0.0,4.067904999828897,29.015799000262632,3.8,4717.87109375,4.0,1254.125
yolo11n.pt,4,vertical,4,2026-09-09,21:38:18.231,2026-09-09T21:38:18.231,0.13245160299993586,1,0.5096189975738525,4.232982999837986,30.20879399991827,1.9,4725.25390625,4.0,1254.125
yolo11n.pt,4,vertical,5,2026-09-09,21:38:18.265,2026-09-09T21:38:18.265,0.16695009099976232,1,0.6202393174171448,4.292823000014323,31.60010900000998,3.6,4725.25390625,4.0,1254.125
yolo11n.pt,4,vertical,6,2026-09-09,21:38:18.297,2026-09-09T21:38:18.297,0.198960557999726,0,0.0,4.108183999960602,28.727100000196515,3.9,4725.25390625,4.0,1254.125
yolo11n.pt,4,vertical,7,2026-09-09,21:38:18.329,2026-09-09T21:38:18.329,0.2310138449997794,1,0.5263760685920715,4.297653999856266,29.287687999840273,2.0,4725.25390625,4.0,1254.125
yolo11n.pt,4,vertical,8,2026-09-09,21:38:18.365,2026-09-09T21:38:18.365,0.26704659699998956,0,0.0,4.105985000023793,32.6576649999879,3.4,4725.25390625,4.0,1254.125
yolo11n.pt,4,vertical,9,2026-09-09,21:38:18.397,2026-09-09T21:38:18.397,0.2989861049995852,1,0.7281723618507385,4.271163999874261,29.24777799989897,5.7,4725.25390625,4.0,1254.125
yolo11n.pt,4,vertical,10,2026-09-09,21:38:18.429,2026-09-09T21:38:18.429,0.3310727519997272,1,0.5541257858276367,4.2585239998516045,29.110939000020153,2.0,4725.25390625,4.0,1254.125
yolo11n.pt,4,vertical,11,2026-09-09,21:38:18.465,2026-09-09T21:38:18.465,0.3670791049999025,1,0.8233528137207031,4.238952999912726,33.029113999873516,1.8,4725.49609375,4.0,1254.125
yolo11n.pt,4,vertical,12,2026-09-09,21:38:18.497,2026-09-09T21:38:18.497,0.39898953199963216,0,0.0,4.0911149999374175,28.699500000129774,3.9,4725.49609375,4.0,1254.125
yolo11n.pt,4,vertical,13,2026-09-09,21:38:18.530,2026-09-09T21:38:18.530,0.4312061989999165,1,0.8190428018569946,4.286274000151025,29.551217000062024,2.0,4725.49609375,4.0,1254.125
yolo11n.pt,4,vertical,14,2026-09-09,21:38:18.565,2026-09-09T21:38:18.565,0.46706196199966143,1,0.8564759492874146,4.246772999977111,32.83480399977634,1.8,4725.49609375,4.0,1254.125
yolo11n.pt,4,vertical,15,2026-09-09,21:38:18.597,2026-09-09T21:38:18.597,0.4991128389997357,0,0.0,4.0557649999755085,28.662890999839874,3.9,4725.70703125,4.0,1254.125
yolo11n.pt,4,vertical,16,2026-09-09,21:38:18.629,2026-09-09T21:38:18.629,0.5311014469998554,1,0.5740471482276917,4.244143000050826,29.221338000297692,3.8,4725.70703125,10.0,1254.125
yolo11n.pt,4,vertical,17,2026-09-09,21:38:18.665,2026-09-09T21:38:18.665,0.5670674089997192,1,0.4787851572036743,4.250043999945774,33.00140300007115,1.8,4725.70703125,10.0,1254.125
yolo11n.pt,4,vertical,18,2026-09-09,21:38:18.697,2026-09-09T21:38:18.697,0.5991021569998338,0,0.0,4.06962500028385,28.80862999973033,2.0,4725.70703125,10.0,1254.125
yolo11n.pt,4,vertical,19,2026-09-09,21:38:18.729,2026-09-09T21:38:18.729,0.6311207939997985,0,0.0,4.035013999782677,29.03228900004251,3.9,4725.70703125,10.0,1254.125
yolo11n.pt,4,vertical,20,2026-09-09,21:38:18.765,2026-09-09T21:38:18.765,0.6664056889999301,0,0.0,4.0731740000410355,32.35030599989841,1.8,4725.70703125,10.0,1254.125
yolo11n.pt,4,vertical,21,2026-09-09,21:38:18.797,2026-09-09T21:38:18.797,0.6991565829998763,0,0.0,4.004785000233824,29.71027600005982,2.0,4725.70703125,10.0,1254.125
yolo11n.pt,4,vertical,22,2026-09-09,21:38:18.829,2026-09-09T21:38:18.829,0.7312311399996361,0,0.0,4.068334999828949,29.007698999976128,3.8,4726.4296875,10.0,1254.125
yolo11n.pt,4,vertical,23,2026-09-09,21:38:18.865,2026-09-09T21:38:18.865,0.7667813649995878,0,0.0,4.109924000204046,32.53666599994176,3.5,4726.4296875,10.0,1254.125
yolo11n.pt,4,vertical,24,2026-09-09,21:38:18.897,2026-09-09T21:38:18.897,0.7989614809998784,0,0.0,4.103965000012977,29.22978900005546,3.8,4726.4296875,10.0,1254.125
yolo11n.pt,4,vertical,25,2026-09-09,21:38:18.933,2026-09-09T21:38:18.933,0.8348944939998546,0,0.0,4.078314000253158,32.926343999861274,3.5,4726.4296875,10.0,1254.125
yolo11n.pt,4,vertical,26,2026-09-09,21:38:18.965,2026-09-09T21:38:18.965,0.8670227009997689,0,0.0,4.1130939998765825,29.109459000210336,2.0,4726.4296875,10.0,1254.125
yolo11n.pt,4,vertical,27,2026-09-09,21:38:18.997,2026-09-09T21:38:18.997,0.8990820679996432,0,0.0,4.0304740000465245,28.927738999755093,2.0,4726.4296875,10.0,1254.125
yolo11n.pt,4,vertical,28,2026-09-09,21:38:19.033,2026-09-09T21:38:19.033,0.9348604409997279,1,0.7649713754653931,4.261714000222128,33.142003000193654,3.4,4726.4296875,10.0,1254.125
yolo11n.pt,4,vertical,29,2026-09-09,21:38:19.065,2026-09-09T21:38:19.065,0.967063527999926,1,0.8482019901275635,4.216554000322503,29.037119000349776,3.8,4726.4296875,10.0,1254.125
yolo11n.pt,4,vertical,30,2026-09-09,21:38:19.097,2026-09-09T21:38:19.097,0.9990191449996928,1,0.6008564233779907,4.228104000048916,28.864290000001347,2.0,4726.4296875,10.0,1254.125
yolo11n.pt,4,vertical,31,2026-09-09,21:38:19.129,2026-09-09T21:38:19.129,1.0309347630000048,1,0.6008564233779907,4.31676400012293,28.90787900014402,0.0,4726.4296875,11.0,1254.125
yolo11n.pt,4,vertical,32,2026-09-09,21:38:19.165,2026-09-09T21:38:19.165,1.06711534499982,0,0.0,4.021724000267568,32.90462400036631,3.5,4726.4296875,11.0,1254.125
yolo11n.pt,4,vertical,33,2026-09-09,21:38:19.197,2026-09-09T21:38:19.197,1.0990895719996843,1,0.7927161455154419,4.194384000129503,29.242277999856015,2.0,4726.671875,11.0,1254.125
yolo11n.pt,4,vertical,34,2026-09-09,21:38:19.233,2026-09-09T21:38:19.233,1.1350648949996867,1,0.44855907559394836,4.203874000268115,32.97879399997328,3.4,4726.671875,11.0,1254.125
yolo11n.pt,4,vertical,35,2026-09-09,21:38:19.261,2026-09-09T21:38:19.261,1.1629252879997694,1,0.44855907559394836,4.337992999808193,24.980555000183813,2.2,4726.671875,11.0,1254.125
yolo11n.pt,4,vertical,36,2026-09-09,21:38:19.297,2026-09-09T21:38:19.297,1.1991172789998927,1,0.3627130389213562,4.191293999610934,33.17931299989141,1.8,4726.671875,11.0,1254.125
yolo11n.pt,4,vertical,37,2026-09-09,21:38:19.334,2026-09-09T21:38:19.334,1.2351725209996403,1,0.8316665291786194,4.168183999809116,33.029463999810105,3.4,4726.671875,11.0,1254.125
yolo11n.pt,4,vertical,38,2026-09-09,21:38:19.365,2026-09-09T21:38:19.365,1.2670790089996444,1,0.7456820607185364,4.212224000184506,28.821989999869402,2.0,4726.671875,11.0,1254.125
yolo11n.pt,4,vertical,39,2026-09-09,21:38:19.397,2026-09-09T21:38:19.397,1.299085876999925,1,0.8696057796478271,4.194644000108383,29.03012900014801,2.0,4726.671875,11.0,1254.125
yolo11n.pt,4,vertical,40,2026-09-09,21:38:19.433,2026-09-09T21:38:19.433,1.33498593899958,1,0.7800290584564209,4.248334000294562,32.987514000069496,1.8,4726.671875,11.0,1254.125
yolo11n.pt,4,vertical,41,2026-09-09,21:38:19.465,2026-09-09T21:38:19.465,1.3671329859998878,1,0.5808659195899963,4.179063999799837,29.13750900006562,3.9,4726.671875,11.0,1254.125
yolo11n.pt,4,vertical,42,2026-09-09,21:38:19.497,2026-09-09T21:38:19.497,1.3990486739999142,0,0.0,4.049654000027658,28.688169999895763,2.0,4726.9140625,11.0,1254.125
yolo11n.pt,4,vertical,43,2026-09-09,21:38:19.533,2026-09-09T21:38:19.533,1.4351014959997883,1,0.6255205273628235,4.203023999707511,33.37588200020036,3.4,4726.9140625,11.0,1254.125
yolo11n.pt,4,vertical,44,2026-09-09,21:38:19.565,2026-09-09T21:38:19.565,1.4670359639999333,0,0.0,4.066943999987416,28.720009999688045,3.9,4726.9140625,11.0,1254.125
yolo11n.pt,4,vertical,45,2026-09-09,21:38:19.597,2026-09-09T21:38:19.597,1.499116180999863,0,0.0,4.006504999779281,29.086769000059576,2.0,4726.6640625,11.0,1254.125
yolo11n.pt,4,vertical,46,2026-09-09,21:38:19.633,2026-09-09T21:38:19.633,1.5350730329996622,1,0.1785343736410141,4.267104000064137,33.357913000145345,3.5,4726.3046875,10.0,1254.125
yolo11n.pt,4,vertical,47,2026-09-09,21:38:19.665,2026-09-09T21:38:19.665,1.5668936819997725,1,0.8300485610961914,4.28231300020343,28.905320000376378,5.9,4726.671875,10.0,1254.125
yolo11n.pt,4,vertical,48,2026-09-09,21:38:19.698,2026-09-09T21:38:19.698,1.5991407179999442,1,0.8814913034439087,4.324324000208435,29.342498000005435,7.8,4725.60546875,10.0,1254.125
yolo11n.pt,4,vertical,49,2026-09-09,21:38:19.734,2026-09-09T21:38:19.734,1.6349940909999532,1,0.48270389437675476,4.696171999967191,33.23400300041612,8.6,4728.0703125,10.0,1254.125
yolo11n.pt,4,vertical,50,2026-09-09,21:38:19.766,2026-09-09T21:38:19.766,1.6672108169996136,1,0.2786244750022888,4.254903999935777,28.605931000129203,8.2,4732.11328125,10.0,1254.125
yolo11n.pt,4,vertical,51,2026-09-09,21:38:19.797,2026-09-09T21:38:19.797,1.6991825850000168,0,0.0,4.02320500006681,28.63149999984671,9.8,4732.125,10.0,1254.125
yolo11n.pt,4,vertical,52,2026-09-09,21:38:19.833,2026-09-09T21:38:19.833,1.7349058779996085,1,0.2767500877380371,4.28771399992911,33.12057299990556,10.3,4733.5234375,10.0,1254.125
yolo11n.pt,4,vertical,53,2026-09-09,21:38:19.865,2026-09-09T21:38:19.865,1.766948045999925,1,0.49601444602012634,4.246493000209739,29.018408999945677,8.0,4733.29296875,10.0,1254.125
yolo11n.pt,4,vertical,54,2026-09-09,21:38:19.897,2026-09-09T21:38:19.897,1.7990583329997207,1,0.384630411863327,4.242683000029501,29.045838999991247,9.6,4733.27734375,10.0,1254.125
yolo11n.pt,4,vertical,55,2026-09-09,21:38:19.933,2026-09-09T21:38:19.933,1.8350065749996247,0,0.0,4.0809439997246955,32.599254999695404,10.5,4735.7578125,10.0,1254.125
yolo11n.pt,4,vertical,56,2026-09-09,21:38:19.965,2026-09-09T21:38:19.965,1.8669880429997647,0,0.0,4.10868400012987,28.90060900017488,7.8,4735.296875,10.0,1254.125
yolo11n.pt,4,vertical,57,2026-09-09,21:38:19.997,2026-09-09T21:38:19.997,1.8989939199996115,0,0.0,4.073334000167961,28.888168999856134,8.0,4735.29296875,10.0,1254.125
yolo11n.pt,4,vertical,58,2026-09-09,21:38:20.034,2026-09-09T21:38:20.034,1.9351981519998844,1,0.49333471059799194,4.174954000063735,33.45786199997747,10.2,4734.9765625,10.0,1254.125
yolo11n.pt,4,vertical,59,2026-09-09,21:38:20.065,2026-09-09T21:38:20.065,1.9666585309996663,1,0.409965455532074,4.050004999953671,28.346130999580055,8.2,4735.6484375,10.0,1254.125
yolo11n.pt,4,vertical,60,2026-09-09,21:38:20.093,2026-09-09T21:38:20.093,1.9949377929997354,1,0.409965455532074,4.142473999763752,25.447012999848084,8.9,4735.34765625,10.0,1254.125
yolo11n.pt,4,vertical,61,2026-09-09,21:38:20.117,2026-09-09T21:38:20.117,2.01870935199986,1,0.2433777004480362,3.7873050000598596,20.607390999884956,10.5,4736.4453125,10.0,1254.125
yolo11n.pt,4,vertical,62,2026-09-09,21:38:20.149,2026-09-09T21:38:20.149,2.0508716589997675,1,0.1606408953666687,3.821215000243683,29.178948000208038,11.3,4738.828125,10.0,1254.125
yolo11n.pt,4,vertical,63,2026-09-09,21:38:20.181,2026-09-09T21:38:20.181,2.082842745999642,1,0.869407057762146,3.8003560002835,28.980410000258416,6.1,4739.3203125,10.0,1254.125
yolo11n.pt,4,vertical,64,2026-09-09,21:38:20.216,2026-09-09T21:38:20.216,2.1176236530000097,1,0.3919353485107422,3.7930759999653674,31.96009800012689,10.7,4740.0703125,10.0,1254.125
yolo11n.pt,4,vertical,65,2026-09-09,21:38:20.249,2026-09-09T21:38:20.249,2.150710656999763,1,0.6862367987632751,3.917655999885028,30.24771399987003,9.6,4748.8203125,10.0,1254.125
yolo11n.pt,4,vertical,66,2026-09-09,21:38:20.281,2026-09-09T21:38:20.281,2.1828212839996013,1,0.7130526304244995,3.7934460001451953,28.869740000118327,8.0,4748.7734375,10.0,1254.125
yolo11n.pt,4,vertical,67,2026-09-09,21:38:20.317,2026-09-09T21:38:20.317,2.218577567000011,1,0.7607865929603577,3.9669839998168754,32.877043999633315,6.9,4749.1328125,10.0,1254.125
yolo11n.pt,4,vertical,68,2026-09-09,21:38:20.350,2026-09-09T21:38:20.350,2.2509424529998796,1,0.5926877856254578,4.7035319998940395,30.228053999962867,3.8,4749.1328125,10.0,1254.125
yolo11n.pt,4,vertical,69,2026-09-09,21:38:20.381,2026-09-09T21:38:20.381,2.2830087299998922,1,0.15580424666404724,4.264773999693716,28.515151000192418,3.9,4749.1328125,10.0,1254.125
yolo11n.pt,4,vertical,70,2026-09-09,21:38:20.417,2026-09-09T21:38:20.417,2.3189400429996567,1,0.8306196331977844,3.8075259999459377,32.56366599998728,1.8,4749.1328125,10.0,1254.125
yolo11n.pt,4,vertical,71,2026-09-09,21:38:20.445,2026-09-09T21:38:20.445,2.3469196959999863,1,0.8306196331977844,4.058935000102792,25.318821999917418,2.2,4749.1328125,10.0,1254.125
yolo11n.pt,4,vertical,72,2026-09-09,21:38:20.481,2026-09-09T21:38:20.481,2.382972007999797,0,0.0,3.6246059999029967,32.68044500009637,1.8,4749.1328125,10.0,1254.125
yolo11n.pt,4,vertical,73,2026-09-09,21:38:20.517,2026-09-09T21:38:20.517,2.418856859999778,1,0.8594251275062561,3.80577500027357,33.255852999900526,3.4,4749.375,10.0,1254.125
yolo11n.pt,4,vertical,74,2026-09-09,21:38:20.549,2026-09-09T21:38:20.549,2.4508668280000165,1,0.39271795749664307,3.788616000292677,29.009649000272475,2.0,4749.375,10.0,1254.125
yolo11n.pt,4,vertical,75,2026-09-09,21:38:20.581,2026-09-09T21:38:20.581,2.4829758449996007,1,0.5233915448188782,3.8719959998161357,29.296496999904775,3.8,4749.25390625,10.0,1254.125
yolo11n.pt,4,vertical,76,2026-09-09,21:38:20.616,2026-09-09T21:38:20.616,2.5185605679998844,1,0.4382082223892212,3.7678759999835165,32.5565859998278,3.5,4749.25390625,10.0,1254.125
yolo11n.pt,4,vertical,77,2026-09-09,21:38:20.649,2026-09-09T21:38:20.649,2.550759224999638,1,0.7415797114372253,3.8158050001584343,29.260127999805263,2.0,4749.25390625,10.0,1254.125
yolo11n.pt,4,vertical,78,2026-09-09,21:38:20.681,2026-09-09T21:38:20.681,2.5829877019996275,0,0.0,3.692695999689022,29.073659000005136,2.0,4749.25390625,10.0,1254.125
yolo11n.pt,4,vertical,79,2026-09-09,21:38:20.717,2026-09-09T21:38:20.717,2.6188237249998565,1,0.7598767876625061,3.7699149997934,33.035473999916576,3.4,4749.25390625,10.0,1254.125
yolo11n.pt,4,vertical,80,2026-09-09,21:38:20.749,2026-09-09T21:38:20.749,2.6508837119999953,1,0.7525889277458191,3.796985000008135,29.178348000186816,2.0,4749.25390625,10.0,1254.125
yolo11n.pt,4,vertical,81,2026-09-09,21:38:20.781,2026-09-09T21:38:20.781,2.6829556189995856,1,0.6995651721954346,3.7952950001454155,29.079798000111623,2.0,4749.25390625,10.0,1254.125
yolo11n.pt,4,vertical,82,2026-09-09,21:38:20.817,2026-09-09T21:38:20.817,2.7188450919998104,1,0.7433456182479858,3.8694750001013745,33.07701299991095,3.4,4749.25390625,10.0,1254.125
yolo11n.pt,4,vertical,83,2026-09-09,21:38:20.849,2026-09-09T21:38:20.849,2.7506647299996985,1,0.5682780146598816,3.7918350003565138,28.78097999973761,4.0,4749.25390625,10.0,1254.125
yolo11n.pt,4,vertical,84,2026-09-09,21:38:20.885,2026-09-09T21:38:20.885,2.786843640999905,1,0.5232407450675964,3.7983259999236907,33.30029200014906,1.7,4749.48828125,10.0,1254.125
yolo11n.pt,4,vertical,85,2026-09-09,21:38:20.917,2026-09-09T21:38:20.917,2.8188157889999275,1,0.6226576566696167,3.77030499976172,28.971339000236185,2.0,4749.73046875,10.0,1254.125
yolo11n.pt,4,vertical,86,2026-09-09,21:38:20.948,2026-09-09T21:38:20.948,2.850799125999856,0,0.0,3.603056999963883,28.791650000130176,5.8,4749.73046875,10.0,1254.125
yolo11n.pt,4,vertical,87,2026-09-09,21:38:20.985,2026-09-09T21:38:20.985,2.886817888999758,1,0.5327759981155396,3.7862449999011005,33.280132999607304,1.8,4749.73046875,10.0,1254.125
yolo11n.pt,4,vertical,88,2026-09-09,21:38:21.017,2026-09-09T21:38:21.017,2.9187798959997053,1,0.5158397555351257,3.8023359998078377,28.973339999993186,2.0,4749.73046875,10.0,1254.125
yolo11n.pt,4,vertical,89,2026-09-09,21:38:21.048,2026-09-09T21:38:21.048,2.950386394999896,0,0.0,3.65027599991663,28.39771099979771,4.0,4749.73046875,10.0,1254.125
yolo11n.pt,4,vertical,90,2026-09-09,21:38:21.084,2026-09-09T21:38:21.084,2.986811855999804,0,0.0,3.6881560004076164,33.57188199970551,1.7,4749.73046875,10.0,1254.125
yolo11n.pt,4,vertical,91,2026-09-09,21:38:21.117,2026-09-09T21:38:21.117,3.0189235929997267,0,0.0,3.767095000057452,29.041218000202207,2.0,4749.62890625,10.0,1254.125
yolo11n.pt,4,vertical,92,2026-09-09,21:38:21.149,2026-09-09T21:38:21.149,3.0510005199998886,0,0.0,3.892915000051289,29.269747999933315,3.8,4749.62890625,10.0,1254.125
yolo11n.pt,4,vertical,93,2026-09-09,21:38:21.185,2026-09-09T21:38:21.185,3.0867788030000156,0,0.0,4.161603999818908,32.95332399966355,3.4,4749.62890625,10.0,1254.125
yolo11n.pt,4,vertical,94,2026-09-09,21:38:21.217,2026-09-09T21:38:21.217,3.1188384199999746,0,0.0,4.052924999996321,28.966329000013502,3.9,4749.62890625,10.0,1254.125
yolo11n.pt,4,vertical,95,2026-09-09,21:38:21.249,2026-09-09T21:38:21.249,3.151096506999693,0,0.0,4.011543999695277,29.25817699997424,2.0,4749.62890625,10.0,1254.125
yolo11n.pt,4,vertical,96,2026-09-09,21:38:21.285,2026-09-09T21:38:21.285,3.1868437999996786,1,0.3658984303474426,4.336342999977205,33.27642299973377,1.7,4749.62890625,10.0,1254.125
yolo11n.pt,4,vertical,97,2026-09-09,21:38:21.317,2026-09-09T21:38:21.317,3.2189495069997065,1,0.4994998276233673,4.278624000107811,29.086318000281608,2.0,4749.62890625,10.0,1254.125
yolo11n.pt,4,vertical,98,2026-09-09,21:38:21.349,2026-09-09T21:38:21.349,3.25109002399995,1,0.28681957721710205,4.230624000229,29.144259000077,3.9,4749.62890625,10.0,1254.125
yolo11n.pt,4,vertical,99,2026-09-09,21:38:21.385,2026-09-09T21:38:21.385,3.287130065999918,1,0.7867981791496277,4.177044000243768,32.905013999879884,3.4,4749.62890625,10.0,1254.125
yolo11n.pt,4,vertical,100,2026-09-09,21:38:21.417,2026-09-09T21:38:21.417,3.3189133639998545,1,0.5342627763748169,4.213473999698181,28.799420000268583,2.0,4749.62890625,10.0,1254.125
yolo11n.pt,4,vertical,101,2026-09-09,21:38:21.449,2026-09-09T21:38:21.449,3.351067461999719,1,0.40455546975135803,4.228784000133601,29.178229000081046,2.0,4749.62890625,10.0,1254.125
yolo11n.pt,4,vertical,102,2026-09-09,21:38:21.485,2026-09-09T21:38:21.485,3.3870999639998445,1,0.7503030300140381,4.1911439998330025,33.05912399991939,1.8,4749.62890625,10.0,1254.125
yolo11n.pt,4,vertical,103,2026-09-09,21:38:21.517,2026-09-09T21:38:21.517,3.4188112919996456,1,0.6485541462898254,4.340342999967106,28.869960000065475,3.9,4749.62890625,10.0,1254.125
yolo11n.pt,4,vertical,104,2026-09-09,21:38:21.550,2026-09-09T21:38:21.550,3.4511134780000248,1,0.18099644780158997,4.278654000245297,29.2809180000404,3.8,4749.62890625,10.0,1254.125
yolo11n.pt,4,vertical,105,2026-09-09,21:38:21.586,2026-09-09T21:38:21.586,3.487163899999814,1,0.5853157639503479,4.277444000308606,33.11461299972507,1.8,4749.62890625,10.0,1254.125
yolo11n.pt,4,vertical,106,2026-09-09,21:38:21.618,2026-09-09T21:38:21.618,3.519102477999695,1,0.6865020394325256,4.298953999750665,29.004488999817113,3.9,4749.62890625,10.0,1254.125
yolo11n.pt,4,vertical,107,2026-09-09,21:38:21.650,2026-09-09T21:38:21.650,3.551137305999873,1,0.4655956029891968,4.285273999812489,28.93106000010448,2.0,4749.62890625,10.0,1254.125
yolo11n.pt,4,vertical,108,2026-09-09,21:38:21.686,2026-09-09T21:38:21.686,3.58730913699992,1,0.6564761400222778,4.2339440001342155,33.121973000106664,3.4,4749.62890625,10.0,1254.125
yolo11n.pt,4,vertical,109,2026-09-09,21:38:21.718,2026-09-09T21:38:21.718,3.619313633999809,1,0.29912200570106506,4.22569400006978,28.94798899978923,3.9,4749.62890625,10.0,1254.125
yolo11n.pt,4,vertical,110,2026-09-09,21:38:21.750,2026-09-09T21:38:21.750,3.6513188419999096,1,0.4969704747200012,4.280722999737918,28.997988999890367,2.0,4749.87109375,10.0,1254.125
yolo11n.pt,4,vertical,111,2026-09-09,21:38:21.785,2026-09-09T21:38:21.785,3.6869230859997515,0,0.0,4.063394000240805,32.23863699986396,1.8,4750.11328125,10.0,1254.125
yolo11n.pt,4,vertical,112,2026-09-09,21:38:21.817,2026-09-09T21:38:21.817,3.7189373229998637,1,0.7095544338226318,4.263084000285744,29.29125800028487,5.7,4750.11328125,10.0,1254.125
yolo11n.pt,4,vertical,113,2026-09-09,21:38:21.849,2026-09-09T21:38:21.849,3.751165829999991,0,0.0,4.008964000149717,28.963359000044875,2.0,4750.11328125,10.0,1254.125
yolo11n.pt,4,vertical,114,2026-09-09,21:38:21.885,2026-09-09T21:38:21.885,3.7871623319997525,0,0.0,4.037374000290583,33.07141300001604,3.4,4750.11328125,10.0,1254.125
yolo11n.pt,4,vertical,115,2026-09-09,21:38:21.918,2026-09-09T21:38:21.918,3.819231158999628,1,0.8612460494041443,4.3674730000020645,29.51036700005716,2.0,4750.11328125,10.0,1254.125
yolo11n.pt,4,vertical,116,2026-09-09,21:38:21.949,2026-09-09T21:38:21.949,3.8511282869999377,1,0.6790885329246521,4.2052740000144695,28.811508999751823,3.8,4750.11328125,10.0,1254.125
yolo11n.pt,4,vertical,117,2026-09-09,21:38:21.986,2026-09-09T21:38:21.986,3.887036899999657,1,0.6079107522964478,4.341302999819163,33.0624030002582,3.5,4750.11328125,10.0,1254.125
yolo11n.pt,4,vertical,118,2026-09-09,21:38:22.017,2026-09-09T21:38:22.017,3.9188943579997613,1,0.7160902619361877,4.288422999707109,28.87922999980219,2.0,4750.11328125,10.0,1254.125
yolo11n.pt,4,vertical,119,2026-09-09,21:38:22.050,2026-09-09T21:38:22.050,3.951171093999619,1,0.5495703220367432,4.207504000078188,29.282616999807942,2.0,4750.11328125,10.0,1254.125
yolo11n.pt,4,vertical,120,2026-09-09,21:38:22.085,2026-09-09T21:38:22.085,3.98714330599978,1,0.4394727349281311,4.193323999970744,33.01229399994554,1.8,4750.11328125,10.0,1254.125
yolo11n.pt,4,vertical,121,2026-09-09,21:38:22.117,2026-09-09T21:38:22.117,4.018901154999639,0,0.0,4.07846400003109,28.53122100032124,3.9,4750.11328125,10.0,1254.125
yolo11n.pt,4,vertical,122,2026-09-09,21:38:22.154,2026-09-09T21:38:22.154,4.055149595999865,1,0.6972456574440002,4.202684000119916,33.49364100040475,1.8,4750.11328125,10.0,1254.125
yolo11n.pt,4,vertical,123,2026-09-09,21:38:22.185,2026-09-09T21:38:22.185,4.0870411139999305,1,0.7684052586555481,4.231884000091668,28.810198999963177,2.0,4750.11328125,10.0,1254.125
yolo11n.pt,4,vertical,124,2026-09-09,21:38:22.217,2026-09-09T21:38:22.217,4.119140451000021,1,0.5485676527023315,4.199594000056095,29.027948000020842,3.9,4750.11328125,10.0,1254.125
yolo11n.pt,4,vertical,125,2026-09-09,21:38:22.253,2026-09-09T21:38:22.253,4.154986123999606,0,0.0,4.06680400010373,32.62274500002604,1.8,4750.11328125,10.0,1254.125
yolo11n.pt,4,vertical,126,2026-09-09,21:38:22.285,2026-09-09T21:38:22.285,4.187082730999919,0,0.0,4.041463999783446,29.1132679999464,5.7,4750.11328125,10.0,1254.125
yolo11n.pt,4,vertical,127,2026-09-09,21:38:22.313,2026-09-09T21:38:22.313,4.214921343999777,0,0.0,4.072414999882312,24.807294999845908,0.0,4750.11328125,10.0,1254.125
yolo11n.pt,4,vertical,128,2026-09-09,21:38:22.353,2026-09-09T21:38:22.353,4.2548258019996865,1,0.16975411772727966,4.265433000000485,37.38618699981089,3.1,4750.11328125,10.0,1254.125
yolo11n.pt,4,vertical,129,2026-09-09,21:38:22.385,2026-09-09T21:38:22.385,4.287126887999875,0,0.0,4.007515000012063,29.00530900024023,2.0,4750.11328125,10.0,1254.125
yolo11n.pt,4,vertical,130,2026-09-09,21:38:22.417,2026-09-09T21:38:22.417,4.3189271459996235,0,0.0,4.077994999988732,28.92284999961703,3.8,4750.11328125,10.0,1254.125
yolo11n.pt,4,vertical,131,2026-09-09,21:38:22.453,2026-09-09T21:38:22.453,4.3550662179995925,0,0.0,4.043314000227838,33.09924300037892,1.8,4750.109375,10.0,1254.125
yolo11n.pt,4,vertical,132,2026-09-09,21:38:22.485,2026-09-09T21:38:22.485,4.387013216000014,1,0.20385050773620605,4.237212999669282,29.18223799997577,2.0,4750.3515625,10.0,1254.125
yolo11n.pt,4,vertical,133,2026-09-09,21:38:22.518,2026-09-09T21:38:22.518,4.419231851999939,1,0.21809296309947968,4.20966399997269,29.119328999968275,3.9,4750.3515625,10.0,1254.125
yolo11n.pt,4,vertical,134,2026-09-09,21:38:22.553,2026-09-09T21:38:22.553,4.455012064999664,0,0.0,4.105224999875645,32.607266000013624,3.4,4750.375,10.0,1254.125
yolo11n.pt,4,vertical,135,2026-09-09,21:38:22.585,2026-09-09T21:38:22.585,4.486786663999737,1,0.33610138297080994,4.235183000218967,29.129559000011795,3.9,4750.375,10.0,1254.125
yolo11n.pt,4,vertical,136,2026-09-09,21:38:22.617,2026-09-09T21:38:22.617,4.519091879999905,1,0.6497334241867065,4.208093999750417,29.239397999845096,2.0,4750.12890625,10.0,1254.125
yolo11n.pt,4,vertical,137,2026-09-09,21:38:22.653,2026-09-09T21:38:22.653,4.555065161999664,1,0.22574731707572937,4.246104000230844,33.05162400010886,1.8,4750.12890625,10.0,1254.125
yolo11n.pt,4,vertical,138,2026-09-09,21:38:22.685,2026-09-09T21:38:22.685,4.587016339999991,1,0.5428805947303772,4.3027729998357245,29.062918999898102,2.0,4750.12890625,10.0,1254.125
yolo11n.pt,4,vertical,139,2026-09-09,21:38:22.717,2026-09-09T21:38:22.717,4.618991186999665,1,0.7382083535194397,4.311233999942488,29.0098189998389,2.0,4750.12890625,10.0,1254.125
yolo11n.pt,4,vertical,140,2026-09-09,21:38:22.753,2026-09-09T21:38:22.753,4.655026189999717,1,0.7199387550354004,4.296294000141643,33.10804300008385,5.2,4750.12890625,10.0,1254.125
yolo11n.pt,4,vertical,141,2026-09-09,21:38:22.786,2026-09-09T21:38:22.786,4.687191297000027,1,0.6731207370758057,4.308623999804695,29.2037980002533,3.9,4755.10546875,10.0,1258.4375
yolo11n.pt,4,vertical,142,2026-09-09,21:38:22.817,2026-09-09T21:38:22.817,4.719232273999751,0,0.0,4.083934000391309,28.72765000029176,3.9,4755.35546875,10.0,1258.4375
yolo11n.pt,4,vertical,143,2026-09-09,21:38:22.854,2026-09-09T21:38:22.854,4.755035136999595,1,0.40337038040161133,4.31130300012228,33.29671199981021,3.5,4755.6015625,10.0,1258.4375
yolo11n.pt,4,vertical,144,2026-09-09,21:38:22.886,2026-09-09T21:38:22.886,4.787215122999896,1,0.48280414938926697,4.294294000374066,29.09099899989087,2.0,4755.6015625,10.0,1258.4375
yolo11n.pt,4,vertical,145,2026-09-09,21:38:22.917,2026-09-09T21:38:22.917,4.8191907709997395,0,0.0,4.08357399965098,28.707179999855725,3.8,4755.6015625,10.0,1258.4375
yolo11n.pt,4,vertical,146,2026-09-09,21:38:22.953,2026-09-09T21:38:22.953,4.855053883999972,1,0.6855567097663879,4.2340429999967455,33.16824299963628,3.5,4755.6015625,10.0,1258.4375
yolo11n.pt,4,vertical,147,2026-09-09,21:38:22.985,2026-09-09T21:38:22.985,4.887123620999773,1,0.2756037414073944,4.184423999959108,29.085968999879697,2.0,4755.6015625,10.0,1258.4375
yolo11n.pt,4,vertical,148,2026-09-09,21:38:23.018,2026-09-09T21:38:23.018,4.919133098999737,1,0.7768113017082214,4.206264000004012,29.146218999812845,2.0,4755.6015625,10.0,1258.4375
yolo11n.pt,4,vertical,149,2026-09-09,21:38:23.053,2026-09-09T21:38:23.053,4.955126750999625,1,0.6813463568687439,4.183873999863863,32.94307400028629,1.8,4755.6015625,10.0,1258.4375
yolo11n.pt,4,vertical,150,2026-09-09,21:38:23.085,2026-09-09T21:38:23.085,4.987176107999858,1,0.21329762041568756,4.161973999998736,29.011098999944807,5.7,4755.6015625,10.0,1258.4375
yolo11n.pt,4,vertical,151,2026-09-09,21:38:23.117,2026-09-09T21:38:23.117,5.019114735999665,0,0.0,4.0225239999927,28.64614000009169,2.0,4755.6015625,10.0,1258.4375
yolo11n.pt,4,vertical,152,2026-09-09,21:38:23.153,2026-09-09T21:38:23.153,5.05505502799997,1,0.7476192116737366,4.214844000216544,33.19047300010425,1.8,4755.6015625,10.0,1258.4375
yolo11n.pt,4,vertical,153,2026-09-09,21:38:23.185,2026-09-09T21:38:23.185,5.087092885999937,0,0.0,4.094935000011901,28.86919000002308,3.9,4755.6015625,10.0,1258.4375
yolo11n.pt,4,vertical,154,2026-09-09,21:38:23.218,2026-09-09T21:38:23.218,5.119198732999848,1,0.6591110229492188,4.339603000062198,29.492177000065567,1.9,4755.6015625,10.0,1258.4375
yolo11n.pt,4,vertical,155,2026-09-09,21:38:23.253,2026-09-09T21:38:23.253,5.154992225999649,0,0.0,4.053853999721468,32.46233600020787,1.8,4755.6015625,10.0,1258.4375
yolo11n.pt,4,vertical,156,2026-09-09,21:38:23.285,2026-09-09T21:38:23.285,5.186953982999967,1,0.6014308333396912,4.250964000220847,29.291598000327213,3.9,4755.6015625,10.0,1258.4375
yolo11n.pt,4,vertical,157,2026-09-09,21:38:23.318,2026-09-09T21:38:23.318,5.219223299999612,1,0.6002013683319092,4.207754000162822,29.164487999878475,2.0,4755.6015625,10.0,1258.4375
yolo11n.pt,4,vertical,158,2026-09-09,21:38:23.353,2026-09-09T21:38:23.353,5.255175561999749,0,0.0,3.9772750001247914,32.56553600022016,3.4,4755.6015625,10.0,1258.4375
yolo11n.pt,4,vertical,159,2026-09-09,21:38:23.385,2026-09-09T21:38:23.385,5.287163719999626,1,0.6671934127807617,4.167434000009962,29.32076800016148,2.0,4755.6015625,10.0,1258.4375
yolo11n.pt,4,vertical,160,2026-09-09,21:38:23.417,2026-09-09T21:38:23.417,5.319001287999981,1,0.400125652551651,4.240914000092744,28.911048999816558,2.0,4755.6015625,10.0,1258.4375
yolo11n.pt,4,vertical,161,2026-09-09,21:38:23.453,2026-09-09T21:38:23.453,5.35518564899985,0,0.0,4.13119499989989,33.0081639999662,3.4,4755.6015625,10.0,1258.4375
yolo11n.pt,4,vertical,162,2026-09-09,21:38:23.485,2026-09-09T21:38:23.485,5.387194666999676,0,0.0,4.09092400013833,28.992998999910924,3.9,4755.6015625,10.0,1258.4375
yolo11n.pt,4,vertical,163,2026-09-09,21:38:23.521,2026-09-09T21:38:23.521,5.423151458999655,0,0.0,3.9761950001775404,32.89592399960384,1.8,4755.6015625,10.0,1258.4375
yolo11n.pt,4,vertical,164,2026-09-09,21:38:23.554,2026-09-09T21:38:23.554,5.455182455999875,1,0.15367142856121063,4.151864000050409,29.37323700007255,2.0,4755.6015625,10.0,1258.4375
yolo11n.pt,4,vertical,165,2026-09-09,21:38:23.585,2026-09-09T21:38:23.585,5.487075023999751,0,0.0,4.033385000184353,28.626441000142222,2.0,4755.02734375,10.0,1258.4375
yolo11n.pt,4,vertical,166,2026-09-09,21:38:23.622,2026-09-09T21:38:23.622,5.523133845999837,1,0.3619772791862488,4.2104839999410615,33.27874300020994,3.4,4754.78125,10.0,1258.4375
yolo11n.pt,4,vertical,167,2026-09-09,21:38:23.654,2026-09-09T21:38:23.654,5.555042963999767,1,0.5537741780281067,4.28849399986575,28.957279000223934,3.8,4754.78125,10.0,1258.4375
yolo11n.pt,4,vertical,168,2026-09-09,21:38:23.685,2026-09-09T21:38:23.685,5.587080170999798,0,0.0,4.0673849998711376,28.55497100017601,2.0,4754.78125,10.0,1258.4375
yolo11n.pt,4,vertical,169,2026-09-09,21:38:23.721,2026-09-09T21:38:23.721,5.622993543999655,0,0.0,4.00996500002293,32.82179500001803,1.8,4755.0234375,10.0,1258.4375
yolo11n.pt,4,vertical,170,2026-09-09,21:38:23.753,2026-09-09T21:38:23.753,5.655008532000011,1,0.15641698241233826,4.277043000001868,29.38810800014835,5.6,4755.265625,10.0,1258.4375
yolo11n.pt,4,vertical,171,2026-09-09,21:38:23.785,2026-09-09T21:38:23.785,5.686853719999817,1,0.32521700859069824,4.227422999974806,28.79568999969706,2.0,4755.265625,10.0,1258.4375
yolo11n.pt,4,vertical,172,2026-09-09,21:38:23.821,2026-09-09T21:38:23.821,5.723031610999897,0,0.0,4.079993999766884,32.85394400018049,1.8,4755.265625,10.0,1258.4375
yolo11n.pt,4,vertical,173,2026-09-09,21:38:23.854,2026-09-09T21:38:23.854,5.755222307999702,1,0.1683259904384613,4.244803999881697,29.407516999981453,3.8,4755.265625,10.0,1258.4375
yolo11n.pt,4,vertical,174,2026-09-09,21:38:23.886,2026-09-09T21:38:23.886,5.7871258860000125,1,0.40054693818092346,4.246683000019402,28.761260000010225,2.0,4755.265625,10.0,1258.4375
yolo11n.pt,4,vertical,175,2026-09-09,21:38:23.922,2026-09-09T21:38:23.922,5.823161647999768,1,0.34828680753707886,4.181874000096286,32.969153999601986,3.4,4755.265625,10.0,1258.4375
yolo11n.pt,4,vertical,176,2026-09-09,21:38:23.954,2026-09-09T21:38:23.954,5.8551240249998955,1,0.6084195971488953,4.292284000257496,28.946299999915936,5.8,4755.265625,10.0,1258.4375
yolo11n.pt,4,vertical,177,2026-09-09,21:38:23.985,2026-09-09T21:38:23.985,5.8870929929998965,0,0.0,4.040384999825619,28.5236309996435,4.0,4755.265625,10.0,1258.4375
yolo11n.pt,4,vertical,178,2026-09-09,21:38:24.021,2026-09-09T21:38:24.021,5.922842985999978,1,0.5192901492118835,4.26439400007439,32.97946300017429,3.4,4755.265625,10.0,1258.4375
yolo11n.pt,4,vertical,179,2026-09-09,21:38:24.054,2026-09-09T21:38:24.054,5.955257141999937,1,0.708922266960144,4.226913999900717,29.317786999854434,2.0,4755.265625,10.0,1258.4375
yolo11n.pt,4,vertical,180,2026-09-09,21:38:24.085,2026-09-09T21:38:24.085,5.987127330000021,1,0.657476544380188,4.219504000047891,28.950389999863546,3.9,4755.265625,10.0,1258.4375
yolo11n.pt,4,vertical,181,2026-09-09,21:38:24.121,2026-09-09T21:38:24.121,6.022936262999792,1,0.16880662739276886,4.231593999975303,32.85189400003219,3.4,4755.265625,10.0,1258.4375
yolo11n.pt,4,vertical,182,2026-09-09,21:38:24.153,2026-09-09T21:38:24.153,6.054957059999651,1,0.3398225009441376,4.3427239997981815,29.189147999659326,2.0,4755.5078125,10.0,1258.4375
yolo11n.pt,4,vertical,183,2026-09-09,21:38:24.185,2026-09-09T21:38:24.185,6.086975107999933,1,0.6277542114257812,4.286373000013555,28.940328999851772,3.9,4755.2421875,10.0,1258.4375
yolo11n.pt,4,vertical,184,2026-09-09,21:38:24.221,2026-09-09T21:38:24.221,6.1230196599999545,1,0.5335816740989685,4.291773000204557,32.984363999730704,1.8,4755.2421875,10.0,1258.4375
yolo11n.pt,4,vertical,185,2026-09-09,21:38:24.253,2026-09-09T21:38:24.253,6.155084987000009,0,0.0,4.119723999792768,28.759849999914877,2.0,4755.2421875,10.0,1258.4375
yolo11n.pt,4,vertical,186,2026-09-09,21:38:24.285,2026-09-09T21:38:24.285,6.18712330399967,0,0.0,4.091025000434456,29.049869000118633,5.8,4755.2421875,10.0,1258.4375
yolo11n.pt,4,vertical,187,2026-09-09,21:38:24.321,2026-09-09T21:38:24.321,6.223096786999577,1,0.38710570335388184,4.19826400002421,33.09995300014634,1.8,4755.2421875,10.0,1258.4375
yolo11n.pt,4,vertical,188,2026-09-09,21:38:24.354,2026-09-09T21:38:24.354,6.255227073999777,1,0.5400105714797974,4.211254000438203,29.062818000056723,2.0,4755.2421875,10.0,1258.4375
yolo11n.pt,4,vertical,189,2026-09-09,21:38:24.386,2026-09-09T21:38:24.386,6.2872088809999696,1,0.49515074491500854,4.217883999899641,29.017788999681216,2.0,4755.2421875,10.0,1258.4375
yolo11n.pt,4,vertical,190,2026-09-09,21:38:24.422,2026-09-09T21:38:24.422,6.323185293999813,1,0.46363258361816406,4.16850399960822,32.98452399985763,3.4,4755.2421875,10.0,1258.4375
yolo11n.pt,4,vertical,191,2026-09-09,21:38:24.454,2026-09-09T21:38:24.454,6.3552729009998075,1,0.36008942127227783,4.225524000048608,29.137358000298264,2.0,4755.2421875,10.0,1258.4375
yolo11n.pt,4,vertical,192,2026-09-09,21:38:24.485,2026-09-09T21:38:24.485,6.387173968999832,1,0.5246427655220032,4.146023999965109,28.904909000175394,2.0,4755.484375,10.0,1258.4375
yolo11n.pt,4,vertical,193,2026-09-09,21:38:24.522,2026-09-09T21:38:24.522,6.423193690999597,1,0.45962396264076233,4.255963000105112,33.145162999971944,5.2,4754.7734375,10.0,1258.375
yolo11n.pt,4,vertical,194,2026-09-09,21:38:24.553,2026-09-09T21:38:24.553,6.455177347999779,1,0.5465193390846252,4.1392339999219985,28.925878999871202,2.0,4754.41796875,10.0,1258.375
yolo11n.pt,4,vertical,195,2026-09-09,21:38:24.586,2026-09-09T21:38:24.586,6.487235245999727,1,0.38566136360168457,4.217423000227427,29.131789000075514,2.0,4754.1875,10.0,1258.375
yolo11n.pt,4,vertical,196,2026-09-09,21:38:24.621,2026-09-09T21:38:24.621,6.523076657999809,1,0.5561543107032776,4.200614000183123,32.84537499985163,1.8,4754.1875,11.0,1258.375
yolo11n.pt,4,vertical,197,2026-09-09,21:38:24.653,2026-09-09T21:38:24.653,6.555143265999959,1,0.4165076017379761,4.167034000147396,28.962109000076453,5.7,4754.1875,11.0,1258.375
yolo11n.pt,4,vertical,198,2026-09-09,21:38:24.690,2026-09-09T21:38:24.690,6.591099117999875,1,0.5986247658729553,4.234773999996833,33.04324300006556,1.8,4754.1875,11.0,1258.375
yolo11n.pt,4,vertical,199,2026-09-09,21:38:24.721,2026-09-09T21:38:24.721,6.623078755999813,1,0.4952324628829956,4.209873000036168,28.913238999848545,2.0,4754.1875,11.0,1258.375
yolo11n.pt,4,vertical,200,2026-09-09,21:38:24.753,2026-09-09T21:38:24.753,6.655180222999661,0,0.0,4.067943999871204,28.855190000285802,3.9,4754.1875,11.0,1258.375
yolo11n.pt,4,vertical,201,2026-09-09,21:38:24.789,2026-09-09T21:38:24.789,6.691197964999901,0,0.0,4.062854000039806,32.982583999910275,1.8,4754.4140625,11.0,1257.5625
yolo11n.pt,4,vertical,202,2026-09-09,21:38:24.822,2026-09-09T21:38:24.822,6.723147171999699,1,0.40373674035072327,4.155725000146049,29.224167999927886,3.8,4754.4140625,11.0,1257.5625
yolo11n.pt,4,vertical,203,2026-09-09,21:38:24.853,2026-09-09T21:38:24.853,6.755019929999889,1,0.39077210426330566,4.23631400008162,28.822610000133864,3.9,4754.4140625,11.0,1257.5625
yolo11n.pt,4,vertical,204,2026-09-09,21:38:24.889,2026-09-09T21:38:24.889,6.790750683999704,0,0.0,4.079364000062924,32.50811599991721,3.5,4754.4140625,11.0,1257.5625
yolo11n.pt,4,vertical,205,2026-09-09,21:38:24.921,2026-09-09T21:38:24.921,6.822926960999666,1,0.17515678703784943,4.224794000037946,29.383988000063255,2.0,4754.4140625,11.0,1257.5625
yolo11n.pt,4,vertical,206,2026-09-09,21:38:24.953,2026-09-09T21:38:24.953,6.854871417999675,1,0.19125141203403473,4.266844000085257,28.999578999901132,3.8,4754.4140625,11.0,1257.5625
yolo11n.pt,4,vertical,207,2026-09-09,21:38:24.989,2026-09-09T21:38:24.989,6.89104006999969,0,0.0,4.204964000109612,32.91400399984923,1.8,4754.4140625,11.0,1257.5625
yolo11n.pt,4,vertical,208,2026-09-09,21:38:25.021,2026-09-09T21:38:25.021,6.923009867000019,1,0.5090557932853699,4.352594000010868,29.154208000363724,2.0,4754.4140625,11.0,1257.5625
yolo11n.pt,4,vertical,209,2026-09-09,21:38:25.053,2026-09-09T21:38:25.053,6.9550732349998725,0,0.0,4.102893999970547,28.625791000195022,5.9,4754.4140625,11.0,1257.5625
yolo11n.pt,4,vertical,210,2026-09-09,21:38:25.089,2026-09-09T21:38:25.089,6.991104166999776,1,0.28591468930244446,4.1715140000633255,33.15187299995159,1.8,4754.4140625,11.0,1257.5625
yolo11n.pt,4,vertical,211,2026-09-09,21:38:25.122,2026-09-09T21:38:25.122,7.023237943999902,1,0.6405429840087891,4.229792999922211,29.16402900018511,1.9,4754.4140625,10.0,1257.5625
yolo11n.pt,4,vertical,212,2026-09-09,21:38:25.154,2026-09-09T21:38:25.154,7.055156980999982,1,0.5781784057617188,4.187223999906564,28.76100999992559,2.0,4754.4140625,10.0,1257.5625
yolo11n.pt,4,vertical,213,2026-09-09,21:38:25.189,2026-09-09T21:38:25.189,7.091028043999813,1,0.5752285122871399,4.258133999883285,32.9926429999432,3.5,4754.4140625,10.0,1257.5625
yolo11n.pt,4,vertical,214,2026-09-09,21:38:25.221,2026-09-09T21:38:25.221,7.123009911999816,1,0.5616804957389832,4.272012999990693,29.055279000203882,2.0,4754.4140625,10.0,1257.5625
yolo11n.pt,4,vertical,215,2026-09-09,21:38:25.253,2026-09-09T21:38:25.253,7.155028788999971,1,0.8572897911071777,4.226173999995808,29.016419000072347,3.8,4754.4140625,10.0,1257.5625
yolo11n.pt,4,vertical,216,2026-09-09,21:38:25.289,2026-09-09T21:38:25.289,7.191180880999582,1,0.6427590847015381,4.138813999816193,32.998322999901575,1.8,4754.4140625,10.0,1257.5625
yolo11n.pt,4,vertical,217,2026-09-09,21:38:25.321,2026-09-09T21:38:25.321,7.222957168999983,1,0.24643929302692413,4.281133999938902,28.74259999998685,2.0,4754.4140625,10.0,1257.5625
yolo11n.pt,4,vertical,218,2026-09-09,21:38:25.353,2026-09-09T21:38:25.353,7.2551594159999695,1,0.5480053424835205,4.173853999873245,29.11733800010552,3.9,4754.65625,10.0,1257.5625
yolo11n.pt,4,vertical,219,2026-09-09,21:38:25.389,2026-09-09T21:38:25.389,7.291093207999893,1,0.2302764505147934,4.217203999814956,32.77249499979007,3.4,4754.65625,10.0,1257.5625
yolo11n.pt,4,vertical,220,2026-09-09,21:38:25.421,2026-09-09T21:38:25.421,7.323149225999714,0,0.0,3.987474000041402,28.689740000118036,3.9,4754.65625,10.0,1257.5625
yolo11n.pt,4,vertical,221,2026-09-09,21:38:25.454,2026-09-09T21:38:25.454,7.355195332999756,1,0.677944540977478,4.24066400000811,29.37180700018871,1.9,4754.65625,10.0,1257.5625
yolo11n.pt,4,vertical,222,2026-09-09,21:38:25.489,2026-09-09T21:38:25.489,7.391229494999607,0,0.0,4.0807640002640255,32.80052399986744,1.8,4754.8984375,10.0,1257.5625
yolo11n.pt,4,vertical,223,2026-09-09,21:38:25.521,2026-09-09T21:38:25.521,7.423134402999949,1,0.7271838188171387,4.18113399973663,29.126817999895138,3.8,4754.8984375,10.0,1257.5625
yolo11n.pt,4,vertical,224,2026-09-09,21:38:25.554,2026-09-09T21:38:25.554,7.455133349999869,1,0.2039700150489807,4.311163999773271,29.021328999988327,2.0,4754.00390625,10.0,1257.5625
yolo11n.pt,4,vertical,225,2026-09-09,21:38:25.590,2026-09-09T21:38:25.590,7.491231451999738,1,0.760545015335083,4.244394000124885,32.97684300014225,1.8,4753.44140625,10.0,1257.5625
yolo11n.pt,4,vertical,226,2026-09-09,21:38:25.621,2026-09-09T21:38:25.621,7.523169209999651,1,0.5929794311523438,4.1661840000415395,28.845328999977937,2.0,4753.44140625,10.0,1257.5625
yolo11n.pt,4,vertical,227,2026-09-09,21:38:25.653,2026-09-09T21:38:25.653,7.555042927999693,1,0.1528586745262146,4.279723000308877,28.951869000138686,5.7,4753.44140625,10.0,1257.5625
yolo11n.pt,4,vertical,228,2026-09-09,21:38:25.689,2026-09-09T21:38:25.689,7.590886790999775,0,0.0,4.046015000312764,32.56784499990317,1.8,4753.44140625,10.0,1257.5625
yolo11n.pt,4,vertical,229,2026-09-09,21:38:25.721,2026-09-09T21:38:25.721,7.622898507999707,0,0.0,4.0531950003241946,29.029399000137346,2.0,4753.44140625,10.0,1257.5625
yolo11n.pt,4,vertical,230,2026-09-09,21:38:25.754,2026-09-09T21:38:25.754,7.655282743999578,1,0.3240053653717041,4.226603999995859,29.692217000047094,5.7,4753.44140625,10.0,1257.5625
yolo11n.pt,4,vertical,231,2026-09-09,21:38:25.789,2026-09-09T21:38:25.789,7.69114635699998,1,0.600739061832428,4.1729640001904045,32.86558400031936,1.8,4750.28515625,10.0,1256.625
yolo11n.pt,4,vertical,232,2026-09-09,21:38:25.822,2026-09-09T21:38:25.822,7.723116923999896,1,0.7528117299079895,4.275593999864213,29.05458900022495,3.8,4750.28515625,10.0,1256.625
yolo11n.pt,4,vertical,233,2026-09-09,21:38:25.853,2026-09-09T21:38:25.853,7.755049231999692,1,0.17569242417812347,4.294173999824125,28.976838999824395,4.0,4750.51953125,10.0,1256.625
yolo11n.pt,4,vertical,234,2026-09-09,21:38:25.889,2026-09-09T21:38:25.889,7.7909680049997405,1,0.7536017894744873,4.240902999754326,32.89816400001655,3.4,4750.51953125,10.0,1256.625
yolo11n.pt,4,vertical,235,2026-09-09,21:38:25.921,2026-09-09T21:38:25.921,7.822939171999678,1,0.5735608339309692,4.247243999998318,28.927029999977094,2.0,4750.51953125,10.0,1256.625
yolo11n.pt,4,vertical,236,2026-09-09,21:38:25.954,2026-09-09T21:38:25.954,7.855172698999922,1,0.34400904178619385,4.171204000158468,29.102938000050926,3.9,4750.51953125,10.0,1256.625
yolo11n.pt,4,vertical,237,2026-09-09,21:38:25.989,2026-09-09T21:38:25.989,7.89090403199998,1,0.7132394909858704,4.300324000269029,32.78080400014005,1.8,4750.51953125,10.0,1256.625
yolo11n.pt,4,vertical,238,2026-09-09,21:38:26.021,2026-09-09T21:38:26.021,7.922722139999678,1,0.4195062816143036,4.265763999683259,28.880879000098503,3.9,4750.51953125,10.0,1256.625
yolo11n.pt,4,vertical,239,2026-09-09,21:38:26.057,2026-09-09T21:38:26.057,7.958930961999613,1,0.6935510039329529,4.259573000126693,33.213473000159865,1.8,4750.51953125,10.0,1256.625
yolo11n.pt,4,vertical,240,2026-09-09,21:38:26.089,2026-09-09T21:38:26.089,7.991020448999734,1,0.6962250471115112,4.240023999955156,29.036229000212188,3.8,4750.51953125,10.0,1256.625
yolo11n.pt,4,vertical,241,2026-09-09,21:38:26.121,2026-09-09T21:38:26.121,8.022930066999834,1,0.5696567296981812,4.301233000205684,28.812640000069223,2.0,4750.51953125,10.0,1256.625
yolo11n.pt,4,vertical,242,2026-09-09,21:38:26.157,2026-09-09T21:38:26.157,8.058865318999779,0,0.0,4.0550140001869295,32.49614500009557,1.8,4750.51953125,10.0,1256.625
yolo11n.pt,4,vertical,243,2026-09-09,21:38:26.189,2026-09-09T21:38:26.189,8.090886666999722,0,0.0,4.057633999764221,29.004019000240078,3.9,4750.75390625,10.0,1256.625
yolo11n.pt,4,vertical,244,2026-09-09,21:38:26.221,2026-09-09T21:38:26.221,8.122887473999981,0,0.0,4.049305000080494,29.030139000042254,2.0,4750.75390625,10.0,1256.625
yolo11n.pt,4,vertical,245,2026-09-09,21:38:26.257,2026-09-09T21:38:26.257,8.158914615999947,0,0.0,4.135883999879297,33.13690300001326,1.8,4750.75390625,10.0,1256.625
yolo11n.pt,4,vertical,246,2026-09-09,21:38:26.289,2026-09-09T21:38:26.289,8.190778683999724,1,0.2802441716194153,4.298993999782397,29.166567999709514,5.7,4750.75390625,10.0,1256.625
yolo11n.pt,4,vertical,247,2026-09-09,21:38:26.321,2026-09-09T21:38:26.321,8.222934320999684,1,0.43464523553848267,4.296943000099418,29.191507999712485,2.0,4750.75390625,10.0,1256.625
yolo11n.pt,4,vertical,248,2026-09-09,21:38:26.357,2026-09-09T21:38:26.357,8.25897968299978,1,0.18011735379695892,4.237274000388425,33.006473000114056,3.4,4750.75390625,10.0,1256.625
yolo11n.pt,4,vertical,249,2026-09-09,21:38:26.389,2026-09-09T21:38:26.389,8.29100352999967,1,0.3684398829936981,4.244704000029742,29.076498999984324,2.0,4750.75390625,10.0,1256.625
yolo11n.pt,4,vertical,250,2026-09-09,21:38:26.421,2026-09-09T21:38:26.421,8.322997357999611,1,0.3675650954246521,4.231483999774355,29.065188999993552,5.7,4750.75390625,10.0,1256.625
yolo11n.pt,4,vertical,251,2026-09-09,21:38:26.457,2026-09-09T21:38:26.457,8.35881929099969,0,0.0,4.0586340001027565,32.37372600005983,1.8,4750.3984375,10.0,1256.625
yolo11n.pt,4,vertical,252,2026-09-09,21:38:26.489,2026-09-09T21:38:26.489,8.390957747999892,1,0.6846065521240234,4.2523130000517995,29.388866999852326,2.0,4750.3984375,10.0,1256.625
yolo11n.pt,4,vertical,253,2026-09-09,21:38:26.517,2026-09-09T21:38:26.517,8.418931410999903,1,0.6846065521240234,4.259153000020888,25.020673999733845,4.3,4750.3984375,10.0,1256.625
yolo11n.pt,4,vertical,254,2026-09-09,21:38:26.557,2026-09-09T21:38:26.557,8.459029486999952,1,0.6675488948822021,4.265963999841915,37.31910800024707,1.6,4750.640625,10.0,1256.625
yolo11n.pt,4,vertical,255,2026-09-09,21:38:26.589,2026-09-09T21:38:26.589,8.490993294999953,1,0.6450430154800415,4.250453999702586,28.960009000002174,3.8,4747.94921875,10.0,1256.625
yolo11n.pt,4,vertical,256,2026-09-09,21:38:26.621,2026-09-09T21:38:26.621,8.522949621999942,1,0.8132749199867249,4.274244000043836,29.01945900021019,3.9,4747.91015625,9.0,1256.625
yolo11n.pt,4,vertical,257,2026-09-09,21:38:26.657,2026-09-09T21:38:26.657,8.558996293999826,1,0.3213326930999756,4.248253999776352,33.025584000370145,1.7,4747.6640625,9.0,1256.625
yolo11n.pt,4,vertical,258,2026-09-09,21:38:26.689,2026-09-09T21:38:26.689,8.590998481999577,1,0.6583409309387207,4.266682999968907,29.079297999942355,2.0,4747.609375,9.0,1256.625
yolo11n.pt,4,vertical,259,2026-09-09,21:38:26.721,2026-09-09T21:38:26.721,8.623003748999963,1,0.5413690805435181,4.241223999997601,28.961239000182104,5.8,4747.609375,9.0,1256.625
yolo11n.pt,4,vertical,260,2026-09-09,21:38:26.757,2026-09-09T21:38:26.757,8.659010502000001,1,0.8396739363670349,4.264823000085016,32.99122399994303,1.7,4747.609375,9.0,1256.625
yolo11n.pt,4,vertical,261,2026-09-09,21:38:26.789,2026-09-09T21:38:26.789,8.690955908999968,1,0.8192008137702942,4.231844000059937,28.894600000057835,2.0,4747.609375,9.0,1256.625
yolo11n.pt,4,vertical,262,2026-09-09,21:38:26.821,2026-09-09T21:38:26.821,8.723035576999791,0,0.0,4.041753999899811,28.68904000024486,3.9,4747.609375,9.0,1256.625
yolo11n.pt,4,vertical,263,2026-09-09,21:38:26.857,2026-09-09T21:38:26.857,8.758698639999693,0,0.0,4.055774000335077,32.58927499973652,3.6,4747.8515625,9.0,1256.625
yolo11n.pt,4,vertical,264,2026-09-09,21:38:26.889,2026-09-09T21:38:26.889,8.791033905999939,0,0.0,4.080834999967919,29.345458000079816,5.6,4748.2109375,9.0,1256.625
yolo11n.pt,4,vertical,265,2026-09-09,21:38:26.922,2026-09-09T21:38:26.922,8.823271272999591,1,0.6982005834579468,4.22257400032322,29.562706999968213,2.0,4748.2109375,9.0,1256.625
yolo11n.pt,4,vertical,266,2026-09-09,21:38:26.957,2026-09-09T21:38:26.957,8.858980655999858,1,0.4644961357116699,4.260644000169123,32.71585399988908,3.5,4747.96484375,9.0,1256.625
yolo11n.pt,4,vertical,267,2026-09-09,21:38:26.989,2026-09-09T21:38:26.989,8.890985703999831,1,0.6290038228034973,4.243023000071844,29.01560899999822,2.0,4747.96484375,9.0,1256.625
yolo11n.pt,4,vertical,268,2026-09-09,21:38:27.021,2026-09-09T21:38:27.021,8.922864681999727,0,0.0,4.038384000068618,28.589320999799384,3.9,4747.71875,9.0,1256.625
yolo11n.pt,4,vertical,269,2026-09-09,21:38:27.057,2026-09-09T21:38:27.057,8.95887931399966,1,0.7142465114593506,4.252492999967217,33.366621999903145,1.7,4747.71875,9.0,1256.625
yolo11n.pt,4,vertical,270,2026-09-09,21:38:27.089,2026-09-09T21:38:27.089,8.991090709999753,1,0.7322937250137329,4.202274000363104,29.1756289998375,3.9,4747.71875,9.0,1256.625
yolo11n.pt,4,vertical,271,2026-09-09,21:38:27.121,2026-09-09T21:38:27.121,9.02281234899965,1,0.7636818885803223,4.260123999756615,28.76286999980948,2.0,4747.71875,10.0,1256.625
yolo11n.pt,4,vertical,272,2026-09-09,21:38:27.157,2026-09-09T21:38:27.157,9.058931431000019,1,0.6746169924736023,4.245072999765398,33.15668300001562,1.8,4747.9609375,10.0,1256.625
yolo11n.pt,4,vertical,273,2026-09-09,21:38:27.189,2026-09-09T21:38:27.189,9.090998987999683,1,0.5580638647079468,4.229743999985658,29.102338000029704,5.7,4747.9609375,10.0,1256.625
yolo11n.pt,4,vertical,274,2026-09-09,21:38:27.221,2026-09-09T21:38:27.221,9.12297119599998,1,0.29895684123039246,4.257954000422615,29.045168999800808,2.0,4747.9609375,10.0,1256.625
yolo11n.pt,4,vertical,275,2026-09-09,21:38:27.258,2026-09-09T21:38:27.258,9.15893284799995,1,0.3475894331932068,4.311462999794458,32.8719839999394,3.4,4747.9609375,10.0,1256.625
yolo11n.pt,4,vertical,276,2026-09-09,21:38:27.289,2026-09-09T21:38:27.289,9.190888344999621,1,0.5501922369003296,4.234003999954439,28.67768000032811,2.0,4747.9609375,10.0,1256.625
yolo11n.pt,4,vertical,277,2026-09-09,21:38:27.325,2026-09-09T21:38:27.325,9.226908407999872,0,0.0,4.120665000300505,32.8553340000326,1.8,4747.9609375,10.0,1256.625
yolo11n.pt,4,vertical,278,2026-09-09,21:38:27.358,2026-09-09T21:38:27.358,9.259084984999845,1,0.7534540891647339,4.336783999860927,29.517767000015738,5.7,4747.9609375,10.0,1256.625
yolo11n.pt,4,vertical,279,2026-09-09,21:38:27.389,2026-09-09T21:38:27.389,9.29107506199989,1,0.5731502771377563,4.2893639997600985,28.705430000172782,2.0,4747.9609375,10.0,1256.625
yolo11n.pt,4,vertical,280,2026-09-09,21:38:27.425,2026-09-09T21:38:27.425,9.32670073600002,0,0.0,4.099134000171034,32.31525599994711,1.8,4747.9609375,10.0,1256.625
yolo11n.pt,4,vertical,281,2026-09-09,21:38:27.457,2026-09-09T21:38:27.457,9.358776012999897,1,0.1822711080312729,4.214944000068499,29.356417000144575,1.9,4747.9609375,10.0,1256.625
yolo11n.pt,4,vertical,282,2026-09-09,21:38:27.485,2026-09-09T21:38:27.485,9.386959544999627,1,0.1822711080312729,4.351202999714587,25.25770400006877,4.3,4747.9609375,10.0,1256.625
yolo11n.pt,4,vertical,283,2026-09-09,21:38:27.525,2026-09-09T21:38:27.525,9.42686342199977,0,0.0,4.058453999732592,36.76947900021332,1.6,4747.9609375,10.0,1256.625
yolo11n.pt,4,vertical,284,2026-09-09,21:38:27.557,2026-09-09T21:38:27.557,9.458908948999579,0,0.0,4.12898500007941,29.12111899968295,3.9,4744.5703125,10.0,1256.625
yolo11n.pt,4,vertical,285,2026-09-09,21:38:27.589,2026-09-09T21:38:27.589,9.49098445699974,1,0.48402994871139526,4.249143000379263,29.383257000063168,5.7,4744.5703125,10.0,1256.625
yolo11n.pt,4,vertical,286,2026-09-09,21:38:27.626,2026-09-09T21:38:27.626,9.527193147999697,1,0.3510967791080475,4.25368400010484,33.32787199997256,1.7,4744.203125,9.0,1256.625
yolo11n.pt,4,vertical,287,2026-09-09,21:38:27.658,2026-09-09T21:38:27.658,9.559111075999681,1,0.3536202013492584,4.480533000332798,29.11047800034794,3.9,4744.1953125,9.0,1256.625
yolo11n.pt,4,vertical,288,2026-09-09,21:38:27.689,2026-09-09T21:38:27.689,9.591109992999918,0,0.0,4.0432350001538,28.49975099979929,2.0,4743.94921875,9.0,1256.625
yolo11n.pt,4,vertical,289,2026-09-09,21:38:27.725,2026-09-09T21:38:27.725,9.626853106999988,1,0.3912353217601776,4.2521830000623595,33.0965240000296,3.5,4744.19140625,9.0,1256.625
yolo11n.pt,4,vertical,290,2026-09-09,21:38:27.757,2026-09-09T21:38:27.757,9.659002572999725,1,0.5557994842529297,4.286544000024151,29.213279000032344,2.0,4744.19140625,9.0,1256.625
yolo11n.pt,4,vertical,291,2026-09-09,21:38:27.789,2026-09-09T21:38:27.789,9.690911250999761,1,0.6708071231842041,4.220383999836486,28.88842999982444,3.8,4743.9453125,9.0,1256.625
yolo11n.pt,4,vertical,292,2026-09-09,21:38:27.826,2026-09-09T21:38:27.826,9.726953912999761,1,0.2011810541152954,4.432942999756051,33.19473299961828,3.4,4743.9453125,9.0,1256.625
yolo11n.pt,4,vertical,293,2026-09-09,21:38:27.857,2026-09-09T21:38:27.857,9.759095739999793,1,0.7232541441917419,4.233754000324552,28.959220000160713,2.0,4743.9453125,9.0,1256.625
yolo11n.pt,4,vertical,294,2026-09-09,21:38:27.890,2026-09-09T21:38:27.890,9.791462565999609,1,0.6845380067825317,4.276283999843145,29.39295799978936,3.8,4743.9453125,9.0,1256.625
yolo11n.pt,4,vertical,295,2026-09-09,21:38:27.926,2026-09-09T21:38:27.926,9.827022469999974,1,0.7226317524909973,4.31326399984755,32.61870500000441,1.8,4743.9453125,9.0,1256.625
yolo11n.pt,4,vertical,296,2026-09-09,21:38:27.957,2026-09-09T21:38:27.957,9.858889057999932,0,0.0,4.174463999788713,28.51320099989607,3.9,4743.9453125,9.0,1256.625
yolo11n.pt,4,vertical,297,2026-09-09,21:38:27.989,2026-09-09T21:38:27.989,9.89095095599987,1,0.8703381419181824,4.242482999870845,29.287037999893073,3.9,4743.9453125,9.0,1256.625
yolo11n.pt,4,vertical,298,2026-09-09,21:38:28.025,2026-09-09T21:38:28.025,9.926880277999771,0,0.0,4.046584999741754,32.73071400008121,1.8,4743.9453125,9.0,1256.625
yolo11n.pt,4,vertical,299,2026-09-09,21:38:28.057,2026-09-09T21:38:28.057,9.958747385999686,1,0.6098500490188599,4.20105400007742,29.1548079999302,3.8,4744.1875,9.0,1256.625
yolo11n.pt,4,vertical,300,2026-09-09,21:38:28.089,2026-09-09T21:38:28.089,9.991068282000015,1,0.5401784777641296,4.207534000215674,29.35148799997478,3.8,4744.1875,9.0,1256.625
yolo11n.pt,4,vertical,301,2026-09-09,21:38:28.125,2026-09-09T21:38:28.125,10.026968134999606,1,0.6300809383392334,4.391382999983762,33.05441399970732,3.5,4744.1875,10.0,1256.625
yolo11n.pt,5,free_depth_motion,1,2026-09-09,21:38:34.667,2026-09-09T21:38:34.667,0.03620977099990341,0,0.0,4.843041999720299,41.574160999971355,1.9,4738.28125,4.0,1256.625
yolo11n.pt,5,free_depth_motion,2,2026-09-09,21:38:34.697,2026-09-09T21:38:34.697,0.06743575200016494,0,0.0,4.281002999960037,27.521545000126935,4.1,4738.28125,4.0,1256.625
yolo11n.pt,5,free_depth_motion,3,2026-09-09,21:38:34.727,2026-09-09T21:38:34.727,0.09537871500015171,0,0.0,4.15346399995542,26.481868000246322,4.3,4730.4609375,4.0,1256.625
yolo11n.pt,5,free_depth_motion,4,2026-09-09,21:38:34.767,2026-09-09T21:38:34.767,0.13663641699986329,1,0.617168664932251,4.248863000157144,37.06522800030143,1.6,4734.015625,4.0,1256.625
yolo11n.pt,5,free_depth_motion,5,2026-09-09,21:38:34.797,2026-09-09T21:38:34.797,0.16727672900015023,1,0.8152325749397278,4.234583999732422,27.663613999720837,2.0,4734.015625,4.0,1256.625
yolo11n.pt,5,free_depth_motion,6,2026-09-09,21:38:34.829,2026-09-09T21:38:34.829,0.19943778600008955,1,0.45646584033966064,4.269443999874056,29.261478000080388,3.9,4734.015625,4.0,1256.625
yolo11n.pt,5,free_depth_motion,7,2026-09-09,21:38:34.865,2026-09-09T21:38:34.865,0.2353209190000598,1,0.5193697214126587,4.252403999998933,32.99642399997538,1.8,4734.24609375,4.0,1256.625
yolo11n.pt,5,free_depth_motion,8,2026-09-09,21:38:34.897,2026-09-09T21:38:34.897,0.26732639700003347,1,0.7450615763664246,4.282504000002518,29.022028000326827,2.0,4734.24609375,4.0,1256.625
yolo11n.pt,5,free_depth_motion,9,2026-09-09,21:38:34.930,2026-09-09T21:38:34.930,0.29946638299998085,0,0.0,4.423633999977028,29.242638999676274,3.8,4734.24609375,4.0,1256.625
yolo11n.pt,5,free_depth_motion,10,2026-09-09,21:38:34.965,2026-09-09T21:38:34.965,0.335450285999741,1,0.8006850481033325,4.2546029999357415,32.968093999897974,3.4,4734.24609375,4.0,1256.625
yolo11n.pt,5,free_depth_motion,11,2026-09-09,21:38:34.997,2026-09-09T21:38:34.997,0.3675846430001002,0,0.0,3.973154000050272,28.830498999923293,2.0,4734.24609375,4.0,1256.625
yolo11n.pt,5,free_depth_motion,12,2026-09-09,21:38:35.033,2026-09-09T21:38:35.033,0.4033996550001575,1,0.5018501281738281,4.263213999820437,33.2208729996637,1.8,4734.0,4.0,1256.625
yolo11n.pt,5,free_depth_motion,13,2026-09-09,21:38:35.065,2026-09-09T21:38:35.065,0.43526493399986066,1,0.678724467754364,4.244863000167243,28.9014899999529,3.9,4734.0,4.0,1256.625
yolo11n.pt,5,free_depth_motion,14,2026-09-09,21:38:35.097,2026-09-09T21:38:35.097,0.46743086000014955,1,0.7948366403579712,4.238054000325064,29.18678900005034,2.0,4734.0,4.0,1256.625
yolo11n.pt,5,free_depth_motion,15,2026-09-09,21:38:35.133,2026-09-09T21:38:35.133,0.5034115029998247,1,0.30328625440597534,4.232663000038883,32.992253999964305,3.5,4734.35546875,10.0,1256.625
yolo11n.pt,5,free_depth_motion,16,2026-09-09,21:38:35.165,2026-09-09T21:38:35.165,0.5354362299999593,1,0.6603706479072571,4.244643999754771,29.056928000045446,2.0,4734.35546875,10.0,1256.625
yolo11n.pt,5,free_depth_motion,17,2026-09-09,21:38:35.197,2026-09-09T21:38:35.197,0.567419548000089,1,0.6025289297103882,4.2289530001653475,29.024079000009806,3.9,4734.35546875,10.0,1256.625
yolo11n.pt,5,free_depth_motion,18,2026-09-09,21:38:35.233,2026-09-09T21:38:35.233,0.6033619700001509,1,0.5244667530059814,4.2559540002002905,32.97481300023719,1.8,4734.35546875,10.0,1256.625
yolo11n.pt,5,free_depth_motion,19,2026-09-09,21:38:35.265,2026-09-09T21:38:35.265,0.6354403669997737,0,0.0,4.029915000046458,28.675590999682754,2.0,4734.35546875,10.0,1256.625
yolo11n.pt,5,free_depth_motion,20,2026-09-09,21:38:35.297,2026-09-09T21:38:35.297,0.6674674749997394,1,0.25549420714378357,4.21268299987787,29.26532799983761,3.9,4734.35546875,10.0,1256.625
yolo11n.pt,5,free_depth_motion,21,2026-09-09,21:38:35.333,2026-09-09T21:38:35.333,0.7033684469997752,0,0.0,4.067665000093257,32.671434999883786,1.8,4734.35546875,10.0,1256.625
yolo11n.pt,5,free_depth_motion,22,2026-09-09,21:38:35.365,2026-09-09T21:38:35.365,0.7351324359997307,1,0.7726963758468628,4.290262999802508,29.03581900000063,2.0,4734.35546875,10.0,1256.625
yolo11n.pt,5,free_depth_motion,23,2026-09-09,21:38:35.397,2026-09-09T21:38:35.397,0.76740675200017,0,0.0,4.072355000062089,28.935469000316516,5.8,4734.35546875,10.0,1256.625
yolo11n.pt,5,free_depth_motion,24,2026-09-09,21:38:35.433,2026-09-09T21:38:35.433,0.8033090149997406,1,0.35373160243034363,4.306942999846797,33.283762999872124,1.8,4734.35546875,10.0,1256.625
yolo11n.pt,5,free_depth_motion,25,2026-09-09,21:38:35.465,2026-09-09T21:38:35.465,0.8354148419998637,0,0.0,4.145983999933378,28.883120000045892,2.0,4734.35546875,10.0,1256.625
yolo11n.pt,5,free_depth_motion,26,2026-09-09,21:38:35.497,2026-09-09T21:38:35.497,0.8674025790000996,0,0.0,4.161613999713154,29.037267999683536,3.8,4734.35546875,10.0,1256.625
yolo11n.pt,5,free_depth_motion,27,2026-09-09,21:38:35.533,2026-09-09T21:38:35.533,0.9032617919997392,0,0.0,4.187483999885444,32.95109400005458,1.8,4733.64453125,10.0,1256.625
yolo11n.pt,5,free_depth_motion,28,2026-09-09,21:38:35.565,2026-09-09T21:38:35.565,0.935291019000033,0,0.0,4.195204000097874,28.942569000264484,2.0,4733.64453125,10.0,1256.625
yolo11n.pt,5,free_depth_motion,29,2026-09-09,21:38:35.597,2026-09-09T21:38:35.597,0.967300676999912,0,0.0,4.160124000009091,28.959699000097316,3.9,4733.64453125,10.0,1256.625
yolo11n.pt,5,free_depth_motion,30,2026-09-09,21:38:35.633,2026-09-09T21:38:35.633,1.0031649200000174,0,0.0,4.143095000017638,32.93818399970405,1.7,4733.265625,10.0,1256.625
yolo11n.pt,5,free_depth_motion,31,2026-09-09,21:38:35.665,2026-09-09T21:38:35.665,1.0352692269998442,0,0.0,4.17667400006394,29.154268999718624,2.0,4733.265625,10.0,1256.625
yolo11n.pt,5,free_depth_motion,32,2026-09-09,21:38:35.697,2026-09-09T21:38:35.697,1.0673344440001529,1,0.25632211565971375,4.328452999743604,29.374107999956323,3.8,4733.265625,10.0,1256.625
yolo11n.pt,5,free_depth_motion,33,2026-09-09,21:38:35.733,2026-09-09T21:38:35.733,1.1033836960000372,0,0.0,4.16947399980927,32.847123999999894,1.8,4733.265625,10.0,1256.625
yolo11n.pt,5,free_depth_motion,34,2026-09-09,21:38:35.765,2026-09-09T21:38:35.765,1.1353621630000816,0,0.0,4.139944999678846,28.98918999972011,3.9,4733.265625,10.0,1256.625
yolo11n.pt,5,free_depth_motion,35,2026-09-09,21:38:35.797,2026-09-09T21:38:35.797,1.1674981000001026,0,0.0,3.978584999913437,29.04933899981188,3.8,4733.265625,10.0,1256.625
yolo11n.pt,5,free_depth_motion,36,2026-09-09,21:38:35.834,2026-09-09T21:38:35.834,1.2038262010000835,1,0.17907823622226715,4.842731999815442,34.3609479996303,1.8,4733.38671875,10.0,1256.625
yolo11n.pt,5,free_depth_motion,37,2026-09-09,21:38:35.865,2026-09-09T21:38:35.865,1.2352656709999792,1,0.2462298572063446,4.243833999680646,27.862053000262677,4.0,4733.15234375,10.0,1256.625
yolo11n.pt,5,free_depth_motion,38,2026-09-09,21:38:35.897,2026-09-09T21:38:35.897,1.267117029000019,0,0.0,4.065294999691105,28.601121000065177,2.0,4733.15234375,10.0,1256.625
yolo11n.pt,5,free_depth_motion,39,2026-09-09,21:38:35.933,2026-09-09T21:38:35.933,1.3032914810000875,1,0.1836761236190796,4.237242999806767,33.485731999917334,1.8,4733.15234375,10.0,1256.625
yolo11n.pt,5,free_depth_motion,40,2026-09-09,21:38:35.965,2026-09-09T21:38:35.965,1.3355647670000508,1,0.29734301567077637,4.151873999944655,29.13125900022351,3.8,4732.90625,10.0,1256.625
yolo11n.pt,5,free_depth_motion,41,2026-09-09,21:38:35.997,2026-09-09T21:38:35.997,1.3675655739998547,0,0.0,3.997625000010885,28.687969999737106,2.0,4732.90625,10.0,1256.625
yolo11n.pt,5,free_depth_motion,42,2026-09-09,21:38:36.033,2026-09-09T21:38:36.033,1.4036414560000594,0,0.0,4.050754999752826,33.09795299992402,1.8,4732.90625,10.0,1256.625
yolo11n.pt,5,free_depth_motion,43,2026-09-09,21:38:36.065,2026-09-09T21:38:36.065,1.4355989739997312,0,0.0,4.097993999948812,29.02107900035844,2.0,4732.90625,10.0,1254.125
yolo11n.pt,5,free_depth_motion,44,2026-09-09,21:38:36.097,2026-09-09T21:38:36.097,1.4675253219998012,0,0.0,4.002404999937426,28.756530999999086,3.9,4732.90625,10.0,1254.125
yolo11n.pt,5,free_depth_motion,45,2026-09-09,21:38:36.133,2026-09-09T21:38:36.133,1.5034481140000935,0,0.0,4.073454999797832,32.98359400014306,3.4,4733.1484375,10.0,1254.125
yolo11n.pt,5,free_depth_motion,46,2026-09-09,21:38:36.166,2026-09-09T21:38:36.166,1.5356231109999499,1,0.38773924112319946,4.284513999664341,29.47008699993603,2.0,4733.1484375,10.0,1254.125
yolo11n.pt,5,free_depth_motion,47,2026-09-09,21:38:36.197,2026-09-09T21:38:36.197,1.5673919699997896,0,0.0,4.089393999947788,28.424861000075907,2.0,4733.1484375,10.0,1254.125
yolo11n.pt,5,free_depth_motion,48,2026-09-09,21:38:36.232,2026-09-09T21:38:36.232,1.6023557359999359,0,0.0,4.221493999921222,32.032338000135496,3.5,4733.1484375,10.0,1254.125
yolo11n.pt,5,free_depth_motion,49,2026-09-09,21:38:36.265,2026-09-09T21:38:36.265,1.6354586789998393,1,0.1895962506532669,4.2131039999731,30.139863999920635,1.9,4733.1484375,10.0,1254.125
yolo11n.pt,5,free_depth_motion,50,2026-09-09,21:38:36.297,2026-09-09T21:38:36.297,1.6673907869999312,1,0.6239113807678223,4.3584329996519955,29.006289000335528,2.0,4733.1484375,10.0,1254.125
yolo11n.pt,5,free_depth_motion,51,2026-09-09,21:38:36.333,2026-09-09T21:38:36.333,1.7034761690001687,1,0.29891669750213623,4.213663999962591,32.908684000176436,3.4,4733.1484375,10.0,1254.125
yolo11n.pt,5,free_depth_motion,52,2026-09-09,21:38:36.365,2026-09-09T21:38:36.365,1.7354891559998578,0,0.0,4.176204000032158,28.867719000118086,3.9,4733.1484375,10.0,1254.125
yolo11n.pt,5,free_depth_motion,53,2026-09-09,21:38:36.402,2026-09-09T21:38:36.402,1.7712313289998747,1,0.564152181148529,4.837502000100358,33.529980999901454,1.8,4733.1484375,10.0,1254.125
yolo11n.pt,5,free_depth_motion,54,2026-09-09,21:38:36.433,2026-09-09T21:38:36.433,1.8032852569999704,1,0.2892330586910248,4.448253999726148,28.74149999979636,2.0,4733.1484375,10.0,1254.125
yolo11n.pt,5,free_depth_motion,55,2026-09-09,21:38:36.466,2026-09-09T21:38:36.466,1.8353262440000435,1,0.20069684088230133,4.737531999580824,29.367997000008472,3.8,4733.1484375,10.0,1254.125
yolo11n.pt,5,free_depth_motion,56,2026-09-09,21:38:36.501,2026-09-09T21:38:36.501,1.8713572560000102,0,0.0,4.076853999777086,32.307766000030824,1.8,4733.1484375,10.0,1254.125
yolo11n.pt,5,free_depth_motion,57,2026-09-09,21:38:36.533,2026-09-09T21:38:36.533,1.9034619129997736,1,0.16201689839363098,4.211143999782507,29.375456999787275,3.8,4733.1484375,10.0,1254.125
yolo11n.pt,5,free_depth_motion,58,2026-09-09,21:38:36.565,2026-09-09T21:38:36.565,1.9355757399998765,1,0.3820500075817108,4.159063999850332,29.103319000114425,2.0,4733.0390625,10.0,1254.125
yolo11n.pt,5,free_depth_motion,59,2026-09-09,21:38:36.601,2026-09-09T21:38:36.601,1.9713831829999435,1,0.6343721151351929,4.231074000017543,32.784893999632914,3.5,4732.5078125,10.0,1254.125
yolo11n.pt,5,free_depth_motion,60,2026-09-09,21:38:36.633,2026-09-09T21:38:36.633,2.003247500999805,1,0.5344874858856201,4.250704000241967,28.80561000029047,2.0,4732.5078125,10.0,1254.125
yolo11n.pt,5,free_depth_motion,61,2026-09-09,21:38:36.665,2026-09-09T21:38:36.665,2.0354383680000865,1,0.4188498854637146,4.216083999835973,29.11878799977785,2.0,4732.5078125,10.0,1254.125
yolo11n.pt,5,free_depth_motion,62,2026-09-09,21:38:36.701,2026-09-09T21:38:36.701,2.07148473999996,1,0.616891622543335,4.212704000110534,32.989744000133214,1.7,4732.5078125,10.0,1254.125
yolo11n.pt,5,free_depth_motion,63,2026-09-09,21:38:36.733,2026-09-09T21:38:36.733,2.1033681879998767,1,0.8631460070610046,4.221643999699154,28.902038999603974,3.9,4732.5078125,10.0,1254.125
yolo11n.pt,5,free_depth_motion,64,2026-09-09,21:38:36.765,2026-09-09T21:38:36.765,2.1355219649999526,1,0.30808737874031067,4.180604000339372,29.027689000031387,2.0,4732.5078125,10.0,1254.125
yolo11n.pt,5,free_depth_motion,65,2026-09-09,21:38:36.801,2026-09-09T21:38:36.801,2.1711807679998856,0,0.0,4.037945000163745,32.365106000270316,1.8,4732.5078125,10.0,1254.125
yolo11n.pt,5,free_depth_motion,66,2026-09-09,21:38:36.833,2026-09-09T21:38:36.833,2.203412235000087,1,0.8109456300735474,4.252653000094142,29.61138699993171,5.7,4732.5078125,10.0,1254.125
yolo11n.pt,5,free_depth_motion,67,2026-09-09,21:38:36.865,2026-09-09T21:38:36.865,2.235386391999782,1,0.8867815136909485,4.247014000156923,28.997759000048973,2.0,4732.5078125,10.0,1254.125
yolo11n.pt,5,free_depth_motion,68,2026-09-09,21:38:36.901,2026-09-09T21:38:36.901,2.2714861139997993,1,0.7112993001937866,4.209614000046713,33.08507300016572,1.8,4732.5078125,10.0,1254.125
yolo11n.pt,5,free_depth_motion,69,2026-09-09,21:38:36.934,2026-09-09T21:38:36.934,2.30356096100013,1,0.8385780453681946,4.198193999854993,29.095168999901944,3.8,4732.5078125,10.0,1254.125
yolo11n.pt,5,free_depth_motion,70,2026-09-09,21:38:36.965,2026-09-09T21:38:36.965,2.3353902089997973,1,0.8939242959022522,4.250173999935214,28.802809999888268,3.9,4732.5078125,10.0,1254.125
yolo11n.pt,5,free_depth_motion,71,2026-09-09,21:38:37.001,2026-09-09T21:38:37.001,2.3714467310001055,1,0.5685011744499207,4.260764000264317,33.09560400020928,1.8,4732.5078125,10.0,1254.125
yolo11n.pt,5,free_depth_motion,72,2026-09-09,21:38:37.033,2026-09-09T21:38:37.033,2.403499618999831,1,0.7542698979377747,4.194494000330451,28.961138999875402,1.9,4732.5078125,10.0,1254.125
yolo11n.pt,5,free_depth_motion,73,2026-09-09,21:38:37.065,2026-09-09T21:38:37.065,2.4352530569999544,0,0.0,4.066465000050812,28.482251000241376,4.0,4732.26171875,10.0,1254.125
yolo11n.pt,5,free_depth_motion,74,2026-09-09,21:38:37.102,2026-09-09T21:38:37.102,2.471492089000094,1,0.6335617303848267,4.271814000276208,33.562762000201474,3.4,4732.48046875,10.0,1254.125
yolo11n.pt,5,free_depth_motion,75,2026-09-09,21:38:37.133,2026-09-09T21:38:37.133,2.503383106000001,1,0.290767639875412,4.224774000249454,28.874879999875702,2.0,4732.48046875,10.0,1254.125
yolo11n.pt,5,free_depth_motion,76,2026-09-09,21:38:37.165,2026-09-09T21:38:37.165,2.5355037330000414,1,0.6692415475845337,4.20812400034265,29.128499000307784,3.8,4732.48046875,10.0,1254.125
yolo11n.pt,5,free_depth_motion,77,2026-09-09,21:38:37.201,2026-09-09T21:38:37.201,2.571365245999914,0,0.0,4.1094640000665095,32.694934999653924,1.8,4732.48046875,10.0,1254.125
yolo11n.pt,5,free_depth_motion,78,2026-09-09,21:38:37.233,2026-09-09T21:38:37.233,2.6033962440001233,1,0.712950587272644,4.305612999814912,29.356918000303267,2.0,4732.48046875,10.0,1254.125
yolo11n.pt,5,free_depth_motion,79,2026-09-09,21:38:37.265,2026-09-09T21:38:37.265,2.6351936219998606,1,0.597536563873291,4.296283000257972,28.765239999756886,3.8,4732.48046875,10.0,1254.125
yolo11n.pt,5,free_depth_motion,80,2026-09-09,21:38:37.297,2026-09-09T21:38:37.297,2.667378568999993,1,0.597536563873291,4.360523999821453,29.230868000013288,3.8,4732.48046875,10.0,1254.125
yolo11n.pt,5,free_depth_motion,81,2026-09-09,21:38:37.333,2026-09-09T21:38:37.333,2.7035081099998024,1,0.8050904273986816,4.176993999863043,33.17565299994385,1.8,4732.48046875,10.0,1254.125
yolo11n.pt,5,free_depth_motion,82,2026-09-09,21:38:37.365,2026-09-09T21:38:37.365,2.735471607999898,0,0.0,4.06083400002899,28.79680899968662,2.0,4732.48046875,10.0,1254.125
yolo11n.pt,5,free_depth_motion,83,2026-09-09,21:38:37.397,2026-09-09T21:38:37.397,2.7673681259998375,0,0.0,4.026764000172989,28.923468999892066,2.0,4732.48046875,10.0,1254.125
yolo11n.pt,5,free_depth_motion,84,2026-09-09,21:38:37.433,2026-09-09T21:38:37.433,2.803237828999954,1,0.4024079442024231,4.180964000170206,33.404541999971116,1.7,4732.48046875,10.0,1254.125
yolo11n.pt,5,free_depth_motion,85,2026-09-09,21:38:37.465,2026-09-09T21:38:37.465,2.8353867350001565,1,0.44760435819625854,4.251813999871956,29.154239000035886,3.8,4732.48046875,10.0,1254.125
yolo11n.pt,5,free_depth_motion,86,2026-09-09,21:38:37.501,2026-09-09T21:38:37.501,2.8714411569999356,1,0.7179513573646545,4.2634639999050705,33.08428399986951,1.8,4732.48046875,10.0,1254.125
yolo11n.pt,5,free_depth_motion,87,2026-09-09,21:38:37.533,2026-09-09T21:38:37.533,2.9034110950001377,1,0.44086790084838867,4.248414000358025,28.973219000363315,3.9,4732.48046875,10.0,1254.125
yolo11n.pt,5,free_depth_motion,88,2026-09-09,21:38:37.565,2026-09-09T21:38:37.565,2.935454011999809,0,0.0,4.096555000160151,28.696680999928503,3.9,4732.48046875,10.0,1254.125
yolo11n.pt,5,free_depth_motion,89,2026-09-09,21:38:37.601,2026-09-09T21:38:37.601,2.97150822399999,1,0.5639146566390991,4.199424000034924,33.236103000035655,1.8,4732.82421875,10.0,1254.125
yolo11n.pt,5,free_depth_motion,90,2026-09-09,21:38:37.633,2026-09-09T21:38:37.633,3.003409561999888,1,0.7175042629241943,4.245783999976993,28.943798999989667,2.0,4732.82421875,10.0,1254.125
yolo11n.pt,5,free_depth_motion,91,2026-09-09,21:38:37.669,2026-09-09T21:38:37.669,3.0391985649998787,1,0.7487407326698303,4.248724000262882,32.66634400006296,3.5,4732.82421875,10.0,1254.125
yolo11n.pt,5,free_depth_motion,92,2026-09-09,21:38:37.701,2026-09-09T21:38:37.701,3.0712867020001795,1,0.5632773041725159,4.272814000159997,29.21420799975749,2.0,4732.578125,10.0,1254.125
yolo11n.pt,5,free_depth_motion,93,2026-09-09,21:38:37.733,2026-09-09T21:38:37.733,3.1033622700001615,1,0.7075986862182617,4.2470830003367155,28.92371000007188,2.0,4732.578125,10.0,1254.125
yolo11n.pt,5,free_depth_motion,94,2026-09-09,21:38:37.769,2026-09-09T21:38:37.769,3.1394311119997838,1,0.760920524597168,4.252363999967201,33.118003999788925,3.4,4732.578125,10.0,1254.125
yolo11n.pt,5,free_depth_motion,95,2026-09-09,21:38:37.801,2026-09-09T21:38:37.801,3.1714079990001665,1,0.677969753742218,4.250363999744877,29.03092899987314,2.0,4732.578125,10.0,1254.125
yolo11n.pt,5,free_depth_motion,96,2026-09-09,21:38:37.833,2026-09-09T21:38:37.833,3.203521685999931,0,0.0,4.037294999761798,28.83358999997654,4.0,4732.8125,10.0,1254.125
yolo11n.pt,5,free_depth_motion,97,2026-09-09,21:38:37.870,2026-09-09T21:38:37.870,3.2395847980001236,1,0.6697961091995239,4.1637540002739115,33.29395199989449,3.4,4732.8125,10.0,1254.125
yolo11n.pt,5,free_depth_motion,98,2026-09-09,21:38:37.902,2026-09-09T21:38:37.902,3.2716474949997973,1,0.8000969290733337,4.25102400004107,29.077009000047838,1.9,4732.8125,10.0,1254.125
yolo11n.pt,5,free_depth_motion,99,2026-09-09,21:38:37.934,2026-09-09T21:38:37.934,3.30352016300003,1,0.7763357758522034,4.329293999944639,28.81301999968855,2.0,4732.8125,10.0,1254.125
yolo11n.pt,5,free_depth_motion,100,2026-09-09,21:38:37.969,2026-09-09T21:38:37.969,3.339236176999748,0,0.0,4.075785000168253,32.32623599978979,5.3,4732.8125,10.0,1254.125
yolo11n.pt,5,free_depth_motion,101,2026-09-09,21:38:38.001,2026-09-09T21:38:38.001,3.3714430029999676,0,0.0,4.164144000242231,29.211638000106177,2.0,4732.8125,10.0,1254.125
yolo11n.pt,5,free_depth_motion,102,2026-09-09,21:38:38.033,2026-09-09T21:38:38.033,3.4033518410001307,1,0.21593400835990906,4.320243000165647,29.15471799997249,2.0,4732.8125,10.0,1254.125
yolo11n.pt,5,free_depth_motion,103,2026-09-09,21:38:38.069,2026-09-09T21:38:38.069,3.4392411839999113,1,0.6618263721466064,4.2533040000307665,32.883493999634084,1.8,4732.8125,10.0,1254.125
yolo11n.pt,5,free_depth_motion,104,2026-09-09,21:38:38.101,2026-09-09T21:38:38.101,3.471472360000007,1,0.21449482440948486,4.198703999918507,29.10535900036848,3.8,4732.8125,10.0,1254.125
yolo11n.pt,5,free_depth_motion,105,2026-09-09,21:38:38.133,2026-09-09T21:38:38.133,3.503410297999835,0,0.0,4.070043999945483,28.73161000024993,3.9,4733.0546875,10.0,1254.125
yolo11n.pt,5,free_depth_motion,106,2026-09-09,21:38:38.169,2026-09-09T21:38:38.169,3.539222491000146,0,0.0,3.9931649998834473,32.78173499984405,1.8,4733.0546875,10.0,1254.125
yolo11n.pt,5,free_depth_motion,107,2026-09-09,21:38:38.201,2026-09-09T21:38:38.201,3.5712258789999396,1,0.42661017179489136,4.162083000210259,29.328908000024967,3.8,4733.0546875,10.0,1254.125
yolo11n.pt,5,free_depth_motion,108,2026-09-09,21:38:38.233,2026-09-09T21:38:38.233,3.603482784999869,1,0.4754442870616913,4.191264000382944,29.30313800015938,2.0,4733.0546875,10.0,1254.125
yolo11n.pt,5,free_depth_motion,109,2026-09-09,21:38:38.269,2026-09-09T21:38:38.269,3.639260087999901,0,0.0,4.325213000356598,32.86361400023452,1.8,4733.0546875,10.0,1254.125
yolo11n.pt,5,free_depth_motion,110,2026-09-09,21:38:38.302,2026-09-09T21:38:38.302,3.671507224999914,1,0.49565231800079346,4.284214000108477,29.342868000185263,3.8,4733.0546875,10.0,1254.125
yolo11n.pt,5,free_depth_motion,111,2026-09-09,21:38:38.334,2026-09-09T21:38:38.334,3.703695160999814,1,0.1681162267923355,4.223244000058912,29.197078999914083,2.0,4733.0546875,10.0,1254.125
yolo11n.pt,5,free_depth_motion,112,2026-09-09,21:38:38.369,2026-09-09T21:38:38.369,3.739581154000007,0,0.0,3.9803050003683893,32.55803499996546,5.2,4733.0546875,10.0,1254.125
yolo11n.pt,5,free_depth_motion,113,2026-09-09,21:38:38.401,2026-09-09T21:38:38.401,3.7715068819998123,1,0.1721682995557785,4.182694000064657,29.131197999959113,2.0,4733.0546875,10.0,1254.125
yolo11n.pt,5,free_depth_motion,114,2026-09-09,21:38:38.433,2026-09-09T21:38:38.433,3.8034923290001643,1,0.1672937124967575,4.18775399975857,28.9706590001515,2.0,4733.0546875,10.0,1254.125
yolo11n.pt,5,free_depth_motion,115,2026-09-09,21:38:38.469,2026-09-09T21:38:38.469,3.8393372820000877,0,0.0,4.107564000150887,32.72798399984822,1.8,4733.0546875,10.0,1254.125
yolo11n.pt,5,free_depth_motion,116,2026-09-09,21:38:38.501,2026-09-09T21:38:38.501,3.8714384889999565,0,0.0,4.095163999863871,29.13561800005482,2.0,4733.296875,10.0,1254.125
yolo11n.pt,5,free_depth_motion,117,2026-09-09,21:38:38.533,2026-09-09T21:38:38.533,3.903690455999822,0,0.0,4.125873999782925,29.280157999892253,3.8,4733.296875,10.0,1254.125
yolo11n.pt,5,free_depth_motion,118,2026-09-09,21:38:38.569,2026-09-09T21:38:38.569,3.9394315489998917,1,0.1737358272075653,4.237623999870266,32.99992399979601,1.8,4733.234375,10.0,1254.125
yolo11n.pt,5,free_depth_motion,119,2026-09-09,21:38:38.601,2026-09-09T21:38:38.601,3.9713027269999657,0,0.0,4.018165000161389,28.62887999981467,3.9,4733.234375,10.0,1254.125
yolo11n.pt,5,free_depth_motion,120,2026-09-09,21:38:38.633,2026-09-09T21:38:38.633,4.003415623999899,0,0.0,4.019503999643348,29.113997999957064,3.8,4733.234375,10.0,1254.125
yolo11n.pt,5,free_depth_motion,121,2026-09-09,21:38:38.669,2026-09-09T21:38:38.669,4.039450065999972,0,0.0,4.021835000003193,33.06404399972962,1.8,4733.234375,10.0,1254.125
yolo11n.pt,5,free_depth_motion,122,2026-09-09,21:38:38.701,2026-09-09T21:38:38.701,4.071344303999922,0,0.0,4.2466439999770955,29.169588999593543,2.0,4733.234375,10.0,1254.125
yolo11n.pt,5,free_depth_motion,123,2026-09-09,21:38:38.733,2026-09-09T21:38:38.733,4.103447090999907,0,0.0,4.042425000079675,28.96626899973853,3.9,4733.234375,10.0,1254.125
yolo11n.pt,5,free_depth_motion,124,2026-09-09,21:38:38.769,2026-09-09T21:38:38.769,4.139513182999963,0,0.0,4.114104000109364,33.13546300023518,1.8,4733.234375,10.0,1254.125
yolo11n.pt,5,free_depth_motion,125,2026-09-09,21:38:38.801,2026-09-09T21:38:38.801,4.171384030999889,0,0.0,4.174313999556034,28.851539999777742,3.8,4733.234375,10.0,1254.125
yolo11n.pt,5,free_depth_motion,126,2026-09-09,21:38:38.833,2026-09-09T21:38:38.833,4.203497787999822,0,0.0,4.126803999952244,29.008358999817574,3.9,4733.4765625,10.0,1254.125
yolo11n.pt,5,free_depth_motion,127,2026-09-09,21:38:38.869,2026-09-09T21:38:38.869,4.239516709999862,1,0.3461071252822876,4.1804839997894305,33.181632999912836,1.7,4733.4765625,10.0,1254.125
yolo11n.pt,5,free_depth_motion,128,2026-09-09,21:38:38.901,2026-09-09T21:38:38.901,4.271470317999956,0,0.0,4.029444000025251,28.719440000259056,3.9,4733.4765625,10.0,1254.125
yolo11n.pt,5,free_depth_motion,129,2026-09-09,21:38:38.937,2026-09-09T21:38:38.937,4.307322970999849,0,0.0,4.068694000125106,32.94539399985297,1.8,4733.4765625,10.0,1254.125
yolo11n.pt,5,free_depth_motion,130,2026-09-09,21:38:38.969,2026-09-09T21:38:38.969,4.339320428000065,0,0.0,4.086303999883967,28.89987900016422,2.0,4733.4765625,10.0,1254.125
yolo11n.pt,5,free_depth_motion,131,2026-09-09,21:38:39.001,2026-09-09T21:38:39.001,4.371363695000127,0,0.0,4.069685000104073,28.995999000017036,5.7,4733.4765625,10.0,1254.125
yolo11n.pt,5,free_depth_motion,132,2026-09-09,21:38:39.037,2026-09-09T21:38:39.037,4.407518457000151,0,0.0,4.086253999957989,33.2075530000111,3.4,4733.4765625,10.0,1254.125
yolo11n.pt,5,free_depth_motion,133,2026-09-09,21:38:39.069,2026-09-09T21:38:39.069,4.4395975839997845,0,0.0,4.223634000027232,29.176487999848177,2.0,4733.4765625,10.0,1254.125
yolo11n.pt,5,free_depth_motion,134,2026-09-09,21:38:39.101,2026-09-09T21:38:39.101,4.47133179299999,0,0.0,4.235543000049802,28.658270000050834,2.0,4733.4765625,10.0,1254.125
yolo11n.pt,5,free_depth_motion,135,2026-09-09,21:38:39.137,2026-09-09T21:38:39.137,4.507522733999849,0,0.0,4.032954999729554,32.92296399968109,5.1,4733.4765625,9.0,1254.125
yolo11n.pt,5,free_depth_motion,136,2026-09-09,21:38:39.169,2026-09-09T21:38:39.169,4.539441022000119,0,0.0,4.0626439999869035,28.995528999985254,2.0,4733.4765625,9.0,1254.125
yolo11n.pt,5,free_depth_motion,137,2026-09-09,21:38:39.201,2026-09-09T21:38:39.201,4.571382879999874,1,0.2185882180929184,4.259672999978648,29.337227999803872,3.8,4733.4765625,9.0,1254.125
yolo11n.pt,5,free_depth_motion,138,2026-09-09,21:38:39.237,2026-09-09T21:38:39.237,4.607542890999866,0,0.0,4.180174000339321,33.08194299961542,1.8,4733.4765625,9.0,1254.125
yolo11n.pt,5,free_depth_motion,139,2026-09-09,21:38:39.269,2026-09-09T21:38:39.269,4.639422139000089,0,0.0,4.095394000160013,28.74959000018862,3.8,4733.4765625,9.0,1254.125
yolo11n.pt,5,free_depth_motion,140,2026-09-09,21:38:39.301,2026-09-09T21:38:39.301,4.671324916999765,1,0.20003266632556915,4.228243999932602,29.109398000400688,2.0,4733.4765625,9.0,1254.125
yolo11n.pt,5,free_depth_motion,141,2026-09-09,21:38:39.337,2026-09-09T21:38:39.337,4.7073412790000475,1,0.49689891934394836,4.199353999865707,33.019294000041555,3.5,4733.4765625,9.0,1254.125
yolo11n.pt,5,free_depth_motion,142,2026-09-09,21:38:39.369,2026-09-09T21:38:39.369,4.739435756000148,1,0.1589275747537613,4.203043999950751,29.04845899956854,2.0,4733.4765625,9.0,1254.125
yolo11n.pt,5,free_depth_motion,143,2026-09-09,21:38:39.401,2026-09-09T21:38:39.401,4.771408353999959,0,0.0,4.032324000036169,28.72691999982635,3.8,4733.4765625,9.0,1254.125
yolo11n.pt,5,free_depth_motion,144,2026-09-09,21:38:39.437,2026-09-09T21:38:39.437,4.8073868960000254,0,0.0,4.057184999965102,32.9031340002075,1.8,4733.4765625,9.0,1254.125
yolo11n.pt,5,free_depth_motion,145,2026-09-09,21:38:39.469,2026-09-09T21:38:39.469,4.839329884000108,0,0.0,4.014774000097532,28.875238999717112,3.9,4733.4765625,9.0,1254.125
yolo11n.pt,5,free_depth_motion,146,2026-09-09,21:38:39.501,2026-09-09T21:38:39.501,4.871324692000144,0,0.0,4.068414999892411,29.031809000116482,2.0,4733.71875,9.0,1254.125
yolo11n.pt,5,free_depth_motion,147,2026-09-09,21:38:39.537,2026-09-09T21:38:39.537,4.907385503000114,0,0.0,4.129024000121717,33.035203000054025,5.1,4735.125,9.0,1258.4375
yolo11n.pt,5,free_depth_motion,148,2026-09-09,21:38:39.569,2026-09-09T21:38:39.569,4.939356170999872,1,0.15636299550533295,4.2698639999798615,29.142308000245976,2.0,4735.6796875,9.0,1258.4375
yolo11n.pt,5,free_depth_motion,149,2026-09-09,21:38:39.601,2026-09-09T21:38:39.601,4.9713655380001,1,0.2879559099674225,4.2336940000495815,28.977048999877297,2.0,4735.43359375,9.0,1258.4375
yolo11n.pt,5,free_depth_motion,150,2026-09-09,21:38:39.637,2026-09-09T21:38:39.637,5.007529380000051,0,0.0,3.9942050002537144,32.75235499995688,3.4,4735.43359375,11.0,1258.4375
yolo11n.pt,5,free_depth_motion,151,2026-09-09,21:38:39.669,2026-09-09T21:38:39.669,5.0393364379997365,0,0.0,4.080144999988988,28.78351899971676,2.0,4735.43359375,11.0,1258.4375
yolo11n.pt,5,free_depth_motion,152,2026-09-09,21:38:39.701,2026-09-09T21:38:39.701,5.07139383599997,0,0.0,4.106473999854643,29.11061900022105,5.8,4735.43359375,11.0,1258.4375
yolo11n.pt,5,free_depth_motion,153,2026-09-09,21:38:39.737,2026-09-09T21:38:39.737,5.107471537000038,0,0.0,4.016395000235207,33.07802300014373,1.8,4735.43359375,11.0,1258.4375
yolo11n.pt,5,free_depth_motion,154,2026-09-09,21:38:39.770,2026-09-09T21:38:39.770,5.139404614999876,1,0.3331274688243866,4.725612000129331,29.792515999815805,1.9,4735.43359375,11.0,1258.4375
yolo11n.pt,5,free_depth_motion,155,2026-09-09,21:38:39.802,2026-09-09T21:38:39.802,5.17146041199976,1,0.4380932152271271,4.311774000143487,28.54144000002634,2.0,4735.43359375,11.0,1258.4375
yolo11n.pt,5,free_depth_motion,156,2026-09-09,21:38:39.837,2026-09-09T21:38:39.837,5.2074854239999695,0,0.0,4.135724999741797,32.70302500004618,3.5,4735.43359375,11.0,1258.4375
yolo11n.pt,5,free_depth_motion,157,2026-09-09,21:38:39.869,2026-09-09T21:38:39.869,5.239395902000069,0,0.0,4.063835000124527,28.783929999917746,2.0,4735.43359375,11.0,1258.4375
yolo11n.pt,5,free_depth_motion,158,2026-09-09,21:38:39.901,2026-09-09T21:38:39.901,5.271453719999954,1,0.22548338770866394,4.260772999714391,29.311438000149792,5.7,4735.41796875,11.0,1258.4375
yolo11n.pt,5,free_depth_motion,159,2026-09-09,21:38:39.937,2026-09-09T21:38:39.937,5.307397451999805,0,0.0,4.074424000009458,32.68374400022367,1.8,4735.41796875,11.0,1258.4375
yolo11n.pt,5,free_depth_motion,160,2026-09-09,21:38:39.970,2026-09-09T21:38:39.970,5.339657748999798,1,0.22416304051876068,4.258324000147695,29.579486999864457,2.0,4735.41796875,11.0,1258.4375
yolo11n.pt,5,free_depth_motion,161,2026-09-09,21:38:40.001,2026-09-09T21:38:40.001,5.370692579999741,1,0.3644477128982544,4.217632999825582,27.96568300027502,4.0,4735.41796875,11.0,1258.4375
yolo11n.pt,5,free_depth_motion,162,2026-09-09,21:38:40.021,2026-09-09T21:38:40.021,5.391432420000001,0,0.0,4.181043999778922,17.519813000035356,3.1,4735.41796875,11.0,1258.4375
yolo11n.pt,5,free_depth_motion,163,2026-09-09,21:38:40.053,2026-09-09T21:38:40.053,5.423187998999765,1,0.2565097510814667,4.2557140000099025,29.039119000117353,3.8,4735.41796875,11.0,1258.4375
yolo11n.pt,5,free_depth_motion,164,2026-09-09,21:38:40.085,2026-09-09T21:38:40.085,5.455312556000081,1,0.4605412185192108,4.221793999931833,28.903508999974292,2.0,4735.41796875,11.0,1258.4375
yolo11n.pt,5,free_depth_motion,165,2026-09-09,21:38:40.121,2026-09-09T21:38:40.121,5.491496666999865,1,0.6833227276802063,4.226804000154516,33.109173999946506,1.7,4735.41796875,10.0,1258.4375
yolo11n.pt,5,free_depth_motion,166,2026-09-09,21:38:40.153,2026-09-09T21:38:40.153,5.523486054999921,0,0.0,4.0757339997981035,28.746009999849775,2.0,4735.41796875,10.0,1258.4375
yolo11n.pt,5,free_depth_motion,167,2026-09-09,21:38:40.185,2026-09-09T21:38:40.185,5.555336402999728,0,0.0,4.043013999762479,28.880118999950355,3.9,4735.41796875,10.0,1258.4375
yolo11n.pt,5,free_depth_motion,168,2026-09-09,21:38:40.221,2026-09-09T21:38:40.221,5.590961946999869,1,0.16630510985851288,4.275833000065177,32.97104400007811,3.4,4735.41796875,10.0,1258.4375
yolo11n.pt,5,free_depth_motion,169,2026-09-09,21:38:40.249,2026-09-09T21:38:40.249,5.619399837999936,1,0.16630510985851288,4.281152999737969,25.477622999915184,2.2,4735.41796875,10.0,1258.4375
yolo11n.pt,5,free_depth_motion,170,2026-09-09,21:38:40.285,2026-09-09T21:38:40.285,5.65549805899991,1,0.5365886688232422,4.2183539999314235,33.262793000176316,1.8,4735.41796875,10.0,1258.4375
yolo11n.pt,5,free_depth_motion,171,2026-09-09,21:38:40.321,2026-09-09T21:38:40.321,5.691515451999749,1,0.8468607664108276,4.185373999916919,32.988123999984964,3.4,4735.41796875,10.0,1258.4375
yolo11n.pt,5,free_depth_motion,172,2026-09-09,21:38:40.353,2026-09-09T21:38:40.353,5.723489228999824,1,0.8703307509422302,4.195054000319942,28.949829000339378,3.8,4735.66015625,10.0,1258.4375
yolo11n.pt,5,free_depth_motion,173,2026-09-09,21:38:40.385,2026-09-09T21:38:40.385,5.7554243469999165,1,0.8345510959625244,4.216383999846585,28.839238999808003,2.0,4735.66015625,10.0,1258.4375
yolo11n.pt,5,free_depth_motion,174,2026-09-09,21:38:40.421,2026-09-09T21:38:40.421,5.791355138999734,0,0.0,4.036475000248174,32.55682600001819,1.8,4735.66015625,10.0,1258.4375
yolo11n.pt,5,free_depth_motion,175,2026-09-09,21:38:40.453,2026-09-09T21:38:40.453,5.823355616999834,1,0.8232103586196899,4.237503999775072,29.32699799976035,5.7,4735.66015625,10.0,1258.4375
yolo11n.pt,5,free_depth_motion,176,2026-09-09,21:38:40.486,2026-09-09T21:38:40.486,5.855597462999867,1,0.8804953098297119,4.243343999860372,29.24656799996228,2.0,4735.66015625,10.0,1258.4375
yolo11n.pt,5,free_depth_motion,177,2026-09-09,21:38:40.521,2026-09-09T21:38:40.521,5.891481335999742,1,0.7533139586448669,4.200433999812958,32.824624000113545,1.8,4735.66015625,10.0,1258.4375
yolo11n.pt,5,free_depth_motion,178,2026-09-09,21:38:40.553,2026-09-09T21:38:40.553,5.9234221140000045,1,0.4055574834346771,4.3039929996666615,28.92598900007215,3.9,4735.66015625,10.0,1258.4375
yolo11n.pt,5,free_depth_motion,179,2026-09-09,21:38:40.586,2026-09-09T21:38:40.586,5.955584890999944,1,0.8380985260009766,4.212413999994169,29.028208999989147,2.0,4735.66015625,10.0,1258.4375
yolo11n.pt,5,free_depth_motion,180,2026-09-09,21:38:40.622,2026-09-09T21:38:40.622,5.9916164830001435,1,0.7050158381462097,4.251562999797898,33.04255300008663,1.7,4735.5703125,10.0,1258.4375
yolo11n.pt,5,free_depth_motion,181,2026-09-09,21:38:40.654,2026-09-09T21:38:40.654,6.02369877000001,1,0.23626543581485748,4.2571740000312275,29.106548000072507,3.9,4735.5703125,10.0,1258.4375
yolo11n.pt,5,free_depth_motion,182,2026-09-09,21:38:40.685,2026-09-09T21:38:40.685,6.05541016899997,1,0.20988689363002777,4.2585830001371505,28.748009999617352,3.9,4735.5703125,10.0,1258.4375
yolo11n.pt,5,free_depth_motion,183,2026-09-09,21:38:40.721,2026-09-09T21:38:40.721,6.091331100999923,0,0.0,4.11249399985536,32.7035249997607,1.8,4735.5703125,10.0,1258.4375
yolo11n.pt,5,free_depth_motion,184,2026-09-09,21:38:40.754,2026-09-09T21:38:40.754,6.123364487999879,1,0.8276890516281128,4.418352999891795,29.45515700002943,3.8,4735.5703125,10.0,1258.4375
yolo11n.pt,5,free_depth_motion,185,2026-09-09,21:38:40.781,2026-09-09T21:38:40.781,6.1514230610000595,1,0.8276890516281128,4.225293999752466,24.895464000110223,0.0,4735.5703125,10.0,1258.4375
yolo11n.pt,5,free_depth_motion,186,2026-09-09,21:38:40.805,2026-09-09T21:38:40.805,6.175398338999912,1,0.4880736768245697,4.276774000118166,21.27366800004893,2.6,4735.5703125,10.0,1258.4375
yolo11n.pt,5,free_depth_motion,187,2026-09-09,21:38:40.838,2026-09-09T21:38:40.838,6.207618305999858,1,0.8402355909347534,4.247982999913802,29.225858000245353,3.9,4735.8125,10.0,1258.4375
yolo11n.pt,5,free_depth_motion,188,2026-09-09,21:38:40.869,2026-09-09T21:38:40.869,6.239468394000141,1,0.8610156774520874,4.289612999855308,28.912668999964808,2.0,4736.0546875,10.0,1258.4375
yolo11n.pt,5,free_depth_motion,189,2026-09-09,21:38:40.905,2026-09-09T21:38:40.905,6.275469566000083,1,0.20036646723747253,4.2144640001424705,32.96278399966468,5.1,4736.0546875,10.0,1258.4375
yolo11n.pt,5,free_depth_motion,190,2026-09-09,21:38:40.937,2026-09-09T21:38:40.937,6.307483663999847,0,0.0,4.059554999912507,28.786439999748836,2.0,4736.0546875,10.0,1258.4375
yolo11n.pt,5,free_depth_motion,191,2026-09-09,21:38:40.969,2026-09-09T21:38:40.969,6.339283501999944,1,0.37993812561035156,4.258062999724643,29.243176999898424,2.0,4736.0546875,10.0,1258.4375
yolo11n.pt,5,free_depth_motion,192,2026-09-09,21:38:41.005,2026-09-09T21:38:41.005,6.375378654000087,1,0.7833163142204285,4.260383999735495,32.884723999814014,1.8,4736.0546875,10.0,1258.4375
yolo11n.pt,5,free_depth_motion,193,2026-09-09,21:38:41.037,2026-09-09T21:38:41.037,6.407469070999923,1,0.6675905585289001,4.1925540003830974,28.963598999780515,3.8,4736.0546875,10.0,1258.4375
yolo11n.pt,5,free_depth_motion,194,2026-09-09,21:38:41.069,2026-09-09T21:38:41.069,6.439376908999748,0,0.0,4.083283999989362,28.67000999958691,2.0,4736.0546875,10.0,1258.4375
yolo11n.pt,5,free_depth_motion,195,2026-09-09,21:38:41.106,2026-09-09T21:38:41.106,6.475369441000112,1,0.6263679265975952,4.317503000038414,33.34660300015457,1.7,4736.0546875,10.0,1258.4375
yolo11n.pt,5,free_depth_motion,196,2026-09-09,21:38:41.138,2026-09-09T21:38:41.138,6.507440527999734,1,0.30849817395210266,4.341753000062454,28.996629000175744,5.8,4736.0546875,10.0,1258.4375
yolo11n.pt,5,free_depth_motion,197,2026-09-09,21:38:41.170,2026-09-09T21:38:41.170,6.539502204999735,1,0.17694240808486938,4.2710939997050446,28.933528999914415,2.0,4736.0546875,10.0,1258.4375
yolo11n.pt,5,free_depth_motion,198,2026-09-09,21:38:41.206,2026-09-09T21:38:41.206,6.575586767000004,1,0.5796046853065491,4.166043999703106,32.930404000126146,3.4,4736.046875,10.0,1258.4375
yolo11n.pt,5,free_depth_motion,199,2026-09-09,21:38:41.238,2026-09-09T21:38:41.238,6.607694763999916,1,0.6796739101409912,4.232314000091719,29.164879000290966,2.0,4736.046875,10.0,1258.4375
yolo11n.pt,5,free_depth_motion,200,2026-09-09,21:38:41.269,2026-09-09T21:38:41.269,6.639643151999735,0,0.0,4.072354000072664,28.7029099999927,2.0,4736.046875,10.0,1258.4375
yolo11n.pt,5,free_depth_motion,201,2026-09-09,21:38:41.305,2026-09-09T21:38:41.305,6.675238285999967,1,0.7988888621330261,4.28794299978108,32.91425399993386,1.8,4736.046875,10.0,1258.4375
yolo11n.pt,5,free_depth_motion,202,2026-09-09,21:38:41.337,2026-09-09T21:38:41.337,6.7073276830001305,1,0.22990243136882782,4.288052999982028,28.981528999793227,3.9,4736.046875,10.0,1258.4375
yolo11n.pt,5,free_depth_motion,203,2026-09-09,21:38:41.369,2026-09-09T21:38:41.369,6.739157761000115,1,0.5269691944122314,4.451143000096636,28.948718999799894,2.0,4736.046875,10.0,1258.4375
yolo11n.pt,5,free_depth_motion,204,2026-09-09,21:38:41.389,2026-09-09T21:38:41.389,6.75907471499977,1,0.461859792470932,4.579172000376275,17.117734999828826,3.1,4736.046875,10.0,1258.4375
yolo11n.pt,5,free_depth_motion,205,2026-09-09,21:38:41.421,2026-09-09T21:38:41.421,6.791644039999937,0,0.0,4.08326400020087,28.868169000361377,3.9,4736.046875,10.0,1258.4375
yolo11n.pt,5,free_depth_motion,206,2026-09-09,21:38:41.453,2026-09-09T21:38:41.453,6.823638177999783,0,0.0,4.14246499985893,28.9662289997068,3.8,4736.046875,10.0,1258.4375
yolo11n.pt,5,free_depth_motion,207,2026-09-09,21:38:41.490,2026-09-09T21:38:41.490,6.859636979999777,1,0.7210796475410461,4.322653000144783,33.25811300010173,1.7,4736.046875,10.0,1258.4375
yolo11n.pt,5,free_depth_motion,208,2026-09-09,21:38:41.522,2026-09-09T21:38:41.522,6.89155695799991,1,0.553517758846283,4.320123000070453,28.86035899973649,5.9,4732.17578125,10.0,1256.25
yolo11n.pt,5,free_depth_motion,209,2026-09-09,21:38:41.554,2026-09-09T21:38:41.554,6.923510895000163,1,0.37079524993896484,4.329804000008153,28.82460999990144,2.0,4732.41796875,10.0,1256.25
yolo11n.pt,5,free_depth_motion,210,2026-09-09,21:38:41.589,2026-09-09T21:38:41.589,6.959573656999964,1,0.6139174103736877,4.158604000167543,32.82129499984876,1.8,4732.41796875,10.0,1256.25
yolo11n.pt,5,free_depth_motion,211,2026-09-09,21:38:41.621,2026-09-09T21:38:41.621,6.991606754999793,0,0.0,4.058104999785428,28.736779999690043,3.9,4732.41796875,10.0,1256.25
yolo11n.pt,5,free_depth_motion,212,2026-09-09,21:38:41.654,2026-09-09T21:38:41.654,7.023531041999831,1,0.46343427896499634,4.234153999732371,29.298187000222242,3.8,4732.41796875,10.0,1256.25
yolo11n.pt,5,free_depth_motion,213,2026-09-09,21:38:41.689,2026-09-09T21:38:41.689,7.059442525000122,1,0.8278464078903198,4.223154000101204,32.7372239999022,1.8,4732.41796875,10.0,1256.25
yolo11n.pt,5,free_depth_motion,214,2026-09-09,21:38:41.721,2026-09-09T21:38:41.721,7.091380482999739,1,0.8617710471153259,4.3351730000722455,28.96556999985478,2.0,4732.41796875,10.0,1256.25
yolo11n.pt,5,free_depth_motion,215,2026-09-09,21:38:41.753,2026-09-09T21:38:41.753,7.123432679999951,1,0.7699324488639832,4.275354000128573,28.993968999657227,5.7,4732.41796875,10.0,1256.25
yolo11n.pt,5,free_depth_motion,216,2026-09-09,21:38:41.790,2026-09-09T21:38:41.790,7.159538211999916,1,0.6538069248199463,4.21698300033313,32.97582400000465,1.8,4732.41796875,10.0,1256.25
yolo11n.pt,5,free_depth_motion,217,2026-09-09,21:38:41.822,2026-09-09T21:38:41.822,7.1914224100000865,1,0.6172311902046204,4.308283999762352,28.985359000216704,3.8,4732.41796875,10.0,1256.25
yolo11n.pt,5,free_depth_motion,218,2026-09-09,21:38:41.854,2026-09-09T21:38:41.854,7.223636295999768,1,0.6248089671134949,4.331644000103552,29.078718000164372,2.0,4732.89453125,10.0,1256.25
yolo11n.pt,5,free_depth_motion,219,2026-09-09,21:38:41.889,2026-09-09T21:38:41.889,7.259300069999881,0,0.0,4.056914000102552,32.30249599982926,3.5,4732.89453125,10.0,1256.25
yolo11n.pt,5,free_depth_motion,220,2026-09-09,21:38:41.922,2026-09-09T21:38:41.922,7.291556205999768,1,0.5336440205574036,4.193344000213983,29.39219800009596,2.0,4732.89453125,10.0,1256.25
yolo11n.pt,5,free_depth_motion,221,2026-09-09,21:38:41.953,2026-09-09T21:38:41.953,7.323418833999767,1,0.7984498143196106,4.271794000032969,28.872539000076358,2.0,4732.89453125,10.0,1256.25
yolo11n.pt,5,free_depth_motion,222,2026-09-09,21:38:41.989,2026-09-09T21:38:41.989,7.359253047000038,0,0.0,4.0974839998852985,32.57397500010484,3.5,4732.89453125,10.0,1256.25
yolo11n.pt,5,free_depth_motion,223,2026-09-09,21:38:42.021,2026-09-09T21:38:42.021,7.3913809340001535,1,0.6145227551460266,4.289213999982167,29.442087000006723,3.8,4732.89453125,10.0,1256.25
yolo11n.pt,5,free_depth_motion,224,2026-09-09,21:38:42.054,2026-09-09T21:38:42.054,7.423400071999822,1,0.7277159094810486,4.348583000137296,29.135157999917283,2.0,4732.89453125,10.0,1256.25
yolo11n.pt,5,free_depth_motion,225,2026-09-09,21:38:42.089,2026-09-09T21:38:42.089,7.459481342999879,0,0.0,4.041584999868064,32.6971549998234,1.8,4732.89453125,10.0,1256.25
yolo11n.pt,5,free_depth_motion,226,2026-09-09,21:38:42.122,2026-09-09T21:38:42.122,7.491536880999774,1,0.19739021360874176,4.2354029997113685,29.335358000025735,3.8,4732.89453125,10.0,1256.25
yolo11n.pt,5,free_depth_motion,227,2026-09-09,21:38:42.157,2026-09-09T21:38:42.157,7.527190064000024,1,0.7698296904563904,4.47666299987759,32.90428399986922,1.8,4732.89453125,10.0,1256.25
yolo11n.pt,5,free_depth_motion,228,2026-09-09,21:38:42.189,2026-09-09T21:38:42.189,7.559353521000048,1,0.31246238946914673,4.257033999692794,28.928248999818607,2.0,4732.89453125,10.0,1256.25
yolo11n.pt,5,free_depth_motion,229,2026-09-09,21:38:42.221,2026-09-09T21:38:42.221,7.5914507080001385,0,0.0,4.034295000110433,28.74240999972244,2.0,4732.89453125,10.0,1256.25
yolo11n.pt,5,free_depth_motion,230,2026-09-09,21:38:42.257,2026-09-09T21:38:42.257,7.627366280999922,1,0.5111566185951233,4.330533000029391,33.33647299996301,1.7,4732.89453125,10.0,1256.25
yolo11n.pt,5,free_depth_motion,231,2026-09-09,21:38:42.290,2026-09-09T21:38:42.290,7.659453138000117,1,0.6558132171630859,4.331472999638208,29.010999000092852,5.8,4732.89453125,10.0,1256.25
yolo11n.pt,5,free_depth_motion,232,2026-09-09,21:38:42.321,2026-09-09T21:38:42.321,7.691373185999964,1,0.3264416754245758,4.347873000369873,28.826589000345848,5.9,4732.18359375,10.0,1256.25
yolo11n.pt,5,free_depth_motion,233,2026-09-09,21:38:42.357,2026-09-09T21:38:42.357,7.727293307999844,1,0.1572185903787613,4.349082999851817,32.83962399973461,5.4,4732.546875,10.0,1256.25
yolo11n.pt,5,free_depth_motion,234,2026-09-09,21:38:42.390,2026-09-09T21:38:42.390,7.759425514999748,1,0.5646211504936218,4.4503529998110025,29.196098999818787,7.7,4732.546875,10.0,1256.25
yolo11n.pt,5,free_depth_motion,235,2026-09-09,21:38:42.422,2026-09-09T21:38:42.422,7.791503511999963,1,0.7113014459609985,4.2712139998002385,28.84683899992524,4.0,4732.546875,10.0,1256.25
yolo11n.pt,5,free_depth_motion,236,2026-09-09,21:38:42.453,2026-09-09T21:38:42.453,7.823402850000093,1,0.7113014459609985,4.267824000180553,28.836188999775914,5.9,4733.2578125,10.0,1256.25
yolo11n.pt,5,free_depth_motion,237,2026-09-09,21:38:42.490,2026-09-09T21:38:42.490,7.85934502300006,1,0.4512065351009369,4.5866730001762335,33.578151000256184,8.6,4739.09765625,10.0,1256.25
yolo11n.pt,5,free_depth_motion,238,2026-09-09,21:38:42.518,2026-09-09T21:38:42.518,7.887419525000041,1,0.4512065351009369,4.439313000148104,24.777436000022135,6.8,4751.07421875,10.0,1256.25
yolo11n.pt,5,free_depth_motion,239,2026-09-09,21:38:42.558,2026-09-09T21:38:42.558,7.92734738199988,1,0.6958646774291992,4.516032999617892,37.20750699994824,9.5,4761.1484375,10.0,1256.25
yolo11n.pt,5,free_depth_motion,240,2026-09-09,21:38:42.589,2026-09-09T21:38:42.589,7.959211800000048,1,0.21313637495040894,4.4440729998314055,28.726979999646574,5.9,4761.83984375,10.0,1256.25
yolo11n.pt,5,free_depth_motion,241,2026-09-09,21:38:42.621,2026-09-09T21:38:42.621,7.991616666000027,0,0.0,4.144374000134121,28.97169900006702,4.0,4761.83984375,9.0,1256.25
yolo11n.pt,5,free_depth_motion,242,2026-09-09,21:38:42.657,2026-09-09T21:38:42.657,8.027379349000057,0,0.0,4.158173999712744,32.76149399971473,6.9,4761.875,9.0,1256.25
yolo11n.pt,5,free_depth_motion,243,2026-09-09,21:38:42.690,2026-09-09T21:38:42.690,8.059610625999994,1,0.4131099283695221,4.394893000153388,29.758466000203043,5.9,4761.8671875,9.0,1256.25
yolo11n.pt,5,free_depth_motion,244,2026-09-09,21:38:42.722,2026-09-09T21:38:42.722,8.091567804000078,1,0.1931353360414505,4.356122999979561,28.720939999857364,5.9,4762.50390625,9.0,1256.25
yolo11n.pt,5,free_depth_motion,245,2026-09-09,21:38:42.758,2026-09-09T21:38:42.758,8.127323376999811,1,0.5424736738204956,4.398493000280723,32.80181399986759,7.0,4702.11328125,9.0,1256.25
yolo11n.pt,5,free_depth_motion,246,2026-09-09,21:38:42.790,2026-09-09T21:38:42.790,8.159511563999786,1,0.588627278804779,4.229484000006778,29.04825899986463,5.8,4701.9921875,9.0,1256.25
yolo11n.pt,5,free_depth_motion,247,2026-09-09,21:38:42.821,2026-09-09T21:38:42.821,8.191321861999768,0,0.0,4.181384000276012,28.629180999814707,8.0,4709.76953125,9.0,1256.25
yolo11n.pt,5,free_depth_motion,248,2026-09-09,21:38:42.857,2026-09-09T21:38:42.857,8.227378753999801,0,0.0,4.151273999923433,32.81412500018632,10.3,4726.49609375,9.0,1256.25
yolo11n.pt,5,free_depth_motion,249,2026-09-09,21:38:42.890,2026-09-09T21:38:42.890,8.259460160999879,1,0.15669728815555573,4.531763000159117,29.60138700018433,9.6,4727.84765625,9.0,1256.25
yolo11n.pt,5,free_depth_motion,250,2026-09-09,21:38:42.921,2026-09-09T21:38:42.921,8.291403938999792,1,0.18566009402275085,4.255592999925284,28.672540000115987,8.2,4727.84765625,9.0,1256.25
yolo11n.pt,5,free_depth_motion,251,2026-09-09,21:38:42.957,2026-09-09T21:38:42.957,8.327592199999799,0,0.0,3.59543600006873,32.477825000114535,8.8,4727.84765625,9.0,1256.25
yolo11n.pt,5,free_depth_motion,252,2026-09-09,21:38:42.989,2026-09-09T21:38:42.989,8.359425258000101,0,0.0,3.6950159997104493,29.00290900015534,8.0,4727.84765625,9.0,1256.25
yolo11n.pt,5,free_depth_motion,253,2026-09-09,21:38:43.018,2026-09-09T21:38:43.018,8.387400721000176,0,0.0,4.599042999871017,25.932650999948237,8.7,4728.203125,9.0,1256.25
yolo11n.pt,5,free_depth_motion,254,2026-09-09,21:38:43.057,2026-09-09T21:38:43.057,8.427227649000088,1,0.40674325823783875,4.229093999583711,36.709760000121605,7.9,4766.94921875,9.0,1256.25
yolo11n.pt,5,free_depth_motion,255,2026-09-09,21:38:43.089,2026-09-09T21:38:43.089,8.459444664999864,0,0.0,3.858126000068296,28.73736999981702,9.8,4783.1875,9.0,1256.25
yolo11n.pt,5,free_depth_motion,256,2026-09-09,21:38:43.121,2026-09-09T21:38:43.121,8.491730522000125,0,0.0,3.8528150003003248,29.27654800032542,9.6,4783.1875,9.0,1256.25
yolo11n.pt,5,free_depth_motion,257,2026-09-09,21:38:43.153,2026-09-09T21:38:43.153,8.523401421000017,0,0.0,4.177632999926573,29.00204900015524,7.8,4783.1875,9.0,1256.25
yolo11n.pt,5,free_depth_motion,258,2026-09-09,21:38:43.189,2026-09-09T21:38:43.189,8.55935822299989,1,0.3765765428543091,3.9248749999387655,33.146112999929755,8.8,4783.1875,9.0,1256.25
yolo11n.pt,5,free_depth_motion,259,2026-09-09,21:38:43.221,2026-09-09T21:38:43.221,8.59132382100006,0,0.0,3.6952560003555845,28.53715999981432,8.0,4783.1875,9.0,1256.25
yolo11n.pt,5,free_depth_motion,260,2026-09-09,21:38:43.241,2026-09-09T21:38:43.241,8.611377864000133,0,0.0,3.687905999868235,17.09721499992156,12.5,4783.1875,9.0,1256.25
yolo11n.pt,5,free_depth_motion,261,2026-09-09,21:38:43.269,2026-09-09T21:38:43.269,8.639403325999865,0,0.0,3.9370549998238857,25.346463000005315,6.7,4783.1875,9.0,1256.25
yolo11n.pt,5,free_depth_motion,262,2026-09-09,21:38:43.305,2026-09-09T21:38:43.305,8.67536453899993,1,0.3269023299217224,3.884514999754174,33.09930300019914,8.8,4783.1875,9.0,1256.25
yolo11n.pt,5,free_depth_motion,263,2026-09-09,21:38:43.341,2026-09-09T21:38:43.341,8.711276440999882,0,0.0,3.6980760000915325,32.578155000010156,10.3,4783.1875,9.0,1256.25
yolo11n.pt,5,free_depth_motion,264,2026-09-09,21:38:43.373,2026-09-09T21:38:43.373,8.743357808999917,1,0.6461482644081116,3.8581859998885193,29.229237999970792,7.8,4783.1875,9.0,1256.25
yolo11n.pt,5,free_depth_motion,265,2026-09-09,21:38:43.405,2026-09-09T21:38:43.405,8.775518954999825,1,0.15616357326507568,3.7709660000473377,29.175629000292247,8.0,4783.1875,9.0,1256.25
yolo11n.pt,5,free_depth_motion,266,2026-09-09,21:38:43.440,2026-09-09T21:38:43.440,8.811100109000108,0,0.0,3.722305999872333,32.48392599971339,10.3,4783.1875,9.0,1256.25
yolo11n.pt,5,free_depth_motion,267,2026-09-09,21:38:43.473,2026-09-09T21:38:43.473,8.843375984999966,1,0.748302161693573,3.852165999887802,29.587856000034662,7.8,4783.4296875,9.0,1256.25
yolo11n.pt,5,free_depth_motion,268,2026-09-09,21:38:43.505,2026-09-09T21:38:43.505,8.875304083000174,0,0.0,3.748445999917749,28.814320000037696,9.8,4783.4296875,9.0,1256.25
yolo11n.pt,5,free_depth_motion,269,2026-09-09,21:38:43.541,2026-09-09T21:38:43.541,8.911380784999892,1,0.6128766536712646,3.8640249999843945,33.341661999656935,7.1,4783.74609375,9.0,1256.25
yolo11n.pt,5,free_depth_motion,270,2026-09-09,21:38:43.573,2026-09-09T21:38:43.573,8.943344032999903,1,0.767404317855835,3.8929550000830204,29.04176899983213,11.3,4783.74609375,9.0,1256.25
yolo11n.pt,5,free_depth_motion,271,2026-09-09,21:38:43.605,2026-09-09T21:38:43.605,8.975289920999785,1,0.7098982930183411,3.8375359999918146,28.927298999860795,8.0,4783.96875,9.0,1256.25
yolo11n.pt,5,free_depth_motion,272,2026-09-09,21:38:43.641,2026-09-09T21:38:43.641,9.01138427199976,0,0.0,3.679605999877822,32.892184000047564,7.1,4783.96875,10.0,1256.25
yolo11n.pt,5,free_depth_motion,273,2026-09-09,21:38:43.673,2026-09-09T21:38:43.673,9.043337279999832,0,0.0,3.679645999909553,28.904319000048417,9.6,4783.96875,10.0,1256.25
yolo11n.pt,5,free_depth_motion,274,2026-09-09,21:38:43.705,2026-09-09T21:38:43.705,9.07541567699991,0,0.0,3.696536000006745,28.982458999962546,9.8,4783.96875,10.0,1256.25
yolo11n.pt,5,free_depth_motion,275,2026-09-09,21:38:43.741,2026-09-09T21:38:43.741,9.111143421000179,1,0.8686825633049011,3.8823959998808277,33.0954030000612,7.1,4783.96875,10.0,1256.25
yolo11n.pt,5,free_depth_motion,276,2026-09-09,21:38:43.773,2026-09-09T21:38:43.773,9.143421506999857,1,0.3929802477359772,4.001634999895032,29.466396999850986,9.6,4783.96875,10.0,1256.25
yolo11n.pt,5,free_depth_motion,277,2026-09-09,21:38:43.805,2026-09-09T21:38:43.805,9.17537421499992,1,0.8873090147972107,3.9518049998150673,28.834550000283343,9.8,4781.48046875,10.0,1256.25
yolo11n.pt,5,free_depth_motion,278,2026-09-09,21:38:43.842,2026-09-09T21:38:43.842,9.211411546999898,1,0.5614820718765259,4.461322999759432,33.52587200015478,8.6,4819.03125,10.0,1256.25
yolo11n.pt,5,free_depth_motion,279,2026-09-09,21:38:43.873,2026-09-09T21:38:43.873,9.243247334999978,1,0.725356936454773,4.268003000106546,28.583500999957323,9.8,4816.8984375,10.0,1256.25
yolo11n.pt,5,free_depth_motion,280,2026-09-09,21:38:43.905,2026-09-09T21:38:43.905,9.275289491999956,0,0.0,4.089034000116953,28.67610000021159,10.0,4824.25,10.0,1256.25
yolo11n.pt,5,free_depth_motion,281,2026-09-09,21:38:43.941,2026-09-09T21:38:43.941,9.311046044999784,1,0.882034182548523,4.075755000030767,32.83155400004034,5.3,4809.140625,10.0,1256.25
yolo11n.pt,5,free_depth_motion,282,2026-09-09,21:38:43.973,2026-09-09T21:38:43.973,9.343437660999825,0,0.0,3.764075999697525,29.061808999813366,9.8,4816.98828125,10.0,1256.25
yolo11n.pt,5,free_depth_motion,283,2026-09-09,21:38:44.010,2026-09-09T21:38:44.010,9.379584842999975,1,0.7113210558891296,4.160803999639029,33.73871100029646,8.5,4822.0390625,10.0,1256.25
yolo11n.pt,5,free_depth_motion,284,2026-09-09,21:38:44.037,2026-09-09T21:38:44.037,9.40740090600002,1,0.7113210558891296,4.232534000038868,24.867135000022245,9.1,4836.96875,10.0,1256.25
yolo11n.pt,5,free_depth_motion,285,2026-09-09,21:38:44.073,2026-09-09T21:38:44.073,9.443141100000048,1,0.80107581615448,3.8713660001121752,32.49558499965133,8.8,4836.96875,10.0,1256.25
yolo11n.pt,5,free_depth_motion,286,2026-09-09,21:38:44.109,2026-09-09T21:38:44.109,9.4792390409998,1,0.7358334064483643,3.8903549998394737,33.17904300001828,8.8,4836.96875,10.0,1256.25
yolo11n.pt,5,free_depth_motion,287,2026-09-09,21:38:44.141,2026-09-09T21:38:44.141,9.511246029000176,1,0.38081493973731995,3.8701050002600823,28.923549999944953,7.8,4836.96875,9.0,1256.25
yolo11n.pt,5,free_depth_motion,288,2026-09-09,21:38:44.174,2026-09-09T21:38:44.174,9.543352675999813,1,0.6467422246932983,4.40925300017625,29.734086000189563,11.3,4851.7578125,9.0,1256.25
yolo11n.pt,5,free_depth_motion,289,2026-09-09,21:38:44.210,2026-09-09T21:38:44.210,9.579661047000172,1,0.7541515827178955,4.156323999723099,33.04876299989701,7.1,4840.1640625,9.0,1256.25
yolo11n.pt,5,free_depth_motion,290,2026-09-09,21:38:44.241,2026-09-09T21:38:44.241,9.611441714999728,1,0.7594190239906311,4.021814999759954,28.555201000017405,9.8,4840.1640625,9.0,1256.25
yolo11n.pt,5,free_depth_motion,291,2026-09-09,21:38:44.273,2026-09-09T21:38:44.273,9.643501661999835,1,0.6082868576049805,3.9255449996744574,28.954728999906365,8.0,4840.1640625,9.0,1256.25
yolo11n.pt,5,free_depth_motion,292,2026-09-09,21:38:44.309,2026-09-09T21:38:44.309,9.679477374999806,1,0.6239416003227234,3.8481550000142306,32.91282400005002,8.8,4840.1640625,9.0,1256.25
yolo11n.pt,5,free_depth_motion,293,2026-09-09,21:38:44.341,2026-09-09T21:38:44.341,9.711326802999793,0,0.0,3.694305999943026,28.51539099992806,9.8,4840.40625,9.0,1256.25
yolo11n.pt,5,free_depth_motion,294,2026-09-09,21:38:44.373,2026-09-09T21:38:44.373,9.74335702999997,1,0.16178010404109955,3.870725000069797,29.338997999730054,7.8,4840.40625,9.0,1256.25
yolo11n.pt,5,free_depth_motion,295,2026-09-09,21:38:44.408,2026-09-09T21:38:44.408,9.77921857299998,0,0.0,3.6312759998509136,32.59999500005506,8.8,4840.40625,9.0,1256.25
yolo11n.pt,5,free_depth_motion,296,2026-09-09,21:38:44.440,2026-09-09T21:38:44.440,9.811225529999774,0,0.0,3.6242169999241014,28.990468999836594,9.8,4840.40625,9.0,1256.25
yolo11n.pt,5,free_depth_motion,297,2026-09-09,21:38:44.472,2026-09-09T21:38:44.472,9.843209858000137,0,0.0,3.634925999904226,29.003138999996736,7.8,4840.6484375,9.0,1256.25
yolo11n.pt,5,free_depth_motion,298,2026-09-09,21:38:44.509,2026-09-09T21:38:44.509,9.879451638999853,0,0.0,3.7580459998025617,33.38224200024342,8.8,4840.6484375,9.0,1253.75
yolo11n.pt,5,free_depth_motion,299,2026-09-09,21:38:44.541,2026-09-09T21:38:44.541,9.911213547999978,0,0.0,3.722245000062685,28.76030900006299,8.0,4840.6484375,9.0,1253.75
yolo11n.pt,5,free_depth_motion,300,2026-09-09,21:38:44.572,2026-09-09T21:38:44.572,9.942231748999802,0,0.0,3.7684949998038064,28.16202300027726,10.0,4840.53125,9.0,1253.75
yolo11n.pt,5,free_depth_motion,301,2026-09-09,21:38:44.605,2026-09-09T21:38:44.605,9.975409671999842,0,0.0,4.158904000178154,30.62077300000965,7.4,4839.0078125,9.0,1253.75
yolo11n.pt,5,free_depth_motion,302,2026-09-09,21:38:44.641,2026-09-09T21:38:44.641,10.01146384399999,0,0.0,3.671905999908631,32.68280499969478,8.9,4836.8046875,10.0,1253.75
yolo11s.pt,1,static,1,2026-09-09,21:43:00.721,2026-09-09T21:43:00.721,0.03290480399982698,1,0.2229987382888794,5.545179000364442,40.77522399984446,2.4,4783.58984375,2.0,1371.75
yolo11s.pt,1,static,2,2026-09-09,21:43:00.753,2026-09-09T21:43:00.753,0.06722662299989679,1,0.30648064613342285,5.028161000154796,29.095078999944235,1.9,4783.58984375,2.0,1371.75
yolo11s.pt,1,static,3,2026-09-09,21:43:00.785,2026-09-09T21:43:00.785,0.10011806700003945,1,0.3217267096042633,4.468332999749691,29.506217000289325,3.9,4783.58984375,2.0,1373.375
yolo11s.pt,1,static,4,2026-09-09,21:43:00.816,2026-09-09T21:43:00.816,0.13132159799988585,1,0.3105835020542145,4.459963000044809,28.365172000121675,2.0,4783.58984375,2.0,1373.375
yolo11s.pt,1,static,5,2026-09-09,21:43:00.852,2026-09-09T21:43:00.852,0.16764381799976036,1,0.3392619490623474,4.4401929999366985,33.53023199997551,3.4,4783.58984375,2.0,1373.375
yolo11s.pt,1,static,6,2026-09-09,21:43:00.884,2026-09-09T21:43:00.884,0.19963823599982788,1,0.23375162482261658,4.431382999882771,29.186129000208894,2.0,4783.58984375,2.0,1373.375
yolo11s.pt,1,static,7,2026-09-09,21:43:00.916,2026-09-09T21:43:00.916,0.23172562299987476,1,0.21278133988380432,4.399322999688593,29.26181800012273,3.8,4783.58984375,2.0,1373.375
yolo11s.pt,1,static,8,2026-09-09,21:43:00.952,2026-09-09T21:43:00.952,0.26763582600005975,1,0.25489041209220886,4.36033400001179,33.13094299983277,3.4,4783.58984375,2.0,1373.375
yolo11s.pt,1,static,9,2026-09-09,21:43:00.984,2026-09-09T21:43:00.984,0.2992964639997808,1,0.25035035610198975,4.401992999646609,28.758809999999357,4.0,4783.58984375,2.0,1373.6875
yolo11s.pt,1,static,10,2026-09-09,21:43:01.016,2026-09-09T21:43:01.016,0.33163069100010034,1,0.33617866039276123,4.401492999932088,29.51769700030127,2.0,4783.58984375,2.0,1373.6875
yolo11s.pt,1,static,11,2026-09-09,21:43:01.052,2026-09-09T21:43:01.052,0.3674670629998218,1,0.39231204986572266,4.403352999815979,33.06509399999413,3.4,4783.58984375,2.0,1373.6875
yolo11s.pt,1,static,12,2026-09-09,21:43:01.084,2026-09-09T21:43:01.084,0.3994712610001443,1,0.2743392288684845,4.3869629998880555,29.234459000235802,2.0,4783.58984375,2.0,1373.6875
yolo11s.pt,1,static,13,2026-09-09,21:43:01.116,2026-09-09T21:43:01.116,0.43148244799976965,1,0.2803775370121002,4.363923999790131,29.230917999939265,3.9,4783.58984375,2.0,1373.6875
yolo11s.pt,1,static,14,2026-09-09,21:43:01.152,2026-09-09T21:43:01.152,0.4676441199999317,1,0.2834196388721466,4.40458299999591,33.397653000065475,5.0,4783.58984375,2.0,1373.6875
yolo11s.pt,1,static,15,2026-09-09,21:43:01.184,2026-09-09T21:43:01.184,0.49967537700013054,1,0.32052212953567505,4.380483000204549,29.22711800010802,2.0,4783.58984375,9.0,1373.6875
yolo11s.pt,1,static,16,2026-09-09,21:43:01.216,2026-09-09T21:43:01.216,0.5316364450000037,1,0.2517653703689575,4.394512999624567,29.175369000313367,3.8,4783.58984375,9.0,1373.6875
yolo11s.pt,1,static,17,2026-09-09,21:43:01.252,2026-09-09T21:43:01.252,0.5676715069998863,1,0.26541051268577576,4.380833000141138,33.23127299972839,1.8,4783.58984375,9.0,1373.6875
yolo11s.pt,1,static,18,2026-09-09,21:43:01.284,2026-09-09T21:43:01.284,0.5994683849999092,1,0.3877173066139221,4.370344000108162,28.99512899966794,2.0,4783.58984375,9.0,1373.6875
yolo11s.pt,1,static,19,2026-09-09,21:43:01.316,2026-09-09T21:43:01.316,0.6314855830000852,1,0.258756160736084,4.356432999884419,29.271946999870124,3.8,4783.58984375,9.0,1373.6875
yolo11s.pt,1,static,20,2026-09-09,21:43:01.352,2026-09-09T21:43:01.352,0.6674688749999405,1,0.29836317896842957,4.390272999899025,33.22121299970604,3.4,4783.58984375,9.0,1373.6875
yolo11s.pt,1,static,21,2026-09-09,21:43:01.384,2026-09-09T21:43:01.384,0.6996567319997666,1,0.2561056613922119,4.380503999982466,29.393756999979814,2.0,4783.58984375,9.0,1373.6875
yolo11s.pt,1,static,22,2026-09-09,21:43:01.416,2026-09-09T21:43:01.416,0.7314622099997905,1,0.28883230686187744,4.398392999974021,29.03621799987377,2.0,4783.58984375,9.0,1373.6875
yolo11s.pt,1,static,23,2026-09-09,21:43:01.452,2026-09-09T21:43:01.452,0.7675149520000559,1,0.2884537875652313,4.391873000258784,33.272392000071704,1.8,4783.58984375,9.0,1373.6875
yolo11s.pt,1,static,24,2026-09-09,21:43:01.484,2026-09-09T21:43:01.484,0.7994933790000687,1,0.3057345747947693,4.3764540000665875,29.2346279998128,2.0,4783.58984375,9.0,1373.6875
yolo11s.pt,1,static,25,2026-09-09,21:43:01.516,2026-09-09T21:43:01.516,0.831522276999749,1,0.29027029871940613,4.363932999694953,29.255857999942236,3.8,4783.58984375,9.0,1373.6875
yolo11s.pt,1,static,26,2026-09-09,21:43:01.552,2026-09-09T21:43:01.552,0.8674408990000302,1,0.2912227213382721,4.383113999665511,33.18519300000844,1.8,4783.58984375,9.0,1373.6875
yolo11s.pt,1,static,27,2026-09-09,21:43:01.584,2026-09-09T21:43:01.584,0.8992937369998799,1,0.25302302837371826,4.381583999929717,29.12594800000079,3.9,4783.58984375,9.0,1373.6875
yolo11s.pt,1,static,28,2026-09-09,21:43:01.616,2026-09-09T21:43:01.616,0.9314313239997318,1,0.3169947862625122,4.404292999879544,29.37030800012508,1.9,4783.83203125,9.0,1373.6875
yolo11s.pt,1,static,29,2026-09-09,21:43:01.652,2026-09-09T21:43:01.652,0.9674813560000075,1,0.25921186804771423,4.451083000276412,33.30442300011782,3.4,4783.83203125,9.0,1373.6875
yolo11s.pt,1,static,30,2026-09-09,21:43:01.684,2026-09-09T21:43:01.684,0.9992755349999243,1,0.1831577569246292,4.420342999765126,28.93108900025254,3.9,4783.83203125,9.0,1373.5625
yolo11s.pt,1,static,31,2026-09-09,21:43:01.716,2026-09-09T21:43:01.716,1.0314994310001566,1,0.23904617130756378,4.401542999858066,29.380848000073456,2.0,4783.83203125,9.0,1373.5625
yolo11s.pt,1,static,32,2026-09-09,21:43:01.752,2026-09-09T21:43:01.752,1.0676383429999987,1,0.20150646567344666,4.405012999995961,33.309413000097265,3.4,4783.83203125,9.0,1373.5625
yolo11s.pt,1,static,33,2026-09-09,21:43:01.784,2026-09-09T21:43:01.784,1.0995063609998397,1,0.2600992023944855,4.387643000427488,29.074878000301396,3.8,4783.83203125,9.0,1373.5625
yolo11s.pt,1,static,34,2026-09-09,21:43:01.816,2026-09-09T21:43:01.816,1.1314890590001596,1,0.33205991983413696,4.374694000034651,29.158238000036363,2.0,4783.83203125,9.0,1373.5625
yolo11s.pt,1,static,35,2026-09-09,21:43:01.852,2026-09-09T21:43:01.852,1.1674795009998888,1,0.2945059835910797,4.512781999892468,33.36490199990294,5.1,4783.83203125,9.0,1373.5625
yolo11s.pt,1,static,36,2026-09-09,21:43:01.884,2026-09-09T21:43:01.884,1.1994580979999228,1,0.3324081599712372,4.449612999906094,29.122159000053216,3.9,4784.07421875,9.0,1373.5625
yolo11s.pt,1,static,37,2026-09-09,21:43:01.916,2026-09-09T21:43:01.916,1.2315260549999039,1,0.28699731826782227,4.4917129998793826,29.309988000022713,2.0,4784.07421875,9.0,1373.5625
yolo11s.pt,1,static,38,2026-09-09,21:43:01.952,2026-09-09T21:43:01.952,1.2674871780000103,1,0.2758132219314575,4.397282999889285,33.06531299995186,3.4,4784.07421875,9.0,1373.5625
yolo11s.pt,1,static,39,2026-09-09,21:43:01.984,2026-09-09T21:43:01.984,1.2993212460000905,1,0.28691616654396057,4.4074930001443136,29.0348480002649,3.9,4784.07421875,9.0,1373.5625
yolo11s.pt,1,static,40,2026-09-09,21:43:02.020,2026-09-09T21:43:02.020,1.3352647980000256,1,0.2684156000614166,4.416563000177121,33.14034300001367,1.8,4784.07421875,9.0,1373.5625
yolo11s.pt,1,static,41,2026-09-09,21:43:02.052,2026-09-09T21:43:02.052,1.3673164159999942,1,0.16896672546863556,4.411261999848648,29.275998000230175,2.0,4784.07421875,9.0,1373.5625
yolo11s.pt,1,static,42,2026-09-09,21:43:02.084,2026-09-09T21:43:02.084,1.3992841829999634,1,0.30368945002555847,4.404523000175686,29.174569000133488,2.0,4784.07421875,9.0,1373.5625
yolo11s.pt,1,static,43,2026-09-09,21:43:02.120,2026-09-09T21:43:02.120,1.435483474999728,1,0.23296885192394257,4.497373000049265,33.481491999737045,5.1,4784.07421875,9.0,1373.5625
yolo11s.pt,1,static,44,2026-09-09,21:43:02.152,2026-09-09T21:43:02.152,1.4674762619997637,1,0.22320817410945892,4.509483000219916,29.2037980002533,2.0,4783.1796875,9.0,1373.5625
yolo11s.pt,1,static,45,2026-09-09,21:43:02.184,2026-09-09T21:43:02.184,1.4994936990001406,1,0.2444663941860199,4.412372999922809,29.13509800009706,3.9,4783.1796875,9.0,1373.5625
yolo11s.pt,1,static,46,2026-09-09,21:43:02.220,2026-09-09T21:43:02.220,1.5354763719997209,1,0.27910852432250977,4.398473000037484,33.180812999944465,1.8,4783.1796875,9.0,1373.5625
yolo11s.pt,1,static,47,2026-09-09,21:43:02.252,2026-09-09T21:43:02.252,1.5675324690000707,1,0.2938327193260193,4.430362999755744,29.310336999969877,3.8,4783.1796875,9.0,1373.5625
yolo11s.pt,1,static,48,2026-09-09,21:43:02.284,2026-09-09T21:43:02.284,1.5994718169999942,1,0.32972949743270874,4.4077630000174395,29.12784800037116,2.0,4783.1796875,9.0,1373.5625
yolo11s.pt,1,static,49,2026-09-09,21:43:02.320,2026-09-09T21:43:02.320,1.6352457399998457,1,0.1959126740694046,4.393653000079212,32.97165399999358,3.4,4783.1796875,9.0,1373.5625
yolo11s.pt,1,static,50,2026-09-09,21:43:02.352,2026-09-09T21:43:02.352,1.6676041059999989,1,0.2512861490249634,4.607922000104736,29.733747000136646,2.0,4783.1796875,9.0,1373.5625
yolo11s.pt,1,static,51,2026-09-09,21:43:02.384,2026-09-09T21:43:02.384,1.6994432540000162,1,0.29343512654304504,4.396942999846942,28.836669999691367,2.0,4783.1796875,9.0,1373.5625
yolo11s.pt,1,static,52,2026-09-09,21:43:02.420,2026-09-09T21:43:02.420,1.7352703569999903,1,0.3881382346153259,4.4077630000174395,33.04384300008678,3.4,4783.1796875,9.0,1373.5625
yolo11s.pt,1,static,53,2026-09-09,21:43:02.452,2026-09-09T21:43:02.452,1.7675036929999806,1,0.32976219058036804,4.39108299997315,29.43064700002651,3.8,4783.1796875,9.0,1373.5625
yolo11s.pt,1,static,54,2026-09-09,21:43:02.484,2026-09-09T21:43:02.484,1.7996316700000534,1,0.347895085811615,4.397363999942172,29.324657999950432,2.0,4783.1796875,9.0,1373.5625
yolo11s.pt,1,static,55,2026-09-09,21:43:02.520,2026-09-09T21:43:02.520,1.8355121730000974,1,0.3140910267829895,4.334642999765492,33.024394000221946,1.8,4783.1796875,9.0,1373.5625
yolo11s.pt,1,static,56,2026-09-09,21:43:02.552,2026-09-09T21:43:02.552,1.8674790509999184,1,0.2416868358850479,4.3725430000449705,29.222928000308457,3.9,4783.1796875,9.0,1373.5625
yolo11s.pt,1,static,57,2026-09-09,21:43:02.584,2026-09-09T21:43:02.584,1.8995250379998652,1,0.2757050395011902,4.368102999706025,29.265487999964535,2.0,4783.1796875,9.0,1373.5625
yolo11s.pt,1,static,58,2026-09-09,21:43:02.620,2026-09-09T21:43:02.620,1.93561912999985,1,0.29485541582107544,4.536561999884725,33.50999199983562,1.8,4783.421875,9.0,1373.5625
yolo11s.pt,1,static,59,2026-09-09,21:43:02.652,2026-09-09T21:43:02.652,1.9674879780000083,1,0.27389273047447205,4.49246200014386,29.039929000191478,3.8,4783.421875,9.0,1373.5625
yolo11s.pt,1,static,60,2026-09-09,21:43:02.684,2026-09-09T21:43:02.684,1.9994596950000414,1,0.42033883929252625,4.477193000184343,29.16426899992075,2.0,4783.421875,10.0,1371.1875
yolo11s.pt,1,static,61,2026-09-09,21:43:02.720,2026-09-09T21:43:02.720,2.0352941080000164,1,0.3174111843109131,4.39350300030128,32.981803999973636,1.8,4783.421875,10.0,1371.1875
yolo11s.pt,1,static,62,2026-09-09,21:43:02.752,2026-09-09T21:43:02.752,2.0674624049997874,1,0.3437787592411041,4.371683000044868,29.327207999813254,3.9,4783.421875,10.0,1371.1875
yolo11s.pt,1,static,63,2026-09-09,21:43:02.784,2026-09-09T21:43:02.784,2.0995059619999665,1,0.26833510398864746,4.393943000195577,29.270287999679567,2.0,4783.421875,10.0,1371.1875
yolo11s.pt,1,static,64,2026-09-09,21:43:02.820,2026-09-09T21:43:02.820,2.1352986150000106,1,0.2712469696998596,4.365762999896106,32.9602540000451,1.8,4783.421875,10.0,1371.1875
yolo11s.pt,1,static,65,2026-09-09,21:43:02.853,2026-09-09T21:43:02.853,2.1673033429997304,1,0.3553546965122223,5.110930000228109,30.00548499994693,3.8,4783.421875,10.0,1371.1875
yolo11s.pt,1,static,66,2026-09-09,21:43:02.884,2026-09-09T21:43:02.884,2.1992523099997925,1,0.2334005981683731,4.372754000087298,28.297891999955027,4.0,4783.421875,10.0,1371.1875
yolo11s.pt,1,static,67,2026-09-09,21:43:02.920,2026-09-09T21:43:02.920,2.2355076119997648,1,0.26265856623649597,4.755100999773276,33.846911000182445,1.7,4783.4140625,10.0,1371.1875
yolo11s.pt,1,static,68,2026-09-09,21:43:02.952,2026-09-09T21:43:02.952,2.26753054899973,1,0.27241092920303345,4.678221999711241,29.14758899987646,2.0,4783.4140625,10.0,1371.1875
yolo11s.pt,1,static,69,2026-09-09,21:43:02.984,2026-09-09T21:43:02.984,2.299694435999754,1,0.3383253514766693,4.446152999662445,29.142608000256587,3.8,4783.4140625,10.0,1371.1875
yolo11s.pt,1,static,70,2026-09-09,21:43:03.020,2026-09-09T21:43:03.020,2.3355033990001175,1,0.2659566104412079,4.409022999880108,32.98354299977291,1.8,4783.4140625,10.0,1371.1875
yolo11s.pt,1,static,71,2026-09-09,21:43:03.052,2026-09-09T21:43:03.052,2.3675154259999545,1,0.2857511639595032,4.396832999645994,29.232628000045224,2.0,4783.4140625,10.0,1371.1875
yolo11s.pt,1,static,72,2026-09-09,21:43:03.084,2026-09-09T21:43:03.084,2.399526553999749,1,0.2532828450202942,4.405572999985452,29.211538000254222,2.0,4783.4140625,10.0,1371.1875
yolo11s.pt,1,static,73,2026-09-09,21:43:03.120,2026-09-09T21:43:03.120,2.435622935000083,1,0.24425488710403442,4.425894000178232,33.33104299963452,3.4,4783.4140625,10.0,1371.1875
yolo11s.pt,1,static,74,2026-09-09,21:43:03.152,2026-09-09T21:43:03.152,2.4674463040000774,1,0.25777000188827515,4.40860300022905,28.983699000036722,2.0,4783.4140625,10.0,1371.1875
yolo11s.pt,1,static,75,2026-09-09,21:43:03.184,2026-09-09T21:43:03.184,2.499486731000161,1,0.34503093361854553,4.444932999831508,29.30721699976857,2.0,4783.4140625,9.0,1371.1875
yolo11s.pt,1,static,76,2026-09-09,21:43:03.220,2026-09-09T21:43:03.220,2.5354475529998126,1,0.23167769610881805,4.4736730001204705,33.17502300023989,1.8,4783.4140625,9.0,1371.1875
yolo11s.pt,1,static,77,2026-09-09,21:43:03.252,2026-09-09T21:43:03.252,2.5673090010000124,1,0.2908935248851776,4.433563000020513,29.035348999968846,3.9,4783.4140625,9.0,1371.1875
yolo11s.pt,1,static,78,2026-09-09,21:43:03.288,2026-09-09T21:43:03.288,2.603629171999728,1,0.29577013850212097,4.482032999931107,33.55125100006262,5.1,4787.10546875,9.0,1371.75
yolo11s.pt,1,static,79,2026-09-09,21:43:03.320,2026-09-09T21:43:03.320,2.6355538799998612,1,0.2736174166202545,4.44464300016989,29.057108999950287,2.0,4787.10546875,9.0,1371.75
yolo11s.pt,1,static,80,2026-09-09,21:43:03.352,2026-09-09T21:43:03.352,2.6675192879997667,1,0.3170914053916931,4.435122999893792,29.119018000073993,2.0,4787.10546875,9.0,1371.75
yolo11s.pt,1,static,81,2026-09-09,21:43:03.388,2026-09-09T21:43:03.388,2.7033137009998427,1,0.28362905979156494,4.505823000272358,33.066433999920264,3.5,4787.10546875,9.0,1373.375
yolo11s.pt,1,static,82,2026-09-09,21:43:03.420,2026-09-09T21:43:03.420,2.73550880699986,1,0.2648284137248993,4.480892999708885,29.364437999902293,3.8,4787.10546875,9.0,1373.375
yolo11s.pt,1,static,83,2026-09-09,21:43:03.452,2026-09-09T21:43:03.452,2.767516694999813,1,0.29303646087646484,4.48234199984654,29.207678000148007,2.0,4787.10546875,9.0,1373.375
yolo11s.pt,1,static,84,2026-09-09,21:43:03.488,2026-09-09T21:43:03.488,2.8032891779998863,1,0.33225518465042114,4.371993000404473,32.86445399999138,1.8,4787.10546875,9.0,1373.375
yolo11s.pt,1,static,85,2026-09-09,21:43:03.520,2026-09-09T21:43:03.520,2.835515373999897,1,0.28803548216819763,4.409883999869635,29.49303700006567,2.0,4787.10546875,9.0,1373.375
yolo11s.pt,1,static,86,2026-09-09,21:43:03.552,2026-09-09T21:43:03.552,2.867486321999877,1,0.3172595500946045,4.3593929999588,29.11619900032747,3.8,4787.10546875,9.0,1373.375
yolo11s.pt,1,static,87,2026-09-09,21:43:03.588,2026-09-09T21:43:03.588,2.9033147949999147,1,0.31800612807273865,4.369313000097463,33.054594000077486,1.8,4786.24609375,9.0,1373.375
yolo11s.pt,1,static,88,2026-09-09,21:43:03.620,2026-09-09T21:43:03.620,2.935314142000152,1,0.25534892082214355,4.367903000002116,29.18854800009285,3.8,4785.53515625,9.0,1373.375
yolo11s.pt,1,static,89,2026-09-09,21:43:03.652,2026-09-09T21:43:03.652,2.9672999899999013,1,0.23782391846179962,4.398293000122067,29.23165800029892,2.0,4784.859375,9.0,1373.375
yolo11s.pt,1,static,90,2026-09-09,21:43:03.688,2026-09-09T21:43:03.688,3.003257391999796,1,0.31811410188674927,4.4959729998481635,33.26591199993345,3.4,4784.859375,9.0,1373.375
yolo11s.pt,1,static,91,2026-09-09,21:43:03.720,2026-09-09T21:43:03.720,3.0353258790000837,1,0.25622323155403137,4.872831999819027,29.6287660003145,2.0,4784.859375,9.0,1373.375
yolo11s.pt,1,static,92,2026-09-09,21:43:03.752,2026-09-09T21:43:03.752,3.0673563669997748,1,0.27356112003326416,4.761531999974977,29.121408999799314,2.0,4784.84375,9.0,1373.375
yolo11s.pt,1,static,93,2026-09-09,21:43:03.788,2026-09-09T21:43:03.788,3.1033496290001494,1,0.29561182856559753,4.367692999949213,32.80935500015403,3.5,4784.84375,9.0,1373.375
yolo11s.pt,1,static,94,2026-09-09,21:43:03.820,2026-09-09T21:43:03.820,3.1354927759998645,1,0.21444745361804962,4.444743000021845,29.43008700003702,2.0,4784.84375,9.0,1373.375
yolo11s.pt,1,static,95,2026-09-09,21:43:03.853,2026-09-09T21:43:03.853,3.167518762999862,1,0.3157980144023895,5.033220999848709,29.92111499997918,3.8,4785.078125,9.0,1373.375
yolo11s.pt,1,static,96,2026-09-09,21:43:03.888,2026-09-09T21:43:03.888,3.2034594060000927,1,0.3446868062019348,4.548961999716994,32.49798599972564,7.0,4784.7734375,9.0,1373.375
yolo11s.pt,1,static,97,2026-09-09,21:43:03.920,2026-09-09T21:43:03.920,3.2354778829999304,1,0.25166046619415283,4.455273000075977,29.134588000033546,3.8,4784.7734375,9.0,1373.375
yolo11s.pt,1,static,98,2026-09-09,21:43:03.952,2026-09-09T21:43:03.952,3.2674688510001033,1,0.2714841961860657,4.446042999916244,29.137738000372337,2.0,4784.52734375,9.0,1373.375
yolo11s.pt,1,static,99,2026-09-09,21:43:03.988,2026-09-09T21:43:03.988,3.303331572999923,1,0.3077152669429779,4.413572999965254,33.04326299985405,3.4,4784.76171875,9.0,1373.375
yolo11s.pt,1,static,100,2026-09-09,21:43:04.020,2026-09-09T21:43:04.020,3.3352923909997116,1,0.23232153058052063,4.3945729998995375,29.141868999886356,2.0,4784.76171875,9.0,1373.375
yolo11s.pt,1,static,101,2026-09-09,21:43:04.052,2026-09-09T21:43:04.052,3.3673439879999023,1,0.32621192932128906,4.389563000131602,29.27529799990225,2.0,4784.76171875,9.0,1373.375
yolo11s.pt,1,static,102,2026-09-09,21:43:04.088,2026-09-09T21:43:04.088,3.403325260999736,1,0.34387731552124023,4.397143000005599,33.17907299970102,1.8,4784.76171875,9.0,1373.375
yolo11s.pt,1,static,103,2026-09-09,21:43:04.120,2026-09-09T21:43:04.120,3.4355757570001515,1,0.254142165184021,4.3884130000151345,29.454967000219767,3.8,4784.76171875,9.0,1373.375
yolo11s.pt,1,static,104,2026-09-09,21:43:04.152,2026-09-09T21:43:04.152,3.467508435000127,1,0.30755966901779175,4.38260300006732,29.119438999714475,2.0,4784.76171875,9.0,1373.375
yolo11s.pt,1,static,105,2026-09-09,21:43:04.188,2026-09-09T21:43:04.188,3.5037418560000333,1,0.3165881335735321,4.499913000017841,33.55095100005201,1.7,4784.76171875,9.0,1373.375
yolo11s.pt,1,static,106,2026-09-09,21:43:04.221,2026-09-09T21:43:04.221,3.5354944549999345,1,0.26146200299263,4.819792000034795,29.246598000099766,3.8,4784.76171875,9.0,1373.375
yolo11s.pt,1,static,107,2026-09-09,21:43:04.252,2026-09-09T21:43:04.252,3.567740140999831,1,0.35117003321647644,4.424943000230996,29.079779000312556,2.0,4784.76171875,9.0,1373.375
yolo11s.pt,1,static,108,2026-09-09,21:43:04.288,2026-09-09T21:43:04.288,3.603306624999732,1,0.36634063720703125,4.412313000102586,32.74050400023043,1.8,4784.76171875,9.0,1373.25
yolo11s.pt,1,static,109,2026-09-09,21:43:04.320,2026-09-09T21:43:04.320,3.635371391999797,1,0.34151387214660645,4.406822999953874,29.261348000090948,2.0,4784.76171875,9.0,1373.25
yolo11s.pt,1,static,110,2026-09-09,21:43:04.352,2026-09-09T21:43:04.352,3.6675188789999993,1,0.2929171621799469,4.40166299995326,29.342887999973755,3.8,4785.828125,9.0,1373.25
yolo11s.pt,1,static,111,2026-09-09,21:43:04.388,2026-09-09T21:43:04.388,3.7032720719998906,1,0.26849669218063354,4.392193000057887,32.88779400008934,1.8,4785.828125,9.0,1373.25
yolo11s.pt,1,static,112,2026-09-09,21:43:04.420,2026-09-09T21:43:04.420,3.7352882000000136,1,0.3075805604457855,4.37858299983418,29.190828000082547,3.9,4785.828125,9.0,1373.25
yolo11s.pt,1,static,113,2026-09-09,21:43:04.452,2026-09-09T21:43:04.452,3.7673425670000142,1,0.2562183141708374,4.3621629997687705,29.25282799969864,2.0,4785.828125,9.0,1373.25
yolo11s.pt,1,static,114,2026-09-09,21:43:04.488,2026-09-09T21:43:04.488,3.8032782689997475,1,0.24473899602890015,4.563692999909108,33.34461199983707,3.4,4785.828125,9.0,1373.25
yolo11s.pt,1,static,115,2026-09-09,21:43:04.520,2026-09-09T21:43:04.520,3.8355581959999654,1,0.24427443742752075,4.48222299974077,29.383497000253556,2.0,4785.828125,9.0,1373.25
yolo11s.pt,1,static,116,2026-09-09,21:43:04.556,2026-09-09T21:43:04.556,3.871467147999738,1,0.2659560441970825,4.431642999861651,33.08677399991211,3.5,4784.859375,9.0,1373.25
yolo11s.pt,1,static,117,2026-09-09,21:43:04.588,2026-09-09T21:43:04.588,3.903574805000062,1,0.26897403597831726,4.431793000094331,29.288067999914347,3.8,4784.390625,9.0,1373.25
yolo11s.pt,1,static,118,2026-09-09,21:43:04.620,2026-09-09T21:43:04.620,3.9355612230001498,1,0.28452590107917786,4.478183000173885,29.215888000180712,2.0,4784.13671875,9.0,1373.25
yolo11s.pt,1,static,119,2026-09-09,21:43:04.656,2026-09-09T21:43:04.656,3.9713192859999253,1,0.3092002868652344,4.406793000271136,32.90925400006017,1.8,4784.13671875,9.0,1373.25
yolo11s.pt,1,static,120,2026-09-09,21:43:04.688,2026-09-09T21:43:04.688,4.003249834000144,1,0.3058856129646301,4.393993000121554,29.184947999965516,3.8,4784.13671875,10.0,1373.25
yolo11s.pt,1,static,121,2026-09-09,21:43:04.720,2026-09-09T21:43:04.720,4.035487419999754,1,0.3019880950450897,4.35974400033956,29.32379799995033,3.8,4784.13671875,10.0,1373.25
yolo11s.pt,1,static,122,2026-09-09,21:43:04.756,2026-09-09T21:43:04.756,4.071289532999799,1,0.350136399269104,4.424062999987655,33.08133399968938,1.8,4783.890625,10.0,1373.25
yolo11s.pt,1,static,123,2026-09-09,21:43:04.788,2026-09-09T21:43:04.788,4.103357560999939,1,0.24857568740844727,4.389693000121042,29.244217999803368,3.8,4784.1328125,10.0,1373.25
yolo11s.pt,1,static,124,2026-09-09,21:43:04.820,2026-09-09T21:43:04.820,4.135258568000154,1,0.27627691626548767,4.46143299996038,29.17280799965738,2.0,4784.1328125,10.0,1373.25
yolo11s.pt,1,static,125,2026-09-09,21:43:04.857,2026-09-09T21:43:04.857,4.171674318999976,1,0.26340338587760925,5.285779999667284,34.48395800023718,3.4,4784.1328125,10.0,1373.25
yolo11s.pt,1,static,126,2026-09-09,21:43:04.888,2026-09-09T21:43:04.888,4.203313768000044,1,0.2714692950248718,4.537882000022364,28.058752000106324,2.0,4784.1328125,10.0,1373.25
yolo11s.pt,1,static,127,2026-09-09,21:43:04.920,2026-09-09T21:43:04.920,4.235601383999892,1,0.23560218513011932,4.6387720003622235,29.59243700024672,2.0,4784.1328125,10.0,1373.25
yolo11s.pt,1,static,128,2026-09-09,21:43:04.956,2026-09-09T21:43:04.956,4.271452226999827,1,0.26373180747032166,4.45215299987467,32.84789400004229,3.4,4784.1328125,10.0,1373.25
yolo11s.pt,1,static,129,2026-09-09,21:43:04.988,2026-09-09T21:43:04.988,4.303297165000004,1,0.31903770565986633,4.439143000126933,29.048998999769537,2.0,4784.1328125,10.0,1373.25
yolo11s.pt,1,static,130,2026-09-09,21:43:05.020,2026-09-09T21:43:05.020,4.335323422999863,1,0.2781466543674469,4.429374000210373,29.228597999917838,2.0,4784.1328125,10.0,1373.25
yolo11s.pt,1,static,131,2026-09-09,21:43:05.056,2026-09-09T21:43:05.056,4.371558523999738,1,0.3100668787956238,4.488983000101143,33.50768100017376,1.8,4783.88671875,10.0,1373.25
yolo11s.pt,1,static,132,2026-09-09,21:43:05.088,2026-09-09T21:43:05.088,4.403501201999916,1,0.511658251285553,4.415022999637586,29.07210800003668,3.8,4783.88671875,10.0,1373.25
yolo11s.pt,1,static,133,2026-09-09,21:43:05.120,2026-09-09T21:43:05.120,4.435534278999967,1,0.39487048983573914,4.38779300020542,29.228628000055323,2.0,4783.88671875,10.0,1373.25
yolo11s.pt,1,static,134,2026-09-09,21:43:05.156,2026-09-09T21:43:05.156,4.471302961999754,1,0.34662941098213196,4.409843000303226,32.95682399993893,1.8,4783.88671875,10.0,1373.25
yolo11s.pt,1,static,135,2026-09-09,21:43:05.188,2026-09-09T21:43:05.188,4.503383798999948,1,0.2394130825996399,4.4464929997047875,29.309637999631377,2.0,4783.88671875,10.0,1373.25
yolo11s.pt,1,static,136,2026-09-09,21:43:05.220,2026-09-09T21:43:05.220,4.535355606999929,1,0.24282176792621613,4.371243000150571,29.091699000218796,3.8,4783.88671875,10.0,1373.25
yolo11s.pt,1,static,137,2026-09-09,21:43:05.256,2026-09-09T21:43:05.256,4.571542367999882,1,0.3127337098121643,4.393963000438816,33.40165200006595,3.4,4783.88671875,10.0,1373.25
yolo11s.pt,1,static,138,2026-09-09,21:43:05.288,2026-09-09T21:43:05.288,4.603316705999987,1,0.3156346082687378,4.794321999725071,29.362427999785723,2.0,4783.88671875,10.0,1372.1875
yolo11s.pt,1,static,139,2026-09-09,21:43:05.320,2026-09-09T21:43:05.320,4.6355625930000315,1,0.3946200907230377,4.3389229999775125,28.98032900020553,2.0,4783.88671875,10.0,1372.1875
yolo11s.pt,1,static,140,2026-09-09,21:43:05.356,2026-09-09T21:43:05.356,4.671370915999887,1,0.2514437437057495,4.467573000056291,33.12658300001203,3.4,4783.88671875,10.0,1372.1875
yolo11s.pt,1,static,141,2026-09-09,21:43:05.388,2026-09-09T21:43:05.388,4.703370113999881,1,0.3200921416282654,4.389053000068088,29.11339799993584,2.0,4783.88671875,10.0,1372.1875
yolo11s.pt,1,static,142,2026-09-09,21:43:05.420,2026-09-09T21:43:05.420,4.735386890999962,1,0.32616472244262695,4.427003000273544,29.248417999951926,2.0,4783.88671875,10.0,1372.1875
yolo11s.pt,1,static,143,2026-09-09,21:43:05.456,2026-09-09T21:43:05.456,4.771489732999726,1,0.33361366391181946,4.410703000303329,33.341461999953026,1.8,4783.88671875,10.0,1372.1875
yolo11s.pt,1,static,144,2026-09-09,21:43:05.488,2026-09-09T21:43:05.488,4.803250900999956,1,0.266687273979187,4.380102999675728,28.905559000122594,3.9,4783.88671875,10.0,1372.1875
yolo11s.pt,1,static,145,2026-09-09,21:43:05.520,2026-09-09T21:43:05.520,4.8353173189998415,1,0.3266828656196594,4.39238299986755,29.285338000136107,2.0,4783.88671875,10.0,1372.1875
yolo11s.pt,1,static,146,2026-09-09,21:43:05.556,2026-09-09T21:43:05.556,4.871337240999765,1,0.27864402532577515,4.409983000186912,33.20631299993693,3.4,4783.27734375,10.0,1372.1875
yolo11s.pt,1,static,147,2026-09-09,21:43:05.588,2026-09-09T21:43:05.588,4.903343737999876,1,0.327705055475235,4.417312999976275,29.20132899998862,2.0,4781.9453125,10.0,1372.1875
yolo11s.pt,1,static,148,2026-09-09,21:43:05.620,2026-09-09T21:43:05.620,4.935332884999752,1,0.3103058636188507,4.393654000068636,29.148178000014013,2.0,4781.69921875,10.0,1372.1875
yolo11s.pt,1,static,149,2026-09-09,21:43:05.656,2026-09-09T21:43:05.656,4.971372816999974,1,0.3801598846912384,4.381714000373904,33.21950299960008,1.8,4781.69921875,10.0,1372.1875
yolo11s.pt,1,static,150,2026-09-09,21:43:05.688,2026-09-09T21:43:05.688,5.0033106649998444,1,0.32812246680259705,4.364142999747855,29.095579000113503,2.0,4781.69921875,9.0,1372.1875
yolo11s.pt,1,static,151,2026-09-09,21:43:05.720,2026-09-09T21:43:05.720,5.035341833000075,1,0.25704100728034973,4.387023000163026,29.23334800016164,3.9,4781.69921875,9.0,1372.1875
yolo11s.pt,1,static,152,2026-09-09,21:43:05.756,2026-09-09T21:43:05.756,5.071324154999729,1,0.2453804910182953,4.4440729998314055,33.244383000237576,3.4,4781.69921875,9.0,1372.1875
yolo11s.pt,1,static,153,2026-09-09,21:43:05.788,2026-09-09T21:43:05.788,5.103284712000004,1,0.3824319541454315,4.484293000132311,29.199568999956682,2.0,4781.69921875,9.0,1372.1875
yolo11s.pt,1,static,154,2026-09-09,21:43:05.820,2026-09-09T21:43:05.820,5.135545248999733,1,0.3014238774776459,4.458742999759124,29.43921699989005,2.0,4781.69921875,9.0,1372.1875
yolo11s.pt,1,static,155,2026-09-09,21:43:05.856,2026-09-09T21:43:05.856,5.171384532000047,1,0.3867005705833435,4.412032999880466,32.99617299990132,3.5,4780.87109375,9.0,1372.1875
yolo11s.pt,1,static,156,2026-09-09,21:43:05.888,2026-09-09T21:43:05.888,5.203275789000145,1,0.39054548740386963,4.375704000267433,29.0798480000376,2.0,4780.87109375,9.0,1372.1875
yolo11s.pt,1,static,157,2026-09-09,21:43:05.924,2026-09-09T21:43:05.924,5.239373371000056,1,0.24868330359458923,4.368172999875242,33.27479300014602,3.4,4780.87109375,9.0,1372.1875
yolo11s.pt,1,static,158,2026-09-09,21:43:05.956,2026-09-09T21:43:05.956,5.271343329000047,1,0.3052785098552704,4.595782000251347,29.373427999871637,2.0,4780.87109375,9.0,1372.1875
yolo11s.pt,1,static,159,2026-09-09,21:43:05.988,2026-09-09T21:43:05.988,5.303334075999828,1,0.3241572380065918,4.3596240002443665,28.95869899975878,2.0,4780.87109375,9.0,1372.1875
yolo11s.pt,1,static,160,2026-09-09,21:43:06.024,2026-09-09T21:43:06.024,5.339478968000094,1,0.3075765073299408,4.408523000165587,33.40235299992855,1.7,4780.87109375,9.0,1372.1875
yolo11s.pt,1,static,161,2026-09-09,21:43:06.056,2026-09-09T21:43:06.056,5.371358085999873,1,0.3256409466266632,4.440932999841607,29.14660799979174,2.0,4780.87109375,9.0,1372.1875
yolo11s.pt,1,static,162,2026-09-09,21:43:06.088,2026-09-09T21:43:06.088,5.403265284000099,1,0.3769592344760895,4.459793000023637,29.14943800033143,3.8,4780.87109375,9.0,1372.1875
yolo11s.pt,1,static,163,2026-09-09,21:43:06.124,2026-09-09T21:43:06.124,5.439310925999962,1,0.3307487368583679,4.365142999631644,33.14787299996169,1.8,4780.87109375,9.0,1372.1875
yolo11s.pt,1,static,164,2026-09-09,21:43:06.156,2026-09-09T21:43:06.156,5.47134041299978,1,0.3404449224472046,4.410493000250426,29.25212800028021,2.0,4780.87109375,9.0,1372.1875
yolo11s.pt,1,static,165,2026-09-09,21:43:06.188,2026-09-09T21:43:06.188,5.503347491000113,1,0.250987708568573,4.333533000135503,29.118779000327777,2.0,4780.87109375,9.0,1372.1875
yolo11s.pt,1,static,166,2026-09-09,21:43:06.224,2026-09-09T21:43:06.224,5.539252712999769,1,0.28486594557762146,4.387342999962129,33.183992999965994,3.4,4780.87109375,9.0,1372.1875
yolo11s.pt,1,static,167,2026-09-09,21:43:06.256,2026-09-09T21:43:06.256,5.571301550000044,1,0.27162453532218933,4.402283999752399,29.22789800004466,2.0,4780.87109375,9.0,1372.1875
yolo11s.pt,1,static,168,2026-09-09,21:43:06.288,2026-09-09T21:43:06.288,5.603273048000119,1,0.32720184326171875,4.39415300024848,29.13207900019188,2.0,4780.87109375,9.0,1371.1875
yolo11s.pt,1,static,169,2026-09-09,21:43:06.324,2026-09-09T21:43:06.324,5.639369290000104,1,0.3497849404811859,4.381663000003755,33.26745200001824,3.4,4780.87109375,9.0,1371.1875
yolo11s.pt,1,static,170,2026-09-09,21:43:06.356,2026-09-09T21:43:06.356,5.671321347999765,1,0.2869998514652252,4.392742999698385,29.133878000266122,2.0,4780.87109375,9.0,1371.1875
yolo11s.pt,1,static,171,2026-09-09,21:43:06.388,2026-09-09T21:43:06.388,5.70332484499977,1,0.2855561673641205,4.4320729998617026,29.245249000268814,3.8,4780.87109375,9.0,1371.1875
yolo11s.pt,1,static,172,2026-09-09,21:43:06.424,2026-09-09T21:43:06.424,5.739559115999782,1,0.23686446249485016,4.398233000301843,33.404692000203795,1.8,4781.11328125,9.0,1371.1875
yolo11s.pt,1,static,173,2026-09-09,21:43:06.456,2026-09-09T21:43:06.456,5.771370913999817,1,0.34465622901916504,4.425163000178145,29.027898999629542,2.0,4781.11328125,9.0,1371.1875
yolo11s.pt,1,static,174,2026-09-09,21:43:06.488,2026-09-09T21:43:06.488,5.8035187209998185,1,0.32286009192466736,4.350694000095245,29.295318000094994,3.9,4781.10546875,9.0,1371.1875
yolo11s.pt,1,static,175,2026-09-09,21:43:06.524,2026-09-09T21:43:06.524,5.839532002999931,1,0.32328054308891296,4.453052999906504,33.29534300019077,1.8,4781.10546875,9.0,1371.1875
yolo11s.pt,1,static,176,2026-09-09,21:43:06.556,2026-09-09T21:43:06.556,5.871532080999714,1,0.2925388514995575,4.5087829998919915,29.23715799988713,2.0,4781.10546875,9.0,1371.1875
yolo11s.pt,1,static,177,2026-09-09,21:43:06.588,2026-09-09T21:43:06.588,5.90344426899992,1,0.3011458218097687,4.398992999995244,28.996539000218036,3.8,4778.26171875,9.0,1371.1875
yolo11s.pt,1,static,178,2026-09-09,21:43:06.624,2026-09-09T21:43:06.624,5.939469600999928,1,0.296454519033432,4.402603000016825,33.219143000223994,1.8,4777.8359375,9.0,1371.1875
yolo11s.pt,1,static,179,2026-09-09,21:43:06.656,2026-09-09T21:43:06.656,5.971561437999753,1,0.3494882881641388,4.401062999932037,29.316608000044653,2.0,4776.69140625,9.0,1371.1875
yolo11s.pt,1,static,180,2026-09-09,21:43:06.688,2026-09-09T21:43:06.688,6.003550014999746,1,0.2619093656539917,4.352114000084839,29.14433799969629,3.9,4776.69140625,9.0,1371.1875
yolo11s.pt,1,static,181,2026-09-09,21:43:06.724,2026-09-09T21:43:06.724,6.03955170800009,1,0.24526840448379517,4.436083000200597,33.26178199995411,1.7,4776.31640625,9.0,1371.1875
yolo11s.pt,1,static,182,2026-09-09,21:43:06.756,2026-09-09T21:43:06.756,6.0714720959999795,1,0.2573855519294739,4.4228319998183,29.093938999722013,2.0,4776.31640625,9.0,1371.1875
yolo11s.pt,1,static,183,2026-09-09,21:43:06.788,2026-09-09T21:43:06.788,6.10353298300015,1,0.30825042724609375,4.377013000066654,29.18711899974369,2.0,4776.31640625,9.0,1371.1875
yolo11s.pt,1,static,184,2026-09-09,21:43:06.824,2026-09-09T21:43:06.824,6.139526394999848,1,0.39289337396621704,4.3854929999724845,33.178993000092305,3.4,4776.31640625,9.0,1371.1875
yolo11s.pt,1,static,185,2026-09-09,21:43:06.856,2026-09-09T21:43:06.856,6.171636302000024,1,0.37632155418395996,4.387983000015083,29.310848000022816,3.9,4776.31640625,9.0,1371.1875
yolo11s.pt,1,static,186,2026-09-09,21:43:06.888,2026-09-09T21:43:06.888,6.203524359999847,1,0.30302637815475464,4.439332999936596,29.13736800019251,2.0,4776.31640625,9.0,1371.1875
yolo11s.pt,1,static,187,2026-09-09,21:43:06.924,2026-09-09T21:43:06.924,6.2394927919999645,1,0.3415469229221344,4.3569330000536866,33.10182299992448,3.5,4776.31640625,9.0,1371.1875
yolo11s.pt,1,static,188,2026-09-09,21:43:06.956,2026-09-09T21:43:06.956,6.271541260000049,1,0.27209821343421936,4.40883200008102,29.306897999958892,2.0,4776.31640625,9.0,1371.1875
yolo11s.pt,1,static,189,2026-09-09,21:43:06.988,2026-09-09T21:43:06.988,6.303576267000153,1,0.2844655513763428,4.389703000015288,29.223818999980722,2.0,4776.31640625,9.0,1371.1875
yolo11s.pt,1,static,190,2026-09-09,21:43:07.024,2026-09-09T21:43:07.024,6.339474659999723,1,0.23896080255508423,4.3660639998961415,33.090992999859736,3.5,4776.31640625,9.0,1371.1875
yolo11s.pt,1,static,191,2026-09-09,21:43:07.056,2026-09-09T21:43:07.056,6.371490536999772,1,0.40151703357696533,4.4854329998997855,29.344877999847085,2.0,4776.31640625,9.0,1371.1875
yolo11s.pt,1,static,192,2026-09-09,21:43:07.088,2026-09-09T21:43:07.088,6.40351214400016,1,0.31334465742111206,4.3793429999823275,29.121607999968546,3.8,4776.31640625,9.0,1371.1875
yolo11s.pt,1,static,193,2026-09-09,21:43:07.124,2026-09-09T21:43:07.124,6.439567315999739,1,0.35677728056907654,4.427422999924602,33.282922999660514,1.8,4776.31640625,9.0,1371.1875
yolo11s.pt,1,static,194,2026-09-09,21:43:07.156,2026-09-09T21:43:07.156,6.471464224000101,1,0.24420683085918427,4.445913000381552,29.1122489998088,3.8,4776.31640625,9.0,1371.1875
yolo11s.pt,1,static,195,2026-09-09,21:43:07.192,2026-09-09T21:43:07.192,6.507586985999751,1,0.3651869297027588,4.4063029999961145,33.26015199991161,1.8,4776.31640625,9.0,1371.1875
yolo11s.pt,1,static,196,2026-09-09,21:43:07.224,2026-09-09T21:43:07.224,6.5395404939999935,1,0.3617420792579651,4.372642999896925,29.110788000252796,2.0,4776.31640625,9.0,1371.1875
yolo11s.pt,1,static,197,2026-09-09,21:43:07.256,2026-09-09T21:43:07.256,6.571571780999875,1,0.42856544256210327,4.405263000080595,29.250849000163726,2.0,4776.31640625,9.0,1371.1875
yolo11s.pt,1,static,198,2026-09-09,21:43:07.292,2026-09-09T21:43:07.292,6.607512282999778,1,0.38819777965545654,4.491922999932285,33.2306029999927,3.4,4776.31640625,9.0,1371.1875
yolo11s.pt,1,static,199,2026-09-09,21:43:07.324,2026-09-09T21:43:07.324,6.639499841000088,1,0.29455628991127014,4.503932000261557,29.195697999966796,2.0,4776.31640625,9.0,1371.1875
yolo11s.pt,1,static,200,2026-09-09,21:43:07.356,2026-09-09T21:43:07.356,6.6715264780000325,1,0.33978375792503357,4.4984830001340015,29.19789799989303,2.0,4776.31640625,9.0,1371.1875
yolo11s.pt,1,static,201,2026-09-09,21:43:07.392,2026-09-09T21:43:07.392,6.70753620000005,1,0.2923436760902405,4.4026929999745334,33.1296829999701,1.8,4776.31640625,9.0,1371.1875
yolo11s.pt,1,static,202,2026-09-09,21:43:07.424,2026-09-09T21:43:07.424,6.739274518999991,1,0.28902295231819153,4.369143000076292,28.873080000266782,3.9,4776.31640625,9.0,1371.1875
yolo11s.pt,1,static,203,2026-09-09,21:43:07.456,2026-09-09T21:43:07.456,6.771525114999804,1,0.25811684131622314,4.464052999992418,29.535226999996667,1.9,4776.31640625,9.0,1371.1875
yolo11s.pt,1,static,204,2026-09-09,21:43:07.492,2026-09-09T21:43:07.492,6.807354688000032,1,0.2872241139411926,4.375982999590633,32.937734000370256,1.8,4776.31640625,9.0,1371.1875
yolo11s.pt,1,static,205,2026-09-09,21:43:07.524,2026-09-09T21:43:07.524,6.8393696560001445,1,0.2026386708021164,4.361654000149429,29.20267799981957,3.8,4776.31640625,9.0,1371.1875
yolo11s.pt,1,static,206,2026-09-09,21:43:07.556,2026-09-09T21:43:07.556,6.8713122630001635,1,0.24425910413265228,4.483852999783267,29.268838000007236,5.8,4774.9296875,9.0,1371.1875
yolo11s.pt,1,static,207,2026-09-09,21:43:07.592,2026-09-09T21:43:07.592,6.907358925000153,1,0.2549954652786255,4.428473000189115,33.23554200005674,1.8,4772.44140625,9.0,1371.1875
yolo11s.pt,1,static,208,2026-09-09,21:43:07.624,2026-09-09T21:43:07.624,6.939270143000158,1,0.36643099784851074,4.438113000105659,29.01396900006148,2.0,4772.35546875,9.0,1371.1875
yolo11s.pt,1,static,209,2026-09-09,21:43:07.656,2026-09-09T21:43:07.656,6.971377569999731,1,0.2627345025539398,4.4816730001002725,29.34425800003737,3.8,4772.10546875,9.0,1371.1875
yolo11s.pt,1,static,210,2026-09-09,21:43:07.692,2026-09-09T21:43:07.692,7.007353471999977,1,0.21061722934246063,4.388434000247798,33.10339300014675,1.8,4772.10546875,10.0,1371.1875
yolo11s.pt,1,static,211,2026-09-09,21:43:07.724,2026-09-09T21:43:07.724,7.039374139999836,1,0.2510974705219269,4.418922999775532,29.233398000087618,2.0,4772.10546875,10.0,1371.1875
yolo11s.pt,1,static,212,2026-09-09,21:43:07.756,2026-09-09T21:43:07.756,7.071349886999997,1,0.3102968633174896,4.377982999812957,29.149537999728636,3.9,4772.10546875,10.0,1371.1875
yolo11s.pt,1,static,213,2026-09-09,21:43:07.792,2026-09-09T21:43:07.792,7.1072998700001335,1,0.33955079317092896,4.402982999636151,33.20704299994759,1.8,4772.10546875,10.0,1371.1875
yolo11s.pt,1,static,214,2026-09-09,21:43:07.824,2026-09-09T21:43:07.824,7.1392778270001145,1,0.2547355890274048,4.383743999824219,29.15977800012115,2.0,4772.10546875,10.0,1371.1875
yolo11s.pt,1,static,215,2026-09-09,21:43:07.856,2026-09-09T21:43:07.856,7.171331664999798,1,0.3170620799064636,4.407443000218336,29.327947999718162,3.9,4771.46484375,10.0,1371.1875
yolo11s.pt,1,static,216,2026-09-09,21:43:07.892,2026-09-09T21:43:07.892,7.207346827000038,1,0.26671820878982544,4.428523000115092,33.206071999757114,5.2,4772.93359375,10.0,1371.9375
yolo11s.pt,1,static,217,2026-09-09,21:43:07.924,2026-09-09T21:43:07.924,7.239265955000064,1,0.43274661898612976,4.412713999954576,29.125588000169955,2.0,4772.93359375,10.0,1371.9375
yolo11s.pt,1,static,218,2026-09-09,21:43:07.956,2026-09-09T21:43:07.956,7.271336771999813,1,0.3543892204761505,4.431332999956794,29.284497999924497,2.0,4772.93359375,10.0,1371.9375
yolo11s.pt,1,static,219,2026-09-09,21:43:07.992,2026-09-09T21:43:07.992,7.307298983999772,1,0.278988242149353,4.369112999938807,33.1175730002542,3.4,4772.93359375,10.0,1371.9375
yolo11s.pt,1,static,220,2026-09-09,21:43:08.024,2026-09-09T21:43:08.024,7.339296352000019,1,0.3701137900352478,4.377403000034974,29.1927680000299,2.0,4772.93359375,10.0,1371.9375
yolo11s.pt,1,static,221,2026-09-09,21:43:08.056,2026-09-09T21:43:08.056,7.371387548999792,1,0.319735050201416,4.41442300007111,29.312508000202797,2.0,4772.93359375,10.0,1371.9375
yolo11s.pt,1,static,222,2026-09-09,21:43:08.092,2026-09-09T21:43:08.092,7.407265711000036,1,0.27162984013557434,4.420093000135239,33.103932999893004,1.8,4772.93359375,10.0,1371.9375
yolo11s.pt,1,static,223,2026-09-09,21:43:08.124,2026-09-09T21:43:08.124,7.439371647999906,1,0.30640217661857605,4.515782999988005,29.398157999821706,3.8,4772.93359375,10.0,1371.9375
yolo11s.pt,1,static,224,2026-09-09,21:43:08.156,2026-09-09T21:43:08.156,7.471295345999806,1,0.3828257620334625,4.479492999962531,29.076619000079518,3.9,4772.93359375,10.0,1371.9375
yolo11s.pt,1,static,225,2026-09-09,21:43:08.192,2026-09-09T21:43:08.192,7.507396477999919,1,0.23296049237251282,4.379413000151544,33.21600299977945,1.8,4772.93359375,10.0,1371.9375
yolo11s.pt,1,static,226,2026-09-09,21:43:08.224,2026-09-09T21:43:08.224,7.539290275999974,1,0.19168590009212494,4.461853000066185,29.20208800014734,5.9,4773.64453125,10.0,1378.125
yolo11s.pt,1,static,227,2026-09-09,21:43:08.256,2026-09-09T21:43:08.256,7.5714006429998335,1,0.2337297648191452,4.467833000035171,29.334408000067924,2.0,4773.64453125,10.0,1378.125
yolo11s.pt,1,static,228,2026-09-09,21:43:08.292,2026-09-09T21:43:08.292,7.607359054999961,1,0.3607339859008789,4.404273000091052,33.0458630000976,3.5,4773.64453125,10.0,1378.3125
yolo11s.pt,1,static,229,2026-09-09,21:43:08.324,2026-09-09T21:43:08.324,7.639347942999848,1,0.3780134320259094,4.377963000024465,29.15504900011001,2.0,4773.64453125,10.0,1378.3125
yolo11s.pt,1,static,230,2026-09-09,21:43:08.356,2026-09-09T21:43:08.356,7.671358099999907,1,0.33492520451545715,4.394293000132166,29.19741800042175,3.8,4773.64453125,10.0,1378.3125
yolo11s.pt,1,static,231,2026-09-09,21:43:08.392,2026-09-09T21:43:08.392,7.707564761999947,1,0.32526203989982605,4.46761199964385,33.44913200044175,1.8,4773.64453125,10.0,1378.3125
yolo11s.pt,1,static,232,2026-09-09,21:43:08.424,2026-09-09T21:43:08.424,7.739356619999853,1,0.3865368068218231,4.514662000019598,29.01485899974432,3.9,4773.64453125,10.0,1378.3125
yolo11s.pt,1,static,233,2026-09-09,21:43:08.460,2026-09-09T21:43:08.460,7.775395111999842,1,0.29783856868743896,4.429182999956538,33.19205400021019,1.8,4773.64453125,10.0,1378.3125
yolo11s.pt,1,static,234,2026-09-09,21:43:08.492,2026-09-09T21:43:08.492,7.807395988999815,1,0.3285902440547943,4.422134000378719,29.269967999880464,7.7,4775.33984375,10.0,1378.3125
yolo11s.pt,1,static,235,2026-09-09,21:43:08.524,2026-09-09T21:43:08.524,7.839397256999746,1,0.3257741630077362,4.4947430001229804,29.183798000303796,3.9,4775.33984375,10.0,1380.5
yolo11s.pt,1,static,236,2026-09-09,21:43:08.560,2026-09-09T21:43:08.560,7.875296628999877,1,0.26484864950180054,4.449912999916705,33.00415400008205,1.8,4775.3359375,10.0,1380.5
yolo11s.pt,1,static,237,2026-09-09,21:43:08.592,2026-09-09T21:43:08.592,7.9073148269999365,1,0.3661113381385803,4.422262999923987,29.194298000220442,3.8,4772.46484375,10.0,1380.5
yolo11s.pt,1,static,238,2026-09-09,21:43:08.624,2026-09-09T21:43:08.624,7.939292234999812,1,0.3812648057937622,4.346603000158211,29.089827999996487,2.0,4772.46484375,10.0,1380.5
yolo11s.pt,1,static,239,2026-09-09,21:43:08.660,2026-09-09T21:43:08.660,7.975409885999852,1,0.5103721022605896,4.419772999881388,33.33991299996342,1.7,4772.46484375,10.0,1380.5
yolo11s.pt,1,static,240,2026-09-09,21:43:08.692,2026-09-09T21:43:08.692,8.007343063999997,1,0.23614980280399323,4.355883000243921,29.070738999962487,2.0,4772.46484375,10.0,1380.5
yolo11s.pt,1,static,241,2026-09-09,21:43:08.724,2026-09-09T21:43:08.724,8.039320701999713,1,0.25094327330589294,4.460163000203465,29.254847999709455,3.8,4772.46484375,10.0,1380.5
yolo11s.pt,1,static,242,2026-09-09,21:43:08.760,2026-09-09T21:43:08.760,8.075361723999777,1,0.3971310257911682,4.456062999906862,33.25525300033405,3.5,4772.46484375,10.0,1380.5
yolo11s.pt,1,static,243,2026-09-09,21:43:08.792,2026-09-09T21:43:08.792,8.107424900999831,1,0.29437243938446045,4.407292999985657,29.21301800006404,2.0,4772.46484375,10.0,1380.5
yolo11s.pt,1,static,244,2026-09-09,21:43:08.824,2026-09-09T21:43:08.824,8.139386799000022,1,0.3481387495994568,4.371732999970845,29.125897999620065,3.9,4772.46484375,10.0,1380.5
yolo11s.pt,1,static,245,2026-09-09,21:43:08.860,2026-09-09T21:43:08.860,8.17563500999995,1,0.2204640507698059,4.5828920001440565,33.68957100019543,5.1,4772.44140625,10.0,1381.1875
yolo11s.pt,1,static,246,2026-09-09,21:43:08.892,2026-09-09T21:43:08.892,8.207274749000135,1,0.26450008153915405,4.504351999912615,28.67556000001059,2.0,4772.44140625,10.0,1381.1875
yolo11s.pt,1,static,247,2026-09-09,21:43:08.924,2026-09-09T21:43:08.924,8.239319975999933,1,0.258477121591568,4.4399329999578185,29.194507999818597,2.0,4772.44140625,10.0,1381.1875
yolo11s.pt,1,static,248,2026-09-09,21:43:08.960,2026-09-09T21:43:08.960,8.275371367999924,1,0.5140789747238159,4.431413000020257,33.22697299972788,3.4,4772.44140625,10.0,1381.1875
yolo11s.pt,1,static,249,2026-09-09,21:43:08.992,2026-09-09T21:43:08.992,8.307302885999889,1,0.2921466529369354,4.311452999900212,29.06737900002554,2.0,4772.44140625,10.0,1381.1875
yolo11s.pt,1,static,250,2026-09-09,21:43:09.024,2026-09-09T21:43:09.024,8.339370082999721,1,0.200911745429039,4.389993000131653,29.309248000117805,2.0,4772.44140625,10.0,1381.1875
yolo11s.pt,1,static,251,2026-09-09,21:43:09.060,2026-09-09T21:43:09.060,8.375382034999802,1,0.34323832392692566,4.69321199989281,33.526580999932776,3.5,4772.44140625,10.0,1381.1875
yolo11s.pt,1,static,252,2026-09-09,21:43:09.092,2026-09-09T21:43:09.092,8.407389662999776,1,0.3335922360420227,4.3816440002046875,28.88481900026818,2.0,4772.44140625,10.0,1381.1875
yolo11s.pt,1,static,253,2026-09-09,21:43:09.124,2026-09-09T21:43:09.124,8.439400969999951,1,0.17918874323368073,4.361262999736937,29.205387999809318,3.9,4772.44140625,10.0,1381.1875
yolo11s.pt,1,static,254,2026-09-09,21:43:09.160,2026-09-09T21:43:09.160,8.475551000999985,1,0.3699288070201874,4.439253000327881,33.40626199997132,1.7,4772.44140625,10.0,1381.1875
yolo11s.pt,1,static,255,2026-09-09,21:43:09.192,2026-09-09T21:43:09.192,8.507392940000045,1,0.28586408495903015,4.68422299991289,29.303618000085407,3.8,4772.44140625,10.0,1381.1875
yolo11s.pt,1,static,256,2026-09-09,21:43:09.224,2026-09-09T21:43:09.224,8.539525676999801,1,0.2809944450855255,4.433541999787849,29.019409000284213,2.0,4772.44140625,10.0,1381.1875
yolo11s.pt,1,static,257,2026-09-09,21:43:09.260,2026-09-09T21:43:09.260,8.575462778999736,1,0.2860640585422516,4.409832999954233,33.101473999977316,3.4,4772.44140625,10.0,1381.1875
yolo11s.pt,1,static,258,2026-09-09,21:43:09.292,2026-09-09T21:43:09.292,8.607378976999826,1,0.4061395227909088,4.394302999571664,29.08052900011171,2.0,4772.44140625,10.0,1381.1875
yolo11s.pt,1,static,259,2026-09-09,21:43:09.324,2026-09-09T21:43:09.324,8.639423554000132,1,0.4079146385192871,4.407852999975148,29.256738000185578,2.0,4772.44140625,10.0,1381.1875
yolo11s.pt,1,static,260,2026-09-09,21:43:09.360,2026-09-09T21:43:09.360,8.6752873370001,1,0.2614005208015442,4.368573000192555,33.034584000233735,1.8,4772.44140625,10.0,1381.1875
yolo11s.pt,1,static,261,2026-09-09,21:43:09.392,2026-09-09T21:43:09.392,8.707313454000086,1,0.21819917857646942,4.378272999929322,29.227217999959976,3.8,4772.44140625,10.0,1381.1875
yolo11s.pt,1,static,262,2026-09-09,21:43:09.424,2026-09-09T21:43:09.424,8.739271601999917,1,0.32930493354797363,4.404443000112224,29.202557999724377,3.9,4772.44140625,10.0,1381.1875
yolo11s.pt,1,static,263,2026-09-09,21:43:09.460,2026-09-09T21:43:09.460,8.775381074000052,1,0.3108443319797516,4.380713000045944,33.26016199980586,1.8,4772.44140625,10.0,1381.1875
yolo11s.pt,1,static,264,2026-09-09,21:43:09.492,2026-09-09T21:43:09.492,8.807360791000065,1,0.3921733796596527,4.380613000193989,29.166517999783537,2.0,4772.44140625,10.0,1381.1875
yolo11s.pt,1,static,265,2026-09-09,21:43:09.524,2026-09-09T21:43:09.524,8.839391127999988,1,0.28913092613220215,4.390414000226883,29.255358000227716,2.0,4772.44140625,10.0,1381.1875
yolo11s.pt,1,static,266,2026-09-09,21:43:09.560,2026-09-09T21:43:09.560,8.875368390999938,1,0.3136543929576874,4.375282999717456,33.16216299981534,3.4,4772.44140625,10.0,1381.1875
yolo11s.pt,1,static,267,2026-09-09,21:43:09.592,2026-09-09T21:43:09.592,8.907414278000033,1,0.2664920389652252,4.391822999878059,29.258527999900252,2.0,4771.78515625,10.0,1381.1875
yolo11s.pt,1,static,268,2026-09-09,21:43:09.624,2026-09-09T21:43:09.624,8.939367676000074,1,0.19145962595939636,4.413752999880671,29.205128000285185,2.0,4769.98828125,10.0,1381.1875
yolo11s.pt,1,static,269,2026-09-09,21:43:09.660,2026-09-09T21:43:09.660,8.975341077999929,1,0.462518572807312,4.434182999830227,33.20341200014809,5.1,4769.98828125,10.0,1381.1875
yolo11s.pt,1,static,270,2026-09-09,21:43:09.692,2026-09-09T21:43:09.692,9.007542195000042,1,0.4032282829284668,4.418313000314811,29.397156999948493,2.0,4769.98828125,10.0,1381.1875
yolo11s.pt,1,static,271,2026-09-09,21:43:09.729,2026-09-09T21:43:09.729,9.043610267000076,1,0.2940159738063812,4.757521000101406,33.606641000005766,1.8,4769.98828125,10.0,1381.1875
yolo11s.pt,1,static,272,2026-09-09,21:43:09.760,2026-09-09T21:43:09.760,9.075483345000066,1,0.35591259598731995,4.378922999876522,28.672389999883308,2.0,4769.98046875,10.0,1381.1875
yolo11s.pt,1,static,273,2026-09-09,21:43:09.792,2026-09-09T21:43:09.792,9.10756658199989,1,0.24202048778533936,4.541711999991094,29.471367000041937,3.8,4769.734375,10.0,1381.1875
yolo11s.pt,1,static,274,2026-09-09,21:43:09.828,2026-09-09T21:43:09.828,9.143533993999881,1,0.17105942964553833,4.3361529997127946,32.96003400009795,1.8,4769.734375,10.0,1381.1875
yolo11s.pt,1,static,275,2026-09-09,21:43:09.860,2026-09-09T21:43:09.860,9.175762810999913,1,0.3427504599094391,4.509211999902618,29.651146999640332,2.0,4768.79296875,10.0,1381.1875
yolo11s.pt,1,static,276,2026-09-09,21:43:09.892,2026-09-09T21:43:09.892,9.20748501900016,1,0.292498379945755,4.422983000040404,28.81552000008014,4.0,4768.7890625,10.0,1377.625
yolo11s.pt,1,static,277,2026-09-09,21:43:09.928,2026-09-09T21:43:09.928,9.243580971000029,1,0.32690757513046265,4.502342999785469,33.33024199991996,3.4,4768.7890625,10.0,1377.625
yolo11s.pt,1,static,278,2026-09-09,21:43:09.960,2026-09-09T21:43:09.960,9.27553909900007,1,0.3566746413707733,4.446153000117192,29.04465900019204,2.0,4768.7890625,10.0,1377.625
yolo11s.pt,1,static,279,2026-09-09,21:43:09.992,2026-09-09T21:43:09.992,9.307533975999831,1,0.32862958312034607,4.378233000352338,29.135049000160507,2.0,4768.7890625,10.0,1377.625
yolo11s.pt,1,static,280,2026-09-09,21:43:10.028,2026-09-09T21:43:10.028,9.343564138000147,1,0.37369588017463684,4.407942999932857,33.2266030000028,3.4,4768.7890625,10.0,1377.625
yolo11s.pt,1,static,281,2026-09-09,21:43:10.060,2026-09-09T21:43:10.060,9.375760164999974,1,0.2726432979106903,4.400193000037689,29.362907000177074,3.8,4768.7890625,10.0,1377.625
yolo11s.pt,1,static,282,2026-09-09,21:43:10.092,2026-09-09T21:43:10.092,9.407749852000052,1,0.24896742403507233,4.37984400014102,29.131838000012067,2.0,4768.7890625,10.0,1377.625
yolo11s.pt,1,static,283,2026-09-09,21:43:10.128,2026-09-09T21:43:10.128,9.443631385000117,1,0.3010902404785156,4.625691999990522,33.34657300001709,1.8,4768.7890625,10.0,1377.625
yolo11s.pt,1,static,284,2026-09-09,21:43:10.160,2026-09-09T21:43:10.160,9.475622933000068,1,0.28531402349472046,4.590182999891113,29.10340800008271,3.8,4768.7890625,10.0,1377.625
yolo11s.pt,1,static,285,2026-09-09,21:43:10.192,2026-09-09T21:43:10.192,9.507623659999808,1,0.31951770186424255,4.568211999867344,29.14497800020399,2.0,4768.7890625,9.0,1377.625
yolo11s.pt,1,static,286,2026-09-09,21:43:10.228,2026-09-09T21:43:10.228,9.543745001999923,1,0.18445728719234467,4.370673000266834,33.03795400006493,1.8,4768.7890625,9.0,1377.625
yolo11s.pt,1,static,287,2026-09-09,21:43:10.260,2026-09-09T21:43:10.260,9.5753751809998,1,0.3273301422595978,4.399612999804958,28.844419000051857,3.9,4768.7890625,9.0,1377.625
yolo11s.pt,1,static,288,2026-09-09,21:43:10.292,2026-09-09T21:43:10.292,9.607351537999875,1,0.28602102398872375,4.3748939997385605,29.148948000056407,2.0,4768.7890625,9.0,1377.625
yolo11s.pt,1,static,289,2026-09-09,21:43:10.328,2026-09-09T21:43:10.328,9.643411439999909,1,0.2950705885887146,4.351444000349147,33.20308299998942,3.4,4768.7890625,9.0,1377.625
yolo11s.pt,1,static,290,2026-09-09,21:43:10.360,2026-09-09T21:43:10.360,9.67535683799997,1,0.24704568088054657,4.325923000124021,29.10276900001918,3.8,4768.7890625,9.0,1377.625
yolo11s.pt,1,static,291,2026-09-09,21:43:10.392,2026-09-09T21:43:10.392,9.707404835000034,1,0.2842254638671875,4.358313000011549,29.275218000293535,2.0,4768.7890625,9.0,1377.625
yolo11s.pt,1,static,292,2026-09-09,21:43:10.428,2026-09-09T21:43:10.428,9.743358228000034,1,0.38590335845947266,4.405333999784489,33.183213000029355,1.8,4768.7890625,9.0,1377.625
yolo11s.pt,1,static,293,2026-09-09,21:43:10.460,2026-09-09T21:43:10.460,9.775295224999809,1,0.29751160740852356,4.432362999978068,29.143399000076897,3.9,4768.7890625,9.0,1377.625
yolo11s.pt,1,static,294,2026-09-09,21:43:10.492,2026-09-09T21:43:10.492,9.807349882999915,1,0.37629270553588867,4.380472999855556,29.17658800015488,2.0,4768.7890625,9.0,1377.625
yolo11s.pt,1,static,295,2026-09-09,21:43:10.528,2026-09-09T21:43:10.528,9.843382914999893,1,0.30196133255958557,4.348822999872937,33.17789399989124,3.4,4768.7890625,9.0,1377.625
yolo11s.pt,1,static,296,2026-09-09,21:43:10.560,2026-09-09T21:43:10.560,9.875372502000118,1,0.29392749071121216,4.361002999758057,29.175088000101823,2.0,4760.6640625,9.0,1377.625
yolo11s.pt,1,static,297,2026-09-09,21:43:10.592,2026-09-09T21:43:10.592,9.90737726999987,1,0.33999985456466675,4.393464000258973,29.223367999748007,2.0,4760.1484375,9.0,1377.625
yolo11s.pt,1,static,298,2026-09-09,21:43:10.628,2026-09-09T21:43:10.628,9.943363492000117,1,0.2847999334335327,4.34416300004159,33.130423000329756,3.4,4760.1484375,9.0,1377.625
yolo11s.pt,1,static,299,2026-09-09,21:43:10.660,2026-09-09T21:43:10.660,9.975313580000147,1,0.31239110231399536,4.3841729998348455,29.178097999647434,3.8,4760.1484375,9.0,1377.625
yolo11s.pt,1,static,300,2026-09-09,21:43:10.692,2026-09-09T21:43:10.692,10.007341136999912,1,0.3277561366558075,4.348633000063273,29.171718999805307,2.0,4760.1484375,10.0,1377.625
yolo11s.pt,2,horizontal_slow,1,2026-09-09,21:43:19.037,2026-09-09T21:43:19.037,0.032046286999957374,0,0.0,5.244299999958457,37.7033949998804,1.7,4734.6796875,3.0,1373.6875
yolo11s.pt,2,horizontal_slow,2,2026-09-09,21:43:19.068,2026-09-09T21:43:19.068,0.06348395599979995,0,0.0,4.353444000116724,27.626134999991336,4.1,4734.6796875,3.0,1373.6875
yolo11s.pt,2,horizontal_slow,3,2026-09-09,21:43:19.104,2026-09-09T21:43:19.104,0.0995463680001194,0,0.0,4.172614000253816,33.053832999939914,1.8,4734.6796875,3.0,1373.6875
yolo11s.pt,2,horizontal_slow,4,2026-09-09,21:43:19.136,2026-09-09T21:43:19.136,0.13152537599989955,1,0.233254075050354,4.440733000137698,29.597816000205057,3.8,4731.47265625,3.0,1373.6875
yolo11s.pt,2,horizontal_slow,5,2026-09-09,21:43:19.168,2026-09-09T21:43:19.168,0.16353631399988444,1,0.22602780163288116,4.345734000253287,29.096088000187592,2.0,4731.12890625,3.0,1371.75
yolo11s.pt,2,horizontal_slow,6,2026-09-09,21:43:19.203,2026-09-09T21:43:19.203,0.19933368600004542,0,0.0,4.197694000140473,32.7352740000606,1.8,4731.37109375,10.0,1371.75
yolo11s.pt,2,horizontal_slow,7,2026-09-09,21:43:19.236,2026-09-09T21:43:19.236,0.2313602140002331,1,0.23368793725967407,4.368082999917533,29.509137999866653,2.0,4731.37109375,10.0,1371.75
yolo11s.pt,2,horizontal_slow,8,2026-09-09,21:43:19.268,2026-09-09T21:43:19.268,0.26330032099986056,1,0.3408306837081909,4.3567239999902085,29.123878000063996,3.8,4731.37109375,10.0,1371.75
yolo11s.pt,2,horizontal_slow,9,2026-09-09,21:43:19.304,2026-09-09T21:43:19.304,0.29952620299991395,1,0.24637733399868011,4.461643000013282,33.531471000060264,1.8,4731.37109375,10.0,1371.75
yolo11s.pt,2,horizontal_slow,10,2026-09-09,21:43:19.336,2026-09-09T21:43:19.336,0.3314847699998609,1,0.2569858431816101,4.704441999820119,29.394758000307775,3.8,4731.37109375,10.0,1371.75
yolo11s.pt,2,horizontal_slow,11,2026-09-09,21:43:19.368,2026-09-09T21:43:19.368,0.363361027999872,1,0.18796461820602417,4.4829830003436655,28.866710000329476,2.0,4731.61328125,10.0,1371.75
yolo11s.pt,2,horizontal_slow,12,2026-09-09,21:43:19.404,2026-09-09T21:43:19.404,0.39964629999985846,0,0.0,4.184643999906257,33.08918299990182,1.8,4731.61328125,10.0,1371.75
yolo11s.pt,2,horizontal_slow,13,2026-09-09,21:43:19.436,2026-09-09T21:43:19.436,0.431521807000081,1,0.21354898810386658,4.349144000116212,29.33121800015215,2.0,4731.61328125,10.0,1371.75
yolo11s.pt,2,horizontal_slow,14,2026-09-09,21:43:19.467,2026-09-09T21:43:19.467,0.4633227160002207,0,0.0,4.195183999854635,28.73066900019694,5.8,4731.61328125,10.0,1371.75
yolo11s.pt,2,horizontal_slow,15,2026-09-09,21:43:19.504,2026-09-09T21:43:19.504,0.4993724679998195,1,0.3500617444515228,4.336822999903234,33.483692000118026,1.8,4731.61328125,10.0,1371.75
yolo11s.pt,2,horizontal_slow,16,2026-09-09,21:43:19.536,2026-09-09T21:43:19.536,0.5314591950000249,1,0.15497715771198273,4.394733000026463,29.34398700017482,3.8,4731.61328125,10.0,1371.75
yolo11s.pt,2,horizontal_slow,17,2026-09-09,21:43:19.568,2026-09-09T21:43:19.568,0.563378923000073,1,0.15161579847335815,4.336042999966594,29.072117999930924,2.0,4731.61328125,10.0,1371.75
yolo11s.pt,2,horizontal_slow,18,2026-09-09,21:43:19.604,2026-09-09T21:43:19.604,0.5995020139998815,1,0.40847495198249817,4.565703000025678,33.54156099976535,1.8,4730.59765625,10.0,1371.75
yolo11s.pt,2,horizontal_slow,19,2026-09-09,21:43:19.636,2026-09-09T21:43:19.636,0.6313932319999367,1,0.3571113348007202,4.381424000257539,28.90095900011147,2.0,4730.10546875,10.0,1371.75
yolo11s.pt,2,horizontal_slow,20,2026-09-09,21:43:19.668,2026-09-09T21:43:19.668,0.6633345599998393,1,0.20132823288440704,4.416812999807007,29.193748999659874,3.9,4730.10546875,10.0,1371.75
yolo11s.pt,2,horizontal_slow,21,2026-09-09,21:43:19.704,2026-09-09T21:43:19.704,0.6995287009999629,1,0.514733076095581,4.3815139997605,33.37423199991463,1.8,4730.10546875,12.0,1371.75
yolo11s.pt,2,horizontal_slow,22,2026-09-09,21:43:19.736,2026-09-09T21:43:19.736,0.7315273789999992,0,0.0,4.435632999957306,29.16804799997408,2.0,4730.10546875,12.0,1371.75
yolo11s.pt,2,horizontal_slow,23,2026-09-09,21:43:19.768,2026-09-09T21:43:19.768,0.7635335370000575,1,0.34771379828453064,4.379724000045826,29.240507999929832,2.0,4730.10546875,12.0,1371.75
yolo11s.pt,2,horizontal_slow,24,2026-09-09,21:43:19.804,2026-09-09T21:43:19.804,0.7993670189998738,1,0.7159335613250732,4.47322299987718,33.12976400002299,1.8,4730.10546875,12.0,1371.75
yolo11s.pt,2,horizontal_slow,25,2026-09-09,21:43:19.836,2026-09-09T21:43:19.836,0.8315277860001515,1,0.6764587759971619,4.454113000065263,29.33607800014215,3.8,4730.10546875,12.0,1371.75
yolo11s.pt,2,horizontal_slow,26,2026-09-09,21:43:19.868,2026-09-09T21:43:19.868,0.8633186739998564,1,0.6937838196754456,4.416303000198241,29.00524899996526,2.0,4730.58203125,12.0,1371.75
yolo11s.pt,2,horizontal_slow,27,2026-09-09,21:43:19.904,2026-09-09T21:43:19.904,0.899552746000154,1,0.682163655757904,4.371272999833309,33.38696299988442,5.1,4730.58203125,12.0,1371.75
yolo11s.pt,2,horizontal_slow,28,2026-09-09,21:43:19.936,2026-09-09T21:43:19.936,0.9315320330001668,1,0.6501691341400146,4.379602999961207,29.202407999946445,2.0,4730.58203125,12.0,1371.75
yolo11s.pt,2,horizontal_slow,29,2026-09-09,21:43:19.968,2026-09-09T21:43:19.968,0.9635765009998067,1,0.7398319840431213,4.363893000117969,29.230738000023848,2.0,4730.58203125,12.0,1371.75
yolo11s.pt,2,horizontal_slow,30,2026-09-09,21:43:20.004,2026-09-09T21:43:20.004,0.9993553839999549,1,0.44610679149627686,4.39848299993173,33.03105300028619,3.4,4730.58203125,12.0,1371.75
yolo11s.pt,2,horizontal_slow,31,2026-09-09,21:43:20.036,2026-09-09T21:43:20.036,1.0313985510001658,1,0.5190656781196594,4.350382999746216,29.186787999606167,2.0,4730.58203125,12.0,1371.75
yolo11s.pt,2,horizontal_slow,32,2026-09-09,21:43:20.068,2026-09-09T21:43:20.068,1.0633735689998502,1,0.6290754675865173,4.340562999914255,29.141028999674745,2.0,4730.58203125,12.0,1371.75
yolo11s.pt,2,horizontal_slow,33,2026-09-09,21:43:20.104,2026-09-09T21:43:20.104,1.0995284400000855,1,0.6432666778564453,4.424862999712786,33.44016199980615,3.4,4730.58203125,12.0,1371.75
yolo11s.pt,2,horizontal_slow,34,2026-09-09,21:43:20.136,2026-09-09T21:43:20.136,1.1314997680001397,1,0.5058264136314392,4.484142999899632,29.257528000016464,2.0,4730.58203125,12.0,1371.75
yolo11s.pt,2,horizontal_slow,35,2026-09-09,21:43:20.172,2026-09-09T21:43:20.172,1.1675520899998446,1,0.42420724034309387,4.368143000192504,33.14485400005651,3.4,4730.58203125,12.0,1371.75
yolo11s.pt,2,horizontal_slow,36,2026-09-09,21:43:20.204,2026-09-09T21:43:20.204,1.1996335970002292,1,0.37111592292785645,4.417973000272468,29.33862700001555,3.9,4730.58203125,10.0,1371.75
yolo11s.pt,2,horizontal_slow,37,2026-09-09,21:43:20.236,2026-09-09T21:43:20.236,1.2315607250002358,1,0.28794023394584656,4.393053000057989,29.091498000070715,2.0,4730.58203125,10.0,1371.75
yolo11s.pt,2,horizontal_slow,38,2026-09-09,21:43:20.272,2026-09-09T21:43:20.272,1.267335758000172,1,0.3130051791667938,4.497442000229057,33.13294300005509,3.5,4734.26953125,10.0,1372.25
yolo11s.pt,2,horizontal_slow,39,2026-09-09,21:43:20.304,2026-09-09T21:43:20.304,1.2994849749998139,1,0.3901163637638092,4.390434000015375,29.213497999990068,2.0,4734.26953125,10.0,1372.25
yolo11s.pt,2,horizontal_slow,40,2026-09-09,21:43:20.336,2026-09-09T21:43:20.336,1.3313658420001957,1,0.29628583788871765,4.364163999980519,29.043219000413956,3.9,4734.26953125,10.0,1372.25
yolo11s.pt,2,horizontal_slow,41,2026-09-09,21:43:20.372,2026-09-09T21:43:20.372,1.3675201139999444,1,0.31093093752861023,4.401413000323373,33.32286300019405,3.4,4734.26953125,10.0,1372.25
yolo11s.pt,2,horizontal_slow,42,2026-09-09,21:43:20.404,2026-09-09T21:43:20.404,1.3995093120001911,1,0.24952134490013123,4.416321999997308,29.199227999924915,2.0,4734.26953125,10.0,1372.25
yolo11s.pt,2,horizontal_slow,43,2026-09-09,21:43:20.436,2026-09-09T21:43:20.436,1.4314017599999715,1,0.26720550656318665,4.41729399972246,29.0913690000707,2.0,4734.26953125,10.0,1372.25
yolo11s.pt,2,horizontal_slow,44,2026-09-09,21:43:20.472,2026-09-09T21:43:20.472,1.4675192210002024,1,0.24324405193328857,4.4012329999532085,33.29432300006374,3.4,4734.51171875,10.0,1372.25
yolo11s.pt,2,horizontal_slow,45,2026-09-09,21:43:20.504,2026-09-09T21:43:20.504,1.4995791179999287,1,0.4994230270385742,4.367204000118363,29.233528000077058,2.0,4734.51171875,10.0,1372.25
yolo11s.pt,2,horizontal_slow,46,2026-09-09,21:43:20.536,2026-09-09T21:43:20.536,1.5315543259998776,1,0.27676326036453247,4.3674829998963105,29.20007800003077,3.8,4734.51171875,10.0,1372.25
yolo11s.pt,2,horizontal_slow,47,2026-09-09,21:43:20.572,2026-09-09T21:43:20.572,1.5675496079998084,1,0.18214775621891022,4.426093000347464,33.253303000037704,1.8,4734.26171875,10.0,1372.25
yolo11s.pt,2,horizontal_slow,48,2026-09-09,21:43:20.604,2026-09-09T21:43:20.604,1.5995357759998114,1,0.3125308156013489,4.505532000166568,29.253077999783272,2.0,4734.26171875,10.0,1372.25
yolo11s.pt,2,horizontal_slow,49,2026-09-09,21:43:20.632,2026-09-09T21:43:20.632,1.6272153700001581,1,0.3125308156013489,4.31279300028109,24.65368599996509,2.3,4734.26171875,10.0,1370.9375
yolo11s.pt,2,horizontal_slow,50,2026-09-09,21:43:20.672,2026-09-09T21:43:20.672,1.6675261250002222,1,0.3777405917644501,4.386564000014914,37.57536599960076,1.6,4734.26171875,10.0,1370.9375
yolo11s.pt,2,horizontal_slow,51,2026-09-09,21:43:20.704,2026-09-09T21:43:20.704,1.699568392999936,1,0.3817431926727295,4.356572999768105,29.219079000085912,3.8,4734.26171875,11.0,1370.9375
yolo11s.pt,2,horizontal_slow,52,2026-09-09,21:43:20.736,2026-09-09T21:43:20.736,1.7313779209998756,1,0.4851911664009094,4.402843000207213,29.051318999790965,2.0,4734.26171875,11.0,1370.9375
yolo11s.pt,2,horizontal_slow,53,2026-09-09,21:43:20.772,2026-09-09T21:43:20.772,1.7674009830002433,1,0.5457330346107483,4.381123000257503,33.19485300016822,3.4,4734.26171875,11.0,1370.9375
yolo11s.pt,2,horizontal_slow,54,2026-09-09,21:43:20.804,2026-09-09T21:43:20.804,1.7993455209998501,1,0.2727442979812622,4.373092999685468,29.114517999914824,3.8,4734.26171875,11.0,1370.9375
yolo11s.pt,2,horizontal_slow,55,2026-09-09,21:43:20.836,2026-09-09T21:43:20.836,1.8313877579998916,1,0.2184656262397766,4.362342999684188,29.21435799999017,2.0,4734.26171875,11.0,1370.9375
yolo11s.pt,2,horizontal_slow,56,2026-09-09,21:43:20.872,2026-09-09T21:43:20.872,1.8674940900000365,1,0.17887869477272034,4.411333000007289,33.33717199984676,3.5,4734.015625,11.0,1370.9375
yolo11s.pt,2,horizontal_slow,57,2026-09-09,21:43:20.904,2026-09-09T21:43:20.904,1.899547117000111,1,0.48969605565071106,4.443502999947668,29.287677999946027,2.0,4734.015625,11.0,1370.9375
yolo11s.pt,2,horizontal_slow,58,2026-09-09,21:43:20.936,2026-09-09T21:43:20.936,1.9314945950000038,1,0.3965185284614563,4.394102999867755,29.11177800024234,2.0,4734.015625,11.0,1370.9375
yolo11s.pt,2,horizontal_slow,59,2026-09-09,21:43:20.972,2026-09-09T21:43:20.972,1.9675512469998466,1,0.2928411066532135,4.363992999969923,33.20276200020089,3.4,4734.015625,11.0,1370.9375
yolo11s.pt,2,horizontal_slow,60,2026-09-09,21:43:21.004,2026-09-09T21:43:21.004,1.9995287340002506,1,0.29703524708747864,4.376262999812752,29.174667999996018,2.0,4734.015625,11.0,1370.9375
yolo11s.pt,2,horizontal_slow,61,2026-09-09,21:43:21.036,2026-09-09T21:43:21.036,2.0315669020001224,1,0.3576352298259735,4.361562999747548,29.20083800017892,2.0,4734.015625,11.0,1370.9375
yolo11s.pt,2,horizontal_slow,62,2026-09-09,21:43:21.072,2026-09-09T21:43:21.072,2.067514054000185,1,0.31297051906585693,4.38396300023669,33.170322999922064,1.7,4734.015625,11.0,1370.9375
yolo11s.pt,2,horizontal_slow,63,2026-09-09,21:43:21.104,2026-09-09T21:43:21.104,2.0993744219999826,1,0.3445647060871124,4.381712999929732,29.040539000106946,2.0,4734.015625,11.0,1370.9375
yolo11s.pt,2,horizontal_slow,64,2026-09-09,21:43:21.136,2026-09-09T21:43:21.136,2.131513269000152,1,0.5028893947601318,4.3816429997605155,29.31719800017163,3.8,4734.015625,11.0,1370.9375
yolo11s.pt,2,horizontal_slow,65,2026-09-09,21:43:21.172,2026-09-09T21:43:21.172,2.1673830119998456,1,0.2853213846683502,4.374842999823159,33.051793000140606,1.8,4734.015625,11.0,1370.9375
yolo11s.pt,2,horizontal_slow,66,2026-09-09,21:43:21.204,2026-09-09T21:43:21.204,2.199336399999993,1,0.49404194951057434,4.41572299996551,29.171348000090802,2.0,4734.015625,9.0,1370.9375
yolo11s.pt,2,horizontal_slow,67,2026-09-09,21:43:21.236,2026-09-09T21:43:21.236,2.2313806769998337,1,0.3989562690258026,4.378863000056299,29.207108999798947,2.0,4734.015625,9.0,1370.9375
yolo11s.pt,2,horizontal_slow,68,2026-09-09,21:43:21.272,2026-09-09T21:43:21.272,2.267493578000085,1,0.6628615260124207,4.39468400008991,33.340211999984604,3.4,4734.015625,9.0,1370.75
yolo11s.pt,2,horizontal_slow,69,2026-09-09,21:43:21.304,2026-09-09T21:43:21.304,2.2995624959999077,1,0.3878191411495209,4.373183000097924,29.243227999813826,3.8,4734.015625,9.0,1370.75
yolo11s.pt,2,horizontal_slow,70,2026-09-09,21:43:21.336,2026-09-09T21:43:21.336,2.331556763000208,1,0.33582803606987,4.404303000228538,29.24379800015231,2.0,4734.015625,9.0,1370.75
yolo11s.pt,2,horizontal_slow,71,2026-09-09,21:43:21.372,2026-09-09T21:43:21.372,2.367527225000231,1,0.394161581993103,4.483322999931261,33.28877300009481,3.4,4734.015625,9.0,1370.75
yolo11s.pt,2,horizontal_slow,72,2026-09-09,21:43:21.404,2026-09-09T21:43:21.404,2.3994905529998505,1,0.4699673056602478,4.4256529999984195,29.12841900024432,2.0,4734.015625,9.0,1370.75
yolo11s.pt,2,horizontal_slow,73,2026-09-09,21:43:21.440,2026-09-09T21:43:21.440,2.4354138859998784,1,0.5360066890716553,4.3595830002232105,33.06042299982437,1.8,4734.015625,9.0,1370.75
yolo11s.pt,2,horizontal_slow,74,2026-09-09,21:43:21.472,2026-09-09T21:43:21.472,2.467525023000235,1,0.42522478103637695,4.394612999931269,29.34701699996367,2.0,4734.015625,9.0,1370.75
yolo11s.pt,2,horizontal_slow,75,2026-09-09,21:43:21.504,2026-09-09T21:43:21.504,2.4995796100001826,1,0.33632829785346985,4.380353000215109,29.250948000026256,3.8,4734.015625,9.0,1370.75
yolo11s.pt,2,horizontal_slow,76,2026-09-09,21:43:21.540,2026-09-09T21:43:21.540,2.5353087829998913,1,0.18910951912403107,4.391223000311584,32.965754000088054,1.8,4734.015625,9.0,1370.75
yolo11s.pt,2,horizontal_slow,77,2026-09-09,21:43:21.572,2026-09-09T21:43:21.572,2.567396970000118,1,0.16585958003997803,4.347103999862156,29.255508000005648,2.0,4734.015625,9.0,1370.75
yolo11s.pt,2,horizontal_slow,78,2026-09-09,21:43:21.604,2026-09-09T21:43:21.604,2.599314248000155,1,0.23715627193450928,4.395033000037074,29.16599900026995,2.0,4734.015625,9.0,1370.75
yolo11s.pt,2,horizontal_slow,79,2026-09-09,21:43:21.640,2026-09-09T21:43:21.640,2.6355546400000094,1,0.3309507966041565,4.433003000031022,33.49006200005533,1.8,4733.62109375,9.0,1370.75
yolo11s.pt,2,horizontal_slow,80,2026-09-09,21:43:21.672,2026-09-09T21:43:21.672,2.667519387000084,1,0.42344939708709717,4.5059829999445355,29.25006800023766,3.8,4733.8671875,9.0,1370.75
yolo11s.pt,2,horizontal_slow,81,2026-09-09,21:43:21.704,2026-09-09T21:43:21.704,2.6995473140000286,1,0.21797297894954681,4.410764000112977,29.16955799992138,2.0,4733.8671875,10.0,1370.75
yolo11s.pt,2,horizontal_slow,82,2026-09-09,21:43:21.740,2026-09-09T21:43:21.740,2.7355733670001428,1,0.38653162121772766,4.372763999981544,33.217231999969954,3.5,4733.8671875,10.0,1370.75
yolo11s.pt,2,horizontal_slow,83,2026-09-09,21:43:21.772,2026-09-09T21:43:21.772,2.767393125000126,1,0.4870382249355316,4.512192000220239,29.19748799968147,5.8,4733.8671875,10.0,1370.5625
yolo11s.pt,2,horizontal_slow,84,2026-09-09,21:43:21.804,2026-09-09T21:43:21.804,2.7995597610001823,1,0.2195184975862503,4.586123000080988,29.426356999920245,2.0,4733.86328125,10.0,1370.5625
yolo11s.pt,2,horizontal_slow,85,2026-09-09,21:43:21.840,2026-09-09T21:43:21.840,2.835357925000153,1,0.2158098816871643,4.369633999885991,32.832024000072124,1.8,4733.86328125,10.0,1370.5625
yolo11s.pt,2,horizontal_slow,86,2026-09-09,21:43:21.872,2026-09-09T21:43:21.872,2.8673709919999055,1,0.3340702950954437,4.388722999919992,29.219469000054232,3.8,4734.33984375,10.0,1370.5625
yolo11s.pt,2,horizontal_slow,87,2026-09-09,21:43:21.904,2026-09-09T21:43:21.904,2.899557439000091,1,0.36587584018707275,4.371882999748777,29.35518799995407,2.0,4734.33984375,10.0,1370.5625
yolo11s.pt,2,horizontal_slow,88,2026-09-09,21:43:21.940,2026-09-09T21:43:21.940,2.9353548419999242,1,0.3853096067905426,4.391962999761745,33.02159299983032,5.2,4734.33984375,10.0,1370.5625
yolo11s.pt,2,horizontal_slow,89,2026-09-09,21:43:21.972,2026-09-09T21:43:21.972,2.967361618999803,1,0.3749837875366211,4.434702999787987,29.244478000236995,2.0,4734.33984375,10.0,1370.5625
yolo11s.pt,2,horizontal_slow,90,2026-09-09,21:43:22.004,2026-09-09T21:43:22.004,2.999351596999986,1,0.21121354401111603,4.428192999966996,29.171707999921637,2.0,4734.33984375,10.0,1370.5625
yolo11s.pt,2,horizontal_slow,91,2026-09-09,21:43:22.040,2026-09-09T21:43:22.040,3.0355744479998066,1,0.2532673180103302,4.365512999811472,33.33914299992102,1.8,4734.33984375,10.0,1370.5625
yolo11s.pt,2,horizontal_slow,92,2026-09-09,21:43:22.072,2026-09-09T21:43:22.072,3.06751373599991,1,0.21007530391216278,4.386053000416723,29.186868000124377,3.8,4734.33984375,10.0,1370.5625
yolo11s.pt,2,horizontal_slow,93,2026-09-09,21:43:22.104,2026-09-09T21:43:22.104,3.099583513000198,1,0.3638751208782196,4.367702999843459,29.24539800005732,2.0,4734.33984375,10.0,1370.5625
yolo11s.pt,2,horizontal_slow,94,2026-09-09,21:43:22.140,2026-09-09T21:43:22.140,3.1355198850001216,1,0.5501887202262878,4.547373000150401,33.33610299978318,3.4,4734.33984375,10.0,1370.5625
yolo11s.pt,2,horizontal_slow,95,2026-09-09,21:43:22.172,2026-09-09T21:43:22.172,3.167543442999886,1,0.5594639778137207,4.465292999611847,29.13855799988596,2.0,4734.33984375,10.0,1370.5625
yolo11s.pt,2,horizontal_slow,96,2026-09-09,21:43:22.204,2026-09-09T21:43:22.204,3.1995317900000373,1,0.436271607875824,4.460293000192905,29.20360799998889,2.0,4734.33984375,11.0,1370.5625
yolo11s.pt,2,horizontal_slow,97,2026-09-09,21:43:22.240,2026-09-09T21:43:22.240,3.235567782000089,1,0.5156513452529907,4.380733000289183,33.15613300037512,3.4,4734.33984375,11.0,1370.5625
yolo11s.pt,2,horizontal_slow,98,2026-09-09,21:43:22.272,2026-09-09T21:43:22.272,3.267539360000228,1,0.3817814886569977,4.396072999952594,29.201457999988634,2.0,4734.33984375,11.0,1370.5625
yolo11s.pt,2,horizontal_slow,99,2026-09-09,21:43:22.304,2026-09-09T21:43:22.304,3.2995598070001506,1,0.38134416937828064,4.329964000135078,29.0917479997006,2.0,4734.33984375,11.0,1370.5625
yolo11s.pt,2,horizontal_slow,100,2026-09-09,21:43:22.340,2026-09-09T21:43:22.340,3.3353773799999544,1,0.36924493312835693,4.414822999933676,33.10308299978715,3.4,4734.33203125,11.0,1370.5625
yolo11s.pt,2,horizontal_slow,101,2026-09-09,21:43:22.372,2026-09-09T21:43:22.372,3.367405946999952,1,0.4461353123188019,4.371743999854516,29.14151800041509,3.8,4734.33203125,11.0,1370.5625
yolo11s.pt,2,horizontal_slow,102,2026-09-09,21:43:22.404,2026-09-09T21:43:22.404,3.39937507500008,1,0.5757308006286621,4.4064030003028165,29.203097999925376,2.0,4734.33203125,11.0,1370.5625
yolo11s.pt,2,horizontal_slow,103,2026-09-09,21:43:22.440,2026-09-09T21:43:22.440,3.4355496459997994,1,0.5404293537139893,4.392573999666638,33.35982199996579,1.7,4734.33203125,11.0,1370.5625
yolo11s.pt,2,horizontal_slow,104,2026-09-09,21:43:22.472,2026-09-09T21:43:22.472,3.467519394000192,1,0.7082799673080444,4.367203000128939,29.15605799989862,3.9,4734.33203125,11.0,1370.5625
yolo11s.pt,2,horizontal_slow,105,2026-09-09,21:43:22.504,2026-09-09T21:43:22.504,3.4995522519998303,1,0.7501238584518433,4.3844030001309875,29.241107999951055,3.8,4734.33203125,11.0,1370.5625
yolo11s.pt,2,horizontal_slow,106,2026-09-09,21:43:22.540,2026-09-09T21:43:22.540,3.5355592139999317,1,0.529052197933197,4.381132999697002,33.2113429999481,1.8,4734.33203125,11.0,1370.5625
yolo11s.pt,2,horizontal_slow,107,2026-09-09,21:43:22.572,2026-09-09T21:43:22.572,3.5674151019998135,1,0.4250844419002533,4.399642999942444,29.08722799975294,2.0,4734.15625,11.0,1370.5625
yolo11s.pt,2,horizontal_slow,108,2026-09-09,21:43:22.604,2026-09-09T21:43:22.604,3.59965315799991,1,0.5675158500671387,4.393523000089772,29.419447000236687,3.8,4734.40234375,11.0,1370.5625
yolo11s.pt,2,horizontal_slow,109,2026-09-09,21:43:22.640,2026-09-09T21:43:22.640,3.6356636900000012,1,0.546913743019104,4.477542999666184,33.26784299997598,1.8,4734.40234375,11.0,1370.5625
yolo11s.pt,2,horizontal_slow,110,2026-09-09,21:43:22.672,2026-09-09T21:43:22.672,3.667530999000064,1,0.348126620054245,4.395423000005394,28.98371900027996,2.0,4734.40234375,11.0,1370.5625
yolo11s.pt,2,horizontal_slow,111,2026-09-09,21:43:22.708,2026-09-09T21:43:22.708,3.7035664710001583,1,0.6296451687812805,4.34722399995735,33.18746300010389,3.4,4734.40234375,11.0,1370.5625
yolo11s.pt,2,horizontal_slow,112,2026-09-09,21:43:22.740,2026-09-09T21:43:22.740,3.73553500800017,1,0.6979129910469055,4.423623000093357,29.244138000194653,2.0,4734.40234375,11.0,1370.5625
yolo11s.pt,2,horizontal_slow,113,2026-09-09,21:43:22.772,2026-09-09T21:43:22.772,3.7675671349998083,1,0.6826136112213135,4.348943999957555,29.116738000084297,3.8,4734.40234375,11.0,1370.5625
yolo11s.pt,2,horizontal_slow,114,2026-09-09,21:43:22.808,2026-09-09T21:43:22.808,3.8036497670000244,1,0.6240221858024597,4.371842999717046,33.292812000127014,1.8,4734.40234375,11.0,1370.5625
yolo11s.pt,2,horizontal_slow,115,2026-09-09,21:43:22.840,2026-09-09T21:43:22.840,3.8355153349998545,1,0.5741558074951172,4.378553000151442,29.096548999859806,3.8,4734.40234375,11.0,1370.5625
yolo11s.pt,2,horizontal_slow,116,2026-09-09,21:43:22.872,2026-09-09T21:43:22.872,3.8675630829998227,1,0.5132936835289001,4.473601999961829,29.372337999575393,3.9,4734.64453125,11.0,1370.5625
yolo11s.pt,2,horizontal_slow,117,2026-09-09,21:43:22.908,2026-09-09T21:43:22.908,3.903636393999932,1,0.3702382743358612,4.478173000279639,33.22253299984368,1.8,4734.64453125,11.0,1370.5625
yolo11s.pt,2,horizontal_slow,118,2026-09-09,21:43:22.940,2026-09-09T21:43:22.940,3.9355251619999763,1,0.4965268075466156,4.379733999940072,28.985739000290778,2.0,4734.64453125,11.0,1370.5625
yolo11s.pt,2,horizontal_slow,119,2026-09-09,21:43:22.972,2026-09-09T21:43:22.972,3.9676663390000613,1,0.29746395349502563,4.457063000245398,29.3955779998214,3.8,4734.64453125,11.0,1370.5625
yolo11s.pt,2,horizontal_slow,120,2026-09-09,21:43:23.008,2026-09-09T21:43:23.008,4.003359323000041,1,0.6102803945541382,4.364024000096833,32.76846399967326,1.8,4734.64453125,11.0,1370.5625
yolo11s.pt,2,horizontal_slow,121,2026-09-09,21:43:23.040,2026-09-09T21:43:23.040,4.035561379000228,1,0.5526958107948303,4.320034000102169,29.313417000139452,2.0,4734.64453125,11.0,1370.5625
yolo11s.pt,2,horizontal_slow,122,2026-09-09,21:43:23.072,2026-09-09T21:43:23.072,4.067559576999884,1,0.6056929230690002,4.414643000018259,29.285867999988113,3.9,4734.64453125,11.0,1370.5625
yolo11s.pt,2,horizontal_slow,123,2026-09-09,21:43:23.108,2026-09-09T21:43:23.108,4.1033763099999305,1,0.35195857286453247,4.324143000303593,32.90543399998569,1.8,4734.64453125,11.0,1370.5625
yolo11s.pt,2,horizontal_slow,124,2026-09-09,21:43:23.140,2026-09-09T21:43:23.140,4.1355291959998794,1,0.3964245319366455,4.5629530000042,29.584596999939095,2.0,4734.64453125,11.0,1370.5625
yolo11s.pt,2,horizontal_slow,125,2026-09-09,21:43:23.172,2026-09-09T21:43:23.172,4.167553163999855,1,0.41834086179733276,4.349112999989302,28.985518999888882,2.0,4734.64453125,11.0,1370.5625
yolo11s.pt,2,horizontal_slow,126,2026-09-09,21:43:23.208,2026-09-09T21:43:23.208,4.2035166959999515,1,0.4498247504234314,4.491213000164862,33.29554200036,3.4,4734.64453125,9.0,1370.5625
yolo11s.pt,2,horizontal_slow,127,2026-09-09,21:43:23.240,2026-09-09T21:43:23.240,4.235608302999935,1,0.28172045946121216,4.439872999682848,29.25600799972017,2.0,4734.64453125,9.0,1370.5625
yolo11s.pt,2,horizontal_slow,128,2026-09-09,21:43:23.272,2026-09-09T21:43:23.272,4.267376182000135,1,0.4211542308330536,4.556331999992835,29.079499000090436,2.0,4731.390625,9.0,1369.875
yolo11s.pt,2,horizontal_slow,129,2026-09-09,21:43:23.308,2026-09-09T21:43:23.308,4.303508883000177,1,0.2982112765312195,4.312803999710013,33.084483000038745,3.5,4731.390625,9.0,1369.875
yolo11s.pt,2,horizontal_slow,130,2026-09-09,21:43:23.340,2026-09-09T21:43:23.340,4.3356254599998465,1,0.45212745666503906,4.374123999696167,29.382407999946736,2.0,4731.390625,9.0,1369.875
yolo11s.pt,2,horizontal_slow,131,2026-09-09,21:43:23.372,2026-09-09T21:43:23.372,4.367682826999953,1,0.45628222823143005,4.369104000033985,29.25272800030143,3.8,4731.390625,9.0,1369.875
yolo11s.pt,2,horizontal_slow,132,2026-09-09,21:43:23.408,2026-09-09T21:43:23.408,4.403578630000084,1,0.2523325979709625,4.380323000077624,33.07469400033369,3.5,4731.390625,9.0,1369.875
yolo11s.pt,2,horizontal_slow,133,2026-09-09,21:43:23.440,2026-09-09T21:43:23.440,4.435551397999916,1,0.2158040702342987,4.349764000380674,29.17623800021829,2.0,4731.390625,9.0,1369.875
yolo11s.pt,2,horizontal_slow,134,2026-09-09,21:43:23.472,2026-09-09T21:43:23.472,4.467538644999877,1,0.24211375415325165,4.369362999568693,29.17870800001765,3.9,4731.390625,9.0,1369.875
yolo11s.pt,2,horizontal_slow,135,2026-09-09,21:43:23.508,2026-09-09T21:43:23.508,4.503406987999824,0,0.0,4.233683000165911,32.80581399985749,1.8,4731.6328125,9.0,1369.875
yolo11s.pt,2,horizontal_slow,136,2026-09-09,21:43:23.540,2026-09-09T21:43:23.540,4.535511564999979,0,0.0,4.236644000229717,29.302367999662238,2.0,4731.6328125,9.0,1369.875
yolo11s.pt,2,horizontal_slow,137,2026-09-09,21:43:23.572,2026-09-09T21:43:23.572,4.567553851999946,1,0.1689009815454483,4.330404000029375,29.45167699999729,2.0,4731.3984375,9.0,1369.875
yolo11s.pt,2,horizontal_slow,138,2026-09-09,21:43:23.608,2026-09-09T21:43:23.608,4.603581033999944,1,0.2405126839876175,4.373222999674908,33.24470300003668,3.4,4731.3984375,9.0,1369.875
yolo11s.pt,2,horizontal_slow,139,2026-09-09,21:43:23.640,2026-09-09T21:43:23.640,4.635579662000055,0,0.0,4.265442999894731,28.94720899985259,2.0,4731.38671875,9.0,1369.875
yolo11s.pt,2,horizontal_slow,140,2026-09-09,21:43:23.672,2026-09-09T21:43:23.672,4.667540799000108,1,0.21727798879146576,4.361243999937869,29.34742700017523,2.0,4731.62890625,9.0,1369.875
yolo11s.pt,2,horizontal_slow,141,2026-09-09,21:43:23.708,2026-09-09T21:43:23.708,4.703322823000235,1,0.23735091090202332,4.366323999875021,32.971183999961795,5.1,4731.62890625,10.0,1369.875
yolo11s.pt,2,horizontal_slow,142,2026-09-09,21:43:23.740,2026-09-09T21:43:23.740,4.7355389989998,1,0.2137834131717682,4.399512999953004,29.46063800027332,2.0,4731.62890625,10.0,1369.875
yolo11s.pt,2,horizontal_slow,143,2026-09-09,21:43:23.772,2026-09-09T21:43:23.772,4.767586466000012,1,0.4963439702987671,4.358713999863539,29.221687999779533,3.9,4731.62890625,10.0,1369.875
yolo11s.pt,2,horizontal_slow,144,2026-09-09,21:43:23.808,2026-09-09T21:43:23.808,4.803532338999958,1,0.23157399892807007,4.3764329998339235,33.166492999953334,1.8,4731.62890625,10.0,1369.875
yolo11s.pt,2,horizontal_slow,145,2026-09-09,21:43:23.840,2026-09-09T21:43:23.840,4.835561465999945,1,0.27542194724082947,4.394112999762001,29.23340800043661,3.8,4731.62890625,10.0,1369.875
yolo11s.pt,2,horizontal_slow,146,2026-09-09,21:43:23.872,2026-09-09T21:43:23.872,4.86755068399998,1,0.16808968782424927,4.444022999905428,29.233918000045378,5.9,4733.3515625,10.0,1370.6875
yolo11s.pt,2,horizontal_slow,147,2026-09-09,21:43:23.907,2026-09-09T21:43:23.907,4.903387747000124,0,0.0,4.161754000051587,32.64769499992326,1.8,4733.3515625,10.0,1370.6875
yolo11s.pt,2,horizontal_slow,148,2026-09-09,21:43:23.940,2026-09-09T21:43:23.940,4.9355324439998185,1,0.2852928042411804,4.377423000278213,29.585007000150654,1.9,4733.3515625,10.0,1370.6875
yolo11s.pt,2,horizontal_slow,149,2026-09-09,21:43:23.972,2026-09-09T21:43:23.972,4.967598590999842,1,0.18420836329460144,4.414142999848991,29.28302799955418,2.0,4733.3515625,10.0,1370.6875
yolo11s.pt,2,horizontal_slow,150,2026-09-09,21:43:24.008,2026-09-09T21:43:24.008,5.003364384000179,1,0.23951104283332825,4.381103000014264,32.92648400019971,3.5,4733.3515625,10.0,1370.6875
yolo11s.pt,2,horizontal_slow,151,2026-09-09,21:43:24.040,2026-09-09T21:43:24.040,5.0355579910001325,1,0.19741135835647583,4.693922000114981,29.656435999640962,3.8,4733.3515625,10.0,1370.6875
yolo11s.pt,2,horizontal_slow,152,2026-09-09,21:43:24.076,2026-09-09T21:43:24.076,5.071553393000158,1,0.4481844902038574,4.347043000052508,32.853974000317976,1.8,4733.3515625,10.0,1370.6875
yolo11s.pt,2,horizontal_slow,153,2026-09-09,21:43:24.108,2026-09-09T21:43:24.108,5.103555619999952,1,0.5096836090087891,4.349793000073987,29.18071800013422,2.0,4733.3515625,10.0,1370.6875
yolo11s.pt,2,horizontal_slow,154,2026-09-09,21:43:24.140,2026-09-09T21:43:24.140,5.135745927000244,1,0.31555840373039246,4.513533000135794,29.530237000017223,3.8,4733.3515625,10.0,1370.6875
yolo11s.pt,2,horizontal_slow,155,2026-09-09,21:43:24.176,2026-09-09T21:43:24.176,5.171395071000006,1,0.18734602630138397,4.3728429996008344,32.70325499988758,1.8,4733.3515625,10.0,1370.6875
yolo11s.pt,2,horizontal_slow,156,2026-09-09,21:43:24.208,2026-09-09T21:43:24.208,5.203572036999958,1,0.39934098720550537,4.449883000233967,29.417088000172953,2.0,4733.3515625,11.0,1370.6875
yolo11s.pt,2,horizontal_slow,157,2026-09-09,21:43:24.240,2026-09-09T21:43:24.240,5.235376266000003,1,0.3274838328361511,4.437503999724868,29.082928999741853,2.0,4733.3515625,11.0,1370.6875
yolo11s.pt,2,horizontal_slow,158,2026-09-09,21:43:24.276,2026-09-09T21:43:24.276,5.271369158000198,1,0.29657644033432007,4.374893000203883,33.03717400012829,5.2,4733.3515625,11.0,1370.6875
yolo11s.pt,2,horizontal_slow,159,2026-09-09,21:43:24.308,2026-09-09T21:43:24.308,5.30358057400008,1,0.4366689622402191,4.366544000276917,29.38759700009541,2.0,4733.3515625,11.0,1370.6875
yolo11s.pt,2,horizontal_slow,160,2026-09-09,21:43:24.340,2026-09-09T21:43:24.340,5.335315023000021,1,0.7280160784721375,4.378442999950494,28.963468999791075,2.0,4733.3515625,11.0,1370.6875
yolo11s.pt,2,horizontal_slow,161,2026-09-09,21:43:24.376,2026-09-09T21:43:24.376,5.371572114000173,1,0.6246696710586548,4.338193999956275,33.40312199998152,1.7,4733.3515625,11.0,1370.6875
yolo11s.pt,2,horizontal_slow,162,2026-09-09,21:43:24.408,2026-09-09T21:43:24.408,5.403606431999833,1,0.5745455622673035,4.394764000153373,29.290577999745437,3.9,4733.59765625,11.0,1370.6875
yolo11s.pt,2,horizontal_slow,163,2026-09-09,21:43:24.440,2026-09-09T21:43:24.440,5.435560119000002,1,0.650699257850647,4.382373000225925,29.151888000342296,2.0,4733.59765625,11.0,1370.6875
yolo11s.pt,2,horizontal_slow,164,2026-09-09,21:43:24.476,2026-09-09T21:43:24.476,5.471382321999954,1,0.7266177535057068,4.49022300017532,33.145573000183504,3.5,4733.59765625,11.0,1370.6875
yolo11s.pt,2,horizontal_slow,165,2026-09-09,21:43:24.508,2026-09-09T21:43:24.508,5.503587429000163,1,0.7271599769592285,4.478953000216279,29.392717000064295,3.8,4733.59765625,11.0,1370.6875
yolo11s.pt,2,horizontal_slow,166,2026-09-09,21:43:24.540,2026-09-09T21:43:24.540,5.5355608260001645,1,0.4824712574481964,4.368544000044494,29.103088999818283,2.0,4733.59765625,11.0,1370.6875
yolo11s.pt,2,horizontal_slow,167,2026-09-09,21:43:24.576,2026-09-09T21:43:24.576,5.571591419000015,1,0.5564556121826172,4.370863999611174,33.17193300017607,1.8,4733.59765625,11.0,1370.6875
yolo11s.pt,2,horizontal_slow,168,2026-09-09,21:43:24.608,2026-09-09T21:43:24.608,5.603570226000102,1,0.5713233351707458,4.389412999898923,29.179188999933103,3.8,4733.58984375,11.0,1370.6875
yolo11s.pt,2,horizontal_slow,169,2026-09-09,21:43:24.640,2026-09-09T21:43:24.640,5.635434654000164,1,0.6987475752830505,4.3482130004122155,29.048459000023286,2.0,4733.58984375,11.0,1370.6875
yolo11s.pt,2,horizontal_slow,170,2026-09-09,21:43:24.676,2026-09-09T21:43:24.676,5.671336837000126,1,0.45492708683013916,4.370354000002408,33.130433000224,3.4,4733.0546875,11.0,1370.6875
yolo11s.pt,2,horizontal_slow,171,2026-09-09,21:43:24.708,2026-09-09T21:43:24.708,5.703392374000032,1,0.5199576616287231,4.3610430002445355,29.25651800023843,2.0,4733.30078125,12.0,1370.6875
yolo11s.pt,2,horizontal_slow,172,2026-09-09,21:43:24.740,2026-09-09T21:43:24.740,5.735376110999823,1,0.3812197744846344,4.349623999587493,29.157557999951678,3.8,4733.30078125,12.0,1370.6875
yolo11s.pt,2,horizontal_slow,173,2026-09-09,21:43:24.776,2026-09-09T21:43:24.776,5.771387014000084,1,0.22209222614765167,4.474631999983103,33.33103300019502,3.4,4733.30078125,12.0,1370.6875
yolo11s.pt,2,horizontal_slow,174,2026-09-09,21:43:24.808,2026-09-09T21:43:24.808,5.803566709999814,1,0.31464189291000366,4.517493000093964,29.465737999998964,2.0,4733.29296875,12.0,1370.6875
yolo11s.pt,2,horizontal_slow,175,2026-09-09,21:43:24.840,2026-09-09T21:43:24.840,5.8355782379999255,1,0.5962451100349426,4.660722000153328,29.32181699998182,3.9,4733.29296875,12.0,1370.6875
yolo11s.pt,2,horizontal_slow,176,2026-09-09,21:43:24.876,2026-09-09T21:43:24.876,5.8715924500002075,1,0.45225995779037476,4.374282999833667,32.91318399988086,1.8,4733.52734375,12.0,1370.4375
yolo11s.pt,2,horizontal_slow,177,2026-09-09,21:43:24.908,2026-09-09T21:43:24.908,5.90359388700017,1,0.5003540515899658,4.378424000151426,29.24526800006788,3.8,4733.52734375,12.0,1370.4375
yolo11s.pt,2,horizontal_slow,178,2026-09-09,21:43:24.940,2026-09-09T21:43:24.940,5.935574035000172,1,0.49440836906433105,4.378612999971665,29.235437999886926,2.0,4733.52734375,12.0,1370.4375
yolo11s.pt,2,horizontal_slow,179,2026-09-09,21:43:24.976,2026-09-09T21:43:24.976,5.971387208000124,1,0.5118491053581238,4.394643000068754,33.02457300014794,1.8,4733.52734375,12.0,1370.4375
yolo11s.pt,2,horizontal_slow,180,2026-09-09,21:43:25.008,2026-09-09T21:43:25.008,6.003363584999988,1,0.38341808319091797,4.349073999946995,29.104277999977057,3.8,4733.52734375,12.0,1370.4375
yolo11s.pt,2,horizontal_slow,181,2026-09-09,21:43:25.040,2026-09-09T21:43:25.040,6.035579131999839,1,0.24299626052379608,4.390802999751031,29.408768000394048,2.0,4733.52734375,12.0,1370.4375
yolo11s.pt,2,horizontal_slow,182,2026-09-09,21:43:25.076,2026-09-09T21:43:25.076,6.07136517500021,1,0.43898600339889526,4.400613000143494,32.98006400018494,3.5,4733.52734375,12.0,1370.4375
yolo11s.pt,2,horizontal_slow,183,2026-09-09,21:43:25.108,2026-09-09T21:43:25.108,6.103380592000121,1,0.3290046155452728,4.4153829999231675,29.239307999887387,2.0,4733.52734375,12.0,1370.4375
yolo11s.pt,2,horizontal_slow,184,2026-09-09,21:43:25.140,2026-09-09T21:43:25.140,6.135360650000166,1,0.3769724369049072,4.38654299978225,29.137518999959866,3.9,4733.52734375,12.0,1370.4375
yolo11s.pt,2,horizontal_slow,185,2026-09-09,21:43:25.176,2026-09-09T21:43:25.176,6.1715953009997975,1,0.5234493613243103,4.4671430000562395,33.516641999995045,3.4,4733.52734375,12.0,1370.4375
yolo11s.pt,2,horizontal_slow,186,2026-09-09,21:43:25.208,2026-09-09T21:43:25.208,6.203437729000143,1,0.49141401052474976,4.453163000107452,29.045709000001807,2.0,4733.52734375,12.0,1370.4375
yolo11s.pt,2,horizontal_slow,187,2026-09-09,21:43:25.240,2026-09-09T21:43:25.240,6.235656916000153,1,0.4266365170478821,4.373622999992222,29.33116800022617,3.8,4733.52734375,12.0,1370.4375
yolo11s.pt,2,horizontal_slow,188,2026-09-09,21:43:25.277,2026-09-09T21:43:25.277,6.271575818000201,1,0.4744267165660858,4.9121820002255845,33.7063910001234,1.7,4733.52734375,12.0,1370.4375
yolo11s.pt,2,horizontal_slow,189,2026-09-09,21:43:25.308,2026-09-09T21:43:25.308,6.3035870960002285,1,0.4496029019355774,4.5215730001473275,28.740420000303857,2.0,4733.5625,12.0,1370.4375
yolo11s.pt,2,horizontal_slow,190,2026-09-09,21:43:25.344,2026-09-09T21:43:25.344,6.339581027999884,0,0.0,4.220413999973971,32.77173500009667,1.8,4733.8046875,12.0,1370.4375
yolo11s.pt,2,horizontal_slow,191,2026-09-09,21:43:25.376,2026-09-09T21:43:25.376,6.371602856000209,1,0.581008791923523,4.380602999844996,29.487657000117906,3.8,4733.8046875,12.0,1370.4375
yolo11s.pt,2,horizontal_slow,192,2026-09-09,21:43:25.408,2026-09-09T21:43:25.408,6.403415553999821,1,0.3204353451728821,4.530432000137807,29.171798000334093,2.0,4733.8046875,12.0,1370.4375
yolo11s.pt,2,horizontal_slow,193,2026-09-09,21:43:25.444,2026-09-09T21:43:25.444,6.439419585999985,1,0.278968870639801,4.443443000127445,33.085643999584136,1.8,4733.8046875,12.0,1370.4375
yolo11s.pt,2,horizontal_slow,194,2026-09-09,21:43:25.476,2026-09-09T21:43:25.476,6.47132287400018,1,0.5060166716575623,4.42498299980798,29.085397999551788,3.8,4733.8046875,12.0,1370.4375
yolo11s.pt,2,horizontal_slow,195,2026-09-09,21:43:25.508,2026-09-09T21:43:25.508,6.503387771000234,0,0.0,4.297262999898521,29.012228000283358,3.9,4733.8046875,12.0,1370.4375
yolo11s.pt,2,horizontal_slow,196,2026-09-09,21:43:25.544,2026-09-09T21:43:25.544,6.539593812000021,1,0.21717923879623413,4.5362330001808004,33.73991099988416,1.7,4733.69921875,12.0,1370.4375
yolo11s.pt,2,horizontal_slow,197,2026-09-09,21:43:25.576,2026-09-09T21:43:25.576,6.571617690000039,1,0.2615874409675598,4.540351999821723,29.214088000117044,3.9,4733.9453125,12.0,1370.4375
yolo11s.pt,2,horizontal_slow,198,2026-09-09,21:43:25.608,2026-09-09T21:43:25.608,6.603561647999868,1,0.2166127860546112,4.498462000356085,29.096718999880977,2.0,4733.90234375,12.0,1370.4375
yolo11s.pt,2,horizontal_slow,199,2026-09-09,21:43:25.644,2026-09-09T21:43:25.644,6.639603059999899,0,0.0,4.224332999910985,32.84589400027471,1.8,4733.90234375,12.0,1370.4375
yolo11s.pt,2,horizontal_slow,200,2026-09-09,21:43:25.676,2026-09-09T21:43:25.676,6.671591747000093,0,0.0,4.261444000349002,29.224838000118325,2.0,4733.90234375,12.0,1370.4375
yolo11s.pt,2,horizontal_slow,201,2026-09-09,21:43:25.708,2026-09-09T21:43:25.708,6.70361005399991,1,0.2179758995771408,4.410414000176388,29.483286999948177,3.8,4733.90234375,11.0,1370.4375
yolo11s.pt,2,horizontal_slow,202,2026-09-09,21:43:25.744,2026-09-09T21:43:25.744,6.739389998000206,1,0.18741339445114136,4.555863000405225,33.16467299964643,1.8,4733.90234375,11.0,1370.4375
yolo11s.pt,2,horizontal_slow,203,2026-09-09,21:43:25.776,2026-09-09T21:43:25.776,6.771392395000021,1,0.2781688868999481,4.484262999994826,29.155438000088907,3.9,4733.90234375,11.0,1370.4375
yolo11s.pt,2,horizontal_slow,204,2026-09-09,21:43:25.808,2026-09-09T21:43:25.808,6.803413943000123,1,0.26006871461868286,4.407674000049155,29.11630900007367,2.0,4733.90234375,11.0,1370.4375
yolo11s.pt,2,horizontal_slow,205,2026-09-09,21:43:25.844,2026-09-09T21:43:25.844,6.839563584000189,1,0.49336498975753784,4.488863000005949,33.4155020000253,1.8,4732.8359375,11.0,1370.4375
yolo11s.pt,2,horizontal_slow,206,2026-09-09,21:43:25.876,2026-09-09T21:43:25.876,6.871566752000035,1,0.17006926238536835,4.513552999924286,29.221588000382326,5.8,4733.078125,11.0,1369.9375
yolo11s.pt,2,horizontal_slow,207,2026-09-09,21:43:25.908,2026-09-09T21:43:25.908,6.903408050000053,1,0.25874555110931396,4.441612999926292,28.943909000190615,2.0,4733.078125,11.0,1369.9375
yolo11s.pt,2,horizontal_slow,208,2026-09-09,21:43:25.944,2026-09-09T21:43:25.944,6.939583151000079,0,0.0,4.264294000222435,33.04931399998168,1.8,4733.078125,11.0,1369.9375
yolo11s.pt,2,horizontal_slow,209,2026-09-09,21:43:25.976,2026-09-09T21:43:25.976,6.971590139,1,0.25050127506256104,4.4258930001888075,29.470426999978372,2.0,4733.078125,11.0,1369.9375
yolo11s.pt,2,horizontal_slow,210,2026-09-09,21:43:26.008,2026-09-09T21:43:26.008,7.003448497000136,1,0.1515493243932724,4.446192999694176,29.045779000171024,3.9,4733.078125,11.0,1369.9375
yolo11s.pt,2,horizontal_slow,211,2026-09-09,21:43:26.044,2026-09-09T21:43:26.044,7.039591948000179,0,0.0,4.339663999871846,33.10191399987161,1.8,4733.078125,11.0,1369.9375
yolo11s.pt,2,horizontal_slow,212,2026-09-09,21:43:26.076,2026-09-09T21:43:26.076,7.071501656000237,0,0.0,4.321154000081151,29.082488999847556,3.8,4733.078125,11.0,1369.9375
yolo11s.pt,2,horizontal_slow,213,2026-09-09,21:43:26.108,2026-09-09T21:43:26.108,7.103587603000051,1,0.42235130071640015,4.517753000072844,29.589657000087755,3.8,4733.078125,11.0,1369.9375
yolo11s.pt,2,horizontal_slow,214,2026-09-09,21:43:26.144,2026-09-09T21:43:26.144,7.139561326000148,0,0.0,4.1479450001133955,32.67795500005377,1.8,4732.72265625,11.0,1369.9375
yolo11s.pt,2,horizontal_slow,215,2026-09-09,21:43:26.176,2026-09-09T21:43:26.176,7.171608763000222,0,0.0,4.209383999750571,29.271298000367096,2.0,4732.72265625,11.0,1369.9375
yolo11s.pt,2,horizontal_slow,216,2026-09-09,21:43:26.208,2026-09-09T21:43:26.208,7.20358810100015,0,0.0,4.16118400016785,29.09675899991271,3.8,4732.72265625,10.0,1369.9375
yolo11s.pt,2,horizontal_slow,217,2026-09-09,21:43:26.244,2026-09-09T21:43:26.244,7.239617313000053,0,0.0,4.167294000126276,33.20382299989433,1.8,4732.72265625,10.0,1369.9375
yolo11s.pt,2,horizontal_slow,218,2026-09-09,21:43:26.276,2026-09-09T21:43:26.276,7.2715798899998845,1,0.17571577429771423,4.369853000298463,29.46112700010417,3.8,4732.72265625,10.0,1369.9375
yolo11s.pt,2,horizontal_slow,219,2026-09-09,21:43:26.308,2026-09-09T21:43:26.308,7.303401757999836,0,0.0,4.1768639998736035,28.730349999932514,2.0,4732.96484375,10.0,1369.9375
yolo11s.pt,2,horizontal_slow,220,2026-09-09,21:43:26.344,2026-09-09T21:43:26.344,7.339584849999937,1,0.3200574815273285,4.463482999653934,33.74039099981019,3.4,4732.96484375,10.0,1369.9375
yolo11s.pt,2,horizontal_slow,221,2026-09-09,21:43:26.376,2026-09-09T21:43:26.376,7.371582936999857,0,0.0,4.26969399995869,28.858109999873705,2.0,4732.96484375,10.0,1369.9375
yolo11s.pt,2,horizontal_slow,222,2026-09-09,21:43:26.408,2026-09-09T21:43:26.408,7.403578975000073,0,0.0,4.307022999910259,29.237818000183324,2.0,4732.96484375,10.0,1369.9375
yolo11s.pt,2,horizontal_slow,223,2026-09-09,21:43:26.444,2026-09-09T21:43:26.444,7.439613457000178,1,0.18405649065971375,4.393192999941675,33.40073300023505,3.4,4732.96484375,10.0,1369.9375
yolo11s.pt,2,horizontal_slow,224,2026-09-09,21:43:26.476,2026-09-09T21:43:26.476,7.471435644999929,0,0.0,4.208013999686955,28.74067999982799,3.9,4732.96484375,10.0,1369.9375
yolo11s.pt,2,horizontal_slow,225,2026-09-09,21:43:26.508,2026-09-09T21:43:26.508,7.503664991999813,1,0.2656964063644409,4.4010139999954845,29.717616000198177,2.0,4732.96484375,10.0,1369.9375
yolo11s.pt,2,horizontal_slow,226,2026-09-09,21:43:26.544,2026-09-09T21:43:26.544,7.5393957950000186,1,0.31492167711257935,4.407153000101971,32.96967400001449,1.8,4732.5078125,10.0,1369.9375
yolo11s.pt,2,horizontal_slow,227,2026-09-09,21:43:26.576,2026-09-09T21:43:26.576,7.571759371000098,1,0.4806688725948334,4.430792999755795,29.504496999834373,3.8,4732.5078125,10.0,1369.9375
yolo11s.pt,2,horizontal_slow,228,2026-09-09,21:43:26.612,2026-09-09T21:43:26.612,7.607593503999851,1,0.41616418957710266,4.363432999980432,32.94666299962046,3.4,4732.4296875,10.0,1369.9375
yolo11s.pt,2,horizontal_slow,229,2026-09-09,21:43:26.644,2026-09-09T21:43:26.644,7.639617240999996,1,0.41900545358657837,4.370513000139908,29.26039799967839,2.0,4732.67578125,10.0,1369.9375
yolo11s.pt,2,horizontal_slow,230,2026-09-09,21:43:26.676,2026-09-09T21:43:26.676,7.671497498999997,1,0.41939130425453186,4.583431999890308,29.33285800008889,5.9,4733.3828125,10.0,1370.75
yolo11s.pt,2,horizontal_slow,231,2026-09-09,21:43:26.712,2026-09-09T21:43:26.712,7.707616611000049,1,0.38791424036026,4.452053000022715,33.098872999744344,3.5,4733.3828125,11.0,1370.75
yolo11s.pt,2,horizontal_slow,232,2026-09-09,21:43:26.744,2026-09-09T21:43:26.744,7.739719778000108,1,0.5266313552856445,4.3687029997272475,29.187389000071562,2.0,4733.3828125,11.0,1370.75
yolo11s.pt,2,horizontal_slow,233,2026-09-09,21:43:26.776,2026-09-09T21:43:26.776,7.771709645000101,1,0.3896871507167816,4.432892999830074,29.20396800027447,2.0,4733.3828125,11.0,1370.75
yolo11s.pt,2,horizontal_slow,234,2026-09-09,21:43:26.812,2026-09-09T21:43:26.812,7.807468357999824,0,0.0,4.210844000226643,32.6232649999838,1.8,4733.3828125,11.0,1370.75
yolo11s.pt,2,horizontal_slow,235,2026-09-09,21:43:26.844,2026-09-09T21:43:26.844,7.839730454999881,1,0.30392786860466003,4.40964300014457,29.737747000126546,3.8,4733.3828125,11.0,1370.75
yolo11s.pt,2,horizontal_slow,236,2026-09-09,21:43:26.876,2026-09-09T21:43:26.876,7.871605202999945,1,0.39965561032295227,4.39809299996341,29.05329899977005,2.0,4733.859375,11.0,1370.75
yolo11s.pt,2,horizontal_slow,237,2026-09-09,21:43:26.912,2026-09-09T21:43:26.912,7.9077099850001105,1,0.38130640983581543,4.305963000206248,33.25404299994261,3.4,4733.859375,11.0,1370.75
yolo11s.pt,2,horizontal_slow,238,2026-09-09,21:43:26.944,2026-09-09T21:43:26.944,7.939489483000216,1,0.5229973793029785,4.331912999987253,28.96894900004554,3.9,4733.859375,11.0,1370.75
yolo11s.pt,2,horizontal_slow,239,2026-09-09,21:43:26.976,2026-09-09T21:43:26.976,7.971624159999919,1,0.7221992015838623,4.447292999884667,29.435547000048246,2.0,4733.859375,11.0,1370.75
yolo11s.pt,2,horizontal_slow,240,2026-09-09,21:43:27.012,2026-09-09T21:43:27.012,8.00772974199981,1,0.5161374807357788,4.360523000286776,33.18750300013562,3.4,4734.1015625,11.0,1370.75
yolo11s.pt,2,horizontal_slow,241,2026-09-09,21:43:27.044,2026-09-09T21:43:27.044,8.039755919000072,1,0.5588407516479492,4.328222999902209,29.161477999878116,2.0,4734.1015625,11.0,1370.75
yolo11s.pt,2,horizontal_slow,242,2026-09-09,21:43:27.076,2026-09-09T21:43:27.076,8.071760107000046,1,0.37833887338638306,4.317292999985511,29.229909000150656,2.0,4734.1015625,11.0,1370.75
yolo11s.pt,2,horizontal_slow,243,2026-09-09,21:43:27.112,2026-09-09T21:43:27.112,8.107666168999913,1,0.3118264079093933,4.536353000275994,33.260491999953956,5.1,4734.1015625,11.0,1370.75
yolo11s.pt,2,horizontal_slow,244,2026-09-09,21:43:27.144,2026-09-09T21:43:27.144,8.139744485999927,1,0.4610949754714966,4.398433999995177,29.11709799991513,2.0,4734.1015625,11.0,1370.75
yolo11s.pt,2,horizontal_slow,245,2026-09-09,21:43:27.176,2026-09-09T21:43:27.176,8.171775824000179,1,0.7017350196838379,4.4635429999289045,29.277428000114014,2.0,4734.1015625,11.0,1370.75
yolo11s.pt,2,horizontal_slow,246,2026-09-09,21:43:27.212,2026-09-09T21:43:27.212,8.207615777000228,1,0.6138296723365784,4.400253999847337,32.97549399985655,3.4,4734.1015625,12.0,1370.75
yolo11s.pt,2,horizontal_slow,247,2026-09-09,21:43:27.244,2026-09-09T21:43:27.244,8.239784763999978,1,0.4376087486743927,4.363114000170754,29.315246999885858,2.0,4734.1015625,12.0,1370.75
yolo11s.pt,2,horizontal_slow,248,2026-09-09,21:43:27.276,2026-09-09T21:43:27.276,8.271606102000078,1,0.5300452709197998,4.359213000043383,28.960210000150255,2.0,4734.1015625,12.0,1370.75
yolo11s.pt,2,horizontal_slow,249,2026-09-09,21:43:27.312,2026-09-09T21:43:27.312,8.307646644000215,1,0.5175032615661621,4.417853000177274,33.27670299995589,1.8,4734.1015625,12.0,1370.75
yolo11s.pt,2,horizontal_slow,250,2026-09-09,21:43:27.344,2026-09-09T21:43:27.344,8.33966971100017,1,0.24152259528636932,4.379202999643894,29.177038999932847,3.8,4734.1015625,12.0,1370.75
yolo11s.pt,2,horizontal_slow,251,2026-09-09,21:43:27.376,2026-09-09T21:43:27.376,8.371697948000019,1,0.3504222333431244,4.3569740000748425,29.194117999850278,2.0,4734.1015625,12.0,1370.75
yolo11s.pt,2,horizontal_slow,252,2026-09-09,21:43:27.412,2026-09-09T21:43:27.412,8.407582630999968,1,0.31575924158096313,4.365512999811472,33.07259399980467,1.8,4734.1015625,12.0,1370.75
yolo11s.pt,2,horizontal_slow,253,2026-09-09,21:43:27.444,2026-09-09T21:43:27.444,8.439629048999905,1,0.3154311180114746,4.357874000106676,29.24195800005691,3.8,4734.1015625,12.0,1370.75
yolo11s.pt,2,horizontal_slow,254,2026-09-09,21:43:27.476,2026-09-09T21:43:27.476,8.471610365999823,1,0.42861124873161316,4.377992999707203,29.18025899998611,2.0,4734.1015625,12.0,1370.75
yolo11s.pt,2,horizontal_slow,255,2026-09-09,21:43:27.512,2026-09-09T21:43:27.512,8.507612008000251,1,0.242325559258461,4.359722999652149,33.167252999646735,1.8,4734.1015625,12.0,1370.75
yolo11s.pt,2,horizontal_slow,256,2026-09-09,21:43:27.544,2026-09-09T21:43:27.544,8.539385695999954,1,0.18352745473384857,4.349833999640396,28.9283689999138,3.9,4734.1015625,12.0,1370.75
yolo11s.pt,2,horizontal_slow,257,2026-09-09,21:43:27.576,2026-09-09T21:43:27.576,8.571697072999996,1,0.6628493666648865,4.4441630002438615,29.615915999784193,3.8,4734.375,12.0,1370.75
yolo11s.pt,2,horizontal_slow,258,2026-09-09,21:43:27.612,2026-09-09T21:43:27.612,8.607695584999874,1,0.3158004581928253,4.307512999730534,33.088962999954674,1.8,4734.375,12.0,1370.75
yolo11s.pt,2,horizontal_slow,259,2026-09-09,21:43:27.644,2026-09-09T21:43:27.644,8.639604352999868,1,0.4740222096443176,4.3738630001826095,29.129678000117565,3.8,4734.375,12.0,1370.75
yolo11s.pt,2,horizontal_slow,260,2026-09-09,21:43:27.676,2026-09-09T21:43:27.676,8.671692750000147,1,0.1584441363811493,4.401482999583095,29.30832799984273,2.0,4734.375,12.0,1370.125
yolo11s.pt,2,horizontal_slow,261,2026-09-09,21:43:27.712,2026-09-09T21:43:27.712,8.707745132000127,1,0.36100342869758606,4.34753300032753,33.17565299994385,3.5,4734.375,11.0,1370.125
yolo11s.pt,2,horizontal_slow,262,2026-09-09,21:43:27.744,2026-09-09T21:43:27.744,8.739717100000234,1,0.22174938023090363,4.374632999770256,29.19415799988201,2.0,4734.375,11.0,1370.125
yolo11s.pt,2,horizontal_slow,263,2026-09-09,21:43:27.776,2026-09-09T21:43:27.776,8.771474818000115,1,0.223344624042511,4.39180299963482,28.95209899998008,2.0,4734.375,11.0,1370.125
yolo11s.pt,2,horizontal_slow,264,2026-09-09,21:43:27.812,2026-09-09T21:43:27.812,8.807399020000048,1,0.21515920758247375,4.348364000179572,33.08484299986958,1.8,4734.375,11.0,1370.125
yolo11s.pt,2,horizontal_slow,265,2026-09-09,21:43:27.844,2026-09-09T21:43:27.844,8.839411068000118,1,0.53593510389328,4.3547730001591844,29.209798000010778,2.0,4734.546875,11.0,1370.125
yolo11s.pt,2,horizontal_slow,266,2026-09-09,21:43:27.880,2026-09-09T21:43:27.880,8.875549180000235,0,0.0,4.260583000359475,33.12322299962034,3.5,4734.546875,11.0,1370.125
yolo11s.pt,2,horizontal_slow,267,2026-09-09,21:43:27.912,2026-09-09T21:43:27.912,8.907373357999859,1,0.21968959271907806,4.471642999760661,29.350998000154505,5.9,4734.546875,11.0,1370.125
yolo11s.pt,2,horizontal_slow,268,2026-09-09,21:43:27.944,2026-09-09T21:43:27.944,8.939483685000141,0,0.0,4.2782329996953194,28.993948999868735,2.0,4734.78125,11.0,1370.125
yolo11s.pt,2,horizontal_slow,269,2026-09-09,21:43:27.980,2026-09-09T21:43:27.980,8.975623685999835,1,0.30362188816070557,4.412422999848786,33.558311000433605,3.4,4735.50390625,11.0,1370.125
yolo11s.pt,2,horizontal_slow,270,2026-09-09,21:43:28.012,2026-09-09T21:43:28.012,9.007627393999883,1,0.3377901315689087,4.373862999727862,29.15788899963445,2.0,4735.50390625,11.0,1370.125
yolo11s.pt,2,horizontal_slow,271,2026-09-09,21:43:28.044,2026-09-09T21:43:28.044,9.039448171999993,1,0.2533584237098694,4.4075229998270515,29.063919000236638,2.0,4735.50390625,11.0,1370.125
yolo11s.pt,2,horizontal_slow,272,2026-09-09,21:43:28.080,2026-09-09T21:43:28.080,9.075379785000223,1,0.2763505280017853,4.40711300007024,33.113573000264296,3.4,4735.50390625,11.0,1370.125
yolo11s.pt,2,horizontal_slow,273,2026-09-09,21:43:28.112,2026-09-09T21:43:28.112,9.107623711000087,1,0.2891993522644043,4.393582999909995,29.39292800010662,2.0,4735.50390625,11.0,1370.125
yolo11s.pt,2,horizontal_slow,274,2026-09-09,21:43:28.144,2026-09-09T21:43:28.144,9.139367730000231,1,0.3564026951789856,4.398953999952937,28.91512899986992,3.9,4735.50390625,11.0,1370.125
yolo11s.pt,2,horizontal_slow,275,2026-09-09,21:43:28.180,2026-09-09T21:43:28.180,9.175415992000126,1,0.24485500156879425,4.604761999871698,33.53423099997599,3.5,4734.79296875,11.0,1370.5625
yolo11s.pt,2,horizontal_slow,276,2026-09-09,21:43:28.212,2026-09-09T21:43:28.212,9.207368229000167,1,0.2513647675514221,4.44023299996843,28.9138789999015,3.9,4734.41796875,11.0,1370.5625
yolo11s.pt,2,horizontal_slow,277,2026-09-09,21:43:28.244,2026-09-09T21:43:28.244,9.239598535999903,1,0.15421374142169952,4.385662999993656,29.200787999798195,3.8,4734.41796875,11.0,1370.5625
yolo11s.pt,2,horizontal_slow,278,2026-09-09,21:43:28.280,2026-09-09T21:43:28.280,9.275554847999956,1,0.1758592128753662,4.384463000405958,33.12851300006514,1.8,4734.41796875,11.0,1370.5625
yolo11s.pt,2,horizontal_slow,279,2026-09-09,21:43:28.312,2026-09-09T21:43:28.312,9.307618616000127,1,0.47168901562690735,4.349203999936435,29.231697999875905,3.9,4734.41796875,11.0,1370.5625
yolo11s.pt,2,horizontal_slow,280,2026-09-09,21:43:28.344,2026-09-09T21:43:28.344,9.33958725299999,1,0.23834063112735748,4.359592999662709,29.144578999876103,2.0,4734.41796875,11.0,1370.5625
yolo11s.pt,2,horizontal_slow,281,2026-09-09,21:43:28.380,2026-09-09T21:43:28.380,9.375688695000008,1,0.3404562771320343,4.4374029998834885,33.38862199962023,1.8,4734.41796875,11.0,1370.5625
yolo11s.pt,2,horizontal_slow,282,2026-09-09,21:43:28.412,2026-09-09T21:43:28.412,9.407471883000198,1,0.2570200562477112,4.43984300000011,28.977598999972543,3.8,4734.41796875,11.0,1370.5625
yolo11s.pt,2,horizontal_slow,283,2026-09-09,21:43:28.444,2026-09-09T21:43:28.444,9.439627119999841,1,0.549950361251831,4.45617300010781,29.37678699981916,3.9,4734.41796875,11.0,1370.5625
yolo11s.pt,2,horizontal_slow,284,2026-09-09,21:43:28.480,2026-09-09T21:43:28.480,9.475432213000204,1,0.4940450191497803,4.435672999989038,32.99654300008115,3.5,4734.41796875,11.0,1370.5625
yolo11s.pt,2,horizontal_slow,285,2026-09-09,21:43:28.512,2026-09-09T21:43:28.512,9.507613990000209,1,0.3368949592113495,4.352532999746472,29.264638000313425,3.8,4734.41796875,11.0,1370.5625
yolo11s.pt,2,horizontal_slow,286,2026-09-09,21:43:28.544,2026-09-09T21:43:28.544,9.53960067700018,1,0.5280730724334717,4.382353999972111,29.260938000334136,2.0,4734.41796875,11.0,1370.5625
yolo11s.pt,2,horizontal_slow,287,2026-09-09,21:43:28.580,2026-09-09T21:43:28.580,9.57536872999981,1,0.38374707102775574,4.358734000106779,32.921473999977025,1.8,4734.41796875,11.0,1370.5625
yolo11s.pt,2,horizontal_slow,288,2026-09-09,21:43:28.612,2026-09-09T21:43:28.612,9.607394998000018,1,0.3380015790462494,4.367752999769436,29.22647799960032,2.0,4734.41796875,11.0,1370.5625
yolo11s.pt,2,horizontal_slow,289,2026-09-09,21:43:28.644,2026-09-09T21:43:28.644,9.639414235000004,1,0.331340491771698,4.361723000329221,29.212687999915943,2.0,4734.41796875,11.0,1370.5625
yolo11s.pt,2,horizontal_slow,290,2026-09-09,21:43:28.680,2026-09-09T21:43:28.680,9.675410287999966,1,0.6164836287498474,4.415303000314452,33.25338300010117,3.4,4734.703125,11.0,1370.5625
yolo11s.pt,2,horizontal_slow,291,2026-09-09,21:43:28.712,2026-09-09T21:43:28.712,9.70762426400006,1,0.3952818810939789,4.35141299976749,29.362528000092425,2.0,4734.703125,10.0,1370.5625
yolo11s.pt,2,horizontal_slow,292,2026-09-09,21:43:28.744,2026-09-09T21:43:28.744,9.739390513000217,1,0.4141019880771637,4.435404000105336,29.041189000054146,2.0,4734.703125,10.0,1370.5625
yolo11s.pt,2,horizontal_slow,293,2026-09-09,21:43:28.780,2026-09-09T21:43:28.780,9.77564673400002,1,0.7119655013084412,4.33352299978651,33.35005300004923,5.0,4734.703125,10.0,1370.5625
yolo11s.pt,2,horizontal_slow,294,2026-09-09,21:43:28.812,2026-09-09T21:43:28.812,9.807403771999816,1,0.7431135773658752,4.380443000172818,28.98079900023731,2.0,4734.703125,10.0,1370.5625
yolo11s.pt,2,horizontal_slow,295,2026-09-09,21:43:28.844,2026-09-09T21:43:28.844,9.839459059000092,1,0.45940035581588745,4.376484000204073,29.248847999951977,2.0,4734.703125,10.0,1370.5625
yolo11s.pt,2,horizontal_slow,296,2026-09-09,21:43:28.880,2026-09-09T21:43:28.880,9.875560881000183,1,0.564723789691925,4.379463000077521,33.30796299997019,3.5,4734.703125,10.0,1370.5625
yolo11s.pt,2,horizontal_slow,297,2026-09-09,21:43:28.912,2026-09-09T21:43:28.912,9.907444619000216,1,0.6254517436027527,4.378082999664912,29.08407899985832,2.0,4734.703125,10.0,1370.5625
yolo11s.pt,2,horizontal_slow,298,2026-09-09,21:43:28.944,2026-09-09T21:43:28.944,9.93961104600021,1,0.5590481758117676,4.393673000322451,29.383837999830575,2.0,4734.703125,10.0,1370.5625
yolo11s.pt,2,horizontal_slow,299,2026-09-09,21:43:28.980,2026-09-09T21:43:28.980,9.975401878999946,1,0.40434619784355164,4.343673000221315,32.955113999832975,3.5,4734.703125,10.0,1370.5625
yolo11s.pt,2,horizontal_slow,300,2026-09-09,21:43:29.012,2026-09-09T21:43:29.012,10.007415476000006,1,0.5800558924674988,4.417712999838841,29.29091799978778,2.0,4734.703125,10.0,1370.5625
yolo11s.pt,3,horizontal_fast,1,2026-09-09,21:43:33.618,2026-09-09T21:43:33.618,0.0325005049999163,1,0.18216650187969208,5.47544899973218,38.58667200029231,2.2,4716.64453125,3.0,1371.9375
yolo11s.pt,3,horizontal_fast,2,2026-09-09,21:43:33.653,2026-09-09T21:43:33.653,0.06901361599966549,1,0.20977811515331268,4.353003000233002,32.479665000209934,3.6,4724.0546875,3.0,1371.9375
yolo11s.pt,3,horizontal_fast,3,2026-09-09,21:43:33.686,2026-09-09T21:43:33.686,0.09990456800005632,1,0.4341239333152771,4.71616200002245,29.74475600012738,3.8,4710.73828125,8.0,1371.125
yolo11s.pt,3,horizontal_fast,4,2026-09-09,21:43:33.717,2026-09-09T21:43:33.717,0.13245837299973573,1,0.24054017663002014,4.291792999993049,28.016143000058946,2.0,4714.765625,8.0,1371.125
yolo11s.pt,3,horizontal_fast,5,2026-09-09,21:43:33.753,2026-09-09T21:43:33.753,0.1686431640000592,1,0.3645305335521698,4.391023999687604,33.400692000213894,3.4,4714.765625,8.0,1371.125
yolo11s.pt,3,horizontal_fast,6,2026-09-09,21:43:33.784,2026-09-09T21:43:33.784,0.19988026500004707,1,0.6259060502052307,4.37981300001411,28.438962000109314,2.0,4714.765625,8.0,1371.125
yolo11s.pt,3,horizontal_fast,7,2026-09-09,21:43:33.816,2026-09-09T21:43:33.816,0.23189540199973635,1,0.4508891999721527,4.345992999787995,29.241967999951157,3.9,4714.765625,8.0,1371.125
yolo11s.pt,3,horizontal_fast,8,2026-09-09,21:43:33.852,2026-09-09T21:43:33.852,0.26784569399978864,1,0.46428999304771423,4.535623000265332,33.361682999839104,1.8,4714.765625,8.0,1371.125
yolo11s.pt,3,horizontal_fast,9,2026-09-09,21:43:33.884,2026-09-09T21:43:33.884,0.29993187199988824,1,0.5276642441749573,4.530801999862888,29.27903800036802,3.8,4714.765625,8.0,1371.125
yolo11s.pt,3,horizontal_fast,10,2026-09-09,21:43:33.916,2026-09-09T21:43:33.916,0.33186399899977914,1,0.4529745280742645,4.355443999884301,28.98445900018487,2.0,4714.765625,8.0,1371.125
yolo11s.pt,3,horizontal_fast,11,2026-09-09,21:43:33.952,2026-09-09T21:43:33.952,0.36781945199982147,1,0.2954915165901184,4.382283000268217,33.20122400009495,1.8,4714.765625,8.0,1371.125
yolo11s.pt,3,horizontal_fast,12,2026-09-09,21:43:33.984,2026-09-09T21:43:33.984,0.3998677089998637,1,0.34429681301116943,4.366572999970231,29.272448000028817,5.8,4715.0078125,8.0,1371.125
yolo11s.pt,3,horizontal_fast,13,2026-09-09,21:43:34.016,2026-09-09T21:43:34.016,0.4318186769996828,1,0.47922876477241516,4.3262230001346325,29.195737999998528,2.0,4715.0078125,8.0,1371.125
yolo11s.pt,3,horizontal_fast,14,2026-09-09,21:43:34.052,2026-09-09T21:43:34.052,0.46784977900006197,1,0.46105849742889404,4.364132999853609,33.300243000212504,3.4,4715.0078125,8.0,1371.125
yolo11s.pt,3,horizontal_fast,15,2026-09-09,21:43:34.084,2026-09-09T21:43:34.084,0.4996124669996789,1,0.5001349449157715,4.255383999861806,28.933678999692347,2.0,4715.0078125,8.0,1371.125
yolo11s.pt,3,horizontal_fast,16,2026-09-09,21:43:34.116,2026-09-09T21:43:34.116,0.531731703999867,1,0.271699458360672,4.405662999943161,29.42852700016374,2.0,4715.0078125,8.0,1371.125
yolo11s.pt,3,horizontal_fast,17,2026-09-09,21:43:34.152,2026-09-09T21:43:34.152,0.5678753859997414,1,0.5700686573982239,4.369942999801424,33.309543000086705,1.8,4715.0078125,8.0,1371.125
yolo11s.pt,3,horizontal_fast,18,2026-09-09,21:43:34.184,2026-09-09T21:43:34.184,0.599903323000035,1,0.6514209508895874,4.375513000013598,29.258497999762767,3.8,4715.0078125,11.0,1371.125
yolo11s.pt,3,horizontal_fast,19,2026-09-09,21:43:34.216,2026-09-09T21:43:34.216,0.6317002409996348,1,0.5755831003189087,4.476433000036195,29.093028999795933,2.0,4715.0078125,11.0,1371.125
yolo11s.pt,3,horizontal_fast,20,2026-09-09,21:43:34.252,2026-09-09T21:43:34.252,0.667886642999747,1,0.7221657037734985,4.362693000075524,33.28733300031672,3.4,4715.0078125,11.0,1371.125
yolo11s.pt,3,horizontal_fast,21,2026-09-09,21:43:34.284,2026-09-09T21:43:34.284,0.6998717609999403,1,0.5097824931144714,4.349154000010458,29.211688000032154,2.0,4715.0078125,11.0,1371.125
yolo11s.pt,3,horizontal_fast,22,2026-09-09,21:43:34.320,2026-09-09T21:43:34.320,0.7357700729999124,1,0.5678994059562683,4.401443000006111,33.14206300001388,5.1,4715.0078125,11.0,1371.125
yolo11s.pt,3,horizontal_fast,23,2026-09-09,21:43:34.352,2026-09-09T21:43:34.352,0.7675234819998877,1,0.24430349469184875,4.3365729998186,28.93519000008382,2.0,4715.0078125,11.0,1371.125
yolo11s.pt,3,horizontal_fast,24,2026-09-09,21:43:34.384,2026-09-09T21:43:34.384,0.7997862979996171,1,0.36572277545928955,4.389373000321939,29.543286999796692,2.0,4715.0078125,11.0,1371.125
yolo11s.pt,3,horizontal_fast,25,2026-09-09,21:43:34.420,2026-09-09T21:43:34.420,0.8358564599998317,1,0.49374186992645264,4.404422999868984,33.30693299994891,3.4,4715.0078125,11.0,1371.125
yolo11s.pt,3,horizontal_fast,26,2026-09-09,21:43:34.452,2026-09-09T21:43:34.452,0.8678836569997657,1,0.6065988540649414,4.481512999973347,29.339398000047368,2.0,4715.0078125,11.0,1371.125
yolo11s.pt,3,horizontal_fast,27,2026-09-09,21:43:34.484,2026-09-09T21:43:34.484,0.899840144999871,1,0.3947852551937103,4.499922999912087,29.170487999635952,3.9,4715.0078125,11.0,1371.125
yolo11s.pt,3,horizontal_fast,28,2026-09-09,21:43:34.520,2026-09-09T21:43:34.520,0.9358308269997906,0,0.0,4.23709400001826,32.81062499991094,1.8,4715.0078125,11.0,1371.125
yolo11s.pt,3,horizontal_fast,29,2026-09-09,21:43:34.552,2026-09-09T21:43:34.552,0.9678962240000146,1,0.45122265815734863,4.364823999821965,29.490046999853803,2.0,4715.01171875,11.0,1371.125
yolo11s.pt,3,horizontal_fast,30,2026-09-09,21:43:34.584,2026-09-09T21:43:34.584,0.9996737530000246,1,0.4176699221134186,4.425163000178145,29.010238999944704,5.8,4714.765625,11.0,1371.125
yolo11s.pt,3,horizontal_fast,31,2026-09-09,21:43:34.620,2026-09-09T21:43:34.620,1.0358866940000553,1,0.2723228633403778,4.399923000164563,33.38194200023281,1.8,4714.765625,11.0,1371.125
yolo11s.pt,3,horizontal_fast,32,2026-09-09,21:43:34.652,2026-09-09T21:43:34.652,1.0676418719999674,1,0.24147559702396393,4.3919639997511695,29.01114900032553,2.0,4714.765625,11.0,1371.125
yolo11s.pt,3,horizontal_fast,33,2026-09-09,21:43:34.684,2026-09-09T21:43:34.684,1.099905058999866,1,0.5062963366508484,4.317073000038363,29.439726999953564,3.9,4714.765625,12.0,1371.125
yolo11s.pt,3,horizontal_fast,34,2026-09-09,21:43:34.720,2026-09-09T21:43:34.720,1.135702721999678,1,0.5662272572517395,4.406352999922092,33.09979400000884,1.8,4714.765625,12.0,1371.125
yolo11s.pt,3,horizontal_fast,35,2026-09-09,21:43:34.752,2026-09-09T21:43:34.752,1.1679019589996642,1,0.3163641095161438,4.365793000033591,29.385757000000012,3.8,4714.765625,12.0,1371.125
yolo11s.pt,3,horizontal_fast,36,2026-09-09,21:43:34.784,2026-09-09T21:43:34.784,1.1998769960000573,1,0.5920266509056091,4.390433000025951,29.251817999920604,2.0,4714.765625,12.0,1371.125
yolo11s.pt,3,horizontal_fast,37,2026-09-09,21:43:34.820,2026-09-09T21:43:34.820,1.23589624799979,1,0.16585761308670044,4.442322999693715,33.31813200020406,3.5,4714.765625,12.0,1371.125
yolo11s.pt,3,horizontal_fast,38,2026-09-09,21:43:34.852,2026-09-09T21:43:34.852,1.2678807459997188,1,0.292031854391098,4.371092999917892,29.13530899968464,2.0,4714.765625,12.0,1371.125
yolo11s.pt,3,horizontal_fast,39,2026-09-09,21:43:34.884,2026-09-09T21:43:34.884,1.2998876530000416,1,0.16098439693450928,4.338683999776549,29.223688000001857,3.9,4715.0078125,12.0,1371.125
yolo11s.pt,3,horizontal_fast,40,2026-09-09,21:43:34.920,2026-09-09T21:43:34.920,1.3358154059997105,1,0.33614885807037354,4.424632999871392,33.222771999589895,3.4,4715.0078125,12.0,1371.125
yolo11s.pt,3,horizontal_fast,41,2026-09-09,21:43:34.952,2026-09-09T21:43:34.952,1.3678589829996781,1,0.27555006742477417,4.388202999962232,29.249578000417387,2.0,4715.0078125,12.0,1371.125
yolo11s.pt,3,horizontal_fast,42,2026-09-09,21:43:34.984,2026-09-09T21:43:34.984,1.3995941419998417,1,0.43166348338127136,4.453553000075772,29.02553900003113,3.9,4715.0078125,12.0,1371.125
yolo11s.pt,3,horizontal_fast,43,2026-09-09,21:43:35.020,2026-09-09T21:43:35.020,1.4358082629996716,1,0.7253521680831909,4.400603000249248,33.39852299995982,3.4,4715.0078125,12.0,1371.125
yolo11s.pt,3,horizontal_fast,44,2026-09-09,21:43:35.052,2026-09-09T21:43:35.052,1.467769099999714,1,0.21602767705917358,4.368634000002203,29.111027999988437,2.0,4715.0078125,12.0,1371.125
yolo11s.pt,3,horizontal_fast,45,2026-09-09,21:43:35.084,2026-09-09T21:43:35.084,1.499868767999942,1,0.4051774740219116,4.366472999663529,29.342646999793942,3.8,4715.0,12.0,1371.125
yolo11s.pt,3,horizontal_fast,46,2026-09-09,21:43:35.120,2026-09-09T21:43:35.120,1.535791320000044,0,0.0,4.174803999831056,32.83556399992449,1.8,4715.0,12.0,1371.125
yolo11s.pt,3,horizontal_fast,47,2026-09-09,21:43:35.152,2026-09-09T21:43:35.152,1.5677390579999155,1,0.3142808675765991,4.372353000235307,29.489756999737438,1.9,4715.0,12.0,1371.125
yolo11s.pt,3,horizontal_fast,48,2026-09-09,21:43:35.184,2026-09-09T21:43:35.184,1.599639095999919,0,0.0,4.228223999689362,28.846210000210704,2.0,4715.0,11.0,1371.125
yolo11s.pt,3,horizontal_fast,49,2026-09-09,21:43:35.220,2026-09-09T21:43:35.220,1.6358866870000384,1,0.34306055307388306,4.398193000270112,33.76570099999299,3.4,4715.0,11.0,1371.125
yolo11s.pt,3,horizontal_fast,50,2026-09-09,21:43:35.252,2026-09-09T21:43:35.252,1.6678930039997795,1,0.5027555823326111,4.375334000087605,29.24704799988831,2.0,4715.0,11.0,1371.125
yolo11s.pt,3,horizontal_fast,51,2026-09-09,21:43:35.284,2026-09-09T21:43:35.284,1.6999042719999125,1,0.37380215525627136,4.359063000265451,29.252377999910095,2.0,4715.0,11.0,1371.125
yolo11s.pt,3,horizontal_fast,52,2026-09-09,21:43:35.320,2026-09-09T21:43:35.320,1.7358012039999267,1,0.3236570358276367,4.411092999816901,33.19260300031601,3.4,4715.0,11.0,1371.125
yolo11s.pt,3,horizontal_fast,53,2026-09-09,21:43:35.352,2026-09-09T21:43:35.352,1.7678491619999477,1,0.4219962954521179,4.377842999929271,29.27363799972227,2.0,4715.0,11.0,1371.125
yolo11s.pt,3,horizontal_fast,54,2026-09-09,21:43:35.384,2026-09-09T21:43:35.384,1.7999109989996214,1,0.4257204234600067,4.379853000045841,29.264398000123037,5.7,4715.0,11.0,1371.125
yolo11s.pt,3,horizontal_fast,55,2026-09-09,21:43:35.420,2026-09-09T21:43:35.420,1.8358143010000276,1,0.7435913681983948,4.538502999821503,33.25279299997419,1.8,4715.0,11.0,1371.125
yolo11s.pt,3,horizontal_fast,56,2026-09-09,21:43:35.452,2026-09-09T21:43:35.452,1.867751288999898,1,0.6833363175392151,4.3832229998770345,28.976138999951218,3.8,4715.0,11.0,1371.125
yolo11s.pt,3,horizontal_fast,57,2026-09-09,21:43:35.484,2026-09-09T21:43:35.484,1.899834626000029,1,0.337763249874115,4.359482999916509,29.29188799998883,2.0,4715.0,11.0,1371.125
yolo11s.pt,3,horizontal_fast,58,2026-09-09,21:43:35.520,2026-09-09T21:43:35.520,1.9359146179999698,1,0.8135755062103271,4.379533000246738,33.330852999824856,3.4,4715.0,11.0,1371.125
yolo11s.pt,3,horizontal_fast,59,2026-09-09,21:43:35.552,2026-09-09T21:43:35.552,1.9678775859997586,1,0.8667473793029785,4.3598530000963365,29.152067999802966,2.0,4715.0,11.0,1371.125
yolo11s.pt,3,horizontal_fast,60,2026-09-09,21:43:35.584,2026-09-09T21:43:35.584,1.9998993029998928,1,0.7785723805427551,4.367893999642547,29.25238799980434,2.0,4714.796875,11.0,1371.125
yolo11s.pt,3,horizontal_fast,61,2026-09-09,21:43:35.620,2026-09-09T21:43:35.620,2.0355205870000646,1,0.30447813868522644,4.368612999769539,32.869395000034274,3.5,4714.55078125,11.0,1371.125
yolo11s.pt,3,horizontal_fast,62,2026-09-09,21:43:35.652,2026-09-09T21:43:35.652,2.0678833629999644,1,0.3974591791629791,4.418782999891846,29.62745700006053,2.0,4714.55078125,11.0,1371.125
yolo11s.pt,3,horizontal_fast,63,2026-09-09,21:43:35.688,2026-09-09T21:43:35.688,2.103657935999763,1,0.6008244156837463,4.38007299999299,33.01943399992524,1.8,4714.55078125,12.0,1371.125
yolo11s.pt,3,horizontal_fast,64,2026-09-09,21:43:35.720,2026-09-09T21:43:35.720,2.135840812999959,1,0.3904806077480316,4.472173000067414,29.502647000299476,3.8,4714.55078125,12.0,1371.125
yolo11s.pt,3,horizontal_fast,65,2026-09-09,21:43:35.752,2026-09-09T21:43:35.752,2.1678940499996315,1,0.33212780952453613,4.343603000052099,29.18121799984874,2.0,4714.55078125,12.0,1371.125
yolo11s.pt,3,horizontal_fast,66,2026-09-09,21:43:35.788,2026-09-09T21:43:35.788,2.2037041629996565,1,0.291622519493103,4.3546729998524825,33.039064000149665,3.4,4714.55078125,12.0,1371.125
yolo11s.pt,3,horizontal_fast,67,2026-09-09,21:43:35.820,2026-09-09T21:43:35.820,2.2356932210000195,0,0.0,4.211083999962284,28.97494899980302,3.9,4714.55078125,12.0,1371.125
yolo11s.pt,3,horizontal_fast,68,2026-09-09,21:43:35.852,2026-09-09T21:43:35.852,2.267752488000042,1,0.17259036004543304,4.382432999591401,29.552426999998715,2.0,4714.55078125,12.0,1371.125
yolo11s.pt,3,horizontal_fast,69,2026-09-09,21:43:35.888,2026-09-09T21:43:35.888,2.3037105899998096,0,0.0,4.173013999661634,32.8676640001504,1.8,4714.30078125,12.0,1371.125
yolo11s.pt,3,horizontal_fast,70,2026-09-09,21:43:35.920,2026-09-09T21:43:35.920,2.3356744879997677,1,0.3744535446166992,4.380732999834436,29.47525699983089,3.8,4714.30078125,12.0,1371.125
yolo11s.pt,3,horizontal_fast,71,2026-09-09,21:43:35.952,2026-09-09T21:43:35.952,2.367491856000015,1,0.472750723361969,4.255023000041547,28.94175900019036,2.0,4714.30078125,12.0,1371.125
yolo11s.pt,3,horizontal_fast,72,2026-09-09,21:43:35.988,2026-09-09T21:43:35.988,2.403673876999619,1,0.40622255206108093,4.37131299986504,33.45881199993528,1.7,4714.30078125,12.0,1371.125
yolo11s.pt,3,horizontal_fast,73,2026-09-09,21:43:36.020,2026-09-09T21:43:36.020,2.4356642249999823,1,0.5194700956344604,4.3452229997456016,29.209128999809764,2.0,4714.30078125,12.0,1371.125
yolo11s.pt,3,horizontal_fast,74,2026-09-09,21:43:36.052,2026-09-09T21:43:36.052,2.467673531999935,1,0.5190556645393372,4.379703999802587,29.254518000016105,5.8,4714.30078125,12.0,1371.125
yolo11s.pt,3,horizontal_fast,75,2026-09-09,21:43:36.088,2026-09-09T21:43:36.088,2.5035621649999484,1,0.7702827453613281,4.352053000275191,33.06776399995215,1.8,4714.30078125,12.0,1371.125
yolo11s.pt,3,horizontal_fast,76,2026-09-09,21:43:36.120,2026-09-09T21:43:36.120,2.5356696320000083,1,0.711493730545044,4.344833000232029,29.301808000127494,3.8,4714.30078125,12.0,1371.125
yolo11s.pt,3,horizontal_fast,77,2026-09-09,21:43:36.152,2026-09-09T21:43:36.152,2.567628699999659,0,0.0,4.1730039997673884,28.901419999783684,2.0,4714.30078125,12.0,1371.125
yolo11s.pt,3,horizontal_fast,78,2026-09-09,21:43:36.188,2026-09-09T21:43:36.188,2.6035546919997614,1,0.6576500535011292,4.341672999998991,33.39947199992821,1.8,4714.30078125,12.0,1371.125
yolo11s.pt,3,horizontal_fast,79,2026-09-09,21:43:36.220,2026-09-09T21:43:36.220,2.6356413889998294,1,0.5826724171638489,4.379692999918916,29.358587999922747,3.8,4714.546875,12.0,1371.125
yolo11s.pt,3,horizontal_fast,80,2026-09-09,21:43:36.252,2026-09-09T21:43:36.252,2.6676720569998906,1,0.5806504487991333,4.385753000406112,29.254377999677672,2.0,4714.546875,12.0,1371.125
yolo11s.pt,3,horizontal_fast,81,2026-09-09,21:43:36.288,2026-09-09T21:43:36.288,2.703721908999796,1,0.29513368010520935,4.337663000114844,33.22193199983303,3.5,4714.546875,12.0,1371.125
yolo11s.pt,3,horizontal_fast,82,2026-09-09,21:43:36.320,2026-09-09T21:43:36.320,2.7356651959999,1,0.3689093291759491,4.36688400031926,29.178178000165644,2.0,4714.54296875,12.0,1371.125
yolo11s.pt,3,horizontal_fast,83,2026-09-09,21:43:36.352,2026-09-09T21:43:36.352,2.767691413999728,1,0.2324185073375702,4.354083000180253,29.242958000395447,3.8,4714.54296875,12.0,1371.125
yolo11s.pt,3,horizontal_fast,84,2026-09-09,21:43:36.388,2026-09-09T21:43:36.388,2.8036066959998607,1,0.5706720352172852,4.344413999660901,33.108803000232,3.5,4714.54296875,12.0,1371.125
yolo11s.pt,3,horizontal_fast,85,2026-09-09,21:43:36.420,2026-09-09T21:43:36.420,2.835645203999775,1,0.3259294331073761,4.379713000162155,29.308237999885023,2.0,4714.54296875,12.0,1371.125
yolo11s.pt,3,horizontal_fast,86,2026-09-09,21:43:36.452,2026-09-09T21:43:36.452,2.867694510999627,1,0.5254812836647034,4.360043000360747,29.242067999803112,2.0,4714.54296875,12.0,1371.125
yolo11s.pt,3,horizontal_fast,87,2026-09-09,21:43:36.488,2026-09-09T21:43:36.488,2.903650302999722,1,0.4266801178455353,4.363133999959246,33.189053000114654,3.5,4714.54296875,12.0,1371.125
yolo11s.pt,3,horizontal_fast,88,2026-09-09,21:43:36.520,2026-09-09T21:43:36.520,2.9356591910000134,1,0.25647008419036865,4.447394000180793,29.374188000019785,3.8,4714.54296875,12.0,1371.125
yolo11s.pt,3,horizontal_fast,89,2026-09-09,21:43:36.552,2026-09-09T21:43:36.552,2.96762366799976,1,0.7866811156272888,4.337483000199427,29.009918999690854,2.0,4714.54296875,12.0,1371.125
yolo11s.pt,3,horizontal_fast,90,2026-09-09,21:43:36.588,2026-09-09T21:43:36.588,3.00351523099971,1,0.4665602743625641,4.279152999970393,33.044324000002234,3.4,4714.95703125,12.0,1371.125
yolo11s.pt,3,horizontal_fast,91,2026-09-09,21:43:36.620,2026-09-09T21:43:36.620,3.035711997999897,1,0.6153540015220642,4.3777330001830705,29.469967000295583,2.0,4714.95703125,12.0,1371.125
yolo11s.pt,3,horizontal_fast,92,2026-09-09,21:43:36.652,2026-09-09T21:43:36.652,3.0676987849997204,1,0.5831096768379211,4.405332999795064,29.225467999822285,3.8,4714.95703125,12.0,1371.125
yolo11s.pt,3,horizontal_fast,93,2026-09-09,21:43:36.688,2026-09-09T21:43:36.688,3.1036465669999416,1,0.5026773810386658,4.322163999859185,33.09781300004033,3.4,4714.95703125,12.0,1371.125
yolo11s.pt,3,horizontal_fast,94,2026-09-09,21:43:36.720,2026-09-09T21:43:36.720,3.135640394999882,1,0.5247169733047485,4.360583000106999,29.261048000080336,2.0,4714.95703125,12.0,1371.125
yolo11s.pt,3,horizontal_fast,95,2026-09-09,21:43:36.752,2026-09-09T21:43:36.752,3.167708391999895,1,0.6194208860397339,4.392982999888773,29.35234799997488,3.8,4714.95703125,12.0,1371.125
yolo11s.pt,3,horizontal_fast,96,2026-09-09,21:43:36.788,2026-09-09T21:43:36.788,3.2036650539998845,1,0.28266701102256775,4.370524000023579,33.15155300015249,1.8,4714.95703125,12.0,1371.125
yolo11s.pt,3,horizontal_fast,97,2026-09-09,21:43:36.820,2026-09-09T21:43:36.820,3.2356176220000634,1,0.3704070746898651,4.390422999676957,29.203198000232078,3.9,4714.95703125,12.0,1371.125
yolo11s.pt,3,horizontal_fast,98,2026-09-09,21:43:36.852,2026-09-09T21:43:36.852,3.2676747000000432,1,0.6519092321395874,4.386264000004303,29.272018000028766,3.8,4714.95703125,12.0,1371.125
yolo11s.pt,3,horizontal_fast,99,2026-09-09,21:43:36.888,2026-09-09T21:43:36.888,3.3036987020000197,1,0.2361496239900589,4.360472999906051,33.20299300003171,3.5,4715.43359375,12.0,1371.125
yolo11s.pt,3,horizontal_fast,100,2026-09-09,21:43:36.920,2026-09-09T21:43:36.920,3.3356774889998633,1,0.5955199003219604,4.36521299980086,29.19960799999899,3.8,4715.1875,12.0,1371.125
yolo11s.pt,3,horizontal_fast,101,2026-09-09,21:43:36.956,2026-09-09T21:43:36.956,3.371577571999751,1,0.535711407661438,4.35478300005343,33.12030400002186,1.8,4715.1875,12.0,1371.125
yolo11s.pt,3,horizontal_fast,102,2026-09-09,21:43:36.988,2026-09-09T21:43:36.988,3.403703119000056,1,0.3456382751464844,4.486961999646155,29.465446999893175,2.0,4715.1875,12.0,1371.125
yolo11s.pt,3,horizontal_fast,103,2026-09-09,21:43:37.020,2026-09-09T21:43:37.020,3.4356700859998455,1,0.4230480492115021,4.427762999966944,29.14012900009766,3.8,4715.1875,12.0,1371.125
yolo11s.pt,3,horizontal_fast,104,2026-09-09,21:43:37.056,2026-09-09T21:43:37.056,3.471615568999823,1,0.23681342601776123,4.370563000065886,33.11404299984133,3.4,4715.1875,12.0,1371.125
yolo11s.pt,3,horizontal_fast,105,2026-09-09,21:43:37.088,2026-09-09T21:43:37.088,3.503671825999845,1,0.4296829402446747,4.356853000444971,29.277948000071774,2.0,4715.1875,12.0,1371.125
yolo11s.pt,3,horizontal_fast,106,2026-09-09,21:43:37.120,2026-09-09T21:43:37.120,3.5356103639996945,1,0.37844112515449524,4.378523000013956,29.17076799985807,3.8,4715.1875,12.0,1371.125
yolo11s.pt,3,horizontal_fast,107,2026-09-09,21:43:37.156,2026-09-09T21:43:37.156,3.5717253549996713,1,0.36986637115478516,4.408363000038662,33.374102000379935,3.4,4715.1875,12.0,1371.125
yolo11s.pt,3,horizontal_fast,108,2026-09-09,21:43:37.188,2026-09-09T21:43:37.188,3.603551922999941,1,0.6419657468795776,4.382294000151887,29.00892899970131,2.0,4715.1875,12.0,1367.375
yolo11s.pt,3,horizontal_fast,109,2026-09-09,21:43:37.220,2026-09-09T21:43:37.220,3.6356789409996964,1,0.3902398347854614,4.392393000216543,29.36812700045266,5.7,4715.1875,12.0,1367.375
yolo11s.pt,3,horizontal_fast,110,2026-09-09,21:43:37.256,2026-09-09T21:43:37.256,3.67169190300001,1,0.553026556968689,4.387182999835204,33.21515300012834,1.8,4715.1875,12.0,1367.375
yolo11s.pt,3,horizontal_fast,111,2026-09-09,21:43:37.288,2026-09-09T21:43:37.288,3.703644169999734,1,0.6428930759429932,4.501292999975703,29.337986999962595,4.0,4714.8515625,12.0,1371.1875
yolo11s.pt,3,horizontal_fast,112,2026-09-09,21:43:37.320,2026-09-09T21:43:37.320,3.7356821680000394,1,0.7931745052337646,4.425044000072376,29.093949000071007,3.8,4714.8515625,12.0,1371.1875
yolo11s.pt,3,horizontal_fast,113,2026-09-09,21:43:37.356,2026-09-09T21:43:37.356,3.771702129999994,1,0.6381308436393738,4.391793000195321,33.21364200019161,1.8,4714.8515625,12.0,1371.1875
yolo11s.pt,3,horizontal_fast,114,2026-09-09,21:43:37.388,2026-09-09T21:43:37.388,3.803697376999935,0,0.0,4.229663999922195,28.934959000253002,5.8,4714.8515625,12.0,1371.1875
yolo11s.pt,3,horizontal_fast,115,2026-09-09,21:43:37.420,2026-09-09T21:43:37.420,3.8358132539997314,1,0.5287220478057861,4.381663000003755,29.602466999676835,2.0,4714.8515625,12.0,1371.1875
yolo11s.pt,3,horizontal_fast,116,2026-09-09,21:43:37.456,2026-09-09T21:43:37.456,3.871710186999735,1,0.6317554116249084,4.335713000273245,33.0737140002384,1.8,4714.8515625,12.0,1371.1875
yolo11s.pt,3,horizontal_fast,117,2026-09-09,21:43:37.488,2026-09-09T21:43:37.488,3.9038352539996595,1,0.4525548219680786,4.358773000149085,29.38148800012641,3.9,4714.8515625,12.0,1371.1875
yolo11s.pt,3,horizontal_fast,118,2026-09-09,21:43:37.520,2026-09-09T21:43:37.520,3.935727231999863,1,0.521639883518219,4.371063000235154,29.124158999820793,2.0,4714.8515625,12.0,1371.1875
yolo11s.pt,3,horizontal_fast,119,2026-09-09,21:43:37.556,2026-09-09T21:43:37.556,3.9717953639997177,1,0.44971734285354614,4.357903000254737,33.289831999809394,1.8,4715.08203125,12.0,1371.1875
yolo11s.pt,3,horizontal_fast,120,2026-09-09,21:43:37.588,2026-09-09T21:43:37.588,4.0038148109997564,1,0.391356885433197,4.366872999980842,29.22599800012904,3.9,4715.08203125,12.0,1371.1875
yolo11s.pt,3,horizontal_fast,121,2026-09-09,21:43:37.620,2026-09-09T21:43:37.620,4.035737678999794,0,0.0,4.174354000042513,28.839529999913793,3.8,4715.08203125,12.0,1371.1875
yolo11s.pt,3,horizontal_fast,122,2026-09-09,21:43:37.656,2026-09-09T21:43:37.656,4.071755820999897,1,0.2729915976524353,4.462803000023996,33.618370999647595,1.8,4715.328125,12.0,1371.1875
yolo11s.pt,3,horizontal_fast,123,2026-09-09,21:43:37.688,2026-09-09T21:43:37.688,4.10399041699975,0,0.0,4.162924999945972,29.094978000102856,3.8,4715.328125,11.0,1371.1875
yolo11s.pt,3,horizontal_fast,124,2026-09-09,21:43:37.720,2026-09-09T21:43:37.720,4.135894945000018,0,0.0,4.298584000025585,29.23977799991917,2.0,4715.328125,11.0,1371.1875
yolo11s.pt,3,horizontal_fast,125,2026-09-09,21:43:37.756,2026-09-09T21:43:37.756,4.171689057999629,1,0.383060097694397,4.4452530000853585,33.25445300015417,3.4,4715.328125,11.0,1371.1875
yolo11s.pt,3,horizontal_fast,126,2026-09-09,21:43:37.788,2026-09-09T21:43:37.788,4.203629255999658,1,0.27507951855659485,4.481803000089712,29.193498000040563,5.8,4715.30859375,11.0,1371.4375
yolo11s.pt,3,horizontal_fast,127,2026-09-09,21:43:37.820,2026-09-09T21:43:37.820,4.2358358229998885,0,0.0,4.334303000177897,29.189168000357313,2.0,4715.30859375,11.0,1371.4375
yolo11s.pt,3,horizontal_fast,128,2026-09-09,21:43:37.856,2026-09-09T21:43:37.856,4.271891644999869,1,0.2719510793685913,4.382532999898103,33.40156200010824,3.4,4715.55078125,11.0,1371.4375
yolo11s.pt,3,horizontal_fast,129,2026-09-09,21:43:37.888,2026-09-09T21:43:37.888,4.303836251999655,1,0.41301122307777405,4.3502039998202235,29.18169799977477,3.9,4715.55078125,11.0,1371.4375
yolo11s.pt,3,horizontal_fast,130,2026-09-09,21:43:37.920,2026-09-09T21:43:37.920,4.3357286399996156,1,0.7904210090637207,4.388793000089208,29.158957999698032,2.0,4715.55078125,11.0,1371.4375
yolo11s.pt,3,horizontal_fast,131,2026-09-09,21:43:37.956,2026-09-09T21:43:37.956,4.371786881999924,1,0.3508020043373108,4.3579639996096375,33.24695299988889,5.1,4715.55078125,11.0,1371.4375
yolo11s.pt,3,horizontal_fast,132,2026-09-09,21:43:37.988,2026-09-09T21:43:37.988,4.40380290999974,1,0.6516071557998657,4.3478729999151255,29.212849000032293,3.9,4715.55078125,11.0,1371.4375
yolo11s.pt,3,horizontal_fast,133,2026-09-09,21:43:38.020,2026-09-09T21:43:38.020,4.435764346999804,1,0.6150345802307129,4.378523000013956,29.272127999774966,2.0,4715.55078125,11.0,1371.4375
yolo11s.pt,3,horizontal_fast,134,2026-09-09,21:43:38.056,2026-09-09T21:43:38.056,4.4716906499998,1,0.8266540765762329,4.405582999879698,33.13621300003433,3.4,4715.55078125,11.0,1371.4375
yolo11s.pt,3,horizontal_fast,135,2026-09-09,21:43:38.088,2026-09-09T21:43:38.088,4.503672967000057,1,0.6569289565086365,4.420363000008365,29.184277999775077,2.0,4715.55078125,11.0,1371.4375
yolo11s.pt,3,horizontal_fast,136,2026-09-09,21:43:38.120,2026-09-09T21:43:38.120,4.535705575000065,1,0.1640937626361847,4.429603000062343,29.23016800014011,3.8,4715.55078125,11.0,1371.4375
yolo11s.pt,3,horizontal_fast,137,2026-09-09,21:43:38.156,2026-09-09T21:43:38.156,4.571710057000018,1,0.693568229675293,4.357493000043178,33.171853000112606,1.8,4715.55078125,11.0,1371.4375
yolo11s.pt,3,horizontal_fast,138,2026-09-09,21:43:38.188,2026-09-09T21:43:38.188,4.603826923999804,1,0.3078712821006775,4.405733000112377,29.35865700010254,3.9,4715.55078125,12.0,1371.4375
yolo11s.pt,3,horizontal_fast,139,2026-09-09,21:43:38.224,2026-09-09T21:43:38.224,4.639622186999986,1,0.41681987047195435,4.366332999779843,33.02352399987285,1.8,4715.55078125,12.0,1371.4375
yolo11s.pt,3,horizontal_fast,140,2026-09-09,21:43:38.256,2026-09-09T21:43:38.256,4.671640893999665,1,0.5417935848236084,4.355743999894912,29.175447999932658,3.8,4715.55078125,12.0,1371.4375
yolo11s.pt,3,horizontal_fast,141,2026-09-09,21:43:38.288,2026-09-09T21:43:38.288,4.70374626199964,1,0.6779722571372986,4.378124000140815,29.342556999836233,2.0,4715.55078125,12.0,1371.4375
yolo11s.pt,3,horizontal_fast,142,2026-09-09,21:43:38.324,2026-09-09T21:43:38.324,4.739639063999675,1,0.46663907170295715,4.342433000147139,32.96358399984456,1.8,4715.55078125,12.0,1371.4375
yolo11s.pt,3,horizontal_fast,143,2026-09-09,21:43:38.356,2026-09-09T21:43:38.356,4.771703970999624,1,0.38503724336624146,4.484723000132362,29.466087999935553,3.8,4715.55078125,12.0,1371.4375
yolo11s.pt,3,horizontal_fast,144,2026-09-09,21:43:38.388,2026-09-09T21:43:38.388,4.803656308999962,1,0.414449542760849,4.401852999762923,29.094239000187372,2.0,4715.55078125,12.0,1371.4375
yolo11s.pt,3,horizontal_fast,145,2026-09-09,21:43:38.424,2026-09-09T21:43:38.424,4.839890960000048,1,0.6188706159591675,4.354214000159118,33.428081999772985,1.8,4715.55078125,12.0,1371.4375
yolo11s.pt,3,horizontal_fast,146,2026-09-09,21:43:38.456,2026-09-09T21:43:38.456,4.871759487999952,1,0.5447526574134827,4.348812999978691,29.092837999996846,3.8,4715.55078125,12.0,1371.4375
yolo11s.pt,3,horizontal_fast,147,2026-09-09,21:43:38.488,2026-09-09T21:43:38.488,4.903980824999962,1,0.3778982162475586,4.376462999971409,29.444067999975232,2.0,4715.55078125,12.0,1371.4375
yolo11s.pt,3,horizontal_fast,148,2026-09-09,21:43:38.524,2026-09-09T21:43:38.524,4.939704067999628,1,0.3784032464027405,4.399852999995346,32.9174140001669,3.5,4715.55078125,12.0,1371.4375
yolo11s.pt,3,horizontal_fast,149,2026-09-09,21:43:38.556,2026-09-09T21:43:38.556,4.9717933049996645,1,0.5576524138450623,4.404123999847798,29.33612800006813,3.8,4715.55078125,12.0,1371.4375
yolo11s.pt,3,horizontal_fast,150,2026-09-09,21:43:38.588,2026-09-09T21:43:38.588,5.003721473000041,1,0.26649707555770874,4.432422999798291,29.184469000028912,3.9,4715.6953125,12.0,1371.4375
yolo11s.pt,3,horizontal_fast,151,2026-09-09,21:43:38.624,2026-09-09T21:43:38.624,5.039807184999972,1,0.3177303075790405,4.375543000151083,33.23380300025747,1.8,4715.6953125,12.0,1371.4375
yolo11s.pt,3,horizontal_fast,152,2026-09-09,21:43:38.656,2026-09-09T21:43:38.656,5.0718868919998386,1,0.4669395983219147,4.342552999787586,29.264708000027895,3.8,4715.6953125,12.0,1371.4375
yolo11s.pt,3,horizontal_fast,153,2026-09-09,21:43:38.688,2026-09-09T21:43:38.688,5.103855619999649,1,0.3459206521511078,4.349652999735554,29.199747999882675,2.0,4715.6953125,11.0,1371.4375
yolo11s.pt,3,horizontal_fast,154,2026-09-09,21:43:38.724,2026-09-09T21:43:38.724,5.13975893199995,0,0.0,4.595031999997445,33.20318199985195,1.8,4715.6953125,11.0,1371.4375
yolo11s.pt,3,horizontal_fast,155,2026-09-09,21:43:38.756,2026-09-09T21:43:38.756,5.171702789999927,1,0.1545480191707611,4.299643000194919,28.994818999763083,3.8,4715.6953125,11.0,1371.4375
yolo11s.pt,3,horizontal_fast,156,2026-09-09,21:43:38.788,2026-09-09T21:43:38.788,5.203679156999897,1,0.5510267019271851,4.344483999830118,29.177418000017497,2.0,4715.6953125,11.0,1371.4375
yolo11s.pt,3,horizontal_fast,157,2026-09-09,21:43:38.824,2026-09-09T21:43:38.824,5.239685589999681,1,0.4703196585178375,4.501551999965159,33.40407199993933,6.8,4716.54296875,11.0,1377.3125
yolo11s.pt,3,horizontal_fast,158,2026-09-09,21:43:38.856,2026-09-09T21:43:38.856,5.271738326999639,1,0.4976222813129425,4.525071999978536,29.282768000030046,3.9,4717.40234375,11.0,1378.0
yolo11s.pt,3,horizontal_fast,159,2026-09-09,21:43:38.888,2026-09-09T21:43:38.888,5.30371375499999,0,0.0,4.23576299999695,28.76453999988371,2.0,4717.6484375,11.0,1378.0
yolo11s.pt,3,horizontal_fast,160,2026-09-09,21:43:38.924,2026-09-09T21:43:38.924,5.339746226999978,0,0.0,4.182313000001159,33.14917300031084,5.1,4717.6484375,11.0,1378.0
yolo11s.pt,3,horizontal_fast,161,2026-09-09,21:43:38.956,2026-09-09T21:43:38.956,5.371762234000016,1,0.5349458456039429,4.349552999883599,29.488047000086226,3.8,4717.40234375,11.0,1378.0
yolo11s.pt,3,horizontal_fast,162,2026-09-09,21:43:38.988,2026-09-09T21:43:38.988,5.4036662119997345,1,0.388638436794281,4.399092999847198,29.137968000213732,2.0,4717.40234375,11.0,1378.0
yolo11s.pt,3,horizontal_fast,163,2026-09-09,21:43:39.024,2026-09-09T21:43:39.024,5.439632613999947,0,0.0,4.156203999627905,32.83675400007269,3.5,4717.15625,11.0,1378.0
yolo11s.pt,3,horizontal_fast,164,2026-09-09,21:43:39.056,2026-09-09T21:43:39.056,5.471722290999878,1,0.5344089269638062,4.346994000115956,29.604806999941502,1.9,4717.64453125,11.0,1378.0
yolo11s.pt,3,horizontal_fast,165,2026-09-09,21:43:39.088,2026-09-09T21:43:39.088,5.503630358999999,1,0.5547201633453369,4.392242999983864,28.94279900010588,2.0,4717.3984375,11.0,1378.0
yolo11s.pt,3,horizontal_fast,166,2026-09-09,21:43:39.124,2026-09-09T21:43:39.124,5.53971656099975,1,0.7348394989967346,4.34935300017969,33.24222299988833,1.8,4717.3984375,11.0,1378.0
yolo11s.pt,3,horizontal_fast,167,2026-09-09,21:43:39.156,2026-09-09T21:43:39.156,5.571680108999772,1,0.38484442234039307,4.371332999653532,29.19553800029462,5.7,4717.3984375,11.0,1378.0
yolo11s.pt,3,horizontal_fast,168,2026-09-09,21:43:39.188,2026-09-09T21:43:39.188,5.603743696000038,1,0.41974759101867676,4.35303299991574,29.245017999983247,3.9,4717.3984375,11.0,1378.0
yolo11s.pt,3,horizontal_fast,169,2026-09-09,21:43:39.224,2026-09-09T21:43:39.224,5.6397578279998015,1,0.4295712113380432,4.485702999772911,33.37387200008379,1.7,4717.640625,11.0,1378.0
yolo11s.pt,3,horizontal_fast,170,2026-09-09,21:43:39.256,2026-09-09T21:43:39.256,5.672037433999776,1,0.1924508512020111,4.354694000085146,29.312147000382538,3.9,4717.640625,11.0,1378.0
yolo11s.pt,3,horizontal_fast,171,2026-09-09,21:43:39.288,2026-09-09T21:43:39.288,5.703757902999769,1,0.4865990877151489,4.357942999831721,28.932559000168112,2.0,4717.640625,11.0,1377.6875
yolo11s.pt,3,horizontal_fast,172,2026-09-09,21:43:39.324,2026-09-09T21:43:39.324,5.739663135999763,1,0.24527299404144287,4.425343000093562,33.17818300001818,1.8,4717.640625,11.0,1377.6875
yolo11s.pt,3,horizontal_fast,173,2026-09-09,21:43:39.356,2026-09-09T21:43:39.356,5.771750333,1,0.17755809426307678,4.505441999754112,29.386017999968317,3.8,4717.640625,11.0,1377.6875
yolo11s.pt,3,horizontal_fast,174,2026-09-09,21:43:39.388,2026-09-09T21:43:39.388,5.803629381000064,1,0.16466055810451508,4.514653000114777,29.14877900002466,4.0,4717.640625,11.0,1377.625
yolo11s.pt,3,horizontal_fast,175,2026-09-09,21:43:39.424,2026-09-09T21:43:39.424,5.839771691999886,0,0.0,4.176653999820701,32.9183839999132,1.8,4717.640625,11.0,1377.625
yolo11s.pt,3,horizontal_fast,176,2026-09-09,21:43:39.456,2026-09-09T21:43:39.456,5.871811769000033,0,0.0,4.172443999777897,29.173987999911333,2.0,4717.640625,11.0,1377.625
yolo11s.pt,3,horizontal_fast,177,2026-09-09,21:43:39.492,2026-09-09T21:43:39.492,5.907818811999732,0,0.0,4.1963539997595944,33.25570200013317,3.4,4717.640625,11.0,1377.625
yolo11s.pt,3,horizontal_fast,178,2026-09-09,21:43:39.524,2026-09-09T21:43:39.524,5.939746990000003,1,0.28356319665908813,4.360983999958989,29.374076999829413,2.0,4717.640625,11.0,1377.625
yolo11s.pt,3,horizontal_fast,179,2026-09-09,21:43:39.556,2026-09-09T21:43:39.556,5.9717254369998045,1,0.3946692943572998,4.3207730000176525,29.1189489998942,3.9,4717.34375,11.0,1377.625
yolo11s.pt,3,horizontal_fast,180,2026-09-09,21:43:39.592,2026-09-09T21:43:39.592,6.007673519000036,1,0.5560989379882812,4.483382999751484,33.32446299964431,3.4,4717.34375,11.0,1377.625
yolo11s.pt,3,horizontal_fast,181,2026-09-09,21:43:39.624,2026-09-09T21:43:39.624,6.039712096999665,1,0.4825727343559265,4.4012130001647165,29.157067999676656,2.0,4717.34375,11.0,1377.625
yolo11s.pt,3,horizontal_fast,182,2026-09-09,21:43:39.656,2026-09-09T21:43:39.656,6.071736663999673,1,0.45207881927490234,4.47640299989871,29.28895700006251,5.7,4717.34765625,11.0,1377.625
yolo11s.pt,3,horizontal_fast,183,2026-09-09,21:43:39.692,2026-09-09T21:43:39.692,6.107711295999707,1,0.7620078921318054,4.386742999940907,33.14004300000306,1.8,4717.34765625,11.0,1377.625
yolo11s.pt,3,horizontal_fast,184,2026-09-09,21:43:39.724,2026-09-09T21:43:39.724,6.139719343999786,1,0.7107480764389038,4.811540999980934,29.62153699991177,3.8,4717.34765625,11.0,1377.625
yolo11s.pt,3,horizontal_fast,185,2026-09-09,21:43:39.756,2026-09-09T21:43:39.756,6.171718821000013,1,0.1713850349187851,4.352692999873398,28.770760000043083,2.0,4717.34765625,11.0,1377.625
yolo11s.pt,3,horizontal_fast,186,2026-09-09,21:43:39.792,2026-09-09T21:43:39.792,6.207655144,1,0.6797089576721191,4.329322999637952,33.10284300005151,1.8,4717.34765625,11.0,1377.625
yolo11s.pt,3,horizontal_fast,187,2026-09-09,21:43:39.824,2026-09-09T21:43:39.824,6.239713291000044,1,0.6170572638511658,4.333173000304669,29.281818000072235,2.0,4717.34765625,11.0,1377.625
yolo11s.pt,3,horizontal_fast,188,2026-09-09,21:43:39.856,2026-09-09T21:43:39.856,6.271644748999734,1,0.39803484082221985,4.38247300007788,29.179828999986057,5.8,4717.34765625,11.0,1377.625
yolo11s.pt,3,horizontal_fast,189,2026-09-09,21:43:39.892,2026-09-09T21:43:39.892,6.307642710999971,1,0.49020054936408997,4.359383000064554,33.184922999680566,3.4,4717.34765625,11.0,1377.625
yolo11s.pt,3,horizontal_fast,190,2026-09-09,21:43:39.924,2026-09-09T21:43:39.924,6.339704038000036,1,0.5812000036239624,4.3506330002855975,29.236807999950543,3.9,4717.34765625,11.0,1377.625
yolo11s.pt,3,horizontal_fast,191,2026-09-09,21:43:39.956,2026-09-09T21:43:39.956,6.371805814999789,0,0.0,4.180303999874013,29.045389000202704,2.0,4717.34765625,11.0,1377.625
yolo11s.pt,3,horizontal_fast,192,2026-09-09,21:43:39.992,2026-09-09T21:43:39.992,6.407744648000062,1,0.37695279717445374,4.322322999996686,33.394123000107356,1.8,4717.58984375,11.0,1377.625
yolo11s.pt,3,horizontal_fast,193,2026-09-09,21:43:40.024,2026-09-09T21:43:40.024,6.43968744499989,1,0.4346412718296051,4.314633999911166,29.17464799975278,2.0,4717.58984375,11.0,1377.625
yolo11s.pt,3,horizontal_fast,194,2026-09-09,21:43:40.056,2026-09-09T21:43:40.056,6.471622442999887,1,0.5064738988876343,4.348883000147907,29.188347999934194,3.8,4717.58984375,11.0,1377.625
yolo11s.pt,3,horizontal_fast,195,2026-09-09,21:43:40.092,2026-09-09T21:43:40.092,6.5077175049996185,1,0.32442453503608704,4.487242999857699,33.42510200036486,1.8,4717.58984375,11.0,1377.625
yolo11s.pt,3,horizontal_fast,196,2026-09-09,21:43:40.124,2026-09-09T21:43:40.124,6.539686732000064,1,0.22840702533721924,4.366663999917364,29.024177999872336,3.9,4717.58984375,11.0,1377.625
yolo11s.pt,3,horizontal_fast,197,2026-09-09,21:43:40.156,2026-09-09T21:43:40.156,6.5717179499997656,1,0.5471751093864441,4.363862999980483,29.263148000154615,2.0,4717.58984375,11.0,1377.625
yolo11s.pt,3,horizontal_fast,198,2026-09-09,21:43:40.192,2026-09-09T21:43:40.192,6.607783671999641,1,0.5458082556724548,4.342943000210653,33.30754299986438,1.8,4717.58984375,11.0,1377.625
yolo11s.pt,3,horizontal_fast,199,2026-09-09,21:43:40.224,2026-09-09T21:43:40.224,6.6397945489998165,1,0.6872650384902954,4.3492539998624125,29.245818000163126,5.7,4717.58984375,11.0,1377.625
yolo11s.pt,3,horizontal_fast,200,2026-09-09,21:43:40.256,2026-09-09T21:43:40.256,6.671831586999815,0,0.0,4.184514999906241,28.96978900025715,2.0,4717.58984375,11.0,1377.625
yolo11s.pt,3,horizontal_fast,201,2026-09-09,21:43:40.292,2026-09-09T21:43:40.292,6.707785129000058,1,0.34703925251960754,4.3327430003046175,33.43672200026049,1.8,4717.58984375,11.0,1373.5
yolo11s.pt,3,horizontal_fast,202,2026-09-09,21:43:40.324,2026-09-09T21:43:40.324,6.739914375999888,1,0.5311737656593323,4.348962999756623,29.328548000194132,3.8,4717.58984375,11.0,1373.5
yolo11s.pt,3,horizontal_fast,203,2026-09-09,21:43:40.356,2026-09-09T21:43:40.356,6.771888213999773,1,0.5138033032417297,4.336903000421444,29.137938000076247,2.0,4717.58984375,11.0,1373.5
yolo11s.pt,3,horizontal_fast,204,2026-09-09,21:43:40.392,2026-09-09T21:43:40.392,6.807796545999736,1,0.35523343086242676,4.389922999962437,33.16522300019642,3.4,4717.8359375,11.0,1373.5
yolo11s.pt,3,horizontal_fast,205,2026-09-09,21:43:40.424,2026-09-09T21:43:40.424,6.839767993999885,1,0.33446481823921204,4.595511999923474,29.397878000054334,2.0,4717.8359375,11.0,1373.5
yolo11s.pt,3,horizontal_fast,206,2026-09-09,21:43:40.456,2026-09-09T21:43:40.456,6.871840621000047,0,0.0,4.209054000057222,28.77768999996988,2.0,4717.8359375,11.0,1373.5
yolo11s.pt,3,horizontal_fast,207,2026-09-09,21:43:40.492,2026-09-09T21:43:40.492,6.907980371999656,1,0.6257014870643616,4.377744000066741,33.59158100010973,3.4,4717.8359375,11.0,1373.5
yolo11s.pt,3,horizontal_fast,208,2026-09-09,21:43:40.524,2026-09-09T21:43:40.524,6.939954250000028,1,0.3895129859447479,4.334653000114486,29.129998999906093,3.8,4717.8359375,11.0,1373.5
yolo11s.pt,3,horizontal_fast,209,2026-09-09,21:43:40.556,2026-09-09T21:43:40.556,6.971873647999928,1,0.4312360882759094,4.386232999877393,29.20836800012694,3.9,4717.58984375,11.0,1373.5
yolo11s.pt,3,horizontal_fast,210,2026-09-09,21:43:40.592,2026-09-09T21:43:40.592,7.007682891000059,1,0.6114649176597595,4.35824300029708,32.94360299969412,3.4,4717.58984375,11.0,1373.5
yolo11s.pt,3,horizontal_fast,211,2026-09-09,21:43:40.624,2026-09-09T21:43:40.624,7.03968311799963,1,0.2794010639190674,4.335323999839602,29.172878000281344,2.0,4717.58984375,11.0,1373.5
yolo11s.pt,3,horizontal_fast,212,2026-09-09,21:43:40.660,2026-09-09T21:43:40.660,7.075795599999765,1,0.6027938723564148,4.402972999741905,33.38950299985299,3.4,4717.58984375,11.0,1373.5
yolo11s.pt,3,horizontal_fast,213,2026-09-09,21:43:40.692,2026-09-09T21:43:40.692,7.107673827999861,1,0.47054916620254517,4.375562999939575,29.098798999712017,2.0,4717.58984375,11.0,1373.5
yolo11s.pt,3,horizontal_fast,214,2026-09-09,21:43:40.724,2026-09-09T21:43:40.724,7.139720794999903,0,0.0,4.265523999947618,29.036459000053583,3.9,4717.58984375,11.0,1373.5
yolo11s.pt,3,horizontal_fast,215,2026-09-09,21:43:40.760,2026-09-09T21:43:40.760,7.175686387000042,1,0.36689719557762146,4.372693999812327,33.400481999706244,3.4,4717.58984375,11.0,1373.5
yolo11s.pt,3,horizontal_fast,216,2026-09-09,21:43:40.792,2026-09-09T21:43:40.792,7.207684754999718,1,0.414578914642334,4.344853000020521,29.17980800020814,2.0,4717.58984375,11.0,1373.5
yolo11s.pt,3,horizontal_fast,217,2026-09-09,21:43:40.824,2026-09-09T21:43:40.824,7.239720551999653,0,0.0,4.192234000129247,28.964438999992126,3.9,4717.58984375,11.0,1373.5
yolo11s.pt,3,horizontal_fast,218,2026-09-09,21:43:40.860,2026-09-09T21:43:40.860,7.275644694999755,1,0.63103187084198,4.405792999932601,33.46973199995773,3.4,4718.06640625,11.0,1373.5
yolo11s.pt,3,horizontal_fast,219,2026-09-09,21:43:40.892,2026-09-09T21:43:40.892,7.307632101999843,1,0.2732780873775482,4.464672999802133,29.273118000219256,3.8,4718.06640625,11.0,1373.5
yolo11s.pt,3,horizontal_fast,220,2026-09-09,21:43:40.924,2026-09-09T21:43:40.924,7.339567049999914,1,0.30822357535362244,4.361382999832131,29.006819000187534,2.0,4718.06640625,11.0,1373.5
yolo11s.pt,3,horizontal_fast,221,2026-09-09,21:43:40.960,2026-09-09T21:43:40.960,7.375727110999833,1,0.7160061001777649,4.396154000005481,33.39672199990673,3.4,4718.06640625,11.0,1373.5
yolo11s.pt,3,horizontal_fast,222,2026-09-09,21:43:40.992,2026-09-09T21:43:40.992,7.407619499999782,1,0.7901806235313416,4.339854000136256,29.02263799978755,2.0,4718.06640625,11.0,1373.5
yolo11s.pt,3,horizontal_fast,223,2026-09-09,21:43:41.024,2026-09-09T21:43:41.024,7.4397535169996445,1,0.3354707360267639,4.3309739999131125,29.33678699992015,2.0,4718.06640625,11.0,1373.5
yolo11s.pt,3,horizontal_fast,224,2026-09-09,21:43:41.060,2026-09-09T21:43:41.060,7.475583658999767,0,0.0,4.225474000122631,32.82308400002876,1.8,4718.06640625,11.0,1373.5
yolo11s.pt,3,horizontal_fast,225,2026-09-09,21:43:41.092,2026-09-09T21:43:41.092,7.507708965999882,1,0.17940403521060944,4.397863000122015,29.67368700001316,5.8,4718.06640625,11.0,1373.5
yolo11s.pt,3,horizontal_fast,226,2026-09-09,21:43:41.124,2026-09-09T21:43:41.124,7.539697693999642,1,0.35262230038642883,4.355532999852585,29.10129900010361,2.0,4718.06640625,11.0,1373.5
yolo11s.pt,3,horizontal_fast,227,2026-09-09,21:43:41.160,2026-09-09T21:43:41.160,7.575837944999876,1,0.37231817841529846,4.379513999992923,33.38432200007446,5.1,4718.06640625,11.0,1373.5
yolo11s.pt,3,horizontal_fast,228,2026-09-09,21:43:41.192,2026-09-09T21:43:41.192,7.607750742999997,0,0.0,4.304993999994622,28.95758900012879,6.0,4718.06640625,11.0,1375.0625
yolo11s.pt,3,horizontal_fast,229,2026-09-09,21:43:41.224,2026-09-09T21:43:41.224,7.639769130999866,1,0.1906697154045105,4.4026929999745334,29.395077000117453,3.8,4718.06640625,11.0,1375.0625
yolo11s.pt,3,horizontal_fast,230,2026-09-09,21:43:41.260,2026-09-09T21:43:41.260,7.675747742999647,0,0.0,4.222453999773279,32.83558400016773,1.8,4718.06640625,11.0,1375.0625
yolo11s.pt,3,horizontal_fast,231,2026-09-09,21:43:41.292,2026-09-09T21:43:41.292,7.707825779999894,0,0.0,4.216584000005241,29.271558000345976,3.9,4718.06640625,11.0,1372.5
yolo11s.pt,3,horizontal_fast,232,2026-09-09,21:43:41.324,2026-09-09T21:43:41.324,7.739746007999656,0,0.0,4.222953999942547,29.092208999827562,2.0,4718.30859375,11.0,1372.5
yolo11s.pt,3,horizontal_fast,233,2026-09-09,21:43:41.360,2026-09-09T21:43:41.360,7.775599521000004,0,0.0,4.231623999658041,33.11408299987306,1.8,4718.30859375,11.0,1372.5
yolo11s.pt,3,horizontal_fast,234,2026-09-09,21:43:41.393,2026-09-09T21:43:41.393,7.807711248000032,1,0.31236469745635986,5.046110999955999,30.236294000133057,5.7,4718.30859375,11.0,1375.0
yolo11s.pt,3,horizontal_fast,235,2026-09-09,21:43:41.424,2026-09-09T21:43:41.424,7.839710985999773,1,0.2345728874206543,4.376104000129999,28.531251000003977,2.0,4718.30859375,11.0,1375.0
yolo11s.pt,3,horizontal_fast,236,2026-09-09,21:43:41.460,2026-09-09T21:43:41.460,7.875835586999983,1,0.2557217478752136,4.435793000084232,33.347593000144116,3.4,4718.30859375,11.0,1375.0
yolo11s.pt,3,horizontal_fast,237,2026-09-09,21:43:41.492,2026-09-09T21:43:41.492,7.907656444999702,1,0.5562571287155151,4.632763000245177,29.295658000137337,2.0,4718.3046875,11.0,1375.0
yolo11s.pt,3,horizontal_fast,238,2026-09-09,21:43:41.524,2026-09-09T21:43:41.524,7.93988248200003,1,0.5021378993988037,4.404782999699819,29.159569000057672,3.9,4718.3046875,11.0,1375.0
yolo11s.pt,3,horizontal_fast,239,2026-09-09,21:43:41.560,2026-09-09T21:43:41.560,7.975773355000001,1,0.4787154197692871,4.4049729999642295,33.09371300019848,1.8,4718.3046875,11.0,1375.0
yolo11s.pt,3,horizontal_fast,240,2026-09-09,21:43:41.592,2026-09-09T21:43:41.592,8.007772581999689,1,0.21295250952243805,4.362062999916816,29.171707999921637,5.7,4718.42578125,11.0,1375.0
yolo11s.pt,3,horizontal_fast,241,2026-09-09,21:43:41.624,2026-09-09T21:43:41.624,8.039842538999892,1,0.44730326533317566,4.449783000382013,29.35779800009186,3.9,4718.671875,11.0,1375.0
yolo11s.pt,3,horizontal_fast,242,2026-09-09,21:43:41.660,2026-09-09T21:43:41.660,8.075825431999874,1,0.48463234305381775,4.417632999775378,33.083183000144345,1.8,4718.671875,11.0,1375.0
yolo11s.pt,3,horizontal_fast,243,2026-09-09,21:43:41.692,2026-09-09T21:43:41.692,8.107793158999812,1,0.6747487187385559,4.3708939997486596,29.149737999887293,3.9,4718.671875,12.0,1375.0
yolo11s.pt,3,horizontal_fast,244,2026-09-09,21:43:41.724,2026-09-09T21:43:41.724,8.139702377000049,1,0.5436945557594299,4.4155229998068535,29.174709000017174,2.0,4718.671875,12.0,1375.0
yolo11s.pt,3,horizontal_fast,245,2026-09-09,21:43:41.760,2026-09-09T21:43:41.760,8.175759598999775,1,0.4106200933456421,4.434932999629382,33.30367299986392,1.8,4718.671875,12.0,1375.0
yolo11s.pt,3,horizontal_fast,246,2026-09-09,21:43:41.792,2026-09-09T21:43:41.792,8.20777664599973,1,0.23042339086532593,4.4037729999217845,29.222097999991092,3.8,4718.671875,12.0,1375.0
yolo11s.pt,3,horizontal_fast,247,2026-09-09,21:43:41.828,2026-09-09T21:43:41.828,8.24363244899996,1,0.1946570873260498,4.390402999888465,33.05506399965452,1.8,4718.671875,12.0,1375.0
yolo11s.pt,3,horizontal_fast,248,2026-09-09,21:43:41.860,2026-09-09T21:43:41.860,8.27582728599964,1,0.2462390512228012,4.409552999732114,29.426956999941467,3.8,4719.640625,12.0,1375.0
yolo11s.pt,3,horizontal_fast,249,2026-09-09,21:43:41.892,2026-09-09T21:43:41.892,8.307809763000023,1,0.6498145461082458,4.350593999788543,29.16319799987832,3.9,4719.640625,12.0,1375.0
yolo11s.pt,3,horizontal_fast,250,2026-09-09,21:43:41.924,2026-09-09T21:43:41.924,8.339718080999774,1,0.2766970098018646,4.416103000039584,29.16979800011177,2.0,4719.640625,12.0,1375.0
yolo11s.pt,3,horizontal_fast,251,2026-09-09,21:43:41.960,2026-09-09T21:43:41.960,8.375855702999615,1,0.5174418091773987,4.413203000240173,33.34965200019724,3.5,4719.640625,12.0,1375.0
yolo11s.pt,3,horizontal_fast,252,2026-09-09,21:43:41.992,2026-09-09T21:43:41.992,8.40773265100006,1,0.6433104872703552,4.4935119999536255,29.146838000087882,2.0,4719.640625,12.0,1375.0
yolo11s.pt,3,horizontal_fast,253,2026-09-09,21:43:42.024,2026-09-09T21:43:42.024,8.439714147999894,0,0.0,4.6553619999940565,29.24338799994075,5.8,4719.640625,12.0,1375.0
yolo11s.pt,3,horizontal_fast,254,2026-09-09,21:43:42.060,2026-09-09T21:43:42.060,8.475657690999924,1,0.4303203523159027,4.387902999951621,33.03770299999087,1.8,4719.640625,12.0,1375.0
yolo11s.pt,3,horizontal_fast,255,2026-09-09,21:43:42.092,2026-09-09T21:43:42.092,8.508076907000031,1,0.7841350436210632,4.447623000032763,29.696225999941817,2.0,4719.640625,12.0,1375.0
yolo11s.pt,3,horizontal_fast,256,2026-09-09,21:43:42.128,2026-09-09T21:43:42.128,8.54351189099998,1,0.19551967084407806,4.381053000088286,32.681884999874455,1.8,4719.640625,12.0,1375.0
yolo11s.pt,3,horizontal_fast,257,2026-09-09,21:43:42.160,2026-09-09T21:43:42.160,8.57553728799985,1,0.4579654037952423,4.396622999593092,28.941409999788448,3.9,4719.640625,12.0,1375.0
yolo11s.pt,3,horizontal_fast,258,2026-09-09,21:43:42.192,2026-09-09T21:43:42.192,8.607630434999919,1,0.25482067465782166,4.4774429998142296,29.40439800022432,3.9,4719.88671875,12.0,1375.0
yolo11s.pt,3,horizontal_fast,259,2026-09-09,21:43:42.228,2026-09-09T21:43:42.228,8.643626716999734,1,0.20723243057727814,4.407504000027984,32.86303400000179,1.8,4719.88671875,12.0,1375.0
yolo11s.pt,3,horizontal_fast,260,2026-09-09,21:43:42.260,2026-09-09T21:43:42.260,8.67564851499992,1,0.1846388280391693,4.775632000018959,29.531687000144302,3.9,4720.12890625,12.0,1375.0
yolo11s.pt,3,horizontal_fast,261,2026-09-09,21:43:42.292,2026-09-09T21:43:42.292,8.707663231999959,1,0.36962077021598816,4.377344000204175,28.834939999796916,3.9,4720.12890625,12.0,1374.8125
yolo11s.pt,3,horizontal_fast,262,2026-09-09,21:43:42.328,2026-09-09T21:43:42.328,8.743479504999868,1,0.523248553276062,4.327854000166553,32.9776639996453,1.8,4720.12890625,12.0,1374.8125
yolo11s.pt,3,horizontal_fast,263,2026-09-09,21:43:42.360,2026-09-09T21:43:42.360,8.775691322000057,1,0.4955209195613861,4.4114930001342145,29.494658000203344,3.8,4720.12890625,12.0,1374.8125
yolo11s.pt,3,horizontal_fast,264,2026-09-09,21:43:42.392,2026-09-09T21:43:42.392,8.807716138999695,1,0.48085787892341614,4.398833000323066,29.217987999800243,3.8,4720.12890625,12.0,1374.8125
yolo11s.pt,3,horizontal_fast,265,2026-09-09,21:43:42.428,2026-09-09T21:43:42.428,8.84365844199965,1,0.6973640322685242,4.413853000187373,33.189402999596496,3.5,4720.12890625,12.0,1374.8125
yolo11s.pt,3,horizontal_fast,266,2026-09-09,21:43:42.460,2026-09-09T21:43:42.460,8.875729208999928,1,0.66551673412323,4.431572999692435,29.29890700033866,2.0,4720.12890625,12.0,1374.8125
yolo11s.pt,3,horizontal_fast,267,2026-09-09,21:43:42.492,2026-09-09T21:43:42.492,8.907760315999894,1,0.7840625643730164,4.397273999984463,29.223527999874932,3.8,4720.12890625,12.0,1374.8125
yolo11s.pt,3,horizontal_fast,268,2026-09-09,21:43:42.528,2026-09-09T21:43:42.528,8.943549658999927,1,0.673745334148407,4.387714000131382,32.96031400032007,1.8,4720.12890625,12.0,1374.8125
yolo11s.pt,3,horizontal_fast,269,2026-09-09,21:43:42.560,2026-09-09T21:43:42.560,8.975740635999955,1,0.5754663944244385,4.411482999785221,29.425128000184486,3.8,4719.6796875,12.0,1374.8125
yolo11s.pt,3,horizontal_fast,270,2026-09-09,21:43:42.592,2026-09-09T21:43:42.592,9.007749973000045,1,0.5140922665596008,4.3635239999275655,29.15575799988801,2.0,4719.6796875,12.0,1374.8125
yolo11s.pt,3,horizontal_fast,271,2026-09-09,21:43:42.628,2026-09-09T21:43:42.628,9.043548635999741,1,0.2756785750389099,4.368513999907009,32.985793000079866,3.4,4719.6796875,12.0,1374.8125
yolo11s.pt,3,horizontal_fast,272,2026-09-09,21:43:42.660,2026-09-09T21:43:42.660,9.07551965399989,1,0.6102123856544495,4.371623000224645,29.15960800009998,2.0,4719.6796875,12.0,1374.8125
yolo11s.pt,3,horizontal_fast,273,2026-09-09,21:43:42.692,2026-09-09T21:43:42.692,9.107679190999988,0,0.0,4.280443999959971,29.176539000218327,3.9,4719.6796875,12.0,1374.8125
yolo11s.pt,3,horizontal_fast,274,2026-09-09,21:43:42.727,2026-09-09T21:43:42.727,9.143510153999614,0,0.0,4.158984000241617,32.94871400021293,1.8,4719.6796875,12.0,1374.8125
yolo11s.pt,3,horizontal_fast,275,2026-09-09,21:43:42.760,2026-09-09T21:43:42.760,9.175667320999764,1,0.48320305347442627,4.437352999957511,29.71624600013456,2.0,4719.6796875,12.0,1374.8125
yolo11s.pt,3,horizontal_fast,276,2026-09-09,21:43:42.792,2026-09-09T21:43:42.792,9.207715387999997,1,0.25765523314476013,4.380113000024721,29.173218000323686,3.9,4719.6796875,12.0,1374.8125
yolo11s.pt,3,horizontal_fast,277,2026-09-09,21:43:42.828,2026-09-09T21:43:42.828,9.243579750999743,1,0.4361766278743744,4.398963000312506,33.08566299983795,5.1,4719.6796875,12.0,1374.8125
yolo11s.pt,3,horizontal_fast,278,2026-09-09,21:43:42.860,2026-09-09T21:43:42.860,9.275606138000057,0,0.0,4.217543999857298,28.89418899985685,3.9,4719.4296875,12.0,1374.8125
yolo11s.pt,3,horizontal_fast,279,2026-09-09,21:43:42.892,2026-09-09T21:43:42.892,9.307668404999731,1,0.7332577109336853,4.385943999750452,29.556776999925205,2.0,4719.1484375,12.0,1374.8125
yolo11s.pt,3,horizontal_fast,280,2026-09-09,21:43:42.928,2026-09-09T21:43:42.928,9.343528588000027,1,0.21631045639514923,4.481082999973296,33.15361400018446,3.4,4719.1484375,12.0,1374.8125
yolo11s.pt,3,horizontal_fast,281,2026-09-09,21:43:42.960,2026-09-09T21:43:42.960,9.375693834999765,0,0.0,4.252134000125807,29.049389000192605,2.0,4719.1484375,12.0,1374.8125
yolo11s.pt,3,horizontal_fast,282,2026-09-09,21:43:42.992,2026-09-09T21:43:42.992,9.40758365299962,1,0.33679357171058655,4.377823000140779,29.330427999866515,3.8,4719.1484375,12.0,1374.8125
yolo11s.pt,3,horizontal_fast,283,2026-09-09,21:43:43.028,2026-09-09T21:43:43.028,9.443681024999933,1,0.38896360993385315,4.3920329999309615,33.31175199991776,1.7,4719.1484375,12.0,1374.8125
yolo11s.pt,3,horizontal_fast,284,2026-09-09,21:43:43.060,2026-09-09T21:43:43.060,9.475647131999722,0,0.0,4.234244000144827,28.84778899988305,2.0,4719.1484375,12.0,1374.8125
yolo11s.pt,3,horizontal_fast,285,2026-09-09,21:43:43.089,2026-09-09T21:43:43.089,9.505307419000019,0,0.0,4.195233999780612,26.83731799970701,2.1,4719.1484375,12.0,1374.8125
yolo11s.pt,3,horizontal_fast,286,2026-09-09,21:43:43.128,2026-09-09T21:43:43.128,9.543592841999725,1,0.17440670728683472,4.40127299998494,35.77793299973564,1.6,4719.1484375,12.0,1374.8125
yolo11s.pt,3,horizontal_fast,287,2026-09-09,21:43:43.160,2026-09-09T21:43:43.160,9.575731788999747,1,0.24667826294898987,4.4062830002076225,29.350918000091042,3.8,4719.1484375,12.0,1374.8125
yolo11s.pt,3,horizontal_fast,288,2026-09-09,21:43:43.192,2026-09-09T21:43:43.192,9.607610276999822,1,0.4324773848056793,4.376583000066603,29.058499000257143,2.0,4719.1484375,12.0,1374.8125
yolo11s.pt,3,horizontal_fast,289,2026-09-09,21:43:43.228,2026-09-09T21:43:43.228,9.643588558999909,1,0.19757220149040222,4.403464000006352,33.191973000157304,5.1,4719.1484375,12.0,1374.8125
yolo11s.pt,3,horizontal_fast,290,2026-09-09,21:43:43.260,2026-09-09T21:43:43.260,9.675701096000012,0,0.0,4.23326400004953,29.02979899999991,3.9,4719.1484375,12.0,1374.8125
yolo11s.pt,3,horizontal_fast,291,2026-09-09,21:43:43.292,2026-09-09T21:43:43.292,9.707795713999985,1,0.4151395857334137,4.471841999929893,29.648835999978473,2.0,4715.91796875,12.0,1371.5
yolo11s.pt,3,horizontal_fast,292,2026-09-09,21:43:43.327,2026-09-09T21:43:43.327,9.743469146999814,0,0.0,4.154224000103568,32.48783600020033,1.8,4715.91796875,12.0,1371.5
yolo11s.pt,3,horizontal_fast,293,2026-09-09,21:43:43.360,2026-09-09T21:43:43.360,9.775732393999988,1,0.6934890151023865,4.406692999964434,29.785056000037002,1.9,4715.91796875,12.0,1371.5
yolo11s.pt,3,horizontal_fast,294,2026-09-09,21:43:43.396,2026-09-09T21:43:43.396,9.811780155999713,1,0.3584240972995758,4.3620240003292565,33.18843199986077,3.4,4715.91796875,12.0,1371.5
yolo11s.pt,3,horizontal_fast,295,2026-09-09,21:43:43.428,2026-09-09T21:43:43.428,9.84368926299976,1,0.21204331517219543,4.330564000156301,29.093898000155605,2.0,4715.91796875,12.0,1371.5
yolo11s.pt,3,horizontal_fast,296,2026-09-09,21:43:43.460,2026-09-09T21:43:43.460,9.875771641000028,1,0.5524170994758606,4.3943440000475675,29.34143699985725,2.0,4715.91796875,12.0,1371.5
yolo11s.pt,3,horizontal_fast,297,2026-09-09,21:43:43.496,2026-09-09T21:43:43.496,9.911697253000057,1,0.26117318868637085,4.384932999982993,33.131962999959796,3.4,4715.91796875,12.0,1371.5
yolo11s.pt,3,horizontal_fast,298,2026-09-09,21:43:43.528,2026-09-09T21:43:43.528,9.94360954099966,1,0.7813076376914978,4.389013000036357,29.126607999842236,2.0,4715.91796875,12.0,1371.5
yolo11s.pt,3,horizontal_fast,299,2026-09-09,21:43:43.560,2026-09-09T21:43:43.560,9.975743547999627,1,0.6139662265777588,4.4076729996049835,29.359178000049724,3.8,4716.12890625,12.0,1371.5
yolo11s.pt,3,horizontal_fast,300,2026-09-09,21:43:43.596,2026-09-09T21:43:43.596,10.01167063999992,1,0.5632808208465576,4.369264000160911,33.07861299981596,3.4,4716.12890625,12.0,1371.5
yolo11s.pt,4,vertical,1,2026-09-09,21:43:49.201,2026-09-09T21:43:49.201,0.03189757800009829,0,0.0,5.1732000001720735,37.50466600013169,1.9,4729.90625,3.0,1373.4375
yolo11s.pt,4,vertical,2,2026-09-09,21:43:49.232,2026-09-09T21:43:49.232,0.0634293670000261,0,0.0,4.239974000029179,27.69327499981955,4.1,4729.90625,3.0,1373.4375
yolo11s.pt,4,vertical,3,2026-09-09,21:43:49.268,2026-09-09T21:43:49.268,0.09925405000012688,1,0.3495073616504669,4.476882999824738,33.6291710000296,1.7,4722.12890625,3.0,1373.4375
yolo11s.pt,4,vertical,4,2026-09-09,21:43:49.300,2026-09-09T21:43:49.300,0.1319039149998389,0,0.0,4.265072999714903,29.29228699986197,5.9,4722.1171875,3.0,1373.4375
yolo11s.pt,4,vertical,5,2026-09-09,21:43:49.332,2026-09-09T21:43:49.332,0.16338506400006736,0,0.0,4.212823999750981,28.593580000233487,2.0,4722.6015625,3.0,1373.4375
yolo11s.pt,4,vertical,6,2026-09-09,21:43:49.368,2026-09-09T21:43:49.368,0.19927596699972128,0,0.0,4.216303999783122,33.03473400001167,5.2,4722.6015625,3.0,1373.4375
yolo11s.pt,4,vertical,7,2026-09-09,21:43:49.400,2026-09-09T21:43:49.400,0.23135280399992553,0,0.0,4.2389139998704195,29.329928000151995,2.0,4722.6015625,3.0,1373.4375
yolo11s.pt,4,vertical,8,2026-09-09,21:43:49.432,2026-09-09T21:43:49.432,0.2633233219999056,0,0.0,4.228344000239304,29.163839000375447,3.8,4722.6015625,3.0,1373.4375
yolo11s.pt,4,vertical,9,2026-09-09,21:43:49.468,2026-09-09T21:43:49.468,0.299312873999952,1,0.37003374099731445,4.411663000155386,33.49329200000284,1.8,4722.6015625,3.0,1373.4375
yolo11s.pt,4,vertical,10,2026-09-09,21:43:49.500,2026-09-09T21:43:49.500,0.3313517110000248,1,0.4073849618434906,4.4155129999126075,29.24583799995162,5.7,4722.6015625,3.0,1373.4375
yolo11s.pt,4,vertical,11,2026-09-09,21:43:49.532,2026-09-09T21:43:49.532,0.3633633889999146,0,0.0,4.234553000060259,28.969828999834135,2.0,4722.6015625,3.0,1373.4375
yolo11s.pt,4,vertical,12,2026-09-09,21:43:49.568,2026-09-09T21:43:49.568,0.3995874100000947,1,0.265821635723114,4.405352999583556,33.71812100021998,1.7,4722.6015625,3.0,1373.4375
yolo11s.pt,4,vertical,13,2026-09-09,21:43:49.600,2026-09-09T21:43:49.600,0.43155581800010623,0,0.0,4.205912999623251,28.90863899983742,2.0,4722.25,3.0,1373.4375
yolo11s.pt,4,vertical,14,2026-09-09,21:43:49.636,2026-09-09T21:43:49.636,0.46731722100003026,0,0.0,4.239692999817635,33.01094299968099,3.4,4722.25,3.0,1373.4375
yolo11s.pt,4,vertical,15,2026-09-09,21:43:49.668,2026-09-09T21:43:49.668,0.4993630879998818,0,0.0,4.193174000192812,29.227607999928296,2.0,4722.4765625,3.0,1373.4375
yolo11s.pt,4,vertical,16,2026-09-09,21:43:49.700,2026-09-09T21:43:49.700,0.5315181850000954,0,0.0,4.25511399998868,29.417757999908645,2.0,4722.4765625,11.0,1373.4375
yolo11s.pt,4,vertical,17,2026-09-09,21:43:49.732,2026-09-09T21:43:49.732,0.5632252229997903,0,0.0,4.232814000260987,28.902898999604076,5.8,4722.23046875,11.0,1373.4375
yolo11s.pt,4,vertical,18,2026-09-09,21:43:49.768,2026-09-09T21:43:49.768,0.5993674950000241,0,0.0,4.225313999995706,33.353922000060265,1.8,4722.23046875,11.0,1373.4375
yolo11s.pt,4,vertical,19,2026-09-09,21:43:49.800,2026-09-09T21:43:49.800,0.6312097139998514,0,0.0,4.2244940000273346,29.079378999995242,3.8,4722.23046875,11.0,1373.4375
yolo11s.pt,4,vertical,20,2026-09-09,21:43:49.836,2026-09-09T21:43:49.836,0.6673719350001193,0,0.0,4.215274000216596,33.362003000092955,1.8,4722.23046875,11.0,1373.4375
yolo11s.pt,4,vertical,21,2026-09-09,21:43:49.868,2026-09-09T21:43:49.868,0.6992904329999874,0,0.0,4.195184000309382,29.132828999991034,3.9,4722.71875,11.0,1373.4375
yolo11s.pt,4,vertical,22,2026-09-09,21:43:49.900,2026-09-09T21:43:49.900,0.7313927499999409,0,0.0,4.222203000153968,29.350686999805475,2.0,4722.71875,11.0,1373.4375
yolo11s.pt,4,vertical,23,2026-09-09,21:43:49.936,2026-09-09T21:43:49.936,0.7674138620000122,1,0.15388426184654236,4.392112999994424,33.54623100040044,3.4,4722.71875,11.0,1373.4375
yolo11s.pt,4,vertical,24,2026-09-09,21:43:49.968,2026-09-09T21:43:49.968,0.7992300999999316,0,0.0,4.206823999993503,28.752760000315902,2.0,4722.71875,11.0,1373.4375
yolo11s.pt,4,vertical,25,2026-09-09,21:43:50.000,2026-09-09T21:43:50.000,0.8315325059998031,0,0.0,4.262034000021231,29.58419699962178,3.8,4722.71875,11.0,1373.4375
yolo11s.pt,4,vertical,26,2026-09-09,21:43:50.036,2026-09-09T21:43:50.036,0.8675116189997425,1,0.2427695393562317,4.389423000247916,33.38775199972588,1.8,4722.71875,11.0,1373.4375
yolo11s.pt,4,vertical,27,2026-09-09,21:43:50.068,2026-09-09T21:43:50.068,0.8992829369999527,0,0.0,4.207403999771486,28.60257099973751,3.9,4722.71875,11.0,1373.4375
yolo11s.pt,4,vertical,28,2026-09-09,21:43:50.100,2026-09-09T21:43:50.100,0.9315134929997839,0,0.0,4.2375340003673045,29.465677000189316,3.8,4722.71875,11.0,1373.4375
yolo11s.pt,4,vertical,29,2026-09-09,21:43:50.136,2026-09-09T21:43:50.136,0.9675323960000242,1,0.5270524024963379,4.364104000160296,33.486341000298125,3.4,4722.71875,11.0,1373.4375
yolo11s.pt,4,vertical,30,2026-09-09,21:43:50.168,2026-09-09T21:43:50.168,0.9992134539998005,1,0.5094724297523499,4.369163000319531,28.91990900025121,2.0,4722.71875,11.0,1373.4375
yolo11s.pt,4,vertical,31,2026-09-09,21:43:50.200,2026-09-09T21:43:50.200,1.0315165409997462,1,0.3397788405418396,4.395303000364947,29.553727000347862,5.7,4722.71875,11.0,1373.4375
yolo11s.pt,4,vertical,32,2026-09-09,21:43:50.236,2026-09-09T21:43:50.236,1.0673061439997582,1,0.5979295969009399,4.396583000016108,33.052162999865686,1.8,4722.71875,11.0,1373.4375
yolo11s.pt,4,vertical,33,2026-09-09,21:43:50.268,2026-09-09T21:43:50.268,1.0993650010000238,1,0.5489681959152222,4.386423000141804,29.293448000316857,2.0,4722.71875,11.0,1373.4375
yolo11s.pt,4,vertical,34,2026-09-09,21:43:50.300,2026-09-09T21:43:50.300,1.13137100799986,1,0.5645210146903992,4.467533000024559,29.28167800018855,3.8,4722.71875,11.0,1373.4375
yolo11s.pt,4,vertical,35,2026-09-09,21:43:50.336,2026-09-09T21:43:50.336,1.1674349099998835,1,0.6487204432487488,4.350813999735692,33.204953000222304,3.4,4722.71875,11.0,1373.4375
yolo11s.pt,4,vertical,36,2026-09-09,21:43:50.368,2026-09-09T21:43:50.368,1.19914960899996,1,0.43503570556640625,4.3765529999291175,28.95463999993808,2.0,4722.71875,11.0,1373.4375
yolo11s.pt,4,vertical,37,2026-09-09,21:43:50.400,2026-09-09T21:43:50.400,1.231313795999995,1,0.6475540399551392,4.401322999910917,29.43505700022797,3.8,4722.71875,11.0,1373.4375
yolo11s.pt,4,vertical,38,2026-09-09,21:43:50.436,2026-09-09T21:43:50.436,1.267193627999859,1,0.29036757349967957,4.375733000415494,33.078772999942885,1.8,4722.71875,11.0,1373.4375
yolo11s.pt,4,vertical,39,2026-09-09,21:43:50.468,2026-09-09T21:43:50.468,1.2991856459998417,1,0.719376266002655,4.374223000013444,29.22403899992787,2.0,4722.71875,11.0,1373.4375
yolo11s.pt,4,vertical,40,2026-09-09,21:43:50.500,2026-09-09T21:43:50.500,1.3313864430001559,1,0.5423023104667664,4.39906300016446,29.4199669997397,3.8,4722.71875,11.0,1373.4375
yolo11s.pt,4,vertical,41,2026-09-09,21:43:50.536,2026-09-09T21:43:50.536,1.3672671049998826,1,0.29225391149520874,4.400432999773329,33.10796300002039,5.1,4722.71875,11.0,1373.4375
yolo11s.pt,4,vertical,42,2026-09-09,21:43:50.568,2026-09-09T21:43:50.568,1.3993743020000693,1,0.3865501284599304,4.431543000009697,29.33763800001543,2.0,4722.71875,11.0,1373.4375
yolo11s.pt,4,vertical,43,2026-09-09,21:43:50.604,2026-09-09T21:43:50.604,1.4354448439999032,1,0.6851425170898438,4.370932999790966,33.236452999972244,3.4,4722.71875,11.0,1373.4375
yolo11s.pt,4,vertical,44,2026-09-09,21:43:50.636,2026-09-09T21:43:50.636,1.4673833419997209,1,0.4274978041648865,4.382492999866372,29.18401900024037,3.8,4722.71875,11.0,1373.4375
yolo11s.pt,4,vertical,45,2026-09-09,21:43:50.668,2026-09-09T21:43:50.668,1.4994425589998173,1,0.3887324333190918,4.329913999754353,29.243447999760974,2.0,4722.71875,11.0,1373.4375
yolo11s.pt,4,vertical,46,2026-09-09,21:43:50.700,2026-09-09T21:43:50.700,1.5314667469997403,1,0.5315748453140259,4.428853000263189,29.329968000183726,3.8,4722.71875,12.0,1373.4375
yolo11s.pt,4,vertical,47,2026-09-09,21:43:50.736,2026-09-09T21:43:50.736,1.5672691400000076,1,0.32059982419013977,4.391534000205866,33.03956299987476,1.8,4722.71875,12.0,1373.4375
yolo11s.pt,4,vertical,48,2026-09-09,21:43:50.768,2026-09-09T21:43:50.768,1.5993309870000303,1,0.34378519654273987,4.400463000365562,29.299787000127253,3.9,4721.2890625,12.0,1372.4375
yolo11s.pt,4,vertical,49,2026-09-09,21:43:50.800,2026-09-09T21:43:50.800,1.6314779639997141,1,0.18635360896587372,4.413113000282465,29.352637000101822,2.0,4721.2890625,12.0,1370.3125
yolo11s.pt,4,vertical,50,2026-09-09,21:43:50.836,2026-09-09T21:43:50.836,1.6672418069997548,0,0.0,4.194793999886315,32.66106499995658,3.5,4721.2890625,12.0,1370.3125
yolo11s.pt,4,vertical,51,2026-09-09,21:43:50.868,2026-09-09T21:43:50.868,1.6993508739997196,0,0.0,4.175734000000375,29.303968000021996,2.0,4721.6484375,12.0,1370.3125
yolo11s.pt,4,vertical,52,2026-09-09,21:43:50.904,2026-09-09T21:43:50.904,1.7355220360000203,1,0.34504449367523193,4.381964000003791,33.71480099986002,3.4,4721.6484375,12.0,1370.3125
yolo11s.pt,4,vertical,53,2026-09-09,21:43:50.936,2026-09-09T21:43:50.936,1.767379052999786,1,0.3722049593925476,4.372544000034395,29.05554899962226,2.0,4721.6484375,12.0,1370.3125
yolo11s.pt,4,vertical,54,2026-09-09,21:43:50.968,2026-09-09T21:43:50.968,1.7994619709998005,0,0.0,4.183884000212856,28.963678999843978,3.8,4721.6484375,12.0,1370.3125
yolo11s.pt,4,vertical,55,2026-09-09,21:43:51.000,2026-09-09T21:43:51.000,1.8313390979997166,1,0.26111891865730286,4.359604000001127,29.36832699970182,2.0,4721.6484375,12.0,1370.3125
yolo11s.pt,4,vertical,56,2026-09-09,21:43:51.036,2026-09-09T21:43:51.036,1.8673628110000209,0,0.0,4.195764000087365,32.945533999736654,1.8,4721.6484375,12.0,1370.3125
yolo11s.pt,4,vertical,57,2026-09-09,21:43:51.068,2026-09-09T21:43:51.068,1.899223678999988,0,0.0,4.193083999780356,29.086188000292168,3.9,4721.6484375,12.0,1370.3125
yolo11s.pt,4,vertical,58,2026-09-09,21:43:51.104,2026-09-09T21:43:51.104,1.935406569999941,1,0.3225261867046356,4.362032999779331,33.6601110002448,3.4,4721.6484375,12.0,1370.3125
yolo11s.pt,4,vertical,59,2026-09-09,21:43:51.136,2026-09-09T21:43:51.136,1.9673386780000328,0,0.0,4.175974000190763,28.8519499999893,2.0,4721.6484375,12.0,1370.3125
yolo11s.pt,4,vertical,60,2026-09-09,21:43:51.168,2026-09-09T21:43:51.168,1.999437084999954,0,0.0,4.180513999926916,29.300418000275386,3.8,4721.6484375,12.0,1370.3125
yolo11s.pt,4,vertical,61,2026-09-09,21:43:51.204,2026-09-09T21:43:51.204,2.0354613670001527,0,0.0,4.182084000149189,33.25229300025967,5.1,4721.6484375,11.0,1370.3125
yolo11s.pt,4,vertical,62,2026-09-09,21:43:51.236,2026-09-09T21:43:51.236,2.067522454000027,0,0.0,4.179164000106539,29.285277999861137,2.0,4721.6484375,11.0,1370.3125
yolo11s.pt,4,vertical,63,2026-09-09,21:43:51.267,2026-09-09T21:43:51.267,2.099145892999786,0,0.0,4.201393999665015,28.844269000273925,3.9,4721.6484375,11.0,1370.3125
yolo11s.pt,4,vertical,64,2026-09-09,21:43:51.304,2026-09-09T21:43:51.304,2.135374954999861,0,0.0,4.204552999908628,33.41840199982471,1.8,4721.6484375,11.0,1370.3125
yolo11s.pt,4,vertical,65,2026-09-09,21:43:51.336,2026-09-09T21:43:51.336,2.167414911999913,1,0.21174167096614838,4.455703000076028,29.635216000315268,2.0,4721.6484375,11.0,1370.3125
yolo11s.pt,4,vertical,66,2026-09-09,21:43:51.368,2026-09-09T21:43:51.368,2.1993766189998496,0,0.0,4.324703999827761,28.951008999683836,3.8,4722.00390625,11.0,1370.3125
yolo11s.pt,4,vertical,67,2026-09-09,21:43:51.404,2026-09-09T21:43:51.404,2.235425931000009,0,0.0,4.208094000205165,33.16845299968918,1.8,4722.00390625,11.0,1370.3125
yolo11s.pt,4,vertical,68,2026-09-09,21:43:51.436,2026-09-09T21:43:51.436,2.2675498379999226,0,0.0,4.239114000029076,29.37014700000873,2.0,4722.00390625,11.0,1370.3125
yolo11s.pt,4,vertical,69,2026-09-09,21:43:51.468,2026-09-09T21:43:51.468,2.299183997,1,0.4512571096420288,4.357843999969191,29.081639000196446,2.0,4722.00390625,11.0,1370.3125
yolo11s.pt,4,vertical,70,2026-09-09,21:43:51.504,2026-09-09T21:43:51.504,2.3352730589999737,0,0.0,4.200454000056197,33.02370399978827,5.2,4722.00390625,11.0,1370.3125
yolo11s.pt,4,vertical,71,2026-09-09,21:43:51.536,2026-09-09T21:43:51.536,2.3674489859999994,1,0.3973621129989624,4.3558829997891735,29.68177699995067,1.9,4722.00390625,11.0,1370.3125
yolo11s.pt,4,vertical,72,2026-09-09,21:43:51.567,2026-09-09T21:43:51.567,2.399170604000119,0,0.0,4.197673999897233,28.658810000251833,2.0,4721.43359375,11.0,1370.3125
yolo11s.pt,4,vertical,73,2026-09-09,21:43:51.604,2026-09-09T21:43:51.604,2.4354813750001085,0,0.0,4.193364000002475,33.516521000365174,3.4,4721.1875,11.0,1370.3125
yolo11s.pt,4,vertical,74,2026-09-09,21:43:51.636,2026-09-09T21:43:51.636,2.4674863430000187,0,0.0,4.198284000267449,29.221317999599705,2.0,4721.1875,11.0,1370.3125
yolo11s.pt,4,vertical,75,2026-09-09,21:43:51.668,2026-09-09T21:43:51.668,2.4992171220001183,1,0.2709251046180725,4.338412999913999,29.217767999853095,3.9,4721.1875,11.0,1370.3125
yolo11s.pt,4,vertical,76,2026-09-09,21:43:51.704,2026-09-09T21:43:51.704,2.5354986629999985,1,0.26827967166900635,4.3816229999720235,33.53272100002869,3.4,4721.1875,11.0,1370.3125
yolo11s.pt,4,vertical,77,2026-09-09,21:43:51.736,2026-09-09T21:43:51.736,2.5675208600000587,1,0.3238159716129303,4.374383000140369,29.252657999677467,2.0,4721.1875,11.0,1370.3125
yolo11s.pt,4,vertical,78,2026-09-09,21:43:51.768,2026-09-09T21:43:51.768,2.5992281889998594,1,0.3304843008518219,4.374244000246108,28.835509000145976,2.0,4721.1875,11.0,1370.3125
yolo11s.pt,4,vertical,79,2026-09-09,21:43:51.804,2026-09-09T21:43:51.804,2.6355046499998025,1,0.3981611728668213,4.391442999803985,33.527450999827124,3.4,4721.1875,11.0,1370.3125
yolo11s.pt,4,vertical,80,2026-09-09,21:43:51.836,2026-09-09T21:43:51.836,2.667442946999927,1,0.5041974782943726,4.3620540000119945,29.14811800019379,3.9,4720.94140625,11.0,1370.3125
yolo11s.pt,4,vertical,81,2026-09-09,21:43:51.868,2026-09-09T21:43:51.868,2.6993194050000966,1,0.38390177488327026,4.381403000024875,29.12767799989524,7.5,4720.94140625,11.0,1370.3125
yolo11s.pt,4,vertical,82,2026-09-09,21:43:51.904,2026-09-09T21:43:51.904,2.7353338980001354,0,0.0,4.188212999906682,32.9227140000512,1.8,4720.94140625,11.0,1370.3125
yolo11s.pt,4,vertical,83,2026-09-09,21:43:51.936,2026-09-09T21:43:51.936,2.767373085000145,1,0.44257017970085144,4.343892999713717,29.545596999923873,2.0,4720.94140625,11.0,1370.3125
yolo11s.pt,4,vertical,84,2026-09-09,21:43:51.968,2026-09-09T21:43:51.968,2.799280902999726,1,0.6900830268859863,4.3664029999490594,29.124798999873747,3.9,4720.5859375,11.0,1370.3125
yolo11s.pt,4,vertical,85,2026-09-09,21:43:52.004,2026-09-09T21:43:52.004,2.8352568450000035,1,0.572637140750885,4.365403000065271,33.19935300032739,1.8,4720.5859375,11.0,1370.3125
yolo11s.pt,4,vertical,86,2026-09-09,21:43:52.036,2026-09-09T21:43:52.036,2.867153693000091,1,0.7264276742935181,4.405492999921989,29.229367999960232,3.9,4720.5859375,11.0,1370.3125
yolo11s.pt,4,vertical,87,2026-09-09,21:43:52.068,2026-09-09T21:43:52.068,2.8991776899997603,1,0.37220898270606995,4.37475299986545,29.15445799999361,2.0,4720.5859375,11.0,1370.3125
yolo11s.pt,4,vertical,88,2026-09-09,21:43:52.104,2026-09-09T21:43:52.104,2.9353516520000085,1,0.6058580279350281,4.368093000266526,33.363343000019086,3.4,4720.5859375,11.0,1370.3125
yolo11s.pt,4,vertical,89,2026-09-09,21:43:52.134,2026-09-09T21:43:52.134,2.965741964999779,1,0.16491954028606415,4.3816540000989335,27.64197399983459,2.1,4720.5859375,11.0,1370.3125
yolo11s.pt,4,vertical,90,2026-09-09,21:43:52.168,2026-09-09T21:43:52.168,2.9992822270000943,1,0.34805282950401306,4.3816130000777775,30.74602300011975,3.7,4720.5859375,11.0,1370.3125
yolo11s.pt,4,vertical,91,2026-09-09,21:43:52.204,2026-09-09T21:43:52.204,3.0354324589998214,1,0.6609145998954773,4.374203000224952,33.35549200028254,1.7,4720.5859375,12.0,1370.3125
yolo11s.pt,4,vertical,92,2026-09-09,21:43:52.236,2026-09-09T21:43:52.236,3.067322306999813,0,0.0,4.222433999984787,28.782449000118504,4.0,4720.5859375,12.0,1370.3125
yolo11s.pt,4,vertical,93,2026-09-09,21:43:52.268,2026-09-09T21:43:52.268,3.099254014000053,1,0.26769521832466125,4.390912999951979,29.434547000164457,3.8,4720.5859375,12.0,1370.3125
yolo11s.pt,4,vertical,94,2026-09-09,21:43:52.304,2026-09-09T21:43:52.304,3.1354114259997914,1,0.7382767796516418,4.395933000068908,33.37281299991446,1.7,4720.5703125,12.0,1370.3125
yolo11s.pt,4,vertical,95,2026-09-09,21:43:52.336,2026-09-09T21:43:52.336,3.16754788299977,1,0.520003080368042,4.369352999674447,29.374366999945778,3.9,4720.5703125,12.0,1370.3125
yolo11s.pt,4,vertical,96,2026-09-09,21:43:52.372,2026-09-09T21:43:52.372,3.203341745999751,1,0.5163734555244446,4.391323000163538,32.98875400014367,1.8,4720.5703125,12.0,1370.3125
yolo11s.pt,4,vertical,97,2026-09-09,21:43:52.404,2026-09-09T21:43:52.404,3.235183563999726,1,0.7633761167526245,4.3527930001801,29.009308999775385,3.9,4720.5703125,12.0,1370.3125
yolo11s.pt,4,vertical,98,2026-09-09,21:43:52.436,2026-09-09T21:43:52.436,3.2673465110001416,1,0.24143733084201813,4.374532999918301,29.39907800009678,2.0,4720.5703125,12.0,1370.3125
yolo11s.pt,4,vertical,99,2026-09-09,21:43:52.472,2026-09-09T21:43:52.472,3.303521652999734,1,0.4518461227416992,4.370383999685146,33.40175200037265,1.7,4720.5703125,12.0,1370.3125
yolo11s.pt,4,vertical,100,2026-09-09,21:43:52.504,2026-09-09T21:43:52.504,3.335551740000028,1,0.4375191032886505,4.367013000319275,29.19973799998843,3.9,4720.5703125,12.0,1370.3125
yolo11s.pt,4,vertical,101,2026-09-09,21:43:52.536,2026-09-09T21:43:52.536,3.367470348000097,1,0.6081234812736511,4.448902000149246,29.2052079998939,2.0,4720.80859375,12.0,1370.3125
yolo11s.pt,4,vertical,102,2026-09-09,21:43:52.572,2026-09-09T21:43:52.572,3.4034919299997455,0,0.0,4.2145530001107545,32.86690400000225,1.8,4720.80859375,12.0,1370.3125
yolo11s.pt,4,vertical,103,2026-09-09,21:43:52.604,2026-09-09T21:43:52.604,3.435348657999839,1,0.22849173843860626,4.347333000168874,29.319367999960377,5.7,4720.5,12.0,1370.3125
yolo11s.pt,4,vertical,104,2026-09-09,21:43:52.636,2026-09-09T21:43:52.636,3.467461175000153,0,0.0,4.204673999993247,29.07481900001585,2.0,4720.5,12.0,1370.3125
yolo11s.pt,4,vertical,105,2026-09-09,21:43:52.672,2026-09-09T21:43:52.672,3.5033200769998984,0,0.0,4.179914000360441,33.06967299977259,1.8,4720.5,12.0,1370.3125
yolo11s.pt,4,vertical,106,2026-09-09,21:43:52.704,2026-09-09T21:43:52.704,3.5354719839997415,1,0.16255328059196472,4.382103999887477,29.662766000001284,3.8,4720.5,11.0,1370.3125
yolo11s.pt,4,vertical,107,2026-09-09,21:43:52.736,2026-09-09T21:43:52.736,3.567333182999846,0,0.0,4.203663999760465,28.849229000115884,4.0,4720.5,11.0,1370.3125
yolo11s.pt,4,vertical,108,2026-09-09,21:43:52.772,2026-09-09T21:43:52.772,3.6033503049998217,1,0.2282070517539978,4.372312999748829,33.50679100003617,1.7,4720.5,11.0,1370.3125
yolo11s.pt,4,vertical,109,2026-09-09,21:43:52.804,2026-09-09T21:43:52.804,3.6354965519999496,1,0.4592120945453644,4.389572999571101,29.40023699966332,2.0,4720.4921875,11.0,1370.3125
yolo11s.pt,4,vertical,110,2026-09-09,21:43:52.836,2026-09-09T21:43:52.836,3.667383478999909,1,0.5144975185394287,4.375414000151068,29.11081800039028,3.9,4720.4921875,11.0,1370.3125
yolo11s.pt,4,vertical,111,2026-09-09,21:43:52.872,2026-09-09T21:43:52.872,3.703247892000036,1,0.17848457396030426,4.356413000095927,33.090323000124044,3.5,4720.4921875,11.0,1370.3125
yolo11s.pt,4,vertical,112,2026-09-09,21:43:52.904,2026-09-09T21:43:52.904,3.7352415199998177,1,0.34376993775367737,4.367203000128939,29.21831799994834,3.8,4720.734375,11.0,1370.3125
yolo11s.pt,4,vertical,113,2026-09-09,21:43:52.936,2026-09-09T21:43:52.936,3.767493135999757,0,0.0,4.21459400013191,29.227068000182044,2.0,4720.734375,11.0,1370.3125
yolo11s.pt,4,vertical,114,2026-09-09,21:43:52.972,2026-09-09T21:43:52.972,3.8033299690000604,0,0.0,4.218504000164103,33.04242400008661,3.4,4720.734375,11.0,1370.3125
yolo11s.pt,4,vertical,115,2026-09-09,21:43:53.004,2026-09-09T21:43:53.004,3.8353452060000564,0,0.0,4.249014000379248,29.259667999667727,2.0,4720.734375,11.0,1370.3125
yolo11s.pt,4,vertical,116,2026-09-09,21:43:53.036,2026-09-09T21:43:53.036,3.867472902999907,0,0.0,4.216664000068704,29.308037999726366,5.8,4720.734375,11.0,1370.3125
yolo11s.pt,4,vertical,117,2026-09-09,21:43:53.072,2026-09-09T21:43:53.072,3.903440405999845,1,0.3637153208255768,4.408612999668549,33.522580999942875,1.7,4720.734375,11.0,1370.3125
yolo11s.pt,4,vertical,118,2026-09-09,21:43:53.104,2026-09-09T21:43:53.104,3.9352279839999937,0,0.0,4.230293999626156,28.71580000009999,2.0,4720.734375,11.0,1370.3125
yolo11s.pt,4,vertical,119,2026-09-09,21:43:53.136,2026-09-09T21:43:53.136,3.9674487209999825,1,0.30005669593811035,4.421993000050861,29.732685999988462,3.8,4720.734375,11.0,1370.3125
yolo11s.pt,4,vertical,120,2026-09-09,21:43:53.172,2026-09-09T21:43:53.172,4.003267164000135,1,0.17396457493305206,4.381922999982635,33.005612999659206,1.8,4720.734375,11.0,1370.3125
yolo11s.pt,4,vertical,121,2026-09-09,21:43:53.204,2026-09-09T21:43:53.204,4.035300840999753,0,0.0,4.199334000077215,28.95224900021276,3.9,4720.734375,12.0,1370.3125
yolo11s.pt,4,vertical,122,2026-09-09,21:43:53.232,2026-09-09T21:43:53.232,4.0631609940001,0,0.0,4.26484400031768,25.132704000043304,4.3,4720.734375,12.0,1370.3125
yolo11s.pt,4,vertical,123,2026-09-09,21:43:53.272,2026-09-09T21:43:53.272,4.10327025100014,0,0.0,4.172064000158571,37.19370799990429,1.6,4720.734375,12.0,1370.3125
yolo11s.pt,4,vertical,124,2026-09-09,21:43:53.304,2026-09-09T21:43:53.304,4.1352739779999865,0,0.0,4.141823999816552,29.181077999965055,2.0,4720.734375,12.0,1370.3125
yolo11s.pt,4,vertical,125,2026-09-09,21:43:53.336,2026-09-09T21:43:53.336,4.1673654249998435,0,0.0,4.180393999831722,29.345397999804845,3.9,4721.08984375,12.0,1370.3125
yolo11s.pt,4,vertical,126,2026-09-09,21:43:53.372,2026-09-09T21:43:53.372,4.203325028000108,1,0.19600749015808105,4.379782999876625,33.485101999758626,3.4,4721.08984375,12.0,1370.3125
yolo11s.pt,4,vertical,127,2026-09-09,21:43:53.404,2026-09-09T21:43:53.404,4.2351506959998915,1,0.3329298496246338,4.370702999949572,29.034699000021646,3.9,4721.08984375,12.0,1370.3125
yolo11s.pt,4,vertical,128,2026-09-09,21:43:53.436,2026-09-09T21:43:53.436,4.267359762000069,0,0.0,4.188913999769284,29.13574800004426,2.0,4721.08984375,12.0,1370.3125
yolo11s.pt,4,vertical,129,2026-09-09,21:43:53.472,2026-09-09T21:43:53.472,4.303351044999999,0,0.0,4.238063999764563,33.27858200009359,1.7,4721.08984375,12.0,1370.3125
yolo11s.pt,4,vertical,130,2026-09-09,21:43:53.504,2026-09-09T21:43:53.504,4.335594750999917,1,0.35899055004119873,4.330443000071682,29.69487600012144,3.8,4721.08984375,12.0,1370.3125
yolo11s.pt,4,vertical,131,2026-09-09,21:43:53.540,2026-09-09T21:43:53.540,4.371423663999849,0,0.0,4.237394000028871,32.82026499982749,1.8,4721.08984375,12.0,1370.3125
yolo11s.pt,4,vertical,132,2026-09-09,21:43:53.572,2026-09-09T21:43:53.572,4.403409880999789,1,0.36405128240585327,4.38101400004598,29.443406999689614,3.8,4721.015625,12.0,1370.3125
yolo11s.pt,4,vertical,133,2026-09-09,21:43:53.604,2026-09-09T21:43:53.604,4.435585677999825,1,0.313178688287735,4.427713000040967,29.46634699992501,2.0,4721.015625,12.0,1370.3125
yolo11s.pt,4,vertical,134,2026-09-09,21:43:53.640,2026-09-09T21:43:53.640,4.471464051000112,1,0.6068264245986938,4.431912999734777,33.075924000058876,3.4,4721.015625,12.0,1370.3125
yolo11s.pt,4,vertical,135,2026-09-09,21:43:53.672,2026-09-09T21:43:53.672,4.503432398999848,1,0.17416666448116302,4.3634530002236716,29.16494800001601,2.0,4721.015625,12.0,1370.3125
yolo11s.pt,4,vertical,136,2026-09-09,21:43:53.704,2026-09-09T21:43:53.704,4.535506125999746,1,0.38127583265304565,4.456402999949205,29.37505699992471,5.7,4721.015625,11.0,1370.3125
yolo11s.pt,4,vertical,137,2026-09-09,21:43:53.740,2026-09-09T21:43:53.740,4.571440037999764,1,0.5480098128318787,4.410643000028358,33.104013000411214,1.8,4721.015625,11.0,1370.3125
yolo11s.pt,4,vertical,138,2026-09-09,21:43:53.772,2026-09-09T21:43:53.772,4.603309566000007,0,0.0,4.190313999970385,28.740790000028937,2.0,4720.0859375,11.0,1370.3125
yolo11s.pt,4,vertical,139,2026-09-09,21:43:53.800,2026-09-09T21:43:53.800,4.6311857800001235,0,0.0,4.312182999910874,25.205194000136544,2.2,4720.0859375,11.0,1370.3125
yolo11s.pt,4,vertical,140,2026-09-09,21:43:53.840,2026-09-09T21:43:53.840,4.671331055999872,0,0.0,4.2197740003757644,37.244728000132454,4.5,4720.0859375,11.0,1370.3125
yolo11s.pt,4,vertical,141,2026-09-09,21:43:53.872,2026-09-09T21:43:53.872,4.703315363999991,1,0.6094621419906616,4.479333000290353,29.635907000283623,5.9,4721.98046875,11.0,1371.9375
yolo11s.pt,4,vertical,142,2026-09-09,21:43:53.904,2026-09-09T21:43:53.904,4.735401900999932,1,0.3287425935268402,4.375182999865501,29.14543799988678,2.0,4721.98046875,11.0,1371.9375
yolo11s.pt,4,vertical,143,2026-09-09,21:43:53.940,2026-09-09T21:43:53.940,4.771480232000158,1,0.5700945854187012,4.432633000305941,33.35816199978581,3.4,4721.98046875,11.0,1371.9375
yolo11s.pt,4,vertical,144,2026-09-09,21:43:53.972,2026-09-09T21:43:53.972,4.803280060999896,1,0.5792967677116394,4.398173000026873,28.95447900027648,2.0,4721.98046875,11.0,1371.9375
yolo11s.pt,4,vertical,145,2026-09-09,21:43:54.004,2026-09-09T21:43:54.004,4.8353855979999025,1,0.34957870841026306,4.375493000225106,29.291226999703213,3.8,4721.98046875,11.0,1371.9375
yolo11s.pt,4,vertical,146,2026-09-09,21:43:54.040,2026-09-09T21:43:54.040,4.871314389999952,0,0.0,4.218044000026566,32.83992400019997,5.2,4721.98046875,11.0,1371.9375
yolo11s.pt,4,vertical,147,2026-09-09,21:43:54.072,2026-09-09T21:43:54.072,4.9034522070001,1,0.6582306623458862,4.3493230000422045,29.61733699976321,3.8,4721.98046875,11.0,1371.9375
yolo11s.pt,4,vertical,148,2026-09-09,21:43:54.104,2026-09-09T21:43:54.104,4.9355454239998835,1,0.4476003646850586,4.478473000290251,29.43214800006899,2.0,4721.98046875,11.0,1371.9375
yolo11s.pt,4,vertical,149,2026-09-09,21:43:54.140,2026-09-09T21:43:54.140,4.971393487000114,1,0.5802726149559021,4.747892000068532,33.35834200015597,1.8,4721.98046875,11.0,1371.9375
yolo11s.pt,4,vertical,150,2026-09-09,21:43:54.172,2026-09-09T21:43:54.172,5.003188874999978,1,0.23555147647857666,4.384082999877137,28.716119999899092,2.0,4721.98046875,11.0,1371.9375
yolo11s.pt,4,vertical,151,2026-09-09,21:43:54.204,2026-09-09T21:43:54.204,5.035340492000159,1,0.6915573477745056,4.381013000056555,29.308887999832223,5.7,4721.98046875,11.0,1371.9375
yolo11s.pt,4,vertical,152,2026-09-09,21:43:54.240,2026-09-09T21:43:54.240,5.071399544000087,1,0.5960497260093689,4.410572999859141,33.29912300023352,1.8,4721.98046875,11.0,1371.9375
yolo11s.pt,4,vertical,153,2026-09-09,21:43:54.272,2026-09-09T21:43:54.272,5.10336031199995,1,0.3584023714065552,4.382552999686595,29.167139000037423,2.0,4721.98046875,11.0,1371.9375
yolo11s.pt,4,vertical,154,2026-09-09,21:43:54.300,2026-09-09T21:43:54.300,5.131179924999742,1,0.3584023714065552,4.4231229999240895,25.031743999988976,2.2,4721.98046875,11.0,1371.9375
yolo11s.pt,4,vertical,155,2026-09-09,21:43:54.340,2026-09-09T21:43:54.340,5.171409540999775,1,0.6950274705886841,4.412293000314094,37.46315699982006,3.1,4721.98046875,11.0,1371.9375
yolo11s.pt,4,vertical,156,2026-09-09,21:43:54.372,2026-09-09T21:43:54.372,5.203416858999844,1,0.48054319620132446,4.359212999588635,29.123819000233198,3.9,4721.98046875,11.0,1371.9375
yolo11s.pt,4,vertical,157,2026-09-09,21:43:54.404,2026-09-09T21:43:54.404,5.235367416999907,1,0.33699512481689453,4.343193000295287,29.145497999707004,2.0,4721.98046875,11.0,1371.9375
yolo11s.pt,4,vertical,158,2026-09-09,21:43:54.440,2026-09-09T21:43:54.440,5.271383558999787,0,0.0,4.252403000009508,33.02970300001107,3.5,4721.98046875,11.0,1371.9375
yolo11s.pt,4,vertical,159,2026-09-09,21:43:54.472,2026-09-09T21:43:54.472,5.303455696000128,1,0.3330395817756653,4.370442999970692,29.526557000281173,3.8,4721.98046875,11.0,1371.9375
yolo11s.pt,4,vertical,160,2026-09-09,21:43:54.504,2026-09-09T21:43:54.504,5.3353615339997305,0,0.0,4.250173000400537,28.899909000301705,2.0,4722.22265625,11.0,1371.9375
yolo11s.pt,4,vertical,161,2026-09-09,21:43:54.540,2026-09-09T21:43:54.540,5.3713897960001304,1,0.24808065593242645,4.40010300007998,33.53782100020908,3.4,4722.22265625,11.0,1371.9375
yolo11s.pt,4,vertical,162,2026-09-09,21:43:54.572,2026-09-09T21:43:54.572,5.403361903000132,0,0.0,4.19716399983372,28.862309000032838,3.9,4722.38671875,11.0,1371.9375
yolo11s.pt,4,vertical,163,2026-09-09,21:43:54.604,2026-09-09T21:43:54.604,5.435356950999903,1,0.35869476199150085,4.364763000012317,29.488326999853598,5.7,4722.13671875,11.0,1371.9375
yolo11s.pt,4,vertical,164,2026-09-09,21:43:54.640,2026-09-09T21:43:54.640,5.471343402999992,1,0.25333571434020996,4.397243000312301,33.249733000047854,1.7,4722.13671875,11.0,1371.9375
yolo11s.pt,4,vertical,165,2026-09-09,21:43:54.672,2026-09-09T21:43:54.672,5.503459510000084,0,0.0,4.165994000231876,28.98767900023813,2.0,4722.13671875,11.0,1371.9375
yolo11s.pt,4,vertical,166,2026-09-09,21:43:54.704,2026-09-09T21:43:54.704,5.535374428000068,1,0.2910168766975403,4.368722999970487,29.424397999719076,2.0,4722.13671875,11.0,1371.9375
yolo11s.pt,4,vertical,167,2026-09-09,21:43:54.740,2026-09-09T21:43:54.740,5.571296009999969,0,0.0,4.210193999824696,32.89435399983631,5.2,4722.13671875,11.0,1371.9375
yolo11s.pt,4,vertical,168,2026-09-09,21:43:54.772,2026-09-09T21:43:54.772,5.603325097999914,1,0.4671472907066345,4.3547730001591844,29.476437000084843,2.0,4722.13671875,11.0,1371.9375
yolo11s.pt,4,vertical,169,2026-09-09,21:43:54.807,2026-09-09T21:43:54.807,5.6391631209999105,0,0.0,4.1946439996536355,32.78138400037278,1.8,4722.13671875,11.0,1371.9375
yolo11s.pt,4,vertical,170,2026-09-09,21:43:54.840,2026-09-09T21:43:54.840,5.671355706999748,0,0.0,4.225724000207265,29.38541699995767,5.7,4722.13671875,11.0,1371.9375
yolo11s.pt,4,vertical,171,2026-09-09,21:43:54.872,2026-09-09T21:43:54.872,5.703432684999825,0,0.0,4.180964000170206,29.2166190001808,2.0,4723.10546875,11.0,1371.9375
yolo11s.pt,4,vertical,172,2026-09-09,21:43:54.904,2026-09-09T21:43:54.904,5.735413381999933,0,0.0,4.182383999705053,29.139847999886115,5.7,4723.10546875,11.0,1371.9375
yolo11s.pt,4,vertical,173,2026-09-09,21:43:54.940,2026-09-09T21:43:54.940,5.771447013999932,1,0.28858575224876404,4.400812999847403,33.568882000054145,3.4,4723.10546875,11.0,1371.9375
yolo11s.pt,4,vertical,174,2026-09-09,21:43:54.971,2026-09-09T21:43:54.971,5.8031884629999695,0,0.0,4.222313999889593,28.640359999826615,2.0,4723.10546875,11.0,1371.9375
yolo11s.pt,4,vertical,175,2026-09-09,21:43:55.008,2026-09-09T21:43:55.008,5.83934770399992,1,0.19668903946876526,4.3637529997795355,33.644460999767034,1.7,4723.10546875,11.0,1371.9375
yolo11s.pt,4,vertical,176,2026-09-09,21:43:55.040,2026-09-09T21:43:55.040,5.871343582000009,1,0.44882330298423767,4.386572999919736,29.1960080003264,5.7,4723.10546875,11.0,1371.9375
yolo11s.pt,4,vertical,177,2026-09-09,21:43:55.072,2026-09-09T21:43:55.072,5.903168790000109,1,0.4364127814769745,4.358022999895184,29.03615900004297,2.0,4723.10546875,11.0,1371.9375
yolo11s.pt,4,vertical,178,2026-09-09,21:43:55.107,2026-09-09T21:43:55.107,5.939189132000138,0,0.0,4.188653999790404,32.89706400028081,3.5,4723.10546875,11.0,1371.9375
yolo11s.pt,4,vertical,179,2026-09-09,21:43:55.140,2026-09-09T21:43:55.140,5.971272609000152,1,0.42481040954589844,4.39238299986755,29.597296999781975,1.9,4723.10546875,11.0,1371.9375
yolo11s.pt,4,vertical,180,2026-09-09,21:43:55.172,2026-09-09T21:43:55.172,6.003378846000032,1,0.24841362237930298,4.357033999895066,29.278898000029585,5.8,4723.10546875,11.0,1371.9375
yolo11s.pt,4,vertical,181,2026-09-09,21:43:55.208,2026-09-09T21:43:55.208,6.039318888999787,1,0.31162241101264954,4.46214300018255,33.259963000091375,1.8,4723.08984375,12.0,1372.125
yolo11s.pt,4,vertical,182,2026-09-09,21:43:55.240,2026-09-09T21:43:55.240,6.071369255999798,1,0.4296441674232483,4.416682999817567,29.20330799997828,5.7,4723.08984375,12.0,1372.125
yolo11s.pt,4,vertical,183,2026-09-09,21:43:55.272,2026-09-09T21:43:55.272,6.103339874000085,1,0.17871598899364471,4.358842999863555,29.142097999738326,2.0,4723.08984375,12.0,1372.125
yolo11s.pt,4,vertical,184,2026-09-09,21:43:55.309,2026-09-09T21:43:55.309,6.13949751500013,1,0.5539624691009521,4.720911999811506,33.86632000001555,3.4,4723.08984375,12.0,1372.125
yolo11s.pt,4,vertical,185,2026-09-09,21:43:55.340,2026-09-09T21:43:55.340,6.171396502999869,1,0.156668558716774,4.426593000061985,28.6714909998409,3.9,4723.08984375,12.0,1372.125
yolo11s.pt,4,vertical,186,2026-09-09,21:43:55.372,2026-09-09T21:43:55.372,6.203410879999865,1,0.44731178879737854,4.389893999814376,29.26746799994362,3.9,4723.08203125,12.0,1372.125
yolo11s.pt,4,vertical,187,2026-09-09,21:43:55.408,2026-09-09T21:43:55.408,6.239256013000158,1,0.4402772784233093,4.47179299999334,33.12697299998035,1.8,4723.32421875,12.0,1372.375
yolo11s.pt,4,vertical,188,2026-09-09,21:43:55.440,2026-09-09T21:43:55.440,6.271410139999716,1,0.35081180930137634,4.453182999895944,29.296557000179746,3.8,4723.5703125,12.0,1372.375
yolo11s.pt,4,vertical,189,2026-09-09,21:43:55.472,2026-09-09T21:43:55.472,6.303139678999742,1,0.7918277978897095,4.404433000217978,28.92578900036824,2.0,4723.5703125,12.0,1372.375
yolo11s.pt,4,vertical,190,2026-09-09,21:43:55.508,2026-09-09T21:43:55.508,6.3392878999998175,1,0.3298277258872986,4.433832999893639,33.39062300028672,1.7,4723.5703125,12.0,1372.375
yolo11s.pt,4,vertical,191,2026-09-09,21:43:55.540,2026-09-09T21:43:55.540,6.371119148000162,1,0.2964177131652832,4.380763999961346,29.047269000329834,3.9,4723.3984375,12.0,1372.375
yolo11s.pt,4,vertical,192,2026-09-09,21:43:55.572,2026-09-09T21:43:55.572,6.4031908259999,0,0.0,4.545392999716569,29.307668000001286,2.0,4723.15234375,12.0,1372.375
yolo11s.pt,4,vertical,193,2026-09-09,21:43:55.608,2026-09-09T21:43:55.608,6.439401246999751,1,0.37457573413848877,4.4230930002413515,33.423752000089735,3.4,4722.9609375,12.0,1372.375
yolo11s.pt,4,vertical,194,2026-09-09,21:43:55.640,2026-09-09T21:43:55.640,6.471490303999872,1,0.5174992084503174,4.448133000096277,29.3617769998491,2.0,4722.93359375,12.0,1372.375
yolo11s.pt,4,vertical,195,2026-09-09,21:43:55.672,2026-09-09T21:43:55.672,6.503328581999995,1,0.5705299377441406,4.4230129997231415,29.038788999969256,2.0,4722.93359375,12.0,1372.375
yolo11s.pt,4,vertical,196,2026-09-09,21:43:55.708,2026-09-09T21:43:55.708,6.539236815000095,1,0.5173825025558472,4.444802999842068,33.12049300029685,3.5,4722.93359375,11.0,1372.375
yolo11s.pt,4,vertical,197,2026-09-09,21:43:55.740,2026-09-09T21:43:55.740,6.57138710199979,1,0.2848958969116211,4.425303000061831,29.345378000016353,3.8,4722.93359375,11.0,1372.375
yolo11s.pt,4,vertical,198,2026-09-09,21:43:55.772,2026-09-09T21:43:55.772,6.60331824900004,1,0.5900388956069946,4.426602999956231,29.091029000028357,2.0,4722.93359375,11.0,1372.375
yolo11s.pt,4,vertical,199,2026-09-09,21:43:55.808,2026-09-09T21:43:55.808,6.639301471999715,1,0.27426594495773315,4.41144299975349,33.186303000093176,3.4,4722.93359375,11.0,1372.375
yolo11s.pt,4,vertical,200,2026-09-09,21:43:55.840,2026-09-09T21:43:55.840,6.671464877999824,1,0.40814754366874695,4.46519300021464,29.39733699986391,2.0,4722.93359375,11.0,1372.375
yolo11s.pt,4,vertical,201,2026-09-09,21:43:55.876,2026-09-09T21:43:55.876,6.707421670999793,0,0.0,4.227374000038253,32.84238500009451,3.5,4722.9296875,11.0,1371.4375
yolo11s.pt,4,vertical,202,2026-09-09,21:43:55.908,2026-09-09T21:43:55.908,6.739226909000081,1,0.5416529774665833,4.4143029999759165,29.292398000052344,2.0,4722.9296875,11.0,1371.4375
yolo11s.pt,4,vertical,203,2026-09-09,21:43:55.940,2026-09-09T21:43:55.940,6.771329335999781,1,0.17769183218479156,4.460893000214128,29.399637999631523,3.8,4722.9296875,11.0,1371.4375
yolo11s.pt,4,vertical,204,2026-09-09,21:43:55.972,2026-09-09T21:43:55.972,6.803221413999836,0,0.0,4.213264000100025,28.73756000008143,2.0,4722.9296875,11.0,1371.4375
yolo11s.pt,4,vertical,205,2026-09-09,21:43:56.008,2026-09-09T21:43:56.008,6.8391656859998875,1,0.4205145239830017,4.417702999944595,33.48962199970629,3.4,4722.9296875,11.0,1371.4375
yolo11s.pt,4,vertical,206,2026-09-09,21:43:56.040,2026-09-09T21:43:56.040,6.871380433000013,1,0.6192958950996399,4.450513000392675,29.43938699991122,2.0,4722.9296875,11.0,1371.4375
yolo11s.pt,4,vertical,207,2026-09-09,21:43:56.072,2026-09-09T21:43:56.072,6.903297581000061,0,0.0,4.232574000070599,28.841249999913998,5.8,4722.9296875,11.0,1371.4375
yolo11s.pt,4,vertical,208,2026-09-09,21:43:56.108,2026-09-09T21:43:56.108,6.939280242999757,1,0.22630153596401215,4.427462999956333,33.47949199996947,3.4,4722.9296875,11.0,1371.4375
yolo11s.pt,4,vertical,209,2026-09-09,21:43:56.140,2026-09-09T21:43:56.140,6.971552779999911,1,0.4817781150341034,4.439802999968379,29.51758700010032,2.0,4723.421875,11.0,1371.4375
yolo11s.pt,4,vertical,210,2026-09-09,21:43:56.172,2026-09-09T21:43:56.172,7.0035972770001536,0,0.0,4.242704000262165,28.94947000004322,2.0,4723.421875,11.0,1371.4375
yolo11s.pt,4,vertical,211,2026-09-09,21:43:56.208,2026-09-09T21:43:56.208,7.0394621800001005,1,0.37777334451675415,4.365793000033591,33.301412999662716,3.4,4723.421875,11.0,1371.4375
yolo11s.pt,4,vertical,212,2026-09-09,21:43:56.240,2026-09-09T21:43:56.240,7.071171277999838,0,0.0,4.288094000003184,28.69615999998132,2.0,4723.421875,11.0,1371.4375
yolo11s.pt,4,vertical,213,2026-09-09,21:43:56.276,2026-09-09T21:43:56.276,7.107443958999738,1,0.6303789615631104,4.362833999948634,33.68786100008947,1.7,4723.421875,11.0,1371.4375
yolo11s.pt,4,vertical,214,2026-09-09,21:43:56.308,2026-09-09T21:43:56.308,7.1392381780001415,1,0.6674832701683044,4.384213000321324,29.026537999925495,2.0,4723.421875,11.0,1371.4375
yolo11s.pt,4,vertical,215,2026-09-09,21:43:56.340,2026-09-09T21:43:56.340,7.1713733649999085,1,0.6403391361236572,4.413032999764255,29.39109700037079,3.8,4723.421875,11.0,1371.4375
yolo11s.pt,4,vertical,216,2026-09-09,21:43:56.376,2026-09-09T21:43:56.376,7.20741286700013,1,0.6562799215316772,4.368703000181995,33.20890300028623,1.8,4723.421875,11.0,1371.4375
yolo11s.pt,4,vertical,217,2026-09-09,21:43:56.408,2026-09-09T21:43:56.408,7.23946669399993,1,0.331800639629364,4.350492999947164,29.25649799999519,3.8,4723.421875,11.0,1371.4375
yolo11s.pt,4,vertical,218,2026-09-09,21:43:56.440,2026-09-09T21:43:56.440,7.271336291999887,1,0.16512243449687958,4.393762999825412,29.142589000002772,3.9,4723.421875,11.0,1371.4375
yolo11s.pt,4,vertical,219,2026-09-09,21:43:56.476,2026-09-09T21:43:56.476,7.307357703999969,1,0.22985783219337463,4.3650729999171745,33.225942999706604,1.8,4723.421875,11.0,1371.4375
yolo11s.pt,4,vertical,220,2026-09-09,21:43:56.508,2026-09-09T21:43:56.508,7.339336921999802,1,0.23633132874965668,4.385082999760925,29.193309000220324,3.8,4723.421875,11.0,1371.4375
yolo11s.pt,4,vertical,221,2026-09-09,21:43:56.540,2026-09-09T21:43:56.540,7.371487889000036,1,0.19774672389030457,4.41981299991312,29.417007000120066,2.0,4723.421875,11.0,1371.4375
yolo11s.pt,4,vertical,222,2026-09-09,21:43:56.576,2026-09-09T21:43:56.576,7.407646359999944,1,0.2704026997089386,4.385013000046456,33.31919199990807,5.1,4723.421875,11.0,1371.4375
yolo11s.pt,4,vertical,223,2026-09-09,21:43:56.608,2026-09-09T21:43:56.608,7.439638238000043,1,0.23491482436656952,4.402132999985042,29.25760900006935,2.0,4723.421875,11.0,1371.4375
yolo11s.pt,4,vertical,224,2026-09-09,21:43:56.640,2026-09-09T21:43:56.640,7.471422015999906,0,0.0,4.287664000003133,28.772860000117362,2.0,4723.421875,11.0,1371.4375
yolo11s.pt,4,vertical,225,2026-09-09,21:43:56.676,2026-09-09T21:43:56.676,7.507172509000156,1,0.29613196849823,4.393513999730203,33.195193000210566,3.4,4723.421875,11.0,1371.4375
yolo11s.pt,4,vertical,226,2026-09-09,21:43:56.708,2026-09-09T21:43:56.708,7.539139696999882,1,0.2974892854690552,4.3766430003415735,29.150409000067157,2.0,4723.421875,11.0,1371.4375
yolo11s.pt,4,vertical,227,2026-09-09,21:43:56.740,2026-09-09T21:43:56.740,7.571193744000084,1,0.4221477210521698,4.417373000251246,29.40663699973811,2.0,4723.421875,11.0,1371.4375
yolo11s.pt,4,vertical,228,2026-09-09,21:43:56.776,2026-09-09T21:43:56.776,7.607426036000106,0,0.0,4.219132999878639,33.064782999645104,5.2,4723.421875,11.0,1371.4375
yolo11s.pt,4,vertical,229,2026-09-09,21:43:56.808,2026-09-09T21:43:56.808,7.639156694000121,1,0.3051351010799408,4.580783000164956,29.41297699999268,2.0,4723.421875,11.0,1371.4375
yolo11s.pt,4,vertical,230,2026-09-09,21:43:56.840,2026-09-09T21:43:56.840,7.671352050999758,0,0.0,4.701832000137074,29.415467000035278,3.8,4723.421875,11.0,1371.4375
yolo11s.pt,4,vertical,231,2026-09-09,21:43:56.876,2026-09-09T21:43:56.876,7.707539852000082,0,0.0,4.229573999964487,32.94224399996892,3.5,4720.578125,11.0,1369.875
yolo11s.pt,4,vertical,232,2026-09-09,21:43:56.908,2026-09-09T21:43:56.908,7.739061431999744,1,0.19765083491802216,4.329233000134991,28.927489999659883,2.0,4720.578125,11.0,1369.875
yolo11s.pt,4,vertical,233,2026-09-09,21:43:56.940,2026-09-09T21:43:56.940,7.771744477000084,0,0.0,4.253582999808714,29.68678600018393,3.8,4720.578125,11.0,1369.875
yolo11s.pt,4,vertical,234,2026-09-09,21:43:56.976,2026-09-09T21:43:56.976,7.807495189999827,1,0.44211798906326294,4.3778829999610025,33.22749200015096,3.4,4720.578125,11.0,1369.875
yolo11s.pt,4,vertical,235,2026-09-09,21:43:57.007,2026-09-09T21:43:57.007,7.83921208799984,0,0.0,4.18076400001155,28.647430000091845,5.8,4720.578125,11.0,1369.875
yolo11s.pt,4,vertical,236,2026-09-09,21:43:57.040,2026-09-09T21:43:57.040,7.871336915000029,1,0.8676436543464661,4.4415130000743375,29.706947000249784,2.0,4720.578125,11.0,1369.875
yolo11s.pt,4,vertical,237,2026-09-09,21:43:57.076,2026-09-09T21:43:57.076,7.907354556999962,0,0.0,4.178683999725763,32.859844000086014,1.8,4720.578125,11.0,1369.875
yolo11s.pt,4,vertical,238,2026-09-09,21:43:57.108,2026-09-09T21:43:57.108,7.939203935000023,1,0.16562381386756897,4.372262999822851,29.31046799994874,2.0,4720.9375,11.0,1369.875
yolo11s.pt,4,vertical,239,2026-09-09,21:43:57.140,2026-09-09T21:43:57.140,7.971425312000065,0,0.0,4.212773999825004,29.180148000250483,2.0,4720.9375,11.0,1369.875
yolo11s.pt,4,vertical,240,2026-09-09,21:43:57.176,2026-09-09T21:43:57.176,8.007374393999726,1,0.22564731538295746,4.3587430000116,33.38798199956727,3.4,4720.9375,11.0,1369.875
yolo11s.pt,4,vertical,241,2026-09-09,21:43:57.208,2026-09-09T21:43:57.208,8.039310241999829,1,0.20810554921627045,4.377293000288773,29.14797899984478,3.9,4720.9375,11.0,1369.875
yolo11s.pt,4,vertical,242,2026-09-09,21:43:57.240,2026-09-09T21:43:57.240,8.071303718999843,1,0.5104414224624634,4.413803000261396,29.240047999792296,2.0,4720.9375,11.0,1369.875
yolo11s.pt,4,vertical,243,2026-09-09,21:43:57.276,2026-09-09T21:43:57.276,8.107477910999933,0,0.0,4.202564000024722,33.09857300018848,3.4,4720.9375,11.0,1369.875
yolo11s.pt,4,vertical,244,2026-09-09,21:43:57.308,2026-09-09T21:43:57.308,8.139319539000098,1,0.48446178436279297,4.389993000131653,29.348376999678294,2.0,4720.9375,11.0,1369.875
yolo11s.pt,4,vertical,245,2026-09-09,21:43:57.340,2026-09-09T21:43:57.340,8.171402255999965,1,0.6442121863365173,4.3987129997731245,29.309696999916923,3.9,4720.9375,11.0,1369.875
yolo11s.pt,4,vertical,246,2026-09-09,21:43:57.376,2026-09-09T21:43:57.376,8.207331367999814,0,0.0,4.189044000213471,32.82141399995453,1.8,4720.9375,11.0,1369.875
yolo11s.pt,4,vertical,247,2026-09-09,21:43:57.408,2026-09-09T21:43:57.408,8.23921088599991,1,0.7447203397750854,4.359124000075099,29.386227000031795,3.8,4720.9375,11.0,1369.875
yolo11s.pt,4,vertical,248,2026-09-09,21:43:57.440,2026-09-09T21:43:57.440,8.271459582999796,1,0.45895135402679443,4.395522999857349,29.508957000416558,3.8,4720.9375,11.0,1369.875
yolo11s.pt,4,vertical,249,2026-09-09,21:43:57.476,2026-09-09T21:43:57.476,8.307403095000154,1,0.6113343834877014,4.392392999761796,33.22708300038357,1.8,4720.9375,11.0,1369.875
yolo11s.pt,4,vertical,250,2026-09-09,21:43:57.508,2026-09-09T21:43:57.508,8.339184782999837,1,0.5123203992843628,4.3775439999080845,28.964719000214245,2.0,4720.9375,11.0,1369.875
yolo11s.pt,4,vertical,251,2026-09-09,21:43:57.544,2026-09-09T21:43:57.544,8.375341994999872,1,0.4659835696220398,4.418912999881286,33.441361999848596,3.4,4720.9375,11.0,1369.875
yolo11s.pt,4,vertical,252,2026-09-09,21:43:57.577,2026-09-09T21:43:57.577,8.407645121999849,1,0.4458004832267761,4.718812000191974,29.811815999892133,2.0,4720.9375,11.0,1369.875
yolo11s.pt,4,vertical,253,2026-09-09,21:43:57.608,2026-09-09T21:43:57.608,8.439331730000049,1,0.24459287524223328,4.363993999959348,28.56825100025162,2.0,4720.05078125,11.0,1369.875
yolo11s.pt,4,vertical,254,2026-09-09,21:43:57.644,2026-09-09T21:43:57.644,8.475818921000155,1,0.3142073154449463,4.402752999794757,33.725361000051635,3.4,4720.29296875,11.0,1369.875
yolo11s.pt,4,vertical,255,2026-09-09,21:43:57.676,2026-09-09T21:43:57.676,8.507658968999749,1,0.3090648651123047,4.3815630001518,29.01813900007255,2.0,4720.29296875,11.0,1369.875
yolo11s.pt,4,vertical,256,2026-09-09,21:43:57.708,2026-09-09T21:43:57.708,8.539746206000018,1,0.20923399925231934,4.37903300007747,29.289058000358636,3.9,4720.29296875,12.0,1369.875
yolo11s.pt,4,vertical,257,2026-09-09,21:43:57.744,2026-09-09T21:43:57.744,8.575345269000081,1,0.290112167596817,4.377583999939816,32.8259140001137,1.8,4720.29296875,12.0,1369.875
yolo11s.pt,4,vertical,258,2026-09-09,21:43:57.776,2026-09-09T21:43:57.776,8.607355047000055,1,0.7049593329429626,4.3934630002695485,29.21662800008562,3.9,4719.47265625,12.0,1369.875
yolo11s.pt,4,vertical,259,2026-09-09,21:43:57.808,2026-09-09T21:43:57.808,8.639356493999912,1,0.28769686818122864,4.372284000055515,29.20023799970295,3.8,4719.47265625,12.0,1369.875
yolo11s.pt,4,vertical,260,2026-09-09,21:43:57.844,2026-09-09T21:43:57.844,8.675317296999765,1,0.8225724101066589,4.418073000124423,33.19393299989315,1.8,4719.47265625,12.0,1369.875
yolo11s.pt,4,vertical,261,2026-09-09,21:43:57.876,2026-09-09T21:43:57.876,8.70726346399988,1,0.2930091917514801,4.381703999570163,29.14342799977021,4.0,4719.46484375,12.0,1369.875
yolo11s.pt,4,vertical,262,2026-09-09,21:43:57.908,2026-09-09T21:43:57.908,8.739148451999881,1,0.37418439984321594,4.380163999940123,29.095258000324975,2.0,4719.46484375,12.0,1369.875
yolo11s.pt,4,vertical,263,2026-09-09,21:43:57.944,2026-09-09T21:43:57.944,8.775465892999819,1,0.44611576199531555,4.351923999820428,33.52990200028216,3.4,4719.46484375,12.0,1369.875
yolo11s.pt,4,vertical,264,2026-09-09,21:43:57.976,2026-09-09T21:43:57.976,8.80771378999998,1,0.3015984296798706,4.389643000195065,29.509276000226237,2.0,4719.46484375,12.0,1369.875
yolo11s.pt,4,vertical,265,2026-09-09,21:43:58.008,2026-09-09T21:43:58.008,8.839521117999993,0,0.0,4.191763999642717,28.732400000080816,3.9,4719.46484375,12.0,1369.875
yolo11s.pt,4,vertical,266,2026-09-09,21:43:58.044,2026-09-09T21:43:58.044,8.875551619999897,1,0.7314600348472595,4.586272000324243,33.73867099980998,1.7,4719.46484375,12.0,1369.875
yolo11s.pt,4,vertical,267,2026-09-09,21:43:58.076,2026-09-09T21:43:58.076,8.907280378999985,1,0.1956416517496109,4.370333000224491,28.725889999805077,2.0,4719.46484375,12.0,1369.875
yolo11s.pt,4,vertical,268,2026-09-09,21:43:58.108,2026-09-09T21:43:58.108,8.939768673999879,1,0.23537825047969818,4.462673000034556,29.799085999911767,3.8,4719.46484375,12.0,1369.875
yolo11s.pt,4,vertical,269,2026-09-09,21:43:58.144,2026-09-09T21:43:58.144,8.97555724699987,0,0.0,4.193623999981355,32.645775000219146,1.8,4719.46484375,12.0,1369.875
yolo11s.pt,4,vertical,270,2026-09-09,21:43:58.176,2026-09-09T21:43:58.176,9.007576023999718,1,0.32672691345214844,4.3503140000211715,29.48617700030809,2.0,4719.46484375,12.0,1369.875
yolo11s.pt,4,vertical,271,2026-09-09,21:43:58.208,2026-09-09T21:43:58.208,9.039443572999971,0,0.0,4.195472999981575,28.803028999845992,2.0,4719.46484375,11.0,1369.875
yolo11s.pt,4,vertical,272,2026-09-09,21:43:58.244,2026-09-09T21:43:58.244,9.07538443500016,0,0.0,4.199554000024364,33.1248229999801,5.1,4719.46484375,11.0,1369.875
yolo11s.pt,4,vertical,273,2026-09-09,21:43:58.276,2026-09-09T21:43:58.276,9.107523182000023,0,0.0,4.720362000171008,29.984135000177048,3.8,4720.87890625,11.0,1370.6875
yolo11s.pt,4,vertical,274,2026-09-09,21:43:58.304,2026-09-09T21:43:58.304,9.135180715999923,0,0.0,4.241274000378326,24.215287999595603,4.7,4720.875,11.0,1376.4375
yolo11s.pt,4,vertical,275,2026-09-09,21:43:58.344,2026-09-09T21:43:58.344,9.175574480999785,1,0.2196727991104126,4.687352000019018,38.1574139996701,1.5,4721.1171875,11.0,1376.4375
yolo11s.pt,4,vertical,276,2026-09-09,21:43:58.376,2026-09-09T21:43:58.376,9.207379708999724,0,0.0,4.239924000103201,28.42505099988557,2.0,4721.1171875,11.0,1376.4375
yolo11s.pt,4,vertical,277,2026-09-09,21:43:58.408,2026-09-09T21:43:58.408,9.23927675799996,1,0.5431565046310425,4.488723000122263,29.475766999894404,3.8,4721.1171875,11.0,1376.4375
yolo11s.pt,4,vertical,278,2026-09-09,21:43:58.444,2026-09-09T21:43:58.444,9.275355139000112,0,0.0,4.203223999866168,32.87356400005592,1.8,4721.1171875,11.0,1376.4375
yolo11s.pt,4,vertical,279,2026-09-09,21:43:58.476,2026-09-09T21:43:58.476,9.307476955999846,1,0.27618464827537537,4.364653999800794,29.615357000238873,3.8,4721.1171875,11.0,1376.4375
yolo11s.pt,4,vertical,280,2026-09-09,21:43:58.512,2026-09-09T21:43:58.512,9.343392139000116,0,0.0,4.193444000065938,32.83035499998732,1.8,4721.1171875,11.0,1376.4375
yolo11s.pt,4,vertical,281,2026-09-09,21:43:58.544,2026-09-09T21:43:58.544,9.375310125999931,0,0.0,4.2052939998029615,29.15250800015201,3.9,4721.41796875,11.0,1376.4375
yolo11s.pt,4,vertical,282,2026-09-09,21:43:58.576,2026-09-09T21:43:58.576,9.407387054000083,1,0.3670613169670105,4.414563999944221,29.5858260001296,3.8,4721.41796875,11.0,1376.4375
yolo11s.pt,4,vertical,283,2026-09-09,21:43:58.608,2026-09-09T21:43:58.608,9.439247622000039,0,0.0,4.277602999991359,28.889158999845677,5.9,4721.41796875,11.0,1378.625
yolo11s.pt,4,vertical,284,2026-09-09,21:43:58.644,2026-09-09T21:43:58.644,9.475367752999773,0,0.0,4.302723999899172,33.282202999998844,3.4,4721.41796875,11.0,1378.625
yolo11s.pt,4,vertical,285,2026-09-09,21:43:58.676,2026-09-09T21:43:58.676,9.507333681000091,0,0.0,4.1779040002438705,29.04491900017092,3.9,4721.41796875,11.0,1378.625
yolo11s.pt,4,vertical,286,2026-09-09,21:43:58.708,2026-09-09T21:43:58.708,9.539231789000041,1,0.25980618596076965,4.471672999898146,29.499066999960633,2.0,4721.41796875,12.0,1378.625
yolo11s.pt,4,vertical,287,2026-09-09,21:43:58.744,2026-09-09T21:43:58.744,9.575452539999787,1,0.16305437684059143,4.382823000014469,33.360242000071594,3.4,4721.41796875,12.0,1378.625
yolo11s.pt,4,vertical,288,2026-09-09,21:43:58.776,2026-09-09T21:43:58.776,9.607302907999838,0,0.0,4.170804000295902,28.708979999919393,2.0,4721.6640625,12.0,1378.625
yolo11s.pt,4,vertical,289,2026-09-09,21:43:58.812,2026-09-09T21:43:58.812,9.643371090000073,0,0.0,4.189753999980894,33.300572000371176,1.8,4721.6640625,12.0,1378.625
yolo11s.pt,4,vertical,290,2026-09-09,21:43:58.844,2026-09-09T21:43:58.844,9.675429198000074,1,0.37886542081832886,4.343943000094441,29.50778700005685,3.8,4721.6640625,12.0,1378.625
yolo11s.pt,4,vertical,291,2026-09-09,21:43:58.876,2026-09-09T21:43:58.876,9.70749944499994,0,0.0,4.208163999919634,29.05595899983382,7.5,4721.6640625,12.0,1378.625
yolo11s.pt,4,vertical,292,2026-09-09,21:43:58.912,2026-09-09T21:43:58.912,9.743428917000074,1,0.283939003944397,4.370504000235087,33.523392000006424,1.8,4721.6640625,12.0,1378.625
yolo11s.pt,4,vertical,293,2026-09-09,21:43:58.944,2026-09-09T21:43:58.944,9.775422764999803,1,0.4381624460220337,4.354143000000477,29.06193799981338,3.8,4721.6640625,12.0,1378.625
yolo11s.pt,4,vertical,294,2026-09-09,21:43:58.976,2026-09-09T21:43:58.976,9.807534111999757,1,0.4193146824836731,4.392762999941624,29.343296999741142,2.0,4721.6640625,12.0,1378.625
yolo11s.pt,4,vertical,295,2026-09-09,21:43:59.012,2026-09-09T21:43:59.012,9.843540014000155,1,0.6530458927154541,4.361993000202347,33.21082299999034,3.4,4721.6640625,12.0,1378.625
yolo11s.pt,4,vertical,296,2026-09-09,21:43:59.044,2026-09-09T21:43:59.044,9.875513802000114,0,0.0,4.178924000370898,28.8590390000536,2.0,4721.6640625,12.0,1378.625
yolo11s.pt,4,vertical,297,2026-09-09,21:43:59.076,2026-09-09T21:43:59.076,9.907224309999947,1,0.2358323633670807,4.3454430001474975,29.210277999936807,2.0,4721.6640625,12.0,1378.625
yolo11s.pt,4,vertical,298,2026-09-09,21:43:59.112,2026-09-09T21:43:59.112,9.943479251000099,1,0.47230175137519836,4.431923000083771,33.56160199973601,1.8,4721.6640625,12.0,1378.625
yolo11s.pt,4,vertical,299,2026-09-09,21:43:59.144,2026-09-09T21:43:59.144,9.975369189000048,1,0.4130994975566864,4.383383999993384,29.034769000190863,3.8,4721.6640625,12.0,1378.625
yolo11s.pt,4,vertical,300,2026-09-09,21:43:59.176,2026-09-09T21:43:59.176,10.007353216999945,1,0.16042087972164154,4.382922999866423,29.1866590000609,2.0,4721.6640625,12.0,1378.625
yolo11s.pt,5,free_depth_motion,1,2026-09-09,21:44:04.118,2026-09-09T21:44:04.118,0.032095936999667174,1,0.22575582563877106,5.252740000287304,37.957784999889554,1.8,4723.27734375,3.0,1370.25
yolo11s.pt,5,free_depth_motion,2,2026-09-09,21:44:04.149,2026-09-09T21:44:04.149,0.06339510699990569,0,0.0,4.234153999732371,28.406191000158287,4.0,4714.26171875,3.0,1370.25
yolo11s.pt,5,free_depth_motion,3,2026-09-09,21:44:04.184,2026-09-09T21:44:04.184,0.09931241000003865,1,0.24654929339885712,4.370563000065886,32.12114799998744,3.5,4714.31640625,9.0,1370.25
yolo11s.pt,5,free_depth_motion,4,2026-09-09,21:44:04.216,2026-09-09T21:44:04.216,0.13138482699969245,1,0.33502358198165894,4.339753999829554,29.256308000185527,5.8,4714.31640625,9.0,1370.25
yolo11s.pt,5,free_depth_motion,5,2026-09-09,21:44:04.249,2026-09-09T21:44:04.249,0.16467287999967084,1,0.34323379397392273,4.260122999767191,30.40793400032271,1.9,4721.76171875,9.0,1370.25
yolo11s.pt,5,free_depth_motion,6,2026-09-09,21:44:04.286,2026-09-09T21:44:04.286,0.19951437600002464,1,0.2670535147190094,4.370622999886109,33.638571000210504,3.4,4725.91796875,9.0,1370.25
yolo11s.pt,5,free_depth_motion,7,2026-09-09,21:44:04.316,2026-09-09T21:44:04.316,0.23194495200004894,0,0.0,4.116633999728947,27.748463999614614,2.0,4725.9453125,9.0,1370.25
yolo11s.pt,5,free_depth_motion,8,2026-09-09,21:44:04.348,2026-09-09T21:44:04.348,0.2633516119999513,0,0.0,4.165523000210669,28.631489999952464,2.0,4725.9453125,9.0,1370.25
yolo11s.pt,5,free_depth_motion,9,2026-09-09,21:44:04.384,2026-09-09T21:44:04.384,0.299371304000033,0,0.0,4.205673000342358,33.25462200018592,3.4,4725.9453125,9.0,1370.25
yolo11s.pt,5,free_depth_motion,10,2026-09-09,21:44:04.416,2026-09-09T21:44:04.416,0.3314850709998609,1,0.18759123980998993,4.349753000042256,29.605956999603222,2.0,4725.9453125,9.0,1370.25
yolo11s.pt,5,free_depth_motion,11,2026-09-09,21:44:04.448,2026-09-09T21:44:04.448,0.3634858380000878,1,0.29705914855003357,4.446163000011438,29.360107999764296,2.0,4725.9453125,9.0,1370.25
yolo11s.pt,5,free_depth_motion,12,2026-09-09,21:44:04.484,2026-09-09T21:44:04.484,0.3993467709997276,1,0.518791139125824,4.352673000084906,32.97713400024804,3.5,4726.1875,9.0,1370.25
yolo11s.pt,5,free_depth_motion,13,2026-09-09,21:44:04.516,2026-09-09T21:44:04.516,0.4315280279997751,1,0.39065563678741455,4.361112999959005,29.407917999833444,2.0,4726.1875,9.0,1370.25
yolo11s.pt,5,free_depth_motion,14,2026-09-09,21:44:04.548,2026-09-09T21:44:04.548,0.46343611599968426,1,0.20670540630817413,4.363193000244792,29.172808000112127,5.8,4726.1875,9.0,1370.25
yolo11s.pt,5,free_depth_motion,15,2026-09-09,21:44:04.584,2026-09-09T21:44:04.584,0.499613276999753,1,0.37056902050971985,4.443052999704378,33.47998099980032,1.8,4726.42578125,9.0,1370.25
yolo11s.pt,5,free_depth_motion,16,2026-09-09,21:44:04.616,2026-09-09T21:44:04.616,0.5313520760000756,0,0.0,4.23985299994456,28.612820000034844,2.0,4726.42578125,9.0,1370.25
yolo11s.pt,5,free_depth_motion,17,2026-09-09,21:44:04.648,2026-09-09T21:44:04.648,0.5635205319999841,1,0.2160927951335907,4.3697940000129165,29.57754599992768,3.8,4726.42578125,9.0,1370.25
yolo11s.pt,5,free_depth_motion,18,2026-09-09,21:44:04.685,2026-09-09T21:44:04.685,0.5998040529998434,1,0.2344280481338501,4.653362999761157,33.80534999996598,1.7,4726.42578125,11.0,1370.25
yolo11s.pt,5,free_depth_motion,19,2026-09-09,21:44:04.716,2026-09-09T21:44:04.716,0.6315584819999458,1,0.3160094618797302,4.438113000105659,28.747988999839436,2.0,4726.42578125,11.0,1370.25
yolo11s.pt,5,free_depth_motion,20,2026-09-09,21:44:04.748,2026-09-09T21:44:04.748,0.6635738589998255,0,0.0,4.2090439997082285,28.914599000017915,3.8,4726.42578125,11.0,1370.25
yolo11s.pt,5,free_depth_motion,21,2026-09-09,21:44:04.784,2026-09-09T21:44:04.784,0.6995030319999387,0,0.0,4.209553999771742,33.11505400006354,3.4,4726.42578125,11.0,1370.25
yolo11s.pt,5,free_depth_motion,22,2026-09-09,21:44:04.816,2026-09-09T21:44:04.816,0.731478118999803,1,0.37009111046791077,4.376944000341609,29.431096999815054,3.8,4726.42578125,11.0,1370.25
yolo11s.pt,5,free_depth_motion,23,2026-09-09,21:44:04.848,2026-09-09T21:44:04.848,0.7634760070000084,0,0.0,4.199674000119558,28.912640000271495,2.0,4726.42578125,11.0,1370.25
yolo11s.pt,5,free_depth_motion,24,2026-09-09,21:44:04.884,2026-09-09T21:44:04.884,0.7994808089997605,1,0.1905456781387329,4.361763000360952,33.47910200000115,3.4,4726.42578125,11.0,1370.25
yolo11s.pt,5,free_depth_motion,25,2026-09-09,21:44:04.916,2026-09-09T21:44:04.916,0.831554395999774,0,0.0,4.178763999789226,28.975469000215526,2.0,4726.42578125,11.0,1370.25
yolo11s.pt,5,free_depth_motion,26,2026-09-09,21:44:04.948,2026-09-09T21:44:04.948,0.8635257040000397,1,0.3826254606246948,4.346683000221674,29.446477999954368,3.8,4726.42578125,11.0,1370.25
yolo11s.pt,5,free_depth_motion,27,2026-09-09,21:44:04.984,2026-09-09T21:44:04.984,0.8994976359999782,1,0.22288790345191956,4.368032999991556,33.199742999840964,1.8,4726.42578125,11.0,1370.25
yolo11s.pt,5,free_depth_motion,28,2026-09-09,21:44:05.016,2026-09-09T21:44:05.016,0.9313905039998644,0,0.0,4.183563999959006,28.806730000269454,2.0,4726.42578125,11.0,1370.25
yolo11s.pt,5,free_depth_motion,29,2026-09-09,21:44:05.048,2026-09-09T21:44:05.048,0.9632593520000228,1,0.15934574604034424,4.330332999870734,29.306148000159737,2.0,4726.42578125,11.0,1370.25
yolo11s.pt,5,free_depth_motion,30,2026-09-09,21:44:05.084,2026-09-09T21:44:05.084,0.9994339229997422,0,0.0,4.1675539996504085,33.10591299987209,3.4,4726.42578125,11.0,1370.25
yolo11s.pt,5,free_depth_motion,31,2026-09-09,21:44:05.116,2026-09-09T21:44:05.116,1.0312041619999945,1,0.3292092978954315,4.36685300019235,29.245757999888156,2.0,4726.42578125,11.0,1370.25
yolo11s.pt,5,free_depth_motion,32,2026-09-09,21:44:05.148,2026-09-09T21:44:05.148,1.0635570780000307,1,0.46302852034568787,4.360042999906,29.557946999830165,2.0,4726.42578125,11.0,1370.25
yolo11s.pt,5,free_depth_motion,33,2026-09-09,21:44:05.184,2026-09-09T21:44:05.184,1.0993499609999162,0,0.0,4.1830339996522525,32.706524999866815,1.8,4726.42578125,11.0,1370.25
yolo11s.pt,5,free_depth_motion,34,2026-09-09,21:44:05.216,2026-09-09T21:44:05.216,1.1313297389997388,1,0.42405325174331665,4.361373999927309,29.47138699983043,3.8,4726.42578125,11.0,1370.25
yolo11s.pt,5,free_depth_motion,35,2026-09-09,21:44:05.252,2026-09-09T21:44:05.252,1.1674467099996946,1,0.3317906856536865,4.380063000098744,33.39623300007588,3.4,4726.42578125,11.0,1370.25
yolo11s.pt,5,free_depth_motion,36,2026-09-09,21:44:05.284,2026-09-09T21:44:05.284,1.1995060079998439,1,0.30770590901374817,4.373252999812394,29.1307979996418,2.0,4726.42578125,11.0,1370.25
yolo11s.pt,5,free_depth_motion,37,2026-09-09,21:44:05.316,2026-09-09T21:44:05.316,1.2313610960000005,0,0.0,4.187473999991198,28.776249999737047,3.9,4726.42578125,11.0,1370.25
yolo11s.pt,5,free_depth_motion,38,2026-09-09,21:44:05.352,2026-09-09T21:44:05.352,1.2674787769997238,1,0.3319103717803955,4.371522999917943,33.5932610000782,1.8,4726.42578125,11.0,1370.25
yolo11s.pt,5,free_depth_motion,39,2026-09-09,21:44:05.384,2026-09-09T21:44:05.384,1.2993222249997416,1,0.2473187893629074,4.386792999866884,29.060258999834332,3.8,4726.42578125,11.0,1370.25
yolo11s.pt,5,free_depth_motion,40,2026-09-09,21:44:05.416,2026-09-09T21:44:05.416,1.3314283719996638,1,0.5967659950256348,4.368544000044494,29.31693800019275,2.0,4726.42578125,11.0,1370.25
yolo11s.pt,5,free_depth_motion,41,2026-09-09,21:44:05.448,2026-09-09T21:44:05.448,1.3631901209996613,1,0.5967659950256348,4.507092999574525,29.12275899961969,3.8,4726.42578125,11.0,1370.25
yolo11s.pt,5,free_depth_motion,42,2026-09-09,21:44:05.484,2026-09-09T21:44:05.484,1.399523992000013,1,0.23892857134342194,4.3455830000311835,33.37967299967204,1.8,4726.42578125,11.0,1370.25
yolo11s.pt,5,free_depth_motion,43,2026-09-09,21:44:05.516,2026-09-09T21:44:05.516,1.431123931000002,1,0.1704021394252777,4.285862999950041,28.78164999992805,2.0,4726.42578125,11.0,1370.25
yolo11s.pt,5,free_depth_motion,44,2026-09-09,21:44:05.552,2026-09-09T21:44:05.552,1.467439122000087,1,0.6656222343444824,4.353602999799477,33.53727199964851,3.4,4726.78515625,11.0,1370.25
yolo11s.pt,5,free_depth_motion,45,2026-09-09,21:44:05.584,2026-09-09T21:44:05.584,1.4993974889998753,1,0.48571595549583435,4.334323999955814,29.155257999718742,2.0,4726.90234375,11.0,1370.25
yolo11s.pt,5,free_depth_motion,46,2026-09-09,21:44:05.616,2026-09-09T21:44:05.616,1.531647645999783,1,0.6462254524230957,4.378272999929322,29.5089259998349,2.0,4726.90234375,11.0,1370.25
yolo11s.pt,5,free_depth_motion,47,2026-09-09,21:44:05.652,2026-09-09T21:44:05.652,1.567579508000108,1,0.6242628693580627,4.378922999876522,33.11452299976736,3.4,4726.90234375,11.0,1370.25
yolo11s.pt,5,free_depth_motion,48,2026-09-09,21:44:05.684,2026-09-09T21:44:05.684,1.5995706559997416,1,0.24471713602542877,4.365562999737449,29.158887999983563,2.0,4726.90234375,11.0,1370.25
yolo11s.pt,5,free_depth_motion,49,2026-09-09,21:44:05.716,2026-09-09T21:44:05.716,1.6313653839997642,1,0.19411601126194,4.335412999807886,28.94631900016975,2.0,4726.90234375,11.0,1370.25
yolo11s.pt,5,free_depth_motion,50,2026-09-09,21:44:05.752,2026-09-09T21:44:05.752,1.6674940349998906,1,0.48963218927383423,4.344023999692581,33.3449820000169,1.8,4726.90234375,11.0,1370.25
yolo11s.pt,5,free_depth_motion,51,2026-09-09,21:44:05.784,2026-09-09T21:44:05.784,1.6994643429998177,1,0.42946839332580566,4.659971999899426,29.474056999788445,3.8,4726.89453125,11.0,1370.25
yolo11s.pt,5,free_depth_motion,52,2026-09-09,21:44:05.816,2026-09-09T21:44:05.816,1.731545119999737,1,0.43130040168762207,4.367403000287595,29.011509000156366,3.9,4726.89453125,11.0,1370.25
yolo11s.pt,5,free_depth_motion,53,2026-09-09,21:44:05.852,2026-09-09T21:44:05.852,1.7674715230000402,1,0.49495476484298706,4.354333000264887,33.09749300024123,1.8,4726.89453125,11.0,1370.25
yolo11s.pt,5,free_depth_motion,54,2026-09-09,21:44:05.884,2026-09-09T21:44:05.884,1.799586079999699,0,0.0,4.420762999870931,29.433907000111503,7.8,4729.09375,11.0,1370.875
yolo11s.pt,5,free_depth_motion,55,2026-09-09,21:44:05.916,2026-09-09T21:44:05.916,1.831546146999699,1,0.6892911195755005,4.449193000255036,29.144048000034672,2.0,4729.09375,11.0,1370.875
yolo11s.pt,5,free_depth_motion,56,2026-09-09,21:44:05.952,2026-09-09T21:44:05.952,1.867339869999796,1,0.5037853121757507,4.36335299991697,32.89466400019592,1.8,4729.09375,11.0,1370.875
yolo11s.pt,5,free_depth_motion,57,2026-09-09,21:44:05.984,2026-09-09T21:44:05.984,1.899355366999771,1,0.22702504694461823,4.331013999944844,29.178008000144473,2.0,4729.09375,11.0,1370.875
yolo11s.pt,5,free_depth_motion,58,2026-09-09,21:44:06.016,2026-09-09T21:44:06.016,1.9315360539999347,1,0.5942015051841736,4.384663000109867,29.46233700004086,3.8,4729.09375,11.0,1370.875
yolo11s.pt,5,free_depth_motion,59,2026-09-09,21:44:06.052,2026-09-09T21:44:06.052,1.967548885999804,1,0.5468376278877258,4.369372999917687,33.17201299978478,3.4,4729.09375,11.0,1370.875
yolo11s.pt,5,free_depth_motion,60,2026-09-09,21:44:06.084,2026-09-09T21:44:06.084,1.999539533999723,0,0.0,4.194403999917995,28.908229999615287,2.0,4729.09375,11.0,1370.875
yolo11s.pt,5,free_depth_motion,61,2026-09-09,21:44:06.116,2026-09-09T21:44:06.116,2.031416571999671,1,0.4119240641593933,4.3842830000357935,29.35177700010172,3.8,4729.09375,11.0,1370.875
yolo11s.pt,5,free_depth_motion,62,2026-09-09,21:44:06.152,2026-09-09T21:44:06.152,2.067513102999783,1,0.6050502061843872,4.382553000141343,33.327921999898535,3.4,4729.09375,11.0,1370.875
yolo11s.pt,5,free_depth_motion,63,2026-09-09,21:44:06.184,2026-09-09T21:44:06.184,2.0994131509996805,1,0.3358626663684845,4.359342999578075,29.11825899991527,2.0,4729.09375,11.0,1370.875
yolo11s.pt,5,free_depth_motion,64,2026-09-09,21:44:06.216,2026-09-09T21:44:06.216,2.131431178999719,1,0.35618022084236145,4.382752999845252,29.269827999996778,2.0,4729.09375,12.0,1370.875
yolo11s.pt,5,free_depth_motion,65,2026-09-09,21:44:06.252,2026-09-09T21:44:06.252,2.1675013310000395,1,0.5597786903381348,4.3548529997679,33.223463000013,3.4,4729.09375,12.0,1370.875
yolo11s.pt,5,free_depth_motion,66,2026-09-09,21:44:06.285,2026-09-09T21:44:06.285,2.1994774079998933,1,0.41628164052963257,4.793892000179767,29.69976599979418,5.8,4729.09375,12.0,1372.5
yolo11s.pt,5,free_depth_motion,67,2026-09-09,21:44:06.316,2026-09-09T21:44:06.316,2.2315121259998705,1,0.3925217092037201,4.356293000000733,28.707961000236537,2.0,4729.09375,12.0,1372.5
yolo11s.pt,5,free_depth_motion,68,2026-09-09,21:44:06.352,2026-09-09T21:44:06.352,2.26723882899978,1,0.6437786221504211,4.378312999961054,32.98739299998488,3.4,4729.09375,12.0,1372.5
yolo11s.pt,5,free_depth_motion,69,2026-09-09,21:44:06.384,2026-09-09T21:44:06.384,2.2992122259997814,1,0.6723354458808899,4.378584000278352,29.175998000027903,2.0,4729.09375,12.0,1372.5
yolo11s.pt,5,free_depth_motion,70,2026-09-09,21:44:06.416,2026-09-09T21:44:06.416,2.3312080539999442,1,0.7829931974411011,4.351032999693416,29.164269000375498,2.0,4729.09375,12.0,1372.5
yolo11s.pt,5,free_depth_motion,71,2026-09-09,21:44:06.452,2026-09-09T21:44:06.452,2.367219786000078,1,0.5109369158744812,4.386423000141804,33.27087300021958,3.4,4729.09375,12.0,1372.5
yolo11s.pt,5,free_depth_motion,72,2026-09-09,21:44:06.485,2026-09-09T21:44:06.485,2.3994050329997663,1,0.35750576853752136,5.298490000313905,30.606833000092593,14.8,4729.09375,12.0,1372.4375
yolo11s.pt,5,free_depth_motion,73,2026-09-09,21:44:06.522,2026-09-09T21:44:06.522,2.4356207239998184,1,0.31775012612342834,5.936027000188915,33.87482100015404,40.7,4729.0859375,12.0,1372.4375
yolo11s.pt,5,free_depth_motion,74,2026-09-09,21:44:06.552,2026-09-09T21:44:06.552,2.4674105519998193,1,0.4970698952674866,4.640653000024031,27.315685999838024,4.1,4730.0625,12.0,1372.4375
yolo11s.pt,5,free_depth_motion,75,2026-09-09,21:44:06.584,2026-09-09T21:44:06.584,2.4993125599999075,1,0.6833499073982239,4.43147299984048,28.748959999575163,2.0,4730.0625,12.0,1372.4375
yolo11s.pt,5,free_depth_motion,76,2026-09-09,21:44:06.620,2026-09-09T21:44:06.620,2.535213372999806,1,0.3311043083667755,4.583171999911428,33.28480300024239,3.5,4730.0625,12.0,1372.4375
yolo11s.pt,5,free_depth_motion,77,2026-09-09,21:44:06.651,2026-09-09T21:44:06.651,2.5671063209997556,0,0.0,4.158113999892521,28.6030209999808,2.0,4730.0625,12.0,1372.4375
yolo11s.pt,5,free_depth_motion,78,2026-09-09,21:44:06.684,2026-09-09T21:44:06.684,2.599348747000022,1,0.30858951807022095,4.359433999979956,29.767766000077245,2.0,4730.0625,12.0,1372.4375
yolo11s.pt,5,free_depth_motion,79,2026-09-09,21:44:06.716,2026-09-09T21:44:06.716,2.631187834999764,1,0.30858951807022095,4.4140729996797745,29.11204900010489,2.0,4730.0625,12.0,1372.4375
yolo11s.pt,5,free_depth_motion,80,2026-09-09,21:44:06.751,2026-09-09T21:44:06.751,2.6671221980000155,0,0.0,4.142683999816654,32.78201500006617,1.8,4730.0625,12.0,1372.4375
yolo11s.pt,5,free_depth_motion,81,2026-09-09,21:44:06.783,2026-09-09T21:44:06.783,2.6991157550000935,0,0.0,4.108963999897242,29.158757999994123,3.9,4730.3046875,12.0,1372.4375
yolo11s.pt,5,free_depth_motion,82,2026-09-09,21:44:06.820,2026-09-09T21:44:06.820,2.73524304700004,1,0.36366164684295654,4.382303999591386,33.67826099974991,1.7,4730.546875,12.0,1372.4375
yolo11s.pt,5,free_depth_motion,83,2026-09-09,21:44:06.852,2026-09-09T21:44:06.852,2.7672381140000653,1,0.709449052810669,4.396542999984376,29.193618000135757,2.0,4730.546875,12.0,1372.4375
yolo11s.pt,5,free_depth_motion,84,2026-09-09,21:44:06.883,2026-09-09T21:44:06.883,2.7991886019999583,0,0.0,4.202242999781447,28.87004900003376,4.0,4730.30078125,12.0,1372.4375
yolo11s.pt,5,free_depth_motion,85,2026-09-09,21:44:06.920,2026-09-09T21:44:06.920,2.8353905129997656,1,0.44160598516464233,4.415892999986681,33.72780000017883,1.7,4730.30078125,12.0,1372.3125
yolo11s.pt,5,free_depth_motion,86,2026-09-09,21:44:06.952,2026-09-09T21:44:06.952,2.86717728099984,0,0.0,4.5749230002911645,29.124909000074695,3.9,4730.30078125,12.0,1372.3125
yolo11s.pt,5,free_depth_motion,87,2026-09-09,21:44:06.984,2026-09-09T21:44:06.984,2.8993337479996626,1,0.49784135818481445,4.455242999938491,29.264597999826947,3.9,4730.546875,12.0,1372.3125
yolo11s.pt,5,free_depth_motion,88,2026-09-09,21:44:07.020,2026-09-09T21:44:07.020,2.9353036299999076,1,0.6064176559448242,4.375833999802126,33.114963000116404,3.4,4730.546875,12.0,1372.3125
yolo11s.pt,5,free_depth_motion,89,2026-09-09,21:44:07.052,2026-09-09T21:44:07.052,2.9672140180000497,1,0.33484384417533875,4.353873000127351,29.06562899988785,2.0,4730.546875,12.0,1372.3125
yolo11s.pt,5,free_depth_motion,90,2026-09-09,21:44:07.083,2026-09-09T21:44:07.083,2.999164845999985,0,0.0,4.184253999937937,28.878328999780933,2.0,4730.546875,12.0,1372.3125
yolo11s.pt,5,free_depth_motion,91,2026-09-09,21:44:07.120,2026-09-09T21:44:07.120,3.0350630079997245,1,0.6010853052139282,4.302743999687664,33.342822000122396,1.8,4730.546875,12.0,1372.3125
yolo11s.pt,5,free_depth_motion,92,2026-09-09,21:44:07.152,2026-09-09T21:44:07.152,3.067195454999819,1,0.6502695083618164,4.368634000002203,29.36037800009217,3.8,4730.546875,12.0,1372.3125
yolo11s.pt,5,free_depth_motion,93,2026-09-09,21:44:07.184,2026-09-09T21:44:07.184,3.0991553230001045,1,0.5468549132347107,4.360602999895491,29.158777999782615,2.0,4730.546875,12.0,1372.3125
yolo11s.pt,5,free_depth_motion,94,2026-09-09,21:44:07.220,2026-09-09T21:44:07.220,3.135188974999892,0,0.0,4.212543999983609,32.9432739999902,1.8,4730.546875,11.0,1372.3125
yolo11s.pt,5,free_depth_motion,95,2026-09-09,21:44:07.252,2026-09-09T21:44:07.252,3.1672983720000047,1,0.6078052520751953,4.360064000138664,29.56074699977762,2.0,4730.546875,11.0,1372.3125
yolo11s.pt,5,free_depth_motion,96,2026-09-09,21:44:07.284,2026-09-09T21:44:07.284,3.1991992899997967,1,0.741690456867218,4.416533000039635,29.171748999942793,2.0,4730.546875,11.0,1372.3125
yolo11s.pt,5,free_depth_motion,97,2026-09-09,21:44:07.320,2026-09-09T21:44:07.320,3.2352464319997125,0,0.0,4.191883999737911,32.89301400036493,3.5,4730.546875,11.0,1372.3125
yolo11s.pt,5,free_depth_motion,98,2026-09-09,21:44:07.352,2026-09-09T21:44:07.352,3.2673369290000664,1,0.3382536470890045,4.3657840001287695,29.585156999928586,1.9,4730.546875,11.0,1372.3125
yolo11s.pt,5,free_depth_motion,99,2026-09-09,21:44:07.383,2026-09-09T21:44:07.383,3.2992086369999925,0,0.0,4.170094000073732,28.751399999691785,2.0,4730.546875,11.0,1372.3125
yolo11s.pt,5,free_depth_motion,100,2026-09-09,21:44:07.420,2026-09-09T21:44:07.420,3.3351497599996947,0,0.0,4.25936300007379,33.24307200000476,3.4,4730.546875,11.0,1372.3125
yolo11s.pt,5,free_depth_motion,101,2026-09-09,21:44:07.452,2026-09-09T21:44:07.452,3.367202136999822,0,0.0,4.232133999721555,29.205257999819878,2.0,4730.546875,11.0,1372.3125
yolo11s.pt,5,free_depth_motion,102,2026-09-09,21:44:07.488,2026-09-09T21:44:07.488,3.403404598999714,1,0.20215940475463867,4.358632999810652,33.638051000252744,1.7,4730.546875,11.0,1372.3125
yolo11s.pt,5,free_depth_motion,103,2026-09-09,21:44:07.520,2026-09-09T21:44:07.520,3.435293716999695,0,0.0,4.191902999991726,28.810028999942006,3.9,4730.546875,11.0,1372.3125
yolo11s.pt,5,free_depth_motion,104,2026-09-09,21:44:07.552,2026-09-09T21:44:07.552,3.4672644939996644,1,0.34480273723602295,4.387612999835255,29.50741700033177,3.8,4730.546875,11.0,1372.3125
yolo11s.pt,5,free_depth_motion,105,2026-09-09,21:44:07.584,2026-09-09T21:44:07.584,3.4992918009997993,0,0.0,4.18392399978984,28.879509000034886,3.9,4730.79296875,11.0,1372.3125
yolo11s.pt,5,free_depth_motion,106,2026-09-09,21:44:07.620,2026-09-09T21:44:07.620,3.535233124000115,1,0.22975589334964752,4.375872999844432,33.45614199997726,1.8,4730.79296875,11.0,1372.3125
yolo11s.pt,5,free_depth_motion,107,2026-09-09,21:44:07.651,2026-09-09T21:44:07.651,3.567182111999955,0,0.0,4.2244940000273346,28.873350000139908,2.0,4730.79296875,11.0,1372.3125
yolo11s.pt,5,free_depth_motion,108,2026-09-09,21:44:07.684,2026-09-09T21:44:07.684,3.599366058999749,1,0.263328492641449,4.345793000084086,29.624057000091852,1.9,4730.79296875,11.0,1372.3125
yolo11s.pt,5,free_depth_motion,109,2026-09-09,21:44:07.720,2026-09-09T21:44:07.720,3.635223121999843,0,0.0,4.219982999984495,32.83026400004019,3.5,4730.79296875,11.0,1372.3125
yolo11s.pt,5,free_depth_motion,110,2026-09-09,21:44:07.752,2026-09-09T21:44:07.752,3.66729641899974,0,0.0,4.3246629998066055,29.39482700003282,2.0,4730.79296875,11.0,1371.9375
yolo11s.pt,5,free_depth_motion,111,2026-09-09,21:44:07.784,2026-09-09T21:44:07.784,3.699420965999707,1,0.6148557066917419,4.448493999916536,29.527486999995745,2.0,4730.79296875,11.0,1371.9375
yolo11s.pt,5,free_depth_motion,112,2026-09-09,21:44:07.820,2026-09-09T21:44:07.820,3.7353522280000107,1,0.3526283800601959,4.39952299984725,33.13308299993878,5.1,4730.79296875,11.0,1371.9375
yolo11s.pt,5,free_depth_motion,113,2026-09-09,21:44:07.852,2026-09-09T21:44:07.852,3.767484434999915,0,0.0,4.184563999842794,29.00156900022921,0.0,4730.79296875,11.0,1371.9375
yolo11s.pt,5,free_depth_motion,114,2026-09-09,21:44:07.888,2026-09-09T21:44:07.888,3.803350147999936,1,0.20745953917503357,4.531612999926438,33.5267919999751,3.4,4724.15234375,11.0,1369.875
yolo11s.pt,5,free_depth_motion,115,2026-09-09,21:44:07.920,2026-09-09T21:44:07.920,3.8354329849998976,0,0.0,4.205694000120275,28.835220000019035,2.0,4724.15234375,11.0,1369.875
yolo11s.pt,5,free_depth_motion,116,2026-09-09,21:44:07.952,2026-09-09T21:44:07.952,3.867365232999873,0,0.0,4.174354000042513,29.11907899988364,3.9,4724.15234375,11.0,1369.875
yolo11s.pt,5,free_depth_motion,117,2026-09-09,21:44:07.988,2026-09-09T21:44:07.988,3.903093045999867,1,0.20160576701164246,4.279644000234839,33.16546300038681,1.8,4724.15234375,11.0,1369.875
yolo11s.pt,5,free_depth_motion,118,2026-09-09,21:44:08.020,2026-09-09T21:44:08.020,3.9353004629997486,0,0.0,4.224672999953327,29.21630799983177,2.0,4724.15234375,11.0,1369.875
yolo11s.pt,5,free_depth_motion,119,2026-09-09,21:44:08.052,2026-09-09T21:44:08.052,3.967235509999682,1,0.4628886580467224,4.359793000276113,29.361936999976024,2.0,4724.15234375,11.0,1369.875
yolo11s.pt,5,free_depth_motion,120,2026-09-09,21:44:08.088,2026-09-09T21:44:08.088,4.003214211999875,0,0.0,4.195584000171948,32.891634000407066,3.5,4724.15234375,11.0,1369.875
yolo11s.pt,5,free_depth_motion,121,2026-09-09,21:44:08.120,2026-09-09T21:44:08.120,4.035319989000072,1,0.20027464628219604,4.381933000331628,29.564376000053016,3.8,4724.14453125,11.0,1369.875
yolo11s.pt,5,free_depth_motion,122,2026-09-09,21:44:08.152,2026-09-09T21:44:08.152,4.0672097570000005,1,0.22721606492996216,4.34985299989421,29.056918999685877,2.0,4724.14453125,11.0,1369.875
yolo11s.pt,5,free_depth_motion,123,2026-09-09,21:44:08.188,2026-09-09T21:44:08.188,4.103307709000092,1,0.17967627942562103,4.378713000278367,33.32082199995057,1.8,4724.14453125,12.0,1369.875
yolo11s.pt,5,free_depth_motion,124,2026-09-09,21:44:08.220,2026-09-09T21:44:08.220,4.135270356000092,1,0.39588841795921326,4.394993999994767,29.16202799997336,3.8,4724.14453125,12.0,1369.875
yolo11s.pt,5,free_depth_motion,125,2026-09-09,21:44:08.252,2026-09-09T21:44:08.252,4.167169653999736,1,0.48074647784233093,4.37830299961206,29.06155900018348,2.0,4724.14453125,12.0,1369.875
yolo11s.pt,5,free_depth_motion,126,2026-09-09,21:44:08.287,2026-09-09T21:44:08.287,4.203073156999835,0,0.0,4.152184999838937,32.78253500002393,1.8,4724.14453125,12.0,1369.875
yolo11s.pt,5,free_depth_motion,127,2026-09-09,21:44:08.320,2026-09-09T21:44:08.320,4.235300762999941,1,0.5663567781448364,4.411162999986118,29.76668500014057,1.9,4724.14453125,12.0,1369.875
yolo11s.pt,5,free_depth_motion,128,2026-09-09,21:44:08.351,2026-09-09T21:44:08.351,4.267181961000006,0,0.0,4.187403999821981,28.719640000417712,3.9,4724.14453125,12.0,1369.875
yolo11s.pt,5,free_depth_motion,129,2026-09-09,21:44:08.388,2026-09-09T21:44:08.388,4.3031078629996955,1,0.22829441726207733,4.270593999990524,33.314402000087284,1.8,4724.14453125,12.0,1369.875
yolo11s.pt,5,free_depth_motion,130,2026-09-09,21:44:08.420,2026-09-09T21:44:08.420,4.335233159999916,1,0.687961757183075,4.401074000270455,29.41414699989764,5.7,4724.14453125,12.0,1369.875
yolo11s.pt,5,free_depth_motion,131,2026-09-09,21:44:08.452,2026-09-09T21:44:08.452,4.367261368000072,1,0.3388742506504059,4.365663000044151,29.182968999975856,2.0,4724.14453125,12.0,1369.875
yolo11s.pt,5,free_depth_motion,132,2026-09-09,21:44:08.488,2026-09-09T21:44:08.488,4.403223360000084,0,0.0,4.434503000084078,33.10058300030505,3.5,4724.14453125,12.0,1369.875
yolo11s.pt,5,free_depth_motion,133,2026-09-09,21:44:08.520,2026-09-09T21:44:08.520,4.435331227000006,1,0.6409438252449036,4.37903300007747,29.3871870003386,3.8,4724.14453125,12.0,1369.875
yolo11s.pt,5,free_depth_motion,134,2026-09-09,21:44:08.552,2026-09-09T21:44:08.552,4.467267624999749,1,0.2855011224746704,4.38909300009982,29.138558999875386,2.0,4724.14453125,12.0,1369.875
yolo11s.pt,5,free_depth_motion,135,2026-09-09,21:44:08.586,2026-09-09T21:44:08.586,4.501569363999806,1,0.259134978055954,4.39679300006901,31.51216900005238,1.9,4724.29296875,12.0,1369.875
yolo11s.pt,5,free_depth_motion,136,2026-09-09,21:44:08.620,2026-09-09T21:44:08.620,4.535287273999984,1,0.6184872388839722,4.401314000006096,30.913862000033987,3.7,4724.29296875,12.0,1369.875
yolo11s.pt,5,free_depth_motion,137,2026-09-09,21:44:08.652,2026-09-09T21:44:08.652,4.567222981999748,1,0.5549592971801758,4.347703999883379,29.049678999854223,2.0,4724.29296875,12.0,1369.875
yolo11s.pt,5,free_depth_motion,138,2026-09-09,21:44:08.688,2026-09-09T21:44:08.688,4.603124294999816,1,0.2927836775779724,4.310273000101006,33.0987530001039,1.8,4724.29296875,12.0,1369.875
yolo11s.pt,5,free_depth_motion,139,2026-09-09,21:44:08.720,2026-09-09T21:44:08.720,4.635196652000104,1,0.6848880052566528,4.374962999918353,29.27382799998668,3.9,4724.29296875,12.0,1369.875
yolo11s.pt,5,free_depth_motion,140,2026-09-09,21:44:08.751,2026-09-09T21:44:08.751,4.6670223900000565,0,0.0,4.133914000249206,28.67556000001059,2.0,4724.29296875,12.0,1369.875
yolo11s.pt,5,free_depth_motion,141,2026-09-09,21:44:08.788,2026-09-09T21:44:08.788,4.703353250999953,1,0.32568201422691345,4.339382999660302,33.810850999998365,1.7,4724.29296875,12.0,1369.875
yolo11s.pt,5,free_depth_motion,142,2026-09-09,21:44:08.820,2026-09-09T21:44:08.820,4.735317089000091,1,0.41744545102119446,4.375643000003038,29.18496900019818,2.0,4724.29296875,12.0,1369.875
yolo11s.pt,5,free_depth_motion,143,2026-09-09,21:44:08.856,2026-09-09T21:44:08.856,4.7713461009998355,1,0.3035789430141449,4.394873000364896,33.23878299988792,5.2,4727.84765625,12.0,1370.6875
yolo11s.pt,5,free_depth_motion,144,2026-09-09,21:44:08.888,2026-09-09T21:44:08.888,4.803417457999785,1,0.6362767815589905,4.39796299997397,29.275498999595584,2.0,4728.203125,12.0,1370.6875
yolo11s.pt,5,free_depth_motion,145,2026-09-09,21:44:08.916,2026-09-09T21:44:08.916,4.8311980720000065,1,0.6362767815589905,4.42036200001894,24.989514000026247,2.2,4728.203125,12.0,1370.6875
yolo11s.pt,5,free_depth_motion,146,2026-09-09,21:44:08.952,2026-09-09T21:44:08.952,4.867328942999848,0,0.0,4.196563999812497,32.98915400000624,1.8,4728.203125,12.0,1370.6875
yolo11s.pt,5,free_depth_motion,147,2026-09-09,21:44:08.988,2026-09-09T21:44:08.988,4.903263925999909,1,0.3917490243911743,4.624732000138465,33.64875100032805,3.4,4728.203125,12.0,1370.6875
yolo11s.pt,5,free_depth_motion,148,2026-09-09,21:44:09.020,2026-09-09T21:44:09.020,4.935417133000101,1,0.4392520785331726,4.521071999988635,29.24416799987739,2.0,4727.95703125,12.0,1370.6875
yolo11s.pt,5,free_depth_motion,149,2026-09-09,21:44:09.056,2026-09-09T21:44:09.056,4.971434085000055,1,0.6552608609199524,4.3689130002348975,33.030304000021715,1.8,4727.95703125,12.0,1370.6875
yolo11s.pt,5,free_depth_motion,150,2026-09-09,21:44:09.084,2026-09-09T21:44:09.084,4.999205757999789,1,0.6552608609199524,4.377554000257078,24.963344000298093,2.2,4727.95703125,12.0,1370.6875
yolo11s.pt,5,free_depth_motion,151,2026-09-09,21:44:09.120,2026-09-09T21:44:09.120,5.035201109999889,0,0.0,4.210294000131398,32.84360399993602,3.5,4727.95703125,12.0,1370.6875
yolo11s.pt,5,free_depth_motion,152,2026-09-09,21:44:09.155,2026-09-09T21:44:09.155,5.070755463999831,1,0.5078223943710327,4.4062830002076225,33.044324000002234,3.4,4727.95703125,12.0,1370.6875
yolo11s.pt,5,free_depth_motion,153,2026-09-09,21:44:09.188,2026-09-09T21:44:09.188,5.1033890889998474,0,0.0,4.1728539999894565,29.465746999903786,2.0,4727.95703125,11.0,1370.6875
yolo11s.pt,5,free_depth_motion,154,2026-09-09,21:44:09.220,2026-09-09T21:44:09.220,5.135257176999858,0,0.0,4.2118339997614385,29.10443899963866,2.0,4727.95703125,11.0,1370.6875
yolo11s.pt,5,free_depth_motion,155,2026-09-09,21:44:09.256,2026-09-09T21:44:09.256,5.171428578999894,1,0.6609740257263184,4.442982999989908,33.69602099974145,3.4,4727.95703125,11.0,1370.6875
yolo11s.pt,5,free_depth_motion,156,2026-09-09,21:44:09.288,2026-09-09T21:44:09.288,5.203495435999685,1,0.613309383392334,4.411233000155335,29.281238000294252,2.0,4727.95703125,11.0,1370.6875
yolo11s.pt,5,free_depth_motion,157,2026-09-09,21:44:09.319,2026-09-09T21:44:09.319,5.2351455539997005,0,0.0,4.206113999771333,28.472489999785466,2.0,4727.95703125,11.0,1370.6875
yolo11s.pt,5,free_depth_motion,158,2026-09-09,21:44:09.356,2026-09-09T21:44:09.356,5.271208675999787,1,0.543449878692627,4.38617300005717,33.51899200015396,3.4,4727.95703125,11.0,1370.6875
yolo11s.pt,5,free_depth_motion,159,2026-09-09,21:44:09.388,2026-09-09T21:44:09.388,5.303235494000091,0,0.0,4.212243999972998,28.90835900007005,3.9,4727.95703125,11.0,1370.6875
yolo11s.pt,5,free_depth_motion,160,2026-09-09,21:44:09.419,2026-09-09T21:44:09.419,5.335170311999718,0,0.0,4.187863999959518,29.088767999837728,2.0,4727.95703125,11.0,1370.6875
yolo11s.pt,5,free_depth_motion,161,2026-09-09,21:44:09.452,2026-09-09T21:44:09.452,5.3672028189998855,0,0.0,4.7424720000890375,29.753936999895814,1.9,4727.95703125,11.0,1370.6875
yolo11s.pt,5,free_depth_motion,162,2026-09-09,21:44:09.484,2026-09-09T21:44:09.484,5.399197855999773,0,0.0,4.243493999638304,28.67863000028592,0.0,4727.95703125,11.0,1370.6875
yolo11s.pt,5,free_depth_motion,163,2026-09-09,21:44:09.520,2026-09-09T21:44:09.520,5.435277477999989,1,0.3112201392650604,4.465213000003132,33.572972000001755,3.4,4727.95703125,11.0,1370.6875
yolo11s.pt,5,free_depth_motion,164,2026-09-09,21:44:09.556,2026-09-09T21:44:09.556,5.471331689999715,0,0.0,4.19166400024551,32.84753400021145,1.8,4727.35546875,11.0,1370.6875
yolo11s.pt,5,free_depth_motion,165,2026-09-09,21:44:09.588,2026-09-09T21:44:09.588,5.503313367999908,1,0.3148691952228546,4.42842299980839,29.509657000289735,2.0,4727.35546875,11.0,1370.6875
yolo11s.pt,5,free_depth_motion,166,2026-09-09,21:44:09.620,2026-09-09T21:44:09.620,5.535411275000115,0,0.0,4.2264130001967715,29.002857999785192,2.0,4727.35546875,11.0,1370.6875
yolo11s.pt,5,free_depth_motion,167,2026-09-09,21:44:09.656,2026-09-09T21:44:09.656,5.571293826999863,1,0.26054707169532776,4.358764000244264,33.29325200002131,3.4,4727.35546875,11.0,1370.6875
yolo11s.pt,5,free_depth_motion,168,2026-09-09,21:44:09.688,2026-09-09T21:44:09.688,5.6032787849999295,1,0.7363250255584717,4.376703000161797,29.18208900018726,3.8,4727.35546875,12.0,1370.6875
yolo11s.pt,5,free_depth_motion,169,2026-09-09,21:44:09.720,2026-09-09T21:44:09.720,5.635344421999889,1,0.17742764949798584,4.367753999758861,29.241867999644455,2.0,4727.35546875,12.0,1370.6875
yolo11s.pt,5,free_depth_motion,170,2026-09-09,21:44:09.756,2026-09-09T21:44:09.756,5.6715010839998286,1,0.6387917399406433,4.45583299961072,33.42125199969814,3.4,4727.35546875,12.0,1370.6875
yolo11s.pt,5,free_depth_motion,171,2026-09-09,21:44:09.788,2026-09-09T21:44:09.788,5.70322293199979,1,0.279293954372406,4.424202999871341,28.928508999797486,2.0,4727.35546875,12.0,1370.6875
yolo11s.pt,5,free_depth_motion,172,2026-09-09,21:44:09.820,2026-09-09T21:44:09.820,5.735411208999722,1,0.4264146387577057,4.411342999901535,29.314767999949254,2.0,4727.35546875,12.0,1370.6875
yolo11s.pt,5,free_depth_motion,173,2026-09-09,21:44:09.856,2026-09-09T21:44:09.856,5.771405421000054,1,0.47763365507125854,4.3579339999269,33.134132999748545,1.8,4727.35546875,12.0,1370.4375
yolo11s.pt,5,free_depth_motion,174,2026-09-09,21:44:09.888,2026-09-09T21:44:09.888,5.8032946589996754,1,0.3816545307636261,4.3845330001204275,29.119048999746155,3.9,4727.59765625,12.0,1370.4375
yolo11s.pt,5,free_depth_motion,175,2026-09-09,21:44:09.920,2026-09-09T21:44:09.920,5.835096277000048,1,0.33597734570503235,4.302344000279845,28.91767900018749,2.0,4727.59765625,12.0,1370.4375
yolo11s.pt,5,free_depth_motion,176,2026-09-09,21:44:09.956,2026-09-09T21:44:09.956,5.871206778999749,0,0.0,4.209833999993862,33.08229300000676,1.8,4727.59765625,12.0,1370.4375
yolo11s.pt,5,free_depth_motion,177,2026-09-09,21:44:09.988,2026-09-09T21:44:09.988,5.903586034999989,1,0.19150184094905853,4.595193000113795,30.038585000056628,5.7,4727.59765625,12.0,1370.9375
yolo11s.pt,5,free_depth_motion,178,2026-09-09,21:44:10.020,2026-09-09T21:44:10.020,5.935246363999795,1,0.20309978723526,4.394143000354234,28.628441000364546,2.0,4727.59765625,12.0,1370.9375
yolo11s.pt,5,free_depth_motion,179,2026-09-09,21:44:10.056,2026-09-09T21:44:10.056,5.971345456000108,1,0.5536745190620422,4.445092999958433,33.27465199981816,3.4,4727.59765625,12.0,1370.9375
yolo11s.pt,5,free_depth_motion,180,2026-09-09,21:44:10.088,2026-09-09T21:44:10.088,6.003328863999741,1,0.6126503348350525,4.415343999880861,29.177868000260787,2.0,4727.59765625,12.0,1370.9375
yolo11s.pt,5,free_depth_motion,181,2026-09-09,21:44:10.120,2026-09-09T21:44:10.120,6.03532603099984,1,0.3279848098754883,4.384042999845406,29.13060900027631,4.0,4727.58984375,12.0,1370.9375
yolo11s.pt,5,free_depth_motion,182,2026-09-09,21:44:10.156,2026-09-09T21:44:10.156,6.071336402999805,0,0.0,4.210774000057427,32.929783999861684,1.8,4727.58984375,12.0,1370.9375
yolo11s.pt,5,free_depth_motion,183,2026-09-09,21:44:10.188,2026-09-09T21:44:10.188,6.103256931000033,1,0.19309386610984802,4.355883000243921,29.361127999891323,2.0,4727.58984375,11.0,1370.9375
yolo11s.pt,5,free_depth_motion,184,2026-09-09,21:44:10.217,2026-09-09T21:44:10.217,6.133028976999867,0,0.0,4.212643999835564,26.72672800008513,2.1,4727.58984375,11.0,1370.9375
yolo11s.pt,5,free_depth_motion,185,2026-09-09,21:44:10.255,2026-09-09T21:44:10.255,6.171156260999851,0,0.0,4.167373999734991,35.234055000273656,1.7,4727.58984375,11.0,1370.9375
yolo11s.pt,5,free_depth_motion,186,2026-09-09,21:44:10.287,2026-09-09T21:44:10.287,6.20299445899991,0,0.0,4.203453999707563,29.072498999994423,2.0,4727.58984375,11.0,1370.9375
yolo11s.pt,5,free_depth_motion,187,2026-09-09,21:44:10.324,2026-09-09T21:44:10.324,6.239391069999783,0,0.0,4.2063739997502125,33.549042000231566,3.4,4727.58984375,11.0,1370.9375
yolo11s.pt,5,free_depth_motion,188,2026-09-09,21:44:10.356,2026-09-09T21:44:10.356,6.271255977999772,0,0.0,4.247704000135855,29.08900900001754,3.8,4727.58984375,11.0,1370.9375
yolo11s.pt,5,free_depth_motion,189,2026-09-09,21:44:10.388,2026-09-09T21:44:10.388,6.303511403999892,1,0.3657287359237671,4.36031399976855,29.648316000020714,2.0,4727.58984375,11.0,1370.9375
yolo11s.pt,5,free_depth_motion,190,2026-09-09,21:44:10.424,2026-09-09T21:44:10.424,6.339546665999933,1,0.30292001366615295,4.378684000130306,33.27930199975526,1.8,4727.58984375,11.0,1370.9375
yolo11s.pt,5,free_depth_motion,191,2026-09-09,21:44:10.455,2026-09-09T21:44:10.455,6.37120045499978,0,0.0,4.175704000317637,28.518831000383216,3.9,4727.58984375,11.0,1370.9375
yolo11s.pt,5,free_depth_motion,192,2026-09-09,21:44:10.488,2026-09-09T21:44:10.488,6.403364261999741,0,0.0,4.157314000167389,29.305787999874156,2.0,4727.58984375,11.0,1370.9375
yolo11s.pt,5,free_depth_motion,193,2026-09-09,21:44:10.524,2026-09-09T21:44:10.524,6.439283774999694,1,0.46718981862068176,4.452371999832394,33.51682199991046,1.7,4727.58984375,11.0,1370.9375
yolo11s.pt,5,free_depth_motion,194,2026-09-09,21:44:10.556,2026-09-09T21:44:10.556,6.471356711999761,0,0.0,4.208983999888005,28.9300499998717,2.0,4727.58984375,11.0,1370.9375
yolo11s.pt,5,free_depth_motion,195,2026-09-09,21:44:10.588,2026-09-09T21:44:10.588,6.503273818999787,1,0.21847409009933472,4.4152529999337276,29.430727000089973,2.0,4726.94921875,11.0,1370.9375
yolo11s.pt,5,free_depth_motion,196,2026-09-09,21:44:10.624,2026-09-09T21:44:10.624,6.539331560999926,1,0.5723278522491455,4.371294000065973,33.214362999842706,3.4,4726.703125,11.0,1370.9375
yolo11s.pt,5,free_depth_motion,197,2026-09-09,21:44:10.656,2026-09-09T21:44:10.656,6.571298248999938,1,0.2084747701883316,4.404563000207418,29.175728000154777,3.8,4726.703125,11.0,1370.9375
yolo11s.pt,5,free_depth_motion,198,2026-09-09,21:44:10.688,2026-09-09T21:44:10.688,6.603400005999902,0,0.0,4.234794000240072,29.00829899999735,2.0,4726.703125,11.0,1370.9375
yolo11s.pt,5,free_depth_motion,199,2026-09-09,21:44:10.724,2026-09-09T21:44:10.724,6.639473958000053,1,0.2414829283952713,4.433883000274363,33.55740100005278,3.4,4726.703125,11.0,1370.9375
yolo11s.pt,5,free_depth_motion,200,2026-09-09,21:44:10.756,2026-09-09T21:44:10.756,6.671286755999972,0,0.0,4.189083999790455,28.67065000009461,2.0,4726.703125,11.0,1370.9375
yolo11s.pt,5,free_depth_motion,201,2026-09-09,21:44:10.788,2026-09-09T21:44:10.788,6.703410083000108,0,0.0,4.1908540001713845,29.288738000104786,2.0,4726.703125,11.0,1370.9375
yolo11s.pt,5,free_depth_motion,202,2026-09-09,21:44:10.824,2026-09-09T21:44:10.824,6.7392682159998,0,0.0,4.243733000294014,33.13279300027716,1.8,4726.703125,11.0,1370.9375
yolo11s.pt,5,free_depth_motion,203,2026-09-09,21:44:10.856,2026-09-09T21:44:10.856,6.77127719300006,0,0.0,4.230063999784761,29.186557999764773,2.0,4726.703125,11.0,1370.9375
yolo11s.pt,5,free_depth_motion,204,2026-09-09,21:44:10.888,2026-09-09T21:44:10.888,6.80333550999967,0,0.0,4.2417640001986,29.27306799983853,3.9,4726.703125,11.0,1370.9375
yolo11s.pt,5,free_depth_motion,205,2026-09-09,21:44:10.924,2026-09-09T21:44:10.924,6.8392776430000595,0,0.0,4.195394000362285,33.082024000123056,1.8,4726.703125,11.0,1370.9375
yolo11s.pt,5,free_depth_motion,206,2026-09-09,21:44:10.956,2026-09-09T21:44:10.956,6.871244079999997,1,0.5284585356712341,4.3375239997658355,29.406617000404367,2.0,4726.703125,11.0,1370.9375
yolo11s.pt,5,free_depth_motion,207,2026-09-09,21:44:10.987,2026-09-09T21:44:10.987,6.903187957999762,0,0.0,4.192114000034053,28.882579999844893,5.8,4726.703125,11.0,1370.9375
yolo11s.pt,5,free_depth_motion,208,2026-09-09,21:44:11.024,2026-09-09T21:44:11.024,6.939258549999977,1,0.33647623658180237,4.383353000321222,33.568232000106946,1.7,4726.703125,11.0,1370.9375
yolo11s.pt,5,free_depth_motion,209,2026-09-09,21:44:11.056,2026-09-09T21:44:11.056,6.971301846999722,1,0.4705752432346344,4.335454000283789,29.177088000324147,2.0,4726.703125,11.0,1370.9375
yolo11s.pt,5,free_depth_motion,210,2026-09-09,21:44:11.088,2026-09-09T21:44:11.088,7.0030934359997445,1,0.5175065994262695,4.300493000300776,28.98754000034387,2.0,4726.703125,11.0,1370.9375
yolo11s.pt,5,free_depth_motion,211,2026-09-09,21:44:11.124,2026-09-09T21:44:11.124,7.039226727999903,0,0.0,4.577112999868405,33.46284199960792,3.4,4726.69921875,11.0,1370.9375
yolo11s.pt,5,free_depth_motion,212,2026-09-09,21:44:11.156,2026-09-09T21:44:11.156,7.071244284999921,0,0.0,4.2077940001945535,28.850559999682446,2.0,4726.69921875,11.0,1370.9375
yolo11s.pt,5,free_depth_motion,213,2026-09-09,21:44:11.188,2026-09-09T21:44:11.188,7.103262172000086,1,0.6197590231895447,4.383132999919326,29.507416999877023,2.0,4726.69921875,11.0,1370.9375
yolo11s.pt,5,free_depth_motion,214,2026-09-09,21:44:11.224,2026-09-09T21:44:11.224,7.139310233999822,1,0.570818305015564,4.347084000073664,33.212672999979986,1.8,4726.453125,11.0,1370.9375
yolo11s.pt,5,free_depth_motion,215,2026-09-09,21:44:11.256,2026-09-09T21:44:11.256,7.171276701999886,1,0.39794209599494934,4.342662999988534,29.15299899996171,3.8,4726.453125,11.0,1370.9375
yolo11s.pt,5,free_depth_motion,216,2026-09-09,21:44:11.288,2026-09-09T21:44:11.288,7.20326335999971,0,0.0,4.201233999992837,28.973479999876872,2.0,4726.453125,11.0,1370.9375
yolo11s.pt,5,free_depth_motion,217,2026-09-09,21:44:11.320,2026-09-09T21:44:11.320,7.235209837999719,0,0.0,4.234164000081364,29.15229800009911,2.0,4726.453125,11.0,1370.9375
yolo11s.pt,5,free_depth_motion,218,2026-09-09,21:44:11.356,2026-09-09T21:44:11.356,7.27139791899981,1,0.4107823669910431,4.434012999809056,33.67810100007773,1.7,4726.453125,11.0,1370.9375
yolo11s.pt,5,free_depth_motion,219,2026-09-09,21:44:11.388,2026-09-09T21:44:11.388,7.303199296999992,1,0.693787693977356,4.417202999775327,28.96386899965364,2.0,4726.453125,11.0,1370.9375
yolo11s.pt,5,free_depth_motion,220,2026-09-09,21:44:11.424,2026-09-09T21:44:11.424,7.3393560479999,1,0.3724280893802643,4.37744400005613,33.32540199971845,3.4,4726.453125,11.0,1370.9375
yolo11s.pt,5,free_depth_motion,221,2026-09-09,21:44:11.456,2026-09-09T21:44:11.456,7.371189905999927,1,0.6346883773803711,4.372354000224732,29.037789000085468,2.0,4726.453125,11.0,1370.9375
yolo11s.pt,5,free_depth_motion,222,2026-09-09,21:44:11.488,2026-09-09T21:44:11.488,7.4032219239998085,1,0.37817874550819397,4.396823000206496,29.27856799988149,2.0,4726.453125,11.0,1370.9375
yolo11s.pt,5,free_depth_motion,223,2026-09-09,21:44:11.524,2026-09-09T21:44:11.524,7.439297775999876,0,0.0,4.1883439998855465,32.946373999948264,1.8,4726.453125,11.0,1370.9375
yolo11s.pt,5,free_depth_motion,224,2026-09-09,21:44:11.556,2026-09-09T21:44:11.556,7.471239693999905,1,0.4065752327442169,4.353233000074397,29.44583699991199,2.0,4726.453125,11.0,1370.9375
yolo11s.pt,5,free_depth_motion,225,2026-09-09,21:44:11.588,2026-09-09T21:44:11.588,7.503145970999867,1,0.6079022884368896,4.41966299968044,29.173657999763236,2.0,4726.453125,11.0,1370.9375
yolo11s.pt,5,free_depth_motion,226,2026-09-09,21:44:11.608,2026-09-09T21:44:11.608,7.523344543999883,1,0.3502996265888214,4.424203000326088,17.431093000141118,6.3,4725.609375,11.0,1370.9375
yolo11s.pt,5,free_depth_motion,227,2026-09-09,21:44:11.640,2026-09-09T21:44:11.640,7.555285291000018,1,0.6092059016227722,4.400523000185785,29.134377999980643,2.0,4725.609375,11.0,1370.9375
yolo11s.pt,5,free_depth_motion,228,2026-09-09,21:44:11.672,2026-09-09T21:44:11.672,7.587185608999789,1,0.3518563210964203,4.40860300022905,29.104448999987653,2.0,4725.609375,11.0,1370.9375
yolo11s.pt,5,free_depth_motion,229,2026-09-09,21:44:11.708,2026-09-09T21:44:11.708,7.623403310999947,1,0.3462923467159271,4.4583230001080665,33.48247200028709,1.7,4725.609375,15.0,1370.9375
yolo11s.pt,5,free_depth_motion,230,2026-09-09,21:44:11.740,2026-09-09T21:44:11.740,7.655152589999943,1,0.18953120708465576,4.5099630001459445,29.039588999694388,2.0,4725.609375,15.0,1370.9375
yolo11s.pt,5,free_depth_motion,231,2026-09-09,21:44:11.772,2026-09-09T21:44:11.772,7.687345966000066,1,0.5111778378486633,4.488913000386674,29.38306800024293,3.8,4725.609375,15.0,1370.9375
yolo11s.pt,5,free_depth_motion,232,2026-09-09,21:44:11.808,2026-09-09T21:44:11.808,7.723276718999841,1,0.7895762920379639,4.404313000122784,33.10551300000952,3.5,4725.609375,15.0,1370.9375
yolo11s.pt,5,free_depth_motion,233,2026-09-09,21:44:11.840,2026-09-09T21:44:11.840,7.755350335999992,1,0.3390958607196808,4.367873000319378,29.25624899989998,2.0,4725.609375,15.0,1370.9375
yolo11s.pt,5,free_depth_motion,234,2026-09-09,21:44:11.872,2026-09-09T21:44:11.872,7.7872982740000225,1,0.5981022119522095,4.355623000265041,29.15343800032133,2.0,4725.609375,15.0,1369.9375
yolo11s.pt,5,free_depth_motion,235,2026-09-09,21:44:11.908,2026-09-09T21:44:11.908,7.82331549599985,1,0.23832106590270996,4.3819930001518514,33.247722999931284,3.4,4725.6015625,15.0,1369.9375
yolo11s.pt,5,free_depth_motion,236,2026-09-09,21:44:11.940,2026-09-09T21:44:11.940,7.855386282999916,1,0.24365684390068054,4.357802999948035,29.269768000176555,2.0,4725.6015625,15.0,1369.9375
yolo11s.pt,5,free_depth_motion,237,2026-09-09,21:44:11.972,2026-09-09T21:44:11.972,7.8873767309996765,1,0.3625774681568146,4.373823000150878,29.179318999922543,3.9,4725.6015625,15.0,1369.9375
yolo11s.pt,5,free_depth_motion,238,2026-09-09,21:44:12.008,2026-09-09T21:44:12.008,7.923463202999756,1,0.24608471989631653,4.466871999738942,33.41071200020451,1.8,4725.6015625,15.0,1369.9375
yolo11s.pt,5,free_depth_motion,239,2026-09-09,21:44:12.040,2026-09-09T21:44:12.040,7.955359459999727,0,0.0,4.2582340001899865,28.71542999992016,2.0,4725.6015625,15.0,1369.9375
yolo11s.pt,5,free_depth_motion,240,2026-09-09,21:44:12.076,2026-09-09T21:44:12.076,7.99108216400009,1,0.49222269654273987,4.316253000069992,33.096893999754684,1.8,4725.6015625,15.0,1369.9375
yolo11s.pt,5,free_depth_motion,241,2026-09-09,21:44:12.108,2026-09-09T21:44:12.108,8.023310510000101,1,0.5492782592773438,4.424692999691615,29.514197000025888,3.8,4725.6015625,15.0,1369.9375
yolo11s.pt,5,free_depth_motion,242,2026-09-09,21:44:12.140,2026-09-09T21:44:12.140,8.055383087999871,1,0.49315524101257324,4.409913000017696,29.285388000062085,3.8,4725.6015625,15.0,1369.9375
yolo11s.pt,5,free_depth_motion,243,2026-09-09,21:44:12.172,2026-09-09T21:44:12.172,8.087399645000005,1,0.5226490497589111,4.38727300024766,29.20746900008453,2.0,4725.6015625,15.0,1369.9375
yolo11s.pt,5,free_depth_motion,244,2026-09-09,21:44:12.208,2026-09-09T21:44:12.208,8.123307137999745,0,0.0,4.206153999803064,32.85085400011667,3.4,4725.6015625,12.0,1369.9375
yolo11s.pt,5,free_depth_motion,245,2026-09-09,21:44:12.239,2026-09-09T21:44:12.239,8.15512349599976,0,0.0,4.199334000077215,28.96719000000303,2.0,4725.6015625,12.0,1369.9375
yolo11s.pt,5,free_depth_motion,246,2026-09-09,21:44:12.272,2026-09-09T21:44:12.272,8.187295731999711,1,0.4470674991607666,4.423852999934752,29.697825999846827,2.0,4725.6015625,12.0,1369.9375
yolo11s.pt,5,free_depth_motion,247,2026-09-09,21:44:12.307,2026-09-09T21:44:12.307,8.223068065000007,0,0.0,4.160754000167799,32.56602500005101,1.8,4725.6015625,12.0,1369.9375
yolo11s.pt,5,free_depth_motion,248,2026-09-09,21:44:12.340,2026-09-09T21:44:12.340,8.255236241999683,1,0.36471256613731384,4.405983000197011,29.67115699993883,2.0,4725.6015625,12.0,1369.9375
yolo11s.pt,5,free_depth_motion,249,2026-09-09,21:44:12.376,2026-09-09T21:44:12.376,8.291256464000071,0,0.0,4.214563999994425,32.85833400013871,3.5,4725.6015625,12.0,1369.9375
yolo11s.pt,5,free_depth_motion,250,2026-09-09,21:44:12.408,2026-09-09T21:44:12.408,8.323298671999964,1,0.6469829082489014,4.367773000012676,29.490986999917368,2.0,4725.6015625,12.0,1369.9375
yolo11s.pt,5,free_depth_motion,251,2026-09-09,21:44:12.440,2026-09-09T21:44:12.440,8.355297819000043,1,0.48260292410850525,4.395243000089977,29.217528000117454,2.0,4725.6015625,12.0,1369.9375
yolo11s.pt,5,free_depth_motion,252,2026-09-09,21:44:12.476,2026-09-09T21:44:12.476,8.391363060999993,1,0.30387866497039795,4.419573000177479,33.25475300016478,1.8,4725.6015625,12.0,1369.9375
yolo11s.pt,5,free_depth_motion,253,2026-09-09,21:44:12.508,2026-09-09T21:44:12.508,8.423330468999666,1,0.1791643500328064,4.505521999817574,29.24836800002595,2.0,4725.6015625,12.0,1369.9375
yolo11s.pt,5,free_depth_motion,254,2026-09-09,21:44:12.540,2026-09-09T21:44:12.540,8.455309985999975,0,0.0,4.243123999913223,28.80704000017431,2.0,4725.6015625,12.0,1369.9375
yolo11s.pt,5,free_depth_motion,255,2026-09-09,21:44:12.576,2026-09-09T21:44:12.576,8.491274877999786,1,0.6675606966018677,4.407292999985657,33.44381199985946,6.7,4724.83203125,12.0,1369.9375
yolo11s.pt,5,free_depth_motion,256,2026-09-09,21:44:12.608,2026-09-09T21:44:12.608,8.523341155999788,1,0.45816823840141296,4.374173000087467,29.232588000013493,2.0,4724.83203125,12.0,1369.9375
yolo11s.pt,5,free_depth_motion,257,2026-09-09,21:44:12.640,2026-09-09T21:44:12.640,8.555228732999694,1,0.33305737376213074,4.414773000007699,29.126697999799944,2.0,4724.83203125,12.0,1369.9375
yolo11s.pt,5,free_depth_motion,258,2026-09-09,21:44:12.676,2026-09-09T21:44:12.676,8.591285584999696,0,0.0,4.187684000044101,32.91882400026225,1.8,4724.83203125,12.0,1369.9375
yolo11s.pt,5,free_depth_motion,259,2026-09-09,21:44:12.708,2026-09-09T21:44:12.708,8.623596542000087,0,0.0,4.147465000187367,29.476517000148306,2.0,4724.828125,11.0,1369.9375
yolo11s.pt,5,free_depth_motion,260,2026-09-09,21:44:12.740,2026-09-09T21:44:12.740,8.655199170999822,0,0.0,4.2412829998284,28.884418999950867,2.0,4724.828125,11.0,1369.9375
yolo11s.pt,5,free_depth_motion,261,2026-09-09,21:44:12.776,2026-09-09T21:44:12.776,8.691312301999915,1,0.2054675668478012,4.4556430002558045,33.644980999724794,1.8,4724.828125,11.0,1369.9375
yolo11s.pt,5,free_depth_motion,262,2026-09-09,21:44:12.808,2026-09-09T21:44:12.808,8.723452409999936,1,0.3870640993118286,4.462172999865288,29.373618000136048,3.8,4724.828125,11.0,1369.9375
yolo11s.pt,5,free_depth_motion,263,2026-09-09,21:44:12.836,2026-09-09T21:44:12.836,8.751208252999731,1,0.3870640993118286,4.400593000355002,24.875924999832932,0.0,4724.828125,11.0,1369.9375
yolo11s.pt,5,free_depth_motion,264,2026-09-09,21:44:12.876,2026-09-09T21:44:12.876,8.791317310000068,1,0.23039615154266357,4.375643000003038,37.259427000208234,4.6,4724.828125,11.0,1369.9375
yolo11s.pt,5,free_depth_motion,265,2026-09-09,21:44:12.908,2026-09-09T21:44:12.908,8.823457455999687,1,0.20632953941822052,4.475393000120675,29.451028000039514,4.0,4725.3203125,11.0,1370.5625
yolo11s.pt,5,free_depth_motion,266,2026-09-09,21:44:12.940,2026-09-09T21:44:12.940,8.855340254000112,1,0.2689712345600128,4.370483999991848,28.974779000236595,2.0,4725.3203125,11.0,1370.5625
yolo11s.pt,5,free_depth_motion,267,2026-09-09,21:44:12.976,2026-09-09T21:44:12.976,8.891269546999865,0,0.0,4.204853999908664,32.83991399985098,1.8,4725.3203125,11.0,1370.5625
yolo11s.pt,5,free_depth_motion,268,2026-09-09,21:44:13.008,2026-09-09T21:44:13.008,8.923290303999693,1,0.6115718483924866,4.4347230000312265,29.502457000035065,3.8,4725.3203125,11.0,1370.5625
yolo11s.pt,5,free_depth_motion,269,2026-09-09,21:44:13.040,2026-09-09T21:44:13.040,8.95538715099974,1,0.534395158290863,4.506963000039832,29.358857999795873,2.0,4725.3203125,11.0,1370.5625
yolo11s.pt,5,free_depth_motion,270,2026-09-09,21:44:13.076,2026-09-09T21:44:13.076,8.99121295399982,1,0.6952151656150818,4.503072999796132,33.109093000348366,6.9,4726.3046875,11.0,1376.5
yolo11s.pt,5,free_depth_motion,271,2026-09-09,21:44:13.108,2026-09-09T21:44:13.108,9.023240971999712,0,0.0,4.28517299997111,28.785279999738123,2.0,4726.3046875,11.0,1376.5
yolo11s.pt,5,free_depth_motion,272,2026-09-09,21:44:13.140,2026-09-09T21:44:13.140,9.055406458000107,1,0.33203771710395813,4.366433999621222,29.542636999849492,1.9,4726.3046875,11.0,1376.5
yolo11s.pt,5,free_depth_motion,273,2026-09-09,21:44:13.176,2026-09-09T21:44:13.176,9.091412259999743,1,0.24646781384944916,4.397253000206547,33.22211300019262,1.8,4726.3046875,11.0,1376.5
yolo11s.pt,5,free_depth_motion,274,2026-09-09,21:44:13.208,2026-09-09T21:44:13.208,9.123287807999986,1,0.5799055695533752,4.37100300041493,29.0783890000057,3.8,4726.3046875,11.0,1376.5
yolo11s.pt,5,free_depth_motion,275,2026-09-09,21:44:13.240,2026-09-09T21:44:13.240,9.155190775999927,1,0.3110486567020416,4.425752999850374,29.128579000371246,2.0,4726.3046875,11.0,1376.5
yolo11s.pt,5,free_depth_motion,276,2026-09-09,21:44:13.276,2026-09-09T21:44:13.276,9.191359158000068,1,0.2773621082305908,4.44036299995787,33.39458199980072,3.4,4726.3046875,11.0,1376.5
yolo11s.pt,5,free_depth_motion,277,2026-09-09,21:44:13.308,2026-09-09T21:44:13.308,9.223372805000054,1,0.37288782000541687,4.4791330001316965,29.262439000376617,2.0,4726.3046875,11.0,1376.5
yolo11s.pt,5,free_depth_motion,278,2026-09-09,21:44:13.340,2026-09-09T21:44:13.340,9.255245543000001,0,0.0,4.272813999705249,28.724870000132796,2.0,4726.3046875,11.0,1376.5
yolo11s.pt,5,free_depth_motion,279,2026-09-09,21:44:13.372,2026-09-09T21:44:13.372,9.287213471000086,0,0.0,4.320933999679255,29.195808000167744,2.0,4726.3046875,11.0,1376.5
yolo11s.pt,5,free_depth_motion,280,2026-09-09,21:44:13.408,2026-09-09T21:44:13.408,9.323298941999838,1,0.575318455696106,4.3948329998784175,33.426651999889145,1.8,4726.3046875,11.0,1376.5
yolo11s.pt,5,free_depth_motion,281,2026-09-09,21:44:13.440,2026-09-09T21:44:13.440,9.355271619999712,1,0.2698805332183838,4.365793000033591,29.115568000179337,2.0,4726.3046875,11.0,1376.5
yolo11s.pt,5,free_depth_motion,282,2026-09-09,21:44:13.476,2026-09-09T21:44:13.476,9.391461550999793,1,0.3935040831565857,4.368382999928144,33.376511999904324,3.4,4726.3046875,11.0,1376.5
yolo11s.pt,5,free_depth_motion,283,2026-09-09,21:44:13.508,2026-09-09T21:44:13.508,9.423385899000095,1,0.49202078580856323,4.400773000270419,29.123808999884204,3.8,4726.3046875,11.0,1376.5
yolo11s.pt,5,free_depth_motion,284,2026-09-09,21:44:13.544,2026-09-09T21:44:13.544,9.459217141999943,0,0.0,4.261933000179852,32.80799399999523,3.5,4726.3046875,11.0,1376.5
yolo11s.pt,5,free_depth_motion,285,2026-09-09,21:44:13.576,2026-09-09T21:44:13.576,9.49131381899997,0,0.0,4.282503000013094,29.26607699964734,3.9,4725.96484375,11.0,1376.5
yolo11s.pt,5,free_depth_motion,286,2026-09-09,21:44:13.608,2026-09-09T21:44:13.608,9.523331695999786,1,0.6608701348304749,4.553483000108827,29.723266000019066,3.8,4725.71875,11.0,1378.5625
yolo11s.pt,5,free_depth_motion,287,2026-09-09,21:44:13.644,2026-09-09T21:44:13.644,9.559342947999994,1,0.7563672065734863,4.3870829999832495,32.84862400005295,1.8,4725.71875,11.0,1378.5625
yolo11s.pt,5,free_depth_motion,288,2026-09-09,21:44:13.676,2026-09-09T21:44:13.676,9.591283545999886,0,0.0,4.2365740000605,28.88650000022608,2.0,4725.71875,11.0,1378.5625
yolo11s.pt,5,free_depth_motion,289,2026-09-09,21:44:13.708,2026-09-09T21:44:13.708,9.623446433000026,1,0.5993009805679321,4.371033000097668,29.580316999727074,3.8,4725.71875,12.0,1378.5625
yolo11s.pt,5,free_depth_motion,290,2026-09-09,21:44:13.744,2026-09-09T21:44:13.744,9.65940514499971,1,0.7149478793144226,4.37251399989691,33.216892999917036,1.8,4725.71875,12.0,1378.5625
yolo11s.pt,5,free_depth_motion,291,2026-09-09,21:44:13.776,2026-09-09T21:44:13.776,9.69143158299994,1,0.7897248864173889,4.423522999786655,29.279407000103674,2.0,4725.71875,12.0,1378.5625
yolo11s.pt,5,free_depth_motion,292,2026-09-09,21:44:13.808,2026-09-09T21:44:13.808,9.723524550000093,1,0.375448614358902,4.385202999856119,29.28472800022064,2.0,4725.71875,12.0,1378.5625
yolo11s.pt,5,free_depth_motion,293,2026-09-09,21:44:13.844,2026-09-09T21:44:13.844,9.75951465199978,1,0.5645003914833069,4.4504330003292125,33.23877299999367,3.4,4725.71875,12.0,1378.5625
yolo11s.pt,5,free_depth_motion,294,2026-09-09,21:44:13.876,2026-09-09T21:44:13.876,9.791370209999968,1,0.7177622318267822,4.4231229999240895,29.043379000086134,5.9,4725.71875,12.0,1378.5625
yolo11s.pt,5,free_depth_motion,295,2026-09-09,21:44:13.908,2026-09-09T21:44:13.908,9.823296587999721,1,0.5371639728546143,4.4658329998128465,29.18982799974401,2.0,4725.71875,12.0,1378.5625
yolo11s.pt,5,free_depth_motion,296,2026-09-09,21:44:13.944,2026-09-09T21:44:13.944,9.859453158999713,0,0.0,4.211714000120992,32.984573999783606,1.8,4725.71875,12.0,1378.5625
yolo11s.pt,5,free_depth_motion,297,2026-09-09,21:44:13.976,2026-09-09T21:44:13.976,9.89130418700006,1,0.43248748779296875,4.385162999824388,29.28255800043189,2.0,4725.71875,12.0,1378.5625
yolo11s.pt,5,free_depth_motion,298,2026-09-09,21:44:14.008,2026-09-09T21:44:14.008,9.923223194999991,0,0.0,4.200723999929323,28.807749999941734,3.9,4725.71875,12.0,1378.5625
yolo11s.pt,5,free_depth_motion,299,2026-09-09,21:44:14.044,2026-09-09T21:44:14.044,9.959300117000112,1,0.3513973355293274,4.492402999858314,33.63532100001976,1.7,4725.71875,12.0,1378.5625
yolo11s.pt,5,free_depth_motion,300,2026-09-09,21:44:14.076,2026-09-09T21:44:14.076,9.991307954999684,1,0.7328239679336548,4.4178040002407215,29.161198000110744,2.0,4725.71875,12.0,1378.5625
yolo11s.pt,5,free_depth_motion,301,2026-09-09,21:44:14.108,2026-09-09T21:44:14.108,10.02325244199983,0,0.0,4.297833999771683,28.853849999904924,3.9,4725.71875,12.0,1378.5625
yolo11m.pt,1,static,1,2026-09-09,21:44:36.325,2026-09-09T21:44:36.325,0.03268894500024544,1,0.2138492912054062,6.927413999619603,42.426406999766186,2.1,4658.38671875,4.0,1511.5625
yolo11m.pt,1,static,2,2026-09-09,21:44:36.354,2026-09-09T21:44:36.354,0.06456168300019272,1,0.2618153691291809,5.771757999809779,25.619412000196462,2.1,4661.38671875,4.0,1511.5625
yolo11m.pt,1,static,3,2026-09-09,21:44:36.389,2026-09-09T21:44:36.389,0.1006226939998669,1,0.47331172227859497,5.236270000295917,32.64239500003896,1.8,4665.40625,4.0,1511.5625
yolo11m.pt,1,static,4,2026-09-09,21:44:36.421,2026-09-09T21:44:36.421,0.13296149999996487,0,0.0,5.225879999670724,29.422977000194805,7.5,4665.43359375,4.0,1511.5625
yolo11m.pt,1,static,5,2026-09-09,21:44:36.456,2026-09-09T21:44:36.456,0.16774326699987796,0,0.0,5.145179999999527,31.863556999724096,1.8,4665.43359375,4.0,1511.5625
yolo11m.pt,1,static,6,2026-09-09,21:44:36.488,2026-09-09T21:44:36.488,0.1998154739999336,1,0.37183091044425964,5.487538999659591,29.67031699972722,2.0,4665.43359375,4.0,1511.5625
yolo11m.pt,1,static,7,2026-09-09,21:44:36.520,2026-09-09T21:44:36.520,0.23199409100016055,1,0.30574145913124084,5.242850000286126,29.1116480002529,2.0,4665.43359375,4.0,1511.5625
yolo11m.pt,1,static,8,2026-09-09,21:44:36.556,2026-09-09T21:44:36.556,0.26779086400028973,0,0.0,5.076630000075966,32.7418739998393,3.4,4665.43359375,4.0,1511.5625
yolo11m.pt,1,static,9,2026-09-09,21:44:36.588,2026-09-09T21:44:36.588,0.30001772100013113,0,0.0,5.076000999906682,29.42852700016374,3.9,4665.43359375,4.0,1511.5625
yolo11m.pt,1,static,10,2026-09-09,21:44:36.620,2026-09-09T21:44:36.620,0.33176057900027445,1,0.4412401020526886,5.239430000074208,29.18855899997652,2.0,4665.43359375,4.0,1511.5625
yolo11m.pt,1,static,11,2026-09-09,21:44:36.656,2026-09-09T21:44:36.656,0.3676117620002515,1,0.4279366731643677,5.177170000024489,32.959893999759515,3.4,4665.43359375,4.0,1511.5625
yolo11m.pt,1,static,12,2026-09-09,21:44:36.688,2026-09-09T21:44:36.688,0.39990952800008017,1,0.29136034846305847,5.281630000354198,29.602177000015217,3.8,4665.43359375,16.0,1511.5625
yolo11m.pt,1,static,13,2026-09-09,21:44:36.720,2026-09-09T21:44:36.720,0.4316770370000995,0,0.0,5.06383999982063,28.62652000021626,2.0,4665.43359375,16.0,1511.5625
yolo11m.pt,1,static,14,2026-09-09,21:44:36.756,2026-09-09T21:44:36.756,0.46788257800017163,1,0.4887111783027649,5.2485300002445,33.649552000042604,3.4,4665.43359375,16.0,1511.5625
yolo11m.pt,1,static,15,2026-09-09,21:44:36.788,2026-09-09T21:44:36.788,0.49982749599985254,1,0.2609104812145233,5.212939999637456,29.070118999698025,2.0,4665.43359375,16.0,1511.5625
yolo11m.pt,1,static,16,2026-09-09,21:44:36.820,2026-09-09T21:44:36.820,0.53175178399988,1,0.5686050653457642,5.241519999799493,29.146507999939786,3.9,4665.43359375,16.0,1510.625
yolo11m.pt,1,static,17,2026-09-09,21:44:36.855,2026-09-09T21:44:36.855,0.5674780970002757,0,0.0,5.025710999689181,32.56594499998755,1.8,4665.43359375,16.0,1510.625
yolo11m.pt,1,static,18,2026-09-09,21:44:36.888,2026-09-09T21:44:36.888,0.5995661040001323,1,0.3375314474105835,5.2171199999975215,29.592805999982374,2.0,4665.43359375,16.0,1510.625
yolo11m.pt,1,static,19,2026-09-09,21:44:36.920,2026-09-09T21:44:36.920,0.6318199500001356,1,0.6082037091255188,5.222799999955896,29.457997000008618,5.8,4665.43359375,16.0,1510.625
yolo11m.pt,1,static,20,2026-09-09,21:44:36.956,2026-09-09T21:44:36.956,0.6676294330000019,0,0.0,5.041900999913196,32.70114499991905,1.8,4665.43359375,16.0,1510.625
yolo11m.pt,1,static,21,2026-09-09,21:44:36.988,2026-09-09T21:44:36.988,0.699467931000072,1,0.43273162841796875,5.2237500003684545,29.334878000099707,2.0,4665.43359375,16.0,1510.625
yolo11m.pt,1,static,22,2026-09-09,21:44:37.020,2026-09-09T21:44:37.020,0.7316455280001719,1,0.44629722833633423,5.234400000063033,29.39609799977916,3.8,4665.43359375,16.0,1510.625
yolo11m.pt,1,static,23,2026-09-09,21:44:37.056,2026-09-09T21:44:37.056,0.767522450999877,0,0.0,5.054119999840623,32.802904000163835,1.8,4665.43359375,16.0,1510.625
yolo11m.pt,1,static,24,2026-09-09,21:44:37.088,2026-09-09T21:44:37.088,0.7995353679998516,0,0.0,5.048720999639045,29.198627999903692,3.9,4665.43359375,16.0,1510.625
yolo11m.pt,1,static,25,2026-09-09,21:44:37.120,2026-09-09T21:44:37.120,0.8316202460000568,1,0.41680288314819336,5.218369999965944,29.55799700021089,2.0,4665.43359375,16.0,1510.625
yolo11m.pt,1,static,26,2026-09-09,21:44:37.156,2026-09-09T21:44:37.156,0.8676383279998845,1,0.380512535572052,5.581068000083178,33.58169200009797,1.7,4665.67578125,16.0,1510.625
yolo11m.pt,1,static,27,2026-09-09,21:44:37.188,2026-09-09T21:44:37.188,0.8996934050001073,1,0.4484793543815613,5.210639999859268,28.8766100002249,3.9,4665.67578125,17.0,1510.625
yolo11m.pt,1,static,28,2026-09-09,21:44:37.220,2026-09-09T21:44:37.220,0.9316661630000453,1,0.48841592669487,5.235980000179552,29.229138000118837,3.9,4665.67578125,17.0,1510.625
yolo11m.pt,1,static,29,2026-09-09,21:44:37.256,2026-09-09T21:44:37.256,0.9676592149999124,1,0.6531169414520264,5.257960000108142,33.22965200004546,5.1,4665.67578125,17.0,1510.625
yolo11m.pt,1,static,30,2026-09-09,21:44:37.288,2026-09-09T21:44:37.288,0.9995754920000763,0,0.0,5.0317409995841444,28.807258999677288,2.0,4665.67578125,17.0,1510.625
yolo11m.pt,1,static,31,2026-09-09,21:44:37.320,2026-09-09T21:44:37.320,1.0317662190000192,0,0.0,5.064081000000442,29.401247999885527,2.0,4665.67578125,17.0,1510.625
yolo11m.pt,1,static,32,2026-09-09,21:44:37.355,2026-09-09T21:44:37.355,1.067445922999923,0,0.0,5.015759999878355,32.828494000114006,1.8,4665.67578125,17.0,1510.625
yolo11m.pt,1,static,33,2026-09-09,21:44:37.388,2026-09-09T21:44:37.388,1.099652388999857,0,0.0,5.051320999882591,29.42864800024836,2.0,4665.67578125,17.0,1510.625
yolo11m.pt,1,static,34,2026-09-09,21:44:37.420,2026-09-09T21:44:37.420,1.1315300070000376,1,0.7197598218917847,5.181920000268292,29.289108000284614,3.8,4665.67578125,17.0,1510.625
yolo11m.pt,1,static,35,2026-09-09,21:44:37.456,2026-09-09T21:44:37.456,1.1675370090001707,1,0.21557819843292236,5.1977999996779545,33.20884300001126,3.4,4665.67578125,17.0,1510.625
yolo11m.pt,1,static,36,2026-09-09,21:44:37.488,2026-09-09T21:44:37.488,1.1996802359999492,1,0.15319661796092987,5.221399999754794,29.374028000347607,2.0,4665.67578125,17.0,1510.625
yolo11m.pt,1,static,37,2026-09-09,21:44:37.516,2026-09-09T21:44:37.516,1.227462750000086,1,0.15319661796092987,5.183940000279108,24.949124999693595,2.3,4665.67578125,17.0,1510.625
yolo11m.pt,1,static,38,2026-09-09,21:44:37.540,2026-09-09T21:44:37.540,1.2515987780002433,1,0.5702773928642273,5.221790000177862,21.35446799957208,2.6,4665.67578125,17.0,1510.625
yolo11m.pt,1,static,39,2026-09-09,21:44:37.572,2026-09-09T21:44:37.572,1.283511775000079,0,0.0,5.0329010000496055,28.82576899992273,3.9,4665.67578125,17.0,1510.25
yolo11m.pt,1,static,40,2026-09-09,21:44:37.604,2026-09-09T21:44:37.604,1.3156307720000768,0,0.0,5.0550310002108745,29.355858000144508,5.8,4665.67578125,17.0,1510.25
yolo11m.pt,1,static,41,2026-09-09,21:44:37.640,2026-09-09T21:44:37.640,1.3516445740001473,1,0.41568523645401,5.2366299996720045,33.51968200013289,3.4,4665.3046875,17.0,1510.25
yolo11m.pt,1,static,42,2026-09-09,21:44:37.672,2026-09-09T21:44:37.672,1.383690542000295,1,0.24399833381175995,5.223250000199187,29.238378000172816,2.0,4665.3046875,17.0,1510.25
yolo11m.pt,1,static,43,2026-09-09,21:44:37.700,2026-09-09T21:44:37.700,1.411450484999932,1,0.24399833381175995,5.199680000259832,24.9567340001704,2.2,4665.3046875,16.0,1510.25
yolo11m.pt,1,static,44,2026-09-09,21:44:37.740,2026-09-09T21:44:37.740,1.4516718210002182,1,0.4908493757247925,5.204080000112299,37.42753699998502,1.6,4665.30078125,16.0,1510.25
yolo11m.pt,1,static,45,2026-09-09,21:44:37.772,2026-09-09T21:44:37.772,1.483676239000033,1,0.6479037404060364,5.23217999989356,29.212588000063988,3.9,4665.30078125,16.0,1510.25
yolo11m.pt,1,static,46,2026-09-09,21:44:37.804,2026-09-09T21:44:37.804,1.5156780060001438,0,0.0,5.04507100004048,28.92699900030493,3.8,4665.30078125,16.0,1510.25
yolo11m.pt,1,static,47,2026-09-09,21:44:37.840,2026-09-09T21:44:37.840,1.551615929000036,1,0.46956583857536316,5.217890000039915,33.43525200034492,3.4,4661.42578125,16.0,1509.1875
yolo11m.pt,1,static,48,2026-09-09,21:44:37.872,2026-09-09T21:44:37.872,1.5834903969998777,1,0.28731998801231384,5.151779999778228,29.018328999882215,4.0,4661.66796875,16.0,1509.1875
yolo11m.pt,1,static,49,2026-09-09,21:44:37.904,2026-09-09T21:44:37.904,1.6156162130000666,0,0.0,5.030751000049349,29.08006799998475,2.0,4661.66796875,16.0,1509.1875
yolo11m.pt,1,static,50,2026-09-09,21:44:37.940,2026-09-09T21:44:37.940,1.651655805000246,1,0.18682707846164703,5.206281000027957,33.50997199959238,3.4,4661.66796875,16.0,1509.1875
yolo11m.pt,1,static,51,2026-09-09,21:44:37.972,2026-09-09T21:44:37.972,1.683549953000238,1,0.29991453886032104,5.188261000057537,29.0691989998777,2.0,4661.66796875,16.0,1509.1875
yolo11m.pt,1,static,52,2026-09-09,21:44:38.004,2026-09-09T21:44:38.004,1.7156547509998745,0,0.0,5.037219999849185,29.0511879998121,3.8,4661.66796875,16.0,1509.1875
yolo11m.pt,1,static,53,2026-09-09,21:44:38.040,2026-09-09T21:44:38.040,1.7517051130002983,1,0.35979700088500977,5.216500000187807,33.544711000104144,3.4,4661.91015625,16.0,1509.1875
yolo11m.pt,1,static,54,2026-09-09,21:44:38.072,2026-09-09T21:44:38.072,1.7837193400000615,0,0.0,5.011710999951902,28.923800000029587,2.0,4661.91015625,16.0,1509.1875
yolo11m.pt,1,static,55,2026-09-09,21:44:38.104,2026-09-09T21:44:38.104,1.8156928170001265,1,0.15148213505744934,5.201750999731303,29.458957000315422,2.0,4661.91015625,16.0,1509.1875
yolo11m.pt,1,static,56,2026-09-09,21:44:38.140,2026-09-09T21:44:38.140,1.8516012499999306,1,0.36249083280563354,5.220070000177657,33.12510400019164,3.4,4661.91015625,16.0,1509.1875
yolo11m.pt,1,static,57,2026-09-09,21:44:38.172,2026-09-09T21:44:38.172,1.8837076370000432,1,0.2764304578304291,5.280490000131977,29.35585799968976,3.8,4661.91015625,16.0,1509.1875
yolo11m.pt,1,static,58,2026-09-09,21:44:38.204,2026-09-09T21:44:38.204,1.9157482049999999,1,0.5286733508110046,5.3211489998830075,29.31408799986457,2.0,4661.91015625,16.0,1509.1875
yolo11m.pt,1,static,59,2026-09-09,21:44:38.240,2026-09-09T21:44:38.240,1.9517706169999656,1,0.2276725023984909,5.2223299999241135,33.077213000069605,3.4,4661.91015625,16.0,1509.1875
yolo11m.pt,1,static,60,2026-09-09,21:44:38.272,2026-09-09T21:44:38.272,1.983677125000213,1,0.32805562019348145,5.231200000253011,29.17029799982629,2.0,4661.91015625,16.0,1509.1875
yolo11m.pt,1,static,61,2026-09-09,21:44:38.304,2026-09-09T21:44:38.304,2.015662132000216,0,0.0,5.051901000115322,28.923000000304455,2.0,4661.91015625,16.0,1509.1875
yolo11m.pt,1,static,62,2026-09-09,21:44:38.340,2026-09-09T21:44:38.340,2.0517125239998677,1,0.30616894364356995,5.205700000260549,33.517442000174924,3.4,4661.91015625,16.0,1509.1875
yolo11m.pt,1,static,63,2026-09-09,21:44:38.372,2026-09-09T21:44:38.372,2.083621122000295,1,0.2008081078529358,5.606197999895812,29.53783700013446,3.8,4661.91015625,16.0,1509.1875
yolo11m.pt,1,static,64,2026-09-09,21:44:38.408,2026-09-09T21:44:38.408,2.119524554000236,1,0.4514731764793396,5.221729999902891,32.71741499975178,1.8,4661.91015625,16.0,1509.1875
yolo11m.pt,1,static,65,2026-09-09,21:44:38.440,2026-09-09T21:44:38.440,2.151652502000161,1,0.2999279499053955,5.239308999989589,29.356037999605178,3.9,4661.91015625,16.0,1509.1875
yolo11m.pt,1,static,66,2026-09-09,21:44:38.472,2026-09-09T21:44:38.472,2.183573588999934,1,0.3945077657699585,5.328499999905034,29.229208000288054,2.0,4661.91015625,16.0,1509.1875
yolo11m.pt,1,static,67,2026-09-09,21:44:38.508,2026-09-09T21:44:38.508,2.2196496810001918,0,0.0,5.027151000376762,32.865594000213605,1.8,4661.91015625,16.0,1509.1875
yolo11m.pt,1,static,68,2026-09-09,21:44:38.540,2026-09-09T21:44:38.540,2.251790318000076,0,0.0,5.04399999999805,29.381036999893695,3.8,4661.91015625,16.0,1509.1875
yolo11m.pt,1,static,69,2026-09-09,21:44:38.572,2026-09-09T21:44:38.572,2.2835776659999283,0,0.0,5.02439100000629,28.957958999853872,2.0,4662.39453125,16.0,1509.1875
yolo11m.pt,1,static,70,2026-09-09,21:44:38.608,2026-09-09T21:44:38.608,2.3195116890001373,1,0.5317997336387634,5.2264400001149625,33.461481999893294,1.8,4662.39453125,16.0,1509.1875
yolo11m.pt,1,static,71,2026-09-09,21:44:38.640,2026-09-09T21:44:38.640,2.351483446000202,0,0.0,5.039371000293613,28.884009000194055,3.9,4662.39453125,16.0,1509.1875
yolo11m.pt,1,static,72,2026-09-09,21:44:38.672,2026-09-09T21:44:38.672,2.3836286830000972,1,0.157457172870636,5.202440000175557,29.59055700011959,3.8,4662.39453125,16.0,1509.1875
yolo11m.pt,1,static,73,2026-09-09,21:44:38.708,2026-09-09T21:44:38.708,2.4194720260002214,1,0.15329016745090485,5.239040000105888,33.10048399998777,3.6,4662.39453125,16.0,1509.1875
yolo11m.pt,1,static,74,2026-09-09,21:44:38.740,2026-09-09T21:44:38.740,2.451613763000296,1,0.5602416396141052,5.237639999904786,29.330466999908822,3.8,4662.39453125,16.0,1509.1875
yolo11m.pt,1,static,75,2026-09-09,21:44:38.772,2026-09-09T21:44:38.772,2.483541829999922,0,0.0,5.625929000416363,29.40905700006624,2.0,4662.39453125,16.0,1509.1875
yolo11m.pt,1,static,76,2026-09-09,21:44:38.803,2026-09-09T21:44:38.803,2.515441957999883,0,0.0,5.058161000306427,28.47894099977566,2.0,4662.39453125,16.0,1509.1875
yolo11m.pt,1,static,77,2026-09-09,21:44:38.840,2026-09-09T21:44:38.840,2.5518401190001896,0,0.0,5.0771200003509875,33.604911000111315,3.4,4662.39453125,16.0,1509.1875
yolo11m.pt,1,static,78,2026-09-09,21:44:38.872,2026-09-09T21:44:38.872,2.5836030169998594,1,0.52525395154953,5.246289999831788,29.251947999910044,3.9,4664.11328125,16.0,1510.0
yolo11m.pt,1,static,79,2026-09-09,21:44:38.908,2026-09-09T21:44:38.908,2.619501250000212,1,0.6484556794166565,5.285779000132607,33.15804299973024,3.5,4664.11328125,16.0,1510.0
yolo11m.pt,1,static,80,2026-09-09,21:44:38.940,2026-09-09T21:44:38.940,2.651523207000082,1,0.25308504700660706,5.38915899960557,29.298557999936747,7.7,4664.60546875,16.0,1516.1875
yolo11m.pt,1,static,81,2026-09-09,21:44:38.972,2026-09-09T21:44:38.972,2.683575563999966,1,0.5860424041748047,5.250430000160122,29.095298999891384,2.0,4664.60546875,16.0,1516.1875
yolo11m.pt,1,static,82,2026-09-09,21:44:39.008,2026-09-09T21:44:39.008,2.7195225270002084,0,0.0,5.026140000154555,32.81721399980597,1.8,4664.60546875,16.0,1516.1875
yolo11m.pt,1,static,83,2026-09-09,21:44:39.040,2026-09-09T21:44:39.040,2.751430774000255,1,0.44638723134994507,5.241469999873516,29.429296999751386,3.8,4664.60546875,16.0,1516.1875
yolo11m.pt,1,static,84,2026-09-09,21:44:39.072,2026-09-09T21:44:39.072,2.7836033210001006,0,0.0,5.034720999901765,29.064749000099255,2.0,4664.60546875,16.0,1516.1875
yolo11m.pt,1,static,85,2026-09-09,21:44:39.107,2026-09-09T21:44:39.107,2.819404984999892,0,0.0,5.032131000007212,32.97889399982523,1.8,4664.60546875,16.0,1516.1875
yolo11m.pt,1,static,86,2026-09-09,21:44:39.140,2026-09-09T21:44:39.140,2.8516233909999755,0,0.0,5.023110999900382,29.398398000012094,3.9,4664.60546875,16.0,1516.1875
yolo11m.pt,1,static,87,2026-09-09,21:44:39.172,2026-09-09T21:44:39.172,2.883600609000041,1,0.1678745448589325,5.199909999646479,29.43036699980439,2.0,4664.60546875,16.0,1516.1875
yolo11m.pt,1,static,88,2026-09-09,21:44:39.208,2026-09-09T21:44:39.208,2.91966395999998,1,0.3113403618335724,5.229209999924933,33.27805199978684,5.1,4664.60546875,16.0,1516.1875
yolo11m.pt,1,static,89,2026-09-09,21:44:39.240,2026-09-09T21:44:39.240,2.951594688000114,0,0.0,5.076031000044168,28.857379999863042,3.9,4664.60546875,16.0,1516.1875
yolo11m.pt,1,static,90,2026-09-09,21:44:39.272,2026-09-09T21:44:39.272,2.9836660159999155,1,0.5976060628890991,5.198199999995268,29.524577000302088,3.8,4664.60546875,16.0,1516.1875
yolo11m.pt,1,static,91,2026-09-09,21:44:39.307,2026-09-09T21:44:39.307,3.0194659990002037,0,0.0,5.032529999880353,32.703235000099085,1.8,4664.60546875,16.0,1516.1875
yolo11m.pt,1,static,92,2026-09-09,21:44:39.340,2026-09-09T21:44:39.340,3.0515155660000346,1,0.3064720928668976,5.222279999998136,29.55405700004121,1.9,4664.60546875,16.0,1516.1875
yolo11m.pt,1,static,93,2026-09-09,21:44:39.372,2026-09-09T21:44:39.372,3.083691703000113,1,0.38267457485198975,5.220920000283513,29.34712699970987,2.0,4664.60546875,16.0,1516.1875
yolo11m.pt,1,static,94,2026-09-09,21:44:39.408,2026-09-09T21:44:39.408,3.119468276000134,0,0.0,5.056920999777503,32.72809500003859,5.2,4664.60546875,16.0,1516.1875
yolo11m.pt,1,static,95,2026-09-09,21:44:39.440,2026-09-09T21:44:39.440,3.1516451030001917,1,0.3201064467430115,5.4013290000511915,29.812275000040245,1.9,4664.60546875,16.0,1516.1875
yolo11m.pt,1,static,96,2026-09-09,21:44:39.471,2026-09-09T21:44:39.471,3.1834382709998863,0,0.0,5.052730999977939,28.54392100016412,2.0,4664.60546875,16.0,1516.1875
yolo11m.pt,1,static,97,2026-09-09,21:44:39.508,2026-09-09T21:44:39.508,3.219573013000172,1,0.3437510132789612,5.1898000001529,33.58408100029919,3.4,4664.60546875,16.0,1516.1875
yolo11m.pt,1,static,98,2026-09-09,21:44:39.540,2026-09-09T21:44:39.540,3.251669839999977,0,0.0,5.042599999796948,29.042008000033093,2.0,4664.60546875,16.0,1516.1875
yolo11m.pt,1,static,99,2026-09-09,21:44:39.572,2026-09-09T21:44:39.572,3.2835442479999983,1,0.5643522143363953,5.2888390000589425,29.42436800003634,2.0,4664.84765625,16.0,1516.1875
yolo11m.pt,1,static,100,2026-09-09,21:44:39.608,2026-09-09T21:44:39.608,3.319626698999855,0,0.0,5.089860999760276,33.000364000145055,3.5,4664.84765625,16.0,1516.1875
yolo11m.pt,1,static,101,2026-09-09,21:44:39.640,2026-09-09T21:44:39.640,3.3516667869998855,1,0.5447670817375183,5.2264699997977,29.46865700005219,3.8,4665.08984375,16.0,1516.1875
yolo11m.pt,1,static,102,2026-09-09,21:44:39.672,2026-09-09T21:44:39.672,3.3835258849999263,0,0.0,5.083099999865226,28.8119890001326,3.9,4665.08984375,16.0,1516.1875
yolo11m.pt,1,static,103,2026-09-09,21:44:39.708,2026-09-09T21:44:39.708,3.4195252069998787,0,0.0,5.077860000255896,33.18548299967006,1.8,4665.08203125,16.0,1516.1875
yolo11m.pt,1,static,104,2026-09-09,21:44:39.740,2026-09-09T21:44:39.740,3.451714794000054,1,0.31232208013534546,5.315368999617931,29.686546999982966,3.8,4665.08203125,16.0,1516.1875
yolo11m.pt,1,static,105,2026-09-09,21:44:39.776,2026-09-09T21:44:39.776,3.4875731659999474,1,0.36920449137687683,5.125721000240446,32.86677400001281,1.8,4665.08203125,16.0,1516.1875
yolo11m.pt,1,static,106,2026-09-09,21:44:39.808,2026-09-09T21:44:39.808,3.5196338840000863,0,0.0,5.068949999895267,29.08677899995382,2.0,4665.08203125,16.0,1516.1875
yolo11m.pt,1,static,107,2026-09-09,21:44:39.840,2026-09-09T21:44:39.840,3.5517482300001575,1,0.3233907222747803,5.349160000150732,29.700306999984605,5.6,4665.08203125,16.0,1516.1875
yolo11m.pt,1,static,108,2026-09-09,21:44:39.876,2026-09-09T21:44:39.876,3.587916382000003,0,0.0,5.0858710001193685,33.017774000200006,3.5,4665.08203125,16.0,1516.125
yolo11m.pt,1,static,109,2026-09-09,21:44:39.908,2026-09-09T21:44:39.908,3.6195624410001983,0,0.0,5.069450000064535,28.832679000061034,2.0,4665.08203125,16.0,1516.125
yolo11m.pt,1,static,110,2026-09-09,21:44:39.940,2026-09-09T21:44:39.940,3.651484128999982,0,0.0,5.086589999791613,29.126388000349834,2.0,4665.08203125,16.0,1516.125
yolo11m.pt,1,static,111,2026-09-09,21:44:39.976,2026-09-09T21:44:39.976,3.687589520000074,1,0.2721845507621765,5.406539999967208,33.72039100031543,5.0,4665.08203125,16.0,1516.125
yolo11m.pt,1,static,112,2026-09-09,21:44:40.008,2026-09-09T21:44:40.008,3.719510727999932,0,0.0,5.3468000000975735,28.989569000259507,2.0,4665.08203125,16.0,1516.125
yolo11m.pt,1,static,113,2026-09-09,21:44:40.040,2026-09-09T21:44:40.040,3.7516348449998986,1,0.5773659944534302,5.336960000022373,29.31783700023516,3.8,4665.08203125,16.0,1516.125
yolo11m.pt,1,static,114,2026-09-09,21:44:40.076,2026-09-09T21:44:40.076,3.7875002380001206,0,0.0,5.158529999789607,32.68881499980125,1.8,4665.08203125,16.0,1516.125
yolo11m.pt,1,static,115,2026-09-09,21:44:40.108,2026-09-09T21:44:40.108,3.8196845550000944,1,0.24748976528644562,5.2080400000704685,29.588536999654025,2.0,4665.08203125,16.0,1516.125
yolo11m.pt,1,static,116,2026-09-09,21:44:40.140,2026-09-09T21:44:40.140,3.8516420330001893,1,0.22615396976470947,5.433669000012742,29.31415700004436,3.9,4665.08203125,16.0,1516.125
yolo11m.pt,1,static,117,2026-09-09,21:44:40.176,2026-09-09T21:44:40.176,3.88754688500012,0,0.0,5.012890999751107,32.6013150001927,3.5,4665.08203125,16.0,1514.8125
yolo11m.pt,1,static,118,2026-09-09,21:44:40.208,2026-09-09T21:44:40.208,3.919551212999977,1,0.23577190935611725,5.24171999995815,29.49091699974815,2.0,4665.08203125,16.0,1514.8125
yolo11m.pt,1,static,119,2026-09-09,21:44:40.240,2026-09-09T21:44:40.240,3.951540670000213,1,0.42302849888801575,5.360510000173235,29.300398000032146,3.8,4665.08203125,16.0,1514.8125
yolo11m.pt,1,static,120,2026-09-09,21:44:40.276,2026-09-09T21:44:40.276,3.9879305909998948,0,0.0,5.188860000089335,33.32095199994001,1.8,4665.08203125,16.0,1514.8125
yolo11m.pt,1,static,121,2026-09-09,21:44:40.308,2026-09-09T21:44:40.308,4.019562269000289,0,0.0,5.114640999636322,28.749019999850134,3.9,4665.08203125,16.0,1514.8125
yolo11m.pt,1,static,122,2026-09-09,21:44:40.340,2026-09-09T21:44:40.340,4.051516356999855,1,0.17814278602600098,5.264850000003207,29.429427000195574,2.0,4665.08203125,16.0,1514.8125
yolo11m.pt,1,static,123,2026-09-09,21:44:40.376,2026-09-09T21:44:40.376,4.087589999000102,0,0.0,5.070299999715644,32.943093000085355,1.8,4665.08203125,16.0,1514.8125
yolo11m.pt,1,static,124,2026-09-09,21:44:40.408,2026-09-09T21:44:40.408,4.119504237000001,0,0.0,5.055449999872508,29.085478000069998,2.0,4665.08203125,16.0,1514.8125
yolo11m.pt,1,static,125,2026-09-09,21:44:40.440,2026-09-09T21:44:40.440,4.151575614000194,0,0.0,5.042351000156486,29.261768000196753,5.7,4665.32421875,16.0,1514.8125
yolo11m.pt,1,static,126,2026-09-09,21:44:40.476,2026-09-09T21:44:40.476,4.187569426000209,1,0.430542916059494,5.298380000112957,33.57794100020328,1.8,4665.32421875,16.0,1514.8125
yolo11m.pt,1,static,127,2026-09-09,21:44:40.508,2026-09-09T21:44:40.508,4.219554972999958,0,0.0,5.06867100011732,28.848298999946564,3.9,4665.32421875,16.0,1514.8125
yolo11m.pt,1,static,128,2026-09-09,21:44:40.540,2026-09-09T21:44:40.540,4.251544760999877,1,0.49137794971466064,5.363249000311043,29.60411699996257,3.8,4665.32421875,16.0,1514.8125
yolo11m.pt,1,static,129,2026-09-09,21:44:40.575,2026-09-09T21:44:40.575,4.287451583999882,0,0.0,4.977529999905528,32.642255000155274,1.8,4663.66015625,16.0,1514.8125
yolo11m.pt,1,static,130,2026-09-09,21:44:40.608,2026-09-09T21:44:40.608,4.319473950999964,0,0.0,5.072680000012042,29.31035800020254,2.0,4663.65625,16.0,1514.8125
yolo11m.pt,1,static,131,2026-09-09,21:44:40.640,2026-09-09T21:44:40.640,4.351619848000155,0,0.0,4.925911000100314,29.197428999850672,2.0,4663.65625,16.0,1514.8125
yolo11m.pt,1,static,132,2026-09-09,21:44:40.676,2026-09-09T21:44:40.676,4.387621339999896,0,0.0,5.063171000074362,33.30452299996978,3.4,4663.65625,16.0,1514.8125
yolo11m.pt,1,static,133,2026-09-09,21:44:40.708,2026-09-09T21:44:40.708,4.419560677999925,0,0.0,5.033280999668932,29.11458800008404,3.9,4663.65625,16.0,1514.8125
yolo11m.pt,1,static,134,2026-09-09,21:44:40.740,2026-09-09T21:44:40.740,4.451518334999946,1,0.23445817828178406,5.230979999851115,29.479697000169836,3.8,4663.65625,16.0,1514.8125
yolo11m.pt,1,static,135,2026-09-09,21:44:40.776,2026-09-09T21:44:40.776,4.487799386000006,1,0.32358649373054504,5.3196099997876445,33.55102099976648,1.8,4663.65625,16.0,1514.8125
yolo11m.pt,1,static,136,2026-09-09,21:44:40.808,2026-09-09T21:44:40.808,4.519614215000274,1,0.16486439108848572,5.288419999942562,28.96566899971731,2.0,4663.65625,16.0,1514.8125
yolo11m.pt,1,static,137,2026-09-09,21:44:40.840,2026-09-09T21:44:40.840,4.5515460920000805,1,0.3861445486545563,5.409688999861828,29.270638000070903,3.8,4663.65625,16.0,1514.8125
yolo11m.pt,1,static,138,2026-09-09,21:44:40.876,2026-09-09T21:44:40.876,4.587715294000191,1,0.5845959186553955,5.209069999636995,33.16340299988951,5.2,4657.86328125,16.0,1508.3125
yolo11m.pt,1,static,139,2026-09-09,21:44:40.908,2026-09-09T21:44:40.908,4.619714111000121,1,0.15759462118148804,5.133829999977024,29.193488000146317,3.9,4658.10546875,16.0,1508.3125
yolo11m.pt,1,static,140,2026-09-09,21:44:40.940,2026-09-09T21:44:40.940,4.651530179000019,0,0.0,5.018250999910379,28.767169999809994,2.0,4658.10546875,16.0,1508.3125
yolo11m.pt,1,static,141,2026-09-09,21:44:40.975,2026-09-09T21:44:40.975,4.687494221000179,0,0.0,4.987910999716405,33.14826299993001,1.8,4658.10546875,16.0,1508.3125
yolo11m.pt,1,static,142,2026-09-09,21:44:41.008,2026-09-09T21:44:41.008,4.719525339000029,1,0.3065197765827179,5.189530000279774,29.577855999832536,2.0,4658.10546875,16.0,1508.3125
yolo11m.pt,1,static,143,2026-09-09,21:44:41.044,2026-09-09T21:44:41.044,4.755549941000027,0,0.0,5.127360000187764,33.010912999998254,3.4,4658.10546875,16.0,1508.3125
yolo11m.pt,1,static,144,2026-09-09,21:44:41.076,2026-09-09T21:44:41.076,4.787749028000235,1,0.23803849518299103,5.314139000347495,29.677307000383735,2.0,4658.10546875,16.0,1508.3125
yolo11m.pt,1,static,145,2026-09-09,21:44:41.108,2026-09-09T21:44:41.108,4.819531615999949,1,0.36321818828582764,5.295429999932821,28.969719000087935,2.0,4658.10546875,16.0,1508.3125
yolo11m.pt,1,static,146,2026-09-09,21:44:41.144,2026-09-09T21:44:41.144,4.855574837999939,1,0.5474463701248169,5.1888100001633575,33.15836299998409,5.1,4658.34765625,16.0,1508.3125
yolo11m.pt,1,static,147,2026-09-09,21:44:41.176,2026-09-09T21:44:41.176,4.887503705000199,1,0.39666709303855896,5.211339999732445,29.151157999876887,3.9,4658.34765625,16.0,1508.3125
yolo11m.pt,1,static,148,2026-09-09,21:44:41.208,2026-09-09T21:44:41.208,4.9196079630000895,1,0.4587741792201996,5.226609999681386,29.312887999822124,2.0,4658.34765625,16.0,1508.3125
yolo11m.pt,1,static,149,2026-09-09,21:44:41.244,2026-09-09T21:44:41.244,4.955681773999913,0,0.0,5.274600000120699,33.25204299972029,3.4,4658.34765625,16.0,1508.3125
yolo11m.pt,1,static,150,2026-09-09,21:44:41.276,2026-09-09T21:44:41.276,4.987518803000057,0,0.0,5.140531000051851,28.876450000097975,2.0,4658.34765625,16.0,1508.3125
yolo11m.pt,1,static,151,2026-09-09,21:44:41.308,2026-09-09T21:44:41.308,5.019580500000302,1,0.4466980993747711,5.399628999839479,29.65372699964064,2.0,4658.34765625,16.0,1508.3125
yolo11m.pt,1,static,152,2026-09-09,21:44:41.344,2026-09-09T21:44:41.344,5.055581831999916,1,0.44703730940818787,5.195950000143057,33.062072999655356,5.2,4658.34765625,16.0,1508.3125
yolo11m.pt,1,static,153,2026-09-09,21:44:41.376,2026-09-09T21:44:41.376,5.087720659000297,1,0.2824423611164093,5.204159999721014,29.2926079996505,2.0,4658.34765625,16.0,1508.3125
yolo11m.pt,1,static,154,2026-09-09,21:44:41.408,2026-09-09T21:44:41.408,5.119616077000046,1,0.5092562437057495,5.171790000076726,29.048798000076204,2.0,4658.34765625,16.0,1508.3125
yolo11m.pt,1,static,155,2026-09-09,21:44:41.444,2026-09-09T21:44:41.444,5.155626439000116,0,0.0,5.050409999967087,32.934552999904554,3.4,4658.34765625,16.0,1508.3125
yolo11m.pt,1,static,156,2026-09-09,21:44:41.476,2026-09-09T21:44:41.476,5.187574287000189,1,0.6554337739944458,5.201400000260037,29.40198699980101,2.0,4658.34765625,16.0,1508.3125
yolo11m.pt,1,static,157,2026-09-09,21:44:41.508,2026-09-09T21:44:41.508,5.219618734000051,1,0.24205811321735382,5.2819400002590555,29.290368000147282,3.9,4658.34765625,16.0,1508.3125
yolo11m.pt,1,static,158,2026-09-09,21:44:41.544,2026-09-09T21:44:41.544,5.255626556000152,0,0.0,5.258939999748691,33.12796399995932,5.2,4661.90234375,16.0,1511.5
yolo11m.pt,1,static,159,2026-09-09,21:44:41.576,2026-09-09T21:44:41.576,5.287397454000256,0,0.0,5.155411000032473,28.7944100000459,2.0,4660.55859375,16.0,1511.5
yolo11m.pt,1,static,160,2026-09-09,21:44:41.608,2026-09-09T21:44:41.608,5.3195699210000384,1,0.32778072357177734,5.317129999639292,29.632755999955407,3.8,4660.55859375,16.0,1511.5
yolo11m.pt,1,static,161,2026-09-09,21:44:41.644,2026-09-09T21:44:41.644,5.3555291040001975,0,0.0,5.042969999976776,32.76837399971555,3.5,4660.55859375,16.0,1511.5
yolo11m.pt,1,static,162,2026-09-09,21:44:41.676,2026-09-09T21:44:41.676,5.38757723100025,0,0.0,5.035019999922952,29.239738000342186,2.0,4660.55859375,16.0,1511.5
yolo11m.pt,1,static,163,2026-09-09,21:44:41.708,2026-09-09T21:44:41.708,5.419607027999973,1,0.6850406527519226,5.252670000118087,29.532216999996308,3.8,4660.55859375,16.0,1511.5
yolo11m.pt,1,static,164,2026-09-09,21:44:41.744,2026-09-09T21:44:41.744,5.455455481000172,1,0.15892016887664795,5.160750000413827,32.999044000007416,1.8,4660.55859375,16.0,1511.5
yolo11m.pt,1,static,165,2026-09-09,21:44:41.776,2026-09-09T21:44:41.776,5.4875266180001745,1,0.5211910605430603,5.539798999961931,29.790135999974154,3.9,4660.80078125,16.0,1511.5
yolo11m.pt,1,static,166,2026-09-09,21:44:41.808,2026-09-09T21:44:41.808,5.519843474000027,1,0.25550201535224915,5.324010000094859,28.981428999941272,3.8,4660.80078125,16.0,1511.5
yolo11m.pt,1,static,167,2026-09-09,21:44:41.844,2026-09-09T21:44:41.844,5.555597198000214,1,0.3321502208709717,5.315268999765976,32.936963999873115,1.8,4660.80078125,16.0,1511.5
yolo11m.pt,1,static,168,2026-09-09,21:44:41.876,2026-09-09T21:44:41.876,5.587790425000094,1,0.3449322283267975,5.236129999957484,29.350927999985288,3.9,4660.80078125,16.0,1511.5
yolo11m.pt,1,static,169,2026-09-09,21:44:41.908,2026-09-09T21:44:41.908,5.619554812999922,0,0.0,5.198299999847222,28.8152800003445,2.0,4660.80078125,16.0,1511.5
yolo11m.pt,1,static,170,2026-09-09,21:44:41.944,2026-09-09T21:44:41.944,5.655625455000063,1,0.303708016872406,5.217910000283155,33.42019199999413,3.4,4660.80078125,16.0,1511.5
yolo11m.pt,1,static,171,2026-09-09,21:44:41.976,2026-09-09T21:44:41.976,5.687616671999876,1,0.5141685009002686,5.175141000108852,29.140948000076605,3.8,4660.80078125,16.0,1511.5
yolo11m.pt,1,static,172,2026-09-09,21:44:42.008,2026-09-09T21:44:42.008,5.719619599999987,0,0.0,5.028201000186527,28.963829000076657,2.0,4660.80078125,16.0,1511.5
yolo11m.pt,1,static,173,2026-09-09,21:44:42.044,2026-09-09T21:44:42.044,5.7555024920002325,0,0.0,5.10229099973003,33.165972999995574,3.5,4660.80078125,16.0,1511.5
yolo11m.pt,1,static,174,2026-09-09,21:44:42.076,2026-09-09T21:44:42.076,5.787444869999945,1,0.5429167747497559,5.47818900031416,29.641136999998707,3.8,4660.80078125,16.0,1511.5
yolo11m.pt,1,static,175,2026-09-09,21:44:42.108,2026-09-09T21:44:42.108,5.81967825699985,0,0.0,5.114580000281421,28.990379000333633,2.0,4660.80078125,16.0,1511.5
yolo11m.pt,1,static,176,2026-09-09,21:44:42.144,2026-09-09T21:44:42.144,5.855499860000236,1,0.17757661640644073,5.155400000148802,33.16114400013248,3.4,4660.80078125,16.0,1511.5
yolo11m.pt,1,static,177,2026-09-09,21:44:42.175,2026-09-09T21:44:42.175,5.887523556999895,0,0.0,4.937930999858509,28.870368999832863,2.0,4660.80078125,16.0,1511.5
yolo11m.pt,1,static,178,2026-09-09,21:44:42.208,2026-09-09T21:44:42.208,5.91931086600016,1,0.26446354389190674,5.264879999685945,29.384657999798947,3.8,4661.0390625,16.0,1511.5
yolo11m.pt,1,static,179,2026-09-09,21:44:42.228,2026-09-09T21:44:42.228,5.93949376799992,1,0.26445257663726807,5.203979999805597,17.297744000188686,3.1,4661.28125,16.0,1511.5
yolo11m.pt,1,static,180,2026-09-09,21:44:42.260,2026-09-09T21:44:42.260,5.971582805000253,1,0.18745987117290497,5.22912999986147,29.32416799967541,2.0,4661.28125,16.0,1511.5
yolo11m.pt,1,static,181,2026-09-09,21:44:42.292,2026-09-09T21:44:42.292,6.003595053000026,0,0.0,5.084560000341298,28.941769000084605,3.9,4661.28125,16.0,1511.5
yolo11m.pt,1,static,182,2026-09-09,21:44:42.328,2026-09-09T21:44:42.328,6.039644684999985,0,0.0,5.003760999898077,33.139094000034675,3.4,4661.28125,16.0,1511.5
yolo11m.pt,1,static,183,2026-09-09,21:44:42.360,2026-09-09T21:44:42.360,6.071844311999939,0,0.0,5.033710000134306,29.384887000105664,2.0,4661.28125,16.0,1511.5
yolo11m.pt,1,static,184,2026-09-09,21:44:42.392,2026-09-09T21:44:42.392,6.103528040000128,1,0.3246563971042633,5.208810000112862,29.179079000186903,2.0,4661.28125,16.0,1511.5
yolo11m.pt,1,static,185,2026-09-09,21:44:42.428,2026-09-09T21:44:42.428,6.139407882999876,1,0.29732945561408997,5.26341999966462,33.11149299997851,3.4,4661.28125,16.0,1511.5
yolo11m.pt,1,static,186,2026-09-09,21:44:42.460,2026-09-09T21:44:42.460,6.171503340000072,1,0.4079809784889221,5.320839999967575,29.366537000441895,3.9,4661.28125,16.0,1511.5
yolo11m.pt,1,static,187,2026-09-09,21:44:42.491,2026-09-09T21:44:42.491,6.20339323799999,0,0.0,5.117809999774181,28.776518999620748,2.0,4661.28125,16.0,1511.5
yolo11m.pt,1,static,188,2026-09-09,21:44:42.528,2026-09-09T21:44:42.528,6.239690909000274,0,0.0,5.0939810003001185,33.45165200016709,3.4,4661.28125,16.0,1511.5
yolo11m.pt,1,static,189,2026-09-09,21:44:42.560,2026-09-09T21:44:42.560,6.2714335979999305,1,0.5097215175628662,5.512419000297086,29.50138699998206,4.0,4659.3125,16.0,1511.375
yolo11m.pt,1,static,190,2026-09-09,21:44:42.592,2026-09-09T21:44:42.592,6.303650994000236,1,0.17811375856399536,5.205129999922065,29.132479000054445,3.8,4655.71484375,16.0,1511.375
yolo11m.pt,1,static,191,2026-09-09,21:44:42.628,2026-09-09T21:44:42.628,6.339347418000216,1,0.23451568186283112,5.20360000018627,32.8556539998317,1.8,4655.46875,16.0,1511.375
yolo11m.pt,1,static,192,2026-09-09,21:44:42.660,2026-09-09T21:44:42.660,6.371583944000122,1,0.4744580388069153,5.203480000091076,29.42595699960293,2.0,4655.46875,16.0,1511.375
yolo11m.pt,1,static,193,2026-09-09,21:44:42.691,2026-09-09T21:44:42.691,6.403355463000025,0,0.0,5.050140999628638,28.70418000020436,2.0,4655.46875,16.0,1511.375
yolo11m.pt,1,static,194,2026-09-09,21:44:42.728,2026-09-09T21:44:42.728,6.439765033000185,1,0.4381728172302246,5.241630000000441,33.87336000014329,3.4,4655.45703125,16.0,1511.375
yolo11m.pt,1,static,195,2026-09-09,21:44:42.760,2026-09-09T21:44:42.760,6.471565001000272,1,0.678825318813324,5.353529999865714,29.10744800010434,3.9,4655.45703125,16.0,1511.375
yolo11m.pt,1,static,196,2026-09-09,21:44:42.796,2026-09-09T21:44:42.796,6.507827412000097,0,0.0,5.047351000030176,33.086753000134195,3.5,4655.69921875,16.0,1511.375
yolo11m.pt,1,static,197,2026-09-09,21:44:42.828,2026-09-09T21:44:42.828,6.539751350000188,0,0.0,5.022290999932011,29.085039000165125,2.0,4655.69921875,16.0,1511.375
yolo11m.pt,1,static,198,2026-09-09,21:44:42.860,2026-09-09T21:44:42.860,6.571787217000292,1,0.15440352261066437,5.174789999728091,29.50867699973969,2.0,4655.69921875,16.0,1511.375
yolo11m.pt,1,static,199,2026-09-09,21:44:42.892,2026-09-09T21:44:42.892,6.603562585999953,1,0.5219089984893799,5.2316599999358,29.047488999822235,4.0,4655.67578125,16.0,1511.375
yolo11m.pt,1,static,200,2026-09-09,21:44:42.928,2026-09-09T21:44:42.928,6.639648426999884,0,0.0,5.088380999950459,33.05321399966488,3.4,4655.67578125,16.0,1511.375
yolo11m.pt,1,static,201,2026-09-09,21:44:42.960,2026-09-09T21:44:42.960,6.671456666000267,0,0.0,5.027170000175829,28.946728999926563,3.9,4655.67578125,16.0,1511.375
yolo11m.pt,1,static,202,2026-09-09,21:44:42.996,2026-09-09T21:44:42.996,6.7077750870003,1,0.35615333914756775,5.335179999747197,33.846360000097775,1.7,4655.67578125,16.0,1511.375
yolo11m.pt,1,static,203,2026-09-09,21:44:43.028,2026-09-09T21:44:43.028,6.739523154999915,0,0.0,5.0540699999146455,28.553220000048896,3.9,4655.67578125,16.0,1511.375
yolo11m.pt,1,static,204,2026-09-09,21:44:43.060,2026-09-09T21:44:43.060,6.771704550999857,0,0.0,5.066311000064161,29.374636999818904,2.0,4655.67578125,16.0,1511.375
yolo11m.pt,1,static,205,2026-09-09,21:44:43.096,2026-09-09T21:44:43.096,6.807582874000218,0,0.0,5.035601000145107,33.0454740001187,1.8,4655.67578125,16.0,1511.375
yolo11m.pt,1,static,206,2026-09-09,21:44:43.128,2026-09-09T21:44:43.128,6.839601182000024,1,0.6783226132392883,5.214299999806826,29.506116999982623,2.0,4655.67578125,16.0,1511.375
yolo11m.pt,1,static,207,2026-09-09,21:44:43.160,2026-09-09T21:44:43.160,6.871777318000113,0,0.0,5.255040000065492,29.31146799983253,3.8,4655.67578125,16.0,1511.375
yolo11m.pt,1,static,208,2026-09-09,21:44:43.196,2026-09-09T21:44:43.196,6.9075260120002895,0,0.0,5.281869000100414,33.041443999991316,5.3,4655.67578125,17.0,1511.375
yolo11m.pt,1,static,209,2026-09-09,21:44:43.228,2026-09-09T21:44:43.228,6.939801068000179,0,0.0,5.106839999825752,29.24571800031117,2.0,4655.67578125,17.0,1511.375
yolo11m.pt,1,static,210,2026-09-09,21:44:43.260,2026-09-09T21:44:43.260,6.971577205999893,0,0.0,5.0354509999124275,28.894008999941434,3.9,4655.67578125,17.0,1511.375
yolo11m.pt,1,static,211,2026-09-09,21:44:43.296,2026-09-09T21:44:43.296,7.007848417999867,0,0.0,5.070419999810838,33.49238200007676,1.8,4655.67578125,17.0,1511.375
yolo11m.pt,1,static,212,2026-09-09,21:44:43.328,2026-09-09T21:44:43.328,7.039662006000071,0,0.0,5.033721000017977,28.982178999740427,2.0,4655.67578125,17.0,1511.375
yolo11m.pt,1,static,213,2026-09-09,21:44:43.360,2026-09-09T21:44:43.360,7.071697252999911,1,0.32188552618026733,5.226709999988088,29.535166999721696,5.7,4655.67578125,17.0,1511.375
yolo11m.pt,1,static,214,2026-09-09,21:44:43.396,2026-09-09T21:44:43.396,7.107667306000167,1,0.3849143981933594,5.237878999651002,33.22255300008692,1.8,4655.67578125,17.0,1511.375
yolo11m.pt,1,static,215,2026-09-09,21:44:43.428,2026-09-09T21:44:43.428,7.139691873000174,0,0.0,5.057371000020794,28.93417999985104,3.9,4655.67578125,17.0,1511.375
yolo11m.pt,1,static,216,2026-09-09,21:44:43.460,2026-09-09T21:44:43.460,7.171865450000041,0,0.0,5.072420000033162,29.39819700031876,2.0,4655.67578125,17.0,1511.375
yolo11m.pt,1,static,217,2026-09-09,21:44:43.496,2026-09-09T21:44:43.496,7.207763731999876,1,0.23476557433605194,5.227480000030482,33.31157200000234,1.8,4655.67578125,17.0,1511.375
yolo11m.pt,1,static,218,2026-09-09,21:44:43.528,2026-09-09T21:44:43.528,7.239883359000032,1,0.542503297328949,5.224900000030175,29.359547999774804,3.8,4655.67578125,17.0,1511.375
yolo11m.pt,1,static,219,2026-09-09,21:44:43.560,2026-09-09T21:44:43.560,7.271558387999903,0,0.0,5.003080999813392,28.486221000093792,2.0,4652.61328125,17.0,1511.375
yolo11m.pt,1,static,220,2026-09-09,21:44:43.596,2026-09-09T21:44:43.596,7.307618419999926,1,0.1959811896085739,5.219550000219897,33.56084100005319,5.0,4652.3671875,17.0,1511.375
yolo11m.pt,1,static,221,2026-09-09,21:44:43.628,2026-09-09T21:44:43.628,7.339514207999855,1,0.4264011085033417,5.187539999951696,29.03980800010686,2.0,4652.3671875,17.0,1511.375
yolo11m.pt,1,static,222,2026-09-09,21:44:43.660,2026-09-09T21:44:43.660,7.371560065000267,1,0.326306015253067,5.1549200002227735,29.21841899978972,2.0,4652.3671875,17.0,1511.375
yolo11m.pt,1,static,223,2026-09-09,21:44:43.696,2026-09-09T21:44:43.696,7.407400136999968,1,0.3359556496143341,5.211820000113221,33.107993000157876,1.8,4652.3671875,17.0,1511.375
yolo11m.pt,1,static,224,2026-09-09,21:44:43.728,2026-09-09T21:44:43.728,7.439812883000286,1,0.3916962742805481,5.550019000111206,29.96865600016463,1.9,4652.3671875,17.0,1511.375
yolo11m.pt,1,static,225,2026-09-09,21:44:43.760,2026-09-09T21:44:43.760,7.471846051000284,0,0.0,5.107110000153625,28.61974999996164,2.0,4652.3671875,17.0,1511.375
yolo11m.pt,1,static,226,2026-09-09,21:44:43.796,2026-09-09T21:44:43.796,7.5074948550000045,1,0.31858181953430176,5.279149000216421,33.08721399980641,3.5,4652.3671875,17.0,1511.375
yolo11m.pt,1,static,227,2026-09-09,21:44:43.828,2026-09-09T21:44:43.828,7.539464651999879,1,0.18451783061027527,5.371920000015962,29.2633979997845,3.8,4652.3671875,17.0,1511.375
yolo11m.pt,1,static,228,2026-09-09,21:44:43.860,2026-09-09T21:44:43.860,7.571540638999977,1,0.44735607504844666,5.275080000046728,29.198328999882506,3.9,4652.3671875,17.0,1511.375
yolo11m.pt,1,static,229,2026-09-09,21:44:43.896,2026-09-09T21:44:43.896,7.607606801000202,1,0.38365438580513,5.223189999924216,33.18969300016761,3.5,4652.578125,17.0,1511.375
yolo11m.pt,1,static,230,2026-09-09,21:44:43.928,2026-09-09T21:44:43.928,7.639554118999968,1,0.4620461165904999,5.207100000006903,29.134668000097008,3.8,4652.578125,17.0,1511.375
yolo11m.pt,1,static,231,2026-09-09,21:44:43.960,2026-09-09T21:44:43.960,7.671608405999905,0,0.0,5.0201009999000235,28.95189900027617,2.0,4652.578125,17.0,1511.375
yolo11m.pt,1,static,232,2026-09-09,21:44:43.996,2026-09-09T21:44:43.996,7.707578368000213,0,0.0,5.055291000189754,33.21196300021256,3.4,4652.578125,17.0,1511.375
yolo11m.pt,1,static,233,2026-09-09,21:44:44.028,2026-09-09T21:44:44.028,7.739550415999929,1,0.2077161818742752,5.262510000193288,29.47992700001123,2.0,4652.578125,17.0,1511.375
yolo11m.pt,1,static,234,2026-09-09,21:44:44.059,2026-09-09T21:44:44.059,7.771309324999947,0,0.0,5.131900999913341,28.730669999731617,3.9,4652.578125,17.0,1511.375
yolo11m.pt,1,static,235,2026-09-09,21:44:44.096,2026-09-09T21:44:44.096,7.807537076000244,1,0.5792402625083923,5.152709999947547,33.57643100025598,1.8,4652.578125,17.0,1511.375
yolo11m.pt,1,static,236,2026-09-09,21:44:44.128,2026-09-09T21:44:44.128,7.839636242999859,1,0.25508081912994385,5.2109500002188724,29.33356699986689,3.8,4652.578125,17.0,1511.375
yolo11m.pt,1,static,237,2026-09-09,21:44:44.164,2026-09-09T21:44:44.164,7.875548255000012,0,0.0,5.031861000134086,32.818614000007074,1.8,4652.578125,17.0,1511.375
yolo11m.pt,1,static,238,2026-09-09,21:44:44.196,2026-09-09T21:44:44.196,7.9075368230001,0,0.0,5.042549999870971,29.20914800006358,2.0,4652.578125,16.0,1511.375
yolo11m.pt,1,static,239,2026-09-09,21:44:44.228,2026-09-09T21:44:44.228,7.939384250999865,1,0.36254435777664185,5.185640000036074,29.28501700034758,3.8,4652.5703125,16.0,1511.375
yolo11m.pt,1,static,240,2026-09-09,21:44:44.264,2026-09-09T21:44:44.264,7.975542602000132,0,0.0,5.443119000119623,33.5173409998788,1.8,4652.5703125,16.0,1511.375
yolo11m.pt,1,static,241,2026-09-09,21:44:44.296,2026-09-09T21:44:44.296,8.007540009999957,0,0.0,5.321479000031104,29.074317999857158,3.8,4652.5703125,16.0,1511.375
yolo11m.pt,1,static,242,2026-09-09,21:44:44.328,2026-09-09T21:44:44.328,8.03951129799998,0,0.0,5.06776100019124,28.82352999995419,2.0,4652.5703125,16.0,1511.375
yolo11m.pt,1,static,243,2026-09-09,21:44:44.364,2026-09-09T21:44:44.364,8.075650808999853,1,0.29946720600128174,5.222910000156844,33.599341999888566,3.4,4652.3203125,16.0,1511.375
yolo11m.pt,1,static,244,2026-09-09,21:44:44.396,2026-09-09T21:44:44.396,8.107535106999876,1,0.49651652574539185,5.2017600000908715,29.098638000050414,2.0,4652.3203125,16.0,1511.375
yolo11m.pt,1,static,245,2026-09-09,21:44:44.427,2026-09-09T21:44:44.427,8.139372794999872,0,0.0,4.993990999992093,28.698810000150843,3.9,4652.3203125,16.0,1511.375
yolo11m.pt,1,static,246,2026-09-09,21:44:44.464,2026-09-09T21:44:44.464,8.175404117000198,1,0.48143288493156433,5.212450000271929,33.58181199973842,1.7,4652.3203125,16.0,1511.375
yolo11m.pt,1,static,247,2026-09-09,21:44:44.496,2026-09-09T21:44:44.496,8.207355375000134,1,0.16812783479690552,5.199799999900279,29.082737999942765,3.9,4652.3203125,16.0,1511.375
yolo11m.pt,1,static,248,2026-09-09,21:44:44.528,2026-09-09T21:44:44.528,8.239490802000091,0,0.0,5.058380000264151,29.089487999954144,2.0,4650.1796875,16.0,1511.25
yolo11m.pt,1,static,249,2026-09-09,21:44:44.564,2026-09-09T21:44:44.564,8.275662343000022,0,0.0,5.175170000256912,33.450101999733306,3.4,4647.67578125,16.0,1508.25
yolo11m.pt,1,static,250,2026-09-09,21:44:44.596,2026-09-09T21:44:44.596,8.307550981000077,0,0.0,5.404889000146795,29.338107999592467,3.9,4647.421875,16.0,1508.25
yolo11m.pt,1,static,251,2026-09-09,21:44:44.628,2026-09-09T21:44:44.628,8.33960862799995,1,0.6447160840034485,5.276489999687328,29.227947999970638,3.9,4647.421875,16.0,1508.25
yolo11m.pt,1,static,252,2026-09-09,21:44:44.664,2026-09-09T21:44:44.664,8.375728550000076,1,0.41437387466430664,5.169930000192835,33.22586300009789,1.8,4647.421875,16.0,1508.25
yolo11m.pt,1,static,253,2026-09-09,21:44:44.695,2026-09-09T21:44:44.695,8.407437829000173,0,0.0,5.065389999799663,28.69959999998173,2.0,4647.421875,17.0,1508.25
yolo11m.pt,1,static,254,2026-09-09,21:44:44.728,2026-09-09T21:44:44.728,8.43967078500009,0,0.0,5.0262509998901805,29.372938000051363,3.9,4647.421875,17.0,1508.25
yolo11m.pt,1,static,255,2026-09-09,21:44:44.764,2026-09-09T21:44:44.764,8.475701587999993,0,0.0,5.090970000310335,33.292003000042314,3.4,4647.17578125,17.0,1508.25
yolo11m.pt,1,static,256,2026-09-09,21:44:44.796,2026-09-09T21:44:44.796,8.507394935999855,1,0.28918129205703735,5.298969999785186,29.241818000173225,2.0,4647.17578125,17.0,1508.25
yolo11m.pt,1,static,257,2026-09-09,21:44:44.828,2026-09-09T21:44:44.828,8.539648663000207,0,0.0,5.165910999949119,29.22298800012868,2.0,4647.17578125,17.0,1508.25
yolo11m.pt,1,static,258,2026-09-09,21:44:44.864,2026-09-09T21:44:44.864,8.575624444999903,0,0.0,4.976701000032335,33.08077300016521,1.8,4647.17578125,17.0,1508.25
yolo11m.pt,1,static,259,2026-09-09,21:44:44.895,2026-09-09T21:44:44.895,8.607441102999928,0,0.0,5.036531000314426,28.94095000010566,3.9,4646.90234375,17.0,1508.25
yolo11m.pt,1,static,260,2026-09-09,21:44:44.928,2026-09-09T21:44:44.928,8.639361910999924,1,0.3014371395111084,5.223409999871365,29.417726999781735,2.0,4646.90234375,17.0,1508.25
yolo11m.pt,1,static,261,2026-09-09,21:44:44.963,2026-09-09T21:44:44.963,8.675507582000137,0,0.0,4.999200999918685,33.007833000283426,3.5,4647.14453125,17.0,1508.25
yolo11m.pt,1,static,262,2026-09-09,21:44:44.996,2026-09-09T21:44:44.996,8.707585560000098,0,0.0,5.038080999838712,29.30845800028692,2.0,4647.14453125,17.0,1508.25
yolo11m.pt,1,static,263,2026-09-09,21:44:45.028,2026-09-09T21:44:45.028,8.739647206999962,1,0.5622276663780212,5.210119999901508,29.516657999920426,2.0,4647.14453125,17.0,1508.25
yolo11m.pt,1,static,264,2026-09-09,21:44:45.064,2026-09-09T21:44:45.064,8.775681799000267,1,0.37365636229515076,5.257490000076359,33.18815300008282,3.4,4647.14453125,17.0,1508.25
yolo11m.pt,1,static,265,2026-09-09,21:44:45.096,2026-09-09T21:44:45.096,8.807825186000173,1,0.433045357465744,5.220340000050783,29.289558000073157,3.9,4647.38671875,17.0,1508.25
yolo11m.pt,1,static,266,2026-09-09,21:44:45.132,2026-09-09T21:44:45.132,8.843523688999994,0,0.0,5.023441000048479,32.57754499963994,3.5,4647.38671875,17.0,1508.25
yolo11m.pt,1,static,267,2026-09-09,21:44:45.164,2026-09-09T21:44:45.164,8.875382557000194,1,0.23798903822898865,5.231950000052166,29.35234799997488,2.0,4647.38671875,17.0,1508.25
yolo11m.pt,1,static,268,2026-09-09,21:44:45.196,2026-09-09T21:44:45.196,8.907570994000253,0,0.0,5.033740999806469,29.0935289999652,2.0,4647.38671875,16.0,1508.25
yolo11m.pt,1,static,269,2026-09-09,21:44:45.228,2026-09-09T21:44:45.228,8.93994229000009,1,0.5777601599693298,5.246989999704965,29.760175999854255,3.8,4647.38671875,16.0,1508.25
yolo11m.pt,1,static,270,2026-09-09,21:44:45.264,2026-09-09T21:44:45.264,8.975442594000015,1,0.6802564263343811,5.218209999839019,32.69251499978054,3.5,4647.3828125,16.0,1508.25
yolo11m.pt,1,static,271,2026-09-09,21:44:45.295,2026-09-09T21:44:45.295,9.007368692,0,0.0,5.0878100000772974,28.87162899969553,3.9,4647.3828125,16.0,1508.25
yolo11m.pt,1,static,272,2026-09-09,21:44:45.332,2026-09-09T21:44:45.332,9.043585552999957,0,0.0,5.0565999999889755,33.33593200022733,1.8,4647.3828125,16.0,1508.25
yolo11m.pt,1,static,273,2026-09-09,21:44:45.363,2026-09-09T21:44:45.363,9.075441141000283,0,0.0,5.074030999821844,29.03131899984146,3.9,4647.3828125,16.0,1508.25
yolo11m.pt,1,static,274,2026-09-09,21:44:45.396,2026-09-09T21:44:45.396,9.107814816999962,1,0.7140007615089417,5.254659999991418,29.876744999910443,1.9,4647.3828125,16.0,1508.25
yolo11m.pt,1,static,275,2026-09-09,21:44:45.428,2026-09-09T21:44:45.428,9.13950931599993,0,0.0,5.058780000126717,28.563779999785766,2.0,4647.3828125,16.0,1508.25
yolo11m.pt,1,static,276,2026-09-09,21:44:45.464,2026-09-09T21:44:45.464,9.175693456999852,1,0.5343118906021118,5.191870000089693,33.620201000303496,3.4,4647.3828125,16.0,1508.25
yolo11m.pt,1,static,277,2026-09-09,21:44:45.496,2026-09-09T21:44:45.496,9.207516976000079,0,0.0,5.021220999879006,28.74067999982799,3.9,4647.3828125,16.0,1508.25
yolo11m.pt,1,static,278,2026-09-09,21:44:45.528,2026-09-09T21:44:45.528,9.239544883000235,0,0.0,5.007981000289874,29.223919000287424,2.0,4647.3828125,16.0,1508.25
yolo11m.pt,1,static,279,2026-09-09,21:44:45.563,2026-09-09T21:44:45.563,9.275461895000262,0,0.0,5.04239099973347,33.12416300013865,3.4,4645.62109375,16.0,1508.25
yolo11m.pt,1,static,280,2026-09-09,21:44:45.596,2026-09-09T21:44:45.596,9.30750239200006,0,0.0,5.0523710001471045,29.26746799994362,2.0,4645.28125,16.0,1508.25
yolo11m.pt,1,static,281,2026-09-09,21:44:45.632,2026-09-09T21:44:45.632,9.343590424000013,1,0.15934397280216217,5.1706500003092515,33.52455200001714,1.8,4645.28125,16.0,1508.25
yolo11m.pt,1,static,282,2026-09-09,21:44:45.664,2026-09-09T21:44:45.664,9.37561800200001,1,0.6515790224075317,5.204551000133506,29.25626799969905,2.0,4645.28125,16.0,1508.25
yolo11m.pt,1,static,283,2026-09-09,21:44:45.692,2026-09-09T21:44:45.692,9.403447615000005,1,0.6515790224075317,5.30071000002863,25.102553999658994,2.3,4645.28125,17.0,1508.25
yolo11m.pt,1,static,284,2026-09-09,21:44:45.732,2026-09-09T21:44:45.732,9.443628211000032,1,0.16630788147449493,5.172329999822978,37.23956800013184,1.6,4645.28125,17.0,1508.25
yolo11m.pt,1,static,285,2026-09-09,21:44:45.763,2026-09-09T21:44:45.763,9.47536880000007,0,0.0,5.014990999825386,28.65630099995542,2.0,4645.28125,17.0,1508.25
yolo11m.pt,1,static,286,2026-09-09,21:44:45.796,2026-09-09T21:44:45.796,9.507545346999905,0,0.0,5.024459999731334,29.38355699961903,3.8,4644.92578125,17.0,1508.25
yolo11m.pt,1,static,287,2026-09-09,21:44:45.832,2026-09-09T21:44:45.832,9.543649967999954,0,0.0,5.536788999961573,33.78036999993128,3.4,4644.92578125,17.0,1508.25
yolo11m.pt,1,static,288,2026-09-09,21:44:45.864,2026-09-09T21:44:45.864,9.575672995999867,1,0.2987608313560486,5.244389999916166,29.048318999684852,3.9,4644.92578125,17.0,1508.25
yolo11m.pt,1,static,289,2026-09-09,21:44:45.896,2026-09-09T21:44:45.896,9.607494674000009,1,0.8337512612342834,5.21087000015541,29.017109000051278,2.0,4644.92578125,17.0,1508.25
yolo11m.pt,1,static,290,2026-09-09,21:44:45.932,2026-09-09T21:44:45.932,9.643680614999994,0,0.0,5.009631000120862,33.082542999636644,1.8,4644.92578125,17.0,1508.25
yolo11m.pt,1,static,291,2026-09-09,21:44:45.964,2026-09-09T21:44:45.964,9.675652573000207,1,0.5961103439331055,5.200200000217592,29.451967000113655,3.8,4644.92578125,17.0,1508.25
yolo11m.pt,1,static,292,2026-09-09,21:44:45.996,2026-09-09T21:44:45.996,9.707554201000221,1,0.5289911031723022,5.210309999711171,29.094897999584646,2.0,4644.92578125,17.0,1508.25
yolo11m.pt,1,static,293,2026-09-09,21:44:46.031,2026-09-09T21:44:46.031,9.74320492400011,0,0.0,4.968330999872705,32.50639499992758,1.8,4644.92578125,17.0,1508.25
yolo11m.pt,1,static,294,2026-09-09,21:44:46.064,2026-09-09T21:44:46.064,9.775305291000222,1,0.7479574680328369,5.207179999615619,29.591327000161982,2.0,4644.92578125,17.0,1508.25
yolo11m.pt,1,static,295,2026-09-09,21:44:46.095,2026-09-09T21:44:46.095,9.807450558000255,0,0.0,5.044841000199085,29.054559000087465,3.9,4644.92578125,17.0,1508.25
yolo11m.pt,1,static,296,2026-09-09,21:44:46.132,2026-09-09T21:44:46.132,9.843588510000245,1,0.24408909678459167,5.225440000231174,33.59924200003661,3.4,4644.92578125,17.0,1508.25
yolo11m.pt,1,static,297,2026-09-09,21:44:46.164,2026-09-09T21:44:46.164,9.87550341799988,0,0.0,5.081399999653513,28.855648999979167,2.0,4645.16796875,17.0,1508.25
yolo11m.pt,1,static,298,2026-09-09,21:44:46.196,2026-09-09T21:44:46.196,9.907496835000074,1,0.465808629989624,5.223160000241478,29.43325799969898,2.0,4645.16796875,16.0,1508.25
yolo11m.pt,1,static,299,2026-09-09,21:44:46.231,2026-09-09T21:44:46.231,9.943425847000071,0,0.0,4.985910999948828,32.74855399968146,3.5,4645.16796875,16.0,1508.25
yolo11m.pt,1,static,300,2026-09-09,21:44:46.264,2026-09-09T21:44:46.264,9.975486665000062,1,0.5208411812782288,5.1962099996671895,29.56303700011631,2.0,4645.16796875,16.0,1508.25
yolo11m.pt,1,static,301,2026-09-09,21:44:46.296,2026-09-09T21:44:46.296,10.007610472000124,1,0.6522511839866638,5.208540000239736,29.326667000077578,3.8,4645.16796875,16.0,1508.25
yolo11m.pt,2,horizontal_slow,1,2026-09-09,21:44:51.238,2026-09-09T21:44:51.238,0.032457545999932336,0,0.0,6.26494600010119,39.168830000107846,2.1,4640.515625,4.0,1511.375
yolo11m.pt,2,horizontal_slow,2,2026-09-09,21:44:51.268,2026-09-09T21:44:51.268,0.06404629500002557,0,0.0,5.166580999684811,27.574773999731406,2.1,4640.34375,4.0,1511.375
yolo11m.pt,2,horizontal_slow,3,2026-09-09,21:44:51.304,2026-09-09T21:44:51.304,0.09984747799990146,0,0.0,5.104200999994646,32.916344000113895,1.8,4640.34375,4.0,1511.375
yolo11m.pt,2,horizontal_slow,4,2026-09-09,21:44:51.336,2026-09-09T21:44:51.336,0.13188396499981536,0,0.0,5.128199999944627,29.236688000310096,2.0,4640.34375,4.0,1511.375
yolo11m.pt,2,horizontal_slow,5,2026-09-09,21:44:51.368,2026-09-09T21:44:51.368,0.16394045200013352,0,0.0,5.041770999923756,29.15102900033162,3.8,4640.34375,4.0,1511.375
yolo11m.pt,2,horizontal_slow,6,2026-09-09,21:44:51.404,2026-09-09T21:44:51.404,0.19987960499975088,0,0.0,5.072939999990922,33.2114529996943,1.8,4640.34375,4.0,1511.375
yolo11m.pt,2,horizontal_slow,7,2026-09-09,21:44:51.436,2026-09-09T21:44:51.436,0.23187373199971262,0,0.0,5.054160999861779,29.128808999757894,2.0,4637.8828125,4.0,1508.25
yolo11m.pt,2,horizontal_slow,8,2026-09-09,21:44:51.468,2026-09-09T21:44:51.468,0.2638200500000494,0,0.0,5.1135499998054,29.214348000095924,5.7,4637.8828125,4.0,1508.25
yolo11m.pt,2,horizontal_slow,9,2026-09-09,21:44:51.504,2026-09-09T21:44:51.504,0.2997395620000134,0,0.0,5.060770999989472,33.0507230000876,1.8,4637.8828125,4.0,1508.25
yolo11m.pt,2,horizontal_slow,10,2026-09-09,21:44:51.536,2026-09-09T21:44:51.536,0.33180375999972966,0,0.0,5.121749999943859,29.327677999845037,3.8,4636.9453125,4.0,1508.25
yolo11m.pt,2,horizontal_slow,11,2026-09-09,21:44:51.568,2026-09-09T21:44:51.568,0.3636934369997107,0,0.0,5.05571100029556,29.01080899982844,3.9,4636.71875,4.0,1508.25
yolo11m.pt,2,horizontal_slow,12,2026-09-09,21:44:51.604,2026-09-09T21:44:51.604,0.39997432800009847,0,0.0,5.081530999632378,33.503121999729046,1.7,4636.71484375,4.0,1508.25
yolo11m.pt,2,horizontal_slow,13,2026-09-09,21:44:51.636,2026-09-09T21:44:51.636,0.43173333699996874,0,0.0,5.061251000370248,28.929109999808134,2.0,4636.71484375,4.0,1508.25
yolo11m.pt,2,horizontal_slow,14,2026-09-09,21:44:51.668,2026-09-09T21:44:51.668,0.4637817540001379,0,0.0,5.095401000289712,29.27425799998673,2.0,4636.71484375,4.0,1508.25
yolo11m.pt,2,horizontal_slow,15,2026-09-09,21:44:51.704,2026-09-09T21:44:51.704,0.4998534460000883,0,0.0,5.049780999797804,33.21325300021272,3.5,4636.71484375,16.0,1508.25
yolo11m.pt,2,horizontal_slow,16,2026-09-09,21:44:51.736,2026-09-09T21:44:51.736,0.5317090240000653,0,0.0,5.085090999727981,29.047659000298154,2.0,4636.71484375,16.0,1508.25
yolo11m.pt,2,horizontal_slow,17,2026-09-09,21:44:51.768,2026-09-09T21:44:51.768,0.56389899099986,0,0.0,5.073370999980398,29.37142800010406,3.9,4636.71484375,16.0,1508.25
yolo11m.pt,2,horizontal_slow,18,2026-09-09,21:44:51.804,2026-09-09T21:44:51.804,0.599919022999984,0,0.0,5.160410999906162,33.32048299989765,1.7,4636.71484375,16.0,1508.25
yolo11m.pt,2,horizontal_slow,19,2026-09-09,21:44:51.836,2026-09-09T21:44:51.836,0.6321814699999777,0,0.0,5.080449999695702,29.379257000073267,2.0,4636.71484375,16.0,1508.25
yolo11m.pt,2,horizontal_slow,20,2026-09-09,21:44:51.868,2026-09-09T21:44:51.868,0.6641547579997678,0,0.0,5.148810999799025,29.291097999703197,5.8,4636.95703125,16.0,1508.25
yolo11m.pt,2,horizontal_slow,21,2026-09-09,21:44:51.904,2026-09-09T21:44:51.904,0.6996937620001518,0,0.0,5.084180999801902,32.69736500033105,1.8,4636.95703125,16.0,1508.25
yolo11m.pt,2,horizontal_slow,22,2026-09-09,21:44:51.936,2026-09-09T21:44:51.936,0.7317408089998025,0,0.0,5.069199999979901,29.218917999969563,3.8,4636.95703125,16.0,1508.25
yolo11m.pt,2,horizontal_slow,23,2026-09-09,21:44:51.964,2026-09-09T21:44:51.964,0.7597587019999992,0,0.0,5.10974000007991,25.26831300019694,2.2,4636.95703125,16.0,1508.25
yolo11m.pt,2,horizontal_slow,24,2026-09-09,21:44:51.988,2026-09-09T21:44:51.988,0.783755569999812,0,0.0,5.053650000263588,21.096329000101832,5.1,4636.95703125,16.0,1508.25
yolo11m.pt,2,horizontal_slow,25,2026-09-09,21:44:52.019,2026-09-09T21:44:52.019,0.815490508000039,0,0.0,5.035341000166227,28.94467899977826,2.0,4636.95703125,16.0,1508.25
yolo11m.pt,2,horizontal_slow,26,2026-09-09,21:44:52.052,2026-09-09T21:44:52.052,0.8476480449999144,0,0.0,5.10211100026936,29.409527000098024,3.9,4636.95703125,16.0,1508.25
yolo11m.pt,2,horizontal_slow,27,2026-09-09,21:44:52.088,2026-09-09T21:44:52.088,0.883835875999921,0,0.0,5.081581000013102,33.34489200005919,3.4,4636.95703125,16.0,1508.25
yolo11m.pt,2,horizontal_slow,28,2026-09-09,21:44:52.120,2026-09-09T21:44:52.120,0.9158511239998006,1,0.35728585720062256,5.32576900013737,29.601017000004504,3.8,4636.95703125,16.0,1508.25
yolo11m.pt,2,horizontal_slow,29,2026-09-09,21:44:52.152,2026-09-09T21:44:52.152,0.947789081999872,0,0.0,5.051829999956681,28.755639999872074,2.0,4636.95703125,16.0,1508.25
yolo11m.pt,2,horizontal_slow,30,2026-09-09,21:44:52.188,2026-09-09T21:44:52.188,0.9837015240000255,0,0.0,5.094269999972312,33.15653299978294,1.8,4636.95703125,16.0,1508.25
yolo11m.pt,2,horizontal_slow,31,2026-09-09,21:44:52.220,2026-09-09T21:44:52.220,1.0156817419997424,0,0.0,5.0694100000328035,29.133098000329483,3.8,4636.953125,17.0,1508.25
yolo11m.pt,2,horizontal_slow,32,2026-09-09,21:44:52.252,2026-09-09T21:44:52.252,1.0478511390001586,0,0.0,5.168781000065792,29.47664800012717,2.0,4636.953125,17.0,1508.25
yolo11m.pt,2,horizontal_slow,33,2026-09-09,21:44:52.288,2026-09-09T21:44:52.288,1.0839296099998137,0,0.0,5.068721000043297,33.16181299987875,3.5,4636.953125,17.0,1508.25
yolo11m.pt,2,horizontal_slow,34,2026-09-09,21:44:52.320,2026-09-09T21:44:52.320,1.1157768479997685,0,0.0,5.162739999832411,29.158037999877706,2.0,4636.953125,17.0,1508.25
yolo11m.pt,2,horizontal_slow,35,2026-09-09,21:44:52.356,2026-09-09T21:44:52.356,1.1519488399999318,0,0.0,5.068700999800058,33.290412000042124,1.8,4636.953125,17.0,1508.25
yolo11m.pt,2,horizontal_slow,36,2026-09-09,21:44:52.388,2026-09-09T21:44:52.388,1.1839405569999144,0,0.0,5.14980000025389,29.29113700020025,3.8,4636.953125,17.0,1508.25
yolo11m.pt,2,horizontal_slow,37,2026-09-09,21:44:52.420,2026-09-09T21:44:52.420,1.2156803459997718,0,0.0,5.112049999752344,28.903508999974292,2.0,4636.953125,17.0,1508.25
yolo11m.pt,2,horizontal_slow,38,2026-09-09,21:44:52.452,2026-09-09T21:44:52.452,1.2479607219997888,1,0.23213739693164825,5.2793099998780235,29.758015999959753,1.9,4636.953125,17.0,1508.25
yolo11m.pt,2,horizontal_slow,39,2026-09-09,21:44:52.488,2026-09-09T21:44:52.488,1.283949833999941,0,0.0,5.166501000076096,32.96266400002423,1.8,4636.953125,17.0,1508.25
yolo11m.pt,2,horizontal_slow,40,2026-09-09,21:44:52.520,2026-09-09T21:44:52.520,1.315984171999844,1,0.55191969871521,5.3229990003274,29.500796999855083,7.4,4636.953125,17.0,1508.25
yolo11m.pt,2,horizontal_slow,41,2026-09-09,21:44:52.552,2026-09-09T21:44:52.552,1.3479492689998551,0,0.0,5.5714390000503045,29.324307999559096,2.0,4636.953125,17.0,1508.25
yolo11m.pt,2,horizontal_slow,42,2026-09-09,21:44:52.588,2026-09-09T21:44:52.588,1.3839719419997891,0,0.0,5.10878099976253,32.747714999914024,1.8,4635.55859375,17.0,1508.25
yolo11m.pt,2,horizontal_slow,43,2026-09-09,21:44:52.620,2026-09-09T21:44:52.620,1.4158023300001332,0,0.0,5.061639999894396,28.975219000130892,3.8,4635.55859375,17.0,1508.25
yolo11m.pt,2,horizontal_slow,44,2026-09-09,21:44:52.656,2026-09-09T21:44:52.656,1.45174740199991,1,0.702971875667572,5.291959999794926,33.49071100001311,3.4,4635.55859375,17.0,1508.25
yolo11m.pt,2,horizontal_slow,45,2026-09-09,21:44:52.688,2026-09-09T21:44:52.688,1.4837901099999726,1,0.39071714878082275,5.231980000189651,29.13336800020261,3.9,4635.55859375,17.0,1508.25
yolo11m.pt,2,horizontal_slow,46,2026-09-09,21:44:52.719,2026-09-09T21:44:52.719,1.5156857980000495,0,0.0,4.989350999949238,28.801959000247734,3.9,4635.55859375,16.0,1508.25
yolo11m.pt,2,horizontal_slow,47,2026-09-09,21:44:52.756,2026-09-09T21:44:52.756,1.5518902989997514,1,0.6671215891838074,5.2898200001436635,33.76522999997178,3.4,4635.55859375,16.0,1508.25
yolo11m.pt,2,horizontal_slow,48,2026-09-09,21:44:52.788,2026-09-09T21:44:52.788,1.5839910459999373,0,0.0,5.184520000057091,29.10561799990319,3.9,4635.55859375,16.0,1508.25
yolo11m.pt,2,horizontal_slow,49,2026-09-09,21:44:52.820,2026-09-09T21:44:52.820,1.6159973939998054,1,0.4427303671836853,5.295319999731873,29.419867000342492,5.7,4635.55859375,16.0,1508.25
yolo11m.pt,2,horizontal_slow,50,2026-09-09,21:44:52.856,2026-09-09T21:44:52.856,1.6518314459999601,0,0.0,5.108150000069145,32.72248399980526,5.2,4635.55859375,16.0,1508.25
yolo11m.pt,2,horizontal_slow,51,2026-09-09,21:44:52.888,2026-09-09T21:44:52.888,1.6837713639997673,1,0.7109725475311279,5.205179999848042,29.33630699999412,5.7,4636.03515625,16.0,1508.25
yolo11m.pt,2,horizontal_slow,52,2026-09-09,21:44:52.916,2026-09-09T21:44:52.916,1.7116658069999175,1,0.7109725475311279,5.336238999916532,25.24439299986625,2.2,4636.03515625,16.0,1508.25
yolo11m.pt,2,horizontal_slow,53,2026-09-09,21:44:52.956,2026-09-09T21:44:52.956,1.7516754039997977,1,0.5338479280471802,5.249289999937901,37.0903879997968,6.1,4636.03515625,16.0,1508.25
yolo11m.pt,2,horizontal_slow,54,2026-09-09,21:44:52.988,2026-09-09T21:44:52.988,1.783540181999797,1,0.7882136106491089,5.252970000128698,29.0799579997838,3.9,4636.03515625,16.0,1508.25
yolo11m.pt,2,horizontal_slow,55,2026-09-09,21:44:53.020,2026-09-09T21:44:53.020,1.8158465880001131,1,0.6338165402412415,5.282000000079279,29.55149599983997,5.7,4636.03515625,16.0,1508.25
yolo11m.pt,2,horizontal_slow,56,2026-09-09,21:44:53.056,2026-09-09T21:44:53.056,1.8520386499999404,0,0.0,5.086970000320434,33.11554299989439,5.1,4636.03515625,16.0,1508.25
yolo11m.pt,2,horizontal_slow,57,2026-09-09,21:44:53.088,2026-09-09T21:44:53.088,1.883796208000149,0,0.0,5.108100000143168,28.972178999993048,3.9,4636.03515625,16.0,1508.25
yolo11m.pt,2,horizontal_slow,58,2026-09-09,21:44:53.120,2026-09-09T21:44:53.120,1.9158245549997446,1,0.42221125960350037,5.290569999942818,29.53133600021829,3.8,4636.03515625,16.0,1508.25
yolo11m.pt,2,horizontal_slow,59,2026-09-09,21:44:53.156,2026-09-09T21:44:53.156,1.9519288369997412,0,0.0,5.086840000330994,32.98967299997457,6.7,4636.03515625,16.0,1508.25
yolo11m.pt,2,horizontal_slow,60,2026-09-09,21:44:53.188,2026-09-09T21:44:53.188,1.9839527740000449,0,0.0,5.074691000118037,29.21626799980004,3.9,4636.03515625,16.0,1508.25
yolo11m.pt,2,horizontal_slow,61,2026-09-09,21:44:53.220,2026-09-09T21:44:53.220,2.0160071820000667,1,0.35769417881965637,5.279119000078936,29.541436999807047,2.0,4636.03515625,16.0,1508.25
yolo11m.pt,2,horizontal_slow,62,2026-09-09,21:44:53.256,2026-09-09T21:44:53.256,2.0521532729999308,1,0.6871873736381531,5.349959999875864,33.395781999843166,6.6,4636.03515625,16.0,1508.25
yolo11m.pt,2,horizontal_slow,63,2026-09-09,21:44:53.288,2026-09-09T21:44:53.288,2.0840220209997824,1,0.4063079059123993,5.271580000226095,28.966978999960702,7.5,4636.03515625,16.0,1508.25
yolo11m.pt,2,horizontal_slow,64,2026-09-09,21:44:53.320,2026-09-09T21:44:53.320,2.1159883790001004,1,0.530907928943634,5.324449999989156,29.226088000086747,5.8,4636.03515625,16.0,1508.25
yolo11m.pt,2,horizontal_slow,65,2026-09-09,21:44:53.356,2026-09-09T21:44:53.356,2.1519042820000323,1,0.7582092881202698,5.267000000003463,33.049793999907706,3.4,4636.03515625,16.0,1508.25
yolo11m.pt,2,horizontal_slow,66,2026-09-09,21:44:53.388,2026-09-09T21:44:53.388,2.183876899000097,1,0.37930426001548767,5.210309999711171,29.125377999662305,3.9,4636.03515625,16.0,1508.25
yolo11m.pt,2,horizontal_slow,67,2026-09-09,21:44:53.420,2026-09-09T21:44:53.420,2.2158988259998296,1,0.7834889888763428,5.259770000066055,29.273317999923165,3.8,4636.03515625,16.0,1508.25
yolo11m.pt,2,horizontal_slow,68,2026-09-09,21:44:53.456,2026-09-09T21:44:53.456,2.251883029000055,1,0.5397262573242188,5.26558000001387,33.2474730003014,3.4,4636.03515625,16.0,1508.25
yolo11m.pt,2,horizontal_slow,69,2026-09-09,21:44:53.488,2026-09-09T21:44:53.488,2.2837455169997156,1,0.5699616074562073,5.148741000084556,29.033169000285852,2.0,4636.03515625,16.0,1508.25
yolo11m.pt,2,horizontal_slow,70,2026-09-09,21:44:53.520,2026-09-09T21:44:53.520,2.3156717239999125,1,0.5479304194450378,5.1799010002469,29.15882800016334,5.7,4636.03515625,16.0,1508.25
yolo11m.pt,2,horizontal_slow,71,2026-09-09,21:44:53.552,2026-09-09T21:44:53.552,2.3477387019997877,1,0.5479304194450378,5.244020000191085,29.33606799979316,3.8,4636.03515625,16.0,1508.25
yolo11m.pt,2,horizontal_slow,72,2026-09-09,21:44:53.588,2026-09-09T21:44:53.588,2.384191541999826,0,0.0,5.078730999684922,33.295703000021604,3.4,4634.66796875,16.0,1508.25
yolo11m.pt,2,horizontal_slow,73,2026-09-09,21:44:53.620,2026-09-09T21:44:53.620,2.4158266609997554,1,0.853584349155426,5.244819999916217,29.0960190000078,3.9,4634.66796875,16.0,1508.25
yolo11m.pt,2,horizontal_slow,74,2026-09-09,21:44:53.656,2026-09-09T21:44:53.656,2.451844693000112,1,0.5005781650543213,5.232210000031046,33.22447299979103,8.2,4634.91015625,16.0,1508.25
yolo11m.pt,2,horizontal_slow,75,2026-09-09,21:44:53.688,2026-09-09T21:44:53.688,2.484036020000076,1,0.6983521580696106,5.256480000298325,29.374677000305383,3.8,4634.91015625,16.0,1508.25
yolo11m.pt,2,horizontal_slow,76,2026-09-09,21:44:53.720,2026-09-09T21:44:53.720,2.5159033679997265,1,0.796360194683075,5.223749999913707,29.043979000107356,5.8,4634.91015625,17.0,1508.25
yolo11m.pt,2,horizontal_slow,77,2026-09-09,21:44:53.756,2026-09-09T21:44:53.756,2.551701671000046,0,0.0,5.100179999772081,32.658195000294654,5.2,4634.91015625,17.0,1508.25
yolo11m.pt,2,horizontal_slow,78,2026-09-09,21:44:53.788,2026-09-09T21:44:53.788,2.5839089679998324,1,0.7027626037597656,5.287189000227954,29.664456999853428,5.6,4635.15234375,17.0,1508.25
yolo11m.pt,2,horizontal_slow,79,2026-09-09,21:44:53.820,2026-09-09T21:44:53.820,2.615783714999907,1,0.8709210753440857,5.20623100010198,29.00247900015529,5.8,4635.15234375,17.0,1508.25
yolo11m.pt,2,horizontal_slow,80,2026-09-09,21:44:53.856,2026-09-09T21:44:53.856,2.6518938270000945,1,0.18656642735004425,5.503548999968189,33.57509200031927,5.2,4637.33203125,17.0,1510.0
yolo11m.pt,2,horizontal_slow,81,2026-09-09,21:44:53.888,2026-09-09T21:44:53.888,2.6838967049998246,0,0.0,5.053159999988566,28.592749999916123,7.5,4637.56640625,17.0,1510.0
yolo11m.pt,2,horizontal_slow,82,2026-09-09,21:44:53.920,2026-09-09T21:44:53.920,2.7158677819998047,1,0.6978888511657715,5.238879999978963,29.46859699977722,5.7,4637.56640625,17.0,1510.0
yolo11m.pt,2,horizontal_slow,83,2026-09-09,21:44:53.956,2026-09-09T21:44:53.956,2.7518592139999782,1,0.7871770858764648,5.211519999647862,33.151932999771816,5.2,4637.56640625,17.0,1510.0
yolo11m.pt,2,horizontal_slow,84,2026-09-09,21:44:53.988,2026-09-09T21:44:53.988,2.7842072799999187,1,0.3510952591896057,5.2315000002636225,29.55709699972431,3.8,4637.56640625,17.0,1510.0
yolo11m.pt,2,horizontal_slow,85,2026-09-09,21:44:54.024,2026-09-09T21:44:54.024,2.8199187840000377,1,0.7853859066963196,5.614887999854545,33.254382999984955,3.4,4637.56640625,17.0,1510.0
yolo11m.pt,2,horizontal_slow,86,2026-09-09,21:44:54.056,2026-09-09T21:44:54.056,2.8518895910001447,1,0.8307855725288391,5.224489999818616,28.77123999996911,2.0,4637.56640625,17.0,1510.0
yolo11m.pt,2,horizontal_slow,87,2026-09-09,21:44:54.089,2026-09-09T21:44:54.089,2.884015909000027,1,0.4746142625808716,5.6258579998029745,29.7123760001341,5.6,4637.56640625,17.0,1510.0
yolo11m.pt,2,horizontal_slow,88,2026-09-09,21:44:54.124,2026-09-09T21:44:54.124,2.920022961000086,1,0.8536726236343384,5.283058999793866,32.87075399975947,1.8,4637.56640625,17.0,1510.0
yolo11m.pt,2,horizontal_slow,89,2026-09-09,21:44:54.156,2026-09-09T21:44:54.156,2.9519173680000677,1,0.6449897885322571,5.18475099988791,28.983258999687678,3.9,4637.56640625,17.0,1510.0
yolo11m.pt,2,horizontal_slow,90,2026-09-09,21:44:54.188,2026-09-09T21:44:54.188,2.984260734000145,1,0.3217995762825012,5.2236500000617525,29.57214700018085,2.0,4637.56640625,17.0,1510.0
yolo11m.pt,2,horizontal_slow,91,2026-09-09,21:44:54.224,2026-09-09T21:44:54.224,3.0199415580000277,0,0.0,5.000261000077444,32.54124600016439,5.2,4637.56640625,17.0,1510.0
yolo11m.pt,2,horizontal_slow,92,2026-09-09,21:44:54.256,2026-09-09T21:44:54.256,3.0519210550000935,0,0.0,5.046521000167559,29.20788800020091,3.8,4637.56640625,17.0,1510.0
yolo11m.pt,2,horizontal_slow,93,2026-09-09,21:44:54.288,2026-09-09T21:44:54.288,3.0841515219999565,1,0.8840872645378113,5.227610000019922,29.647616999682214,3.8,4637.56640625,17.0,1510.0
yolo11m.pt,2,horizontal_slow,94,2026-09-09,21:44:54.324,2026-09-09T21:44:54.324,3.1198171559999537,0,0.0,5.373448999762331,32.88038399978177,5.2,4637.56640625,17.0,1510.0
yolo11m.pt,2,horizontal_slow,95,2026-09-09,21:44:54.356,2026-09-09T21:44:54.356,3.152082751999842,0,0.0,4.97252099967227,29.090699000335007,3.8,4637.56640625,17.0,1510.0
yolo11m.pt,2,horizontal_slow,96,2026-09-09,21:44:54.389,2026-09-09T21:44:54.389,3.18400014000008,1,0.5745059847831726,5.64643799998521,29.85789600006683,3.8,4637.56640625,17.0,1510.0
yolo11m.pt,2,horizontal_slow,97,2026-09-09,21:44:54.424,2026-09-09T21:44:54.424,3.2200639319999027,1,0.8314833045005798,5.2196500000718515,32.8014050001002,1.8,4637.56640625,17.0,1510.0
yolo11m.pt,2,horizontal_slow,98,2026-09-09,21:44:54.456,2026-09-09T21:44:54.456,3.251823250000143,0,0.0,5.101571000068361,28.717730000153097,5.9,4637.56640625,17.0,1510.0
yolo11m.pt,2,horizontal_slow,99,2026-09-09,21:44:54.488,2026-09-09T21:44:54.488,3.2838905379999233,1,0.6844881772994995,5.211830000007467,29.456346999722882,2.0,4637.56640625,17.0,1510.0
yolo11m.pt,2,horizontal_slow,100,2026-09-09,21:44:54.524,2026-09-09T21:44:54.524,3.31986599999982,1,0.5398575067520142,5.247909999980038,33.19714200006274,3.4,4637.56640625,17.0,1510.0
yolo11m.pt,2,horizontal_slow,101,2026-09-09,21:44:54.552,2026-09-09T21:44:54.552,3.347738862999904,1,0.5398575067520142,5.298730000049545,25.120172999777424,2.2,4636.5546875,17.0,1510.0
yolo11m.pt,2,horizontal_slow,102,2026-09-09,21:44:54.588,2026-09-09T21:44:54.588,3.3838640750000195,1,0.6670273542404175,5.249280000043655,33.25206299996353,3.4,4636.56640625,17.0,1510.0
yolo11m.pt,2,horizontal_slow,103,2026-09-09,21:44:54.624,2026-09-09T21:44:54.624,3.4196569380001165,1,0.84125155210495,5.56510900014473,33.325001999855886,5.2,4636.56640625,17.0,1510.0
yolo11m.pt,2,horizontal_slow,104,2026-09-09,21:44:54.652,2026-09-09T21:44:54.652,3.4476925300000403,1,0.84125155210495,5.287359999783803,24.956174999715586,6.4,4636.56640625,17.0,1510.0
yolo11m.pt,2,horizontal_slow,105,2026-09-09,21:44:54.688,2026-09-09T21:44:54.688,3.48401708099982,1,0.8509559631347656,5.432179999843356,33.64111100017908,3.4,4636.56640625,17.0,1510.0
yolo11m.pt,2,horizontal_slow,106,2026-09-09,21:44:54.725,2026-09-09T21:44:54.725,3.520077062999917,1,0.3731873333454132,5.656418999933521,33.4814819998428,3.4,4636.56640625,16.0,1510.0
yolo11m.pt,2,horizontal_slow,107,2026-09-09,21:44:54.756,2026-09-09T21:44:54.756,3.5522602400001233,0,0.0,5.055680999703327,28.659699999934674,5.8,4636.56640625,16.0,1510.0
yolo11m.pt,2,horizontal_slow,108,2026-09-09,21:44:54.788,2026-09-09T21:44:54.788,3.5837195290000636,1,0.3283180296421051,5.2559599998858175,28.930939000019862,2.0,4636.56640625,16.0,1510.0
yolo11m.pt,2,horizontal_slow,109,2026-09-09,21:44:54.824,2026-09-09T21:44:54.824,3.61995860099978,1,0.888767659664154,5.2277800000410934,33.37956199993641,3.4,4636.56640625,16.0,1510.0
yolo11m.pt,2,horizontal_slow,110,2026-09-09,21:44:54.856,2026-09-09T21:44:54.856,3.6519099480001387,0,0.0,5.275160000110191,29.110578000199894,5.7,4636.56640625,16.0,1510.0
yolo11m.pt,2,horizontal_slow,111,2026-09-09,21:44:54.892,2026-09-09T21:44:54.892,3.6880646099998557,1,0.5189073085784912,5.255900000065594,33.40468200030955,3.5,4636.80859375,16.0,1510.0
yolo11m.pt,2,horizontal_slow,112,2026-09-09,21:44:54.924,2026-09-09T21:44:54.924,3.7203767959999823,1,0.6712060570716858,5.213520000324934,29.456447000029584,2.0,4636.80859375,16.0,1510.0
yolo11m.pt,2,horizontal_slow,113,2026-09-09,21:44:54.956,2026-09-09T21:44:54.956,3.751813706000121,0,0.0,5.037549999997282,28.321281999978964,2.0,4636.80859375,16.0,1510.0
yolo11m.pt,2,horizontal_slow,114,2026-09-09,21:44:54.992,2026-09-09T21:44:54.992,3.787941657999909,1,0.4407525062561035,5.224918999829242,33.583151000129874,3.4,4636.80859375,16.0,1510.0
yolo11m.pt,2,horizontal_slow,115,2026-09-09,21:44:55.024,2026-09-09T21:44:55.024,3.8198610649997136,1,0.7563402652740479,5.194510999899649,29.08420899984776,2.0,4636.80859375,16.0,1510.0
yolo11m.pt,2,horizontal_slow,116,2026-09-09,21:44:55.055,2026-09-09T21:44:55.055,3.85159366400012,0,0.0,5.038670999965689,28.675041000042256,3.9,4636.80859375,16.0,1510.0
yolo11m.pt,2,horizontal_slow,117,2026-09-09,21:44:55.088,2026-09-09T21:44:55.088,3.883986199999981,1,0.38718923926353455,5.210089999764023,29.85816499995053,3.8,4636.80859375,16.0,1510.0
yolo11m.pt,2,horizontal_slow,118,2026-09-09,21:44:55.124,2026-09-09T21:44:55.124,3.9199494619997495,0,0.0,4.994661000182532,32.59229499963112,1.8,4636.80859375,16.0,1510.0
yolo11m.pt,2,horizontal_slow,119,2026-09-09,21:44:55.156,2026-09-09T21:44:55.156,3.951869219999935,0,0.0,5.380929000239121,29.475957000158814,2.0,4636.80859375,16.0,1510.0
yolo11m.pt,2,horizontal_slow,120,2026-09-09,21:44:55.188,2026-09-09T21:44:55.188,3.9839129570000296,1,0.29262393712997437,5.20334000020739,29.140268999981345,3.8,4636.80859375,16.0,1510.0
yolo11m.pt,2,horizontal_slow,121,2026-09-09,21:44:55.224,2026-09-09T21:44:55.224,4.019742699999824,0,0.0,5.015210999772535,32.688305000192486,1.8,4636.80859375,16.0,1510.0
yolo11m.pt,2,horizontal_slow,122,2026-09-09,21:44:55.256,2026-09-09T21:44:55.256,4.051861237000139,0,0.0,5.052781000358664,29.330427999866515,2.0,4636.80859375,16.0,1510.0
yolo11m.pt,2,horizontal_slow,123,2026-09-09,21:44:55.292,2026-09-09T21:44:55.292,4.087884559000031,0,0.0,5.0301409996791335,33.188183000220306,3.4,4636.80859375,16.0,1510.0
yolo11m.pt,2,horizontal_slow,124,2026-09-09,21:44:55.324,2026-09-09T21:44:55.324,4.119944346000011,1,0.3649671673774719,5.238369999915449,29.57497700026579,3.8,4636.80859375,16.0,1510.0
yolo11m.pt,2,horizontal_slow,125,2026-09-09,21:44:55.356,2026-09-09T21:44:55.356,4.15197916399984,1,0.7008552551269531,5.203199999868957,29.218808000223362,2.0,4636.80859375,16.0,1510.0
yolo11m.pt,2,horizontal_slow,126,2026-09-09,21:44:55.392,2026-09-09T21:44:55.392,4.187709846999951,1,0.7875518202781677,5.254239999885613,32.99688300012349,1.8,4636.80859375,16.0,1510.0
yolo11m.pt,2,horizontal_slow,127,2026-09-09,21:44:55.424,2026-09-09T21:44:55.424,4.219902404000095,1,0.5937546491622925,5.239008999978978,29.428036999888718,3.9,4636.80859375,16.0,1509.625
yolo11m.pt,2,horizontal_slow,128,2026-09-09,21:44:55.456,2026-09-09T21:44:55.456,4.251973111000098,0,0.0,5.080630000065867,28.93444900018949,5.9,4636.80859375,16.0,1510.125
yolo11m.pt,2,horizontal_slow,129,2026-09-09,21:44:55.492,2026-09-09T21:44:55.492,4.287773634000132,0,0.0,5.041290999997727,32.898055000259774,1.8,4636.80859375,16.0,1510.125
yolo11m.pt,2,horizontal_slow,130,2026-09-09,21:44:55.524,2026-09-09T21:44:55.524,4.319859940999777,1,0.6654988527297974,5.249140000159969,29.6113460003653,3.8,4636.80859375,16.0,1510.125
yolo11m.pt,2,horizontal_slow,131,2026-09-09,21:44:55.556,2026-09-09T21:44:55.556,4.3519635080001535,1,0.351044237613678,5.202570000164997,29.264077999869187,3.8,4636.80859375,16.0,1510.125
yolo11m.pt,2,horizontal_slow,132,2026-09-09,21:44:55.592,2026-09-09T21:44:55.592,4.387845961000039,0,0.0,5.083990000002814,32.85236400006397,1.8,4637.34375,16.0,1510.125
yolo11m.pt,2,horizontal_slow,133,2026-09-09,21:44:55.624,2026-09-09T21:44:55.624,4.419866067999919,0,0.0,5.047800999818719,29.173078999974678,2.0,4637.34375,16.0,1510.125
yolo11m.pt,2,horizontal_slow,134,2026-09-09,21:44:55.656,2026-09-09T21:44:55.656,4.451823955999771,0,0.0,5.036841000219283,29.15243899997222,3.8,4637.34375,16.0,1510.125
yolo11m.pt,2,horizontal_slow,135,2026-09-09,21:44:55.692,2026-09-09T21:44:55.692,4.487999086999935,1,0.2974601686000824,5.201559999932215,33.6403109999992,1.7,4636.34375,16.0,1510.125
yolo11m.pt,2,horizontal_slow,136,2026-09-09,21:44:55.724,2026-09-09T21:44:55.724,4.519828624999718,0,0.0,5.2211199999874225,29.0425889998005,4.0,4636.34375,16.0,1510.375
yolo11m.pt,2,horizontal_slow,137,2026-09-09,21:44:55.756,2026-09-09T21:44:55.756,4.551814982999986,0,0.0,5.042951000177709,28.85154000023249,3.9,4636.34375,16.0,1510.375
yolo11m.pt,2,horizontal_slow,138,2026-09-09,21:44:55.792,2026-09-09T21:44:55.792,4.5876277459997254,1,0.6912901997566223,5.24600000017017,33.334042000205955,1.8,4636.34375,16.0,1510.375
yolo11m.pt,2,horizontal_slow,139,2026-09-09,21:44:55.824,2026-09-09T21:44:55.824,4.619806502999836,1,0.5949914455413818,5.197629999656783,29.280367999945156,3.8,4636.34375,16.0,1510.375
yolo11m.pt,2,horizontal_slow,140,2026-09-09,21:44:55.856,2026-09-09T21:44:55.856,4.6518046699998195,0,0.0,5.083841000214306,28.978349000226444,2.0,4636.34375,16.0,1509.4375
yolo11m.pt,2,horizontal_slow,141,2026-09-09,21:44:55.892,2026-09-09T21:44:55.892,4.687722142999974,0,0.0,5.04283000009309,33.05814299983467,3.5,4636.34375,16.0,1509.4375
yolo11m.pt,2,horizontal_slow,142,2026-09-09,21:44:55.924,2026-09-09T21:44:55.924,4.7196985999999015,1,0.4781292676925659,5.232149999756075,29.48197799969421,2.0,4636.34375,16.0,1509.4375
yolo11m.pt,2,horizontal_slow,143,2026-09-09,21:44:55.956,2026-09-09T21:44:55.956,4.752003435999995,1,0.48929280042648315,5.164940999748069,29.464467000252625,2.0,4636.34375,16.0,1509.4375
yolo11m.pt,2,horizontal_slow,144,2026-09-09,21:44:55.992,2026-09-09T21:44:55.992,4.788093577999916,0,0.0,5.069621000075131,33.099773000230925,1.8,4636.34375,16.0,1509.4375
yolo11m.pt,2,horizontal_slow,145,2026-09-09,21:44:56.024,2026-09-09T21:44:56.024,4.819937105999998,1,0.4138423800468445,5.20795000011276,29.262808000112273,5.8,4636.34375,16.0,1509.4375
yolo11m.pt,2,horizontal_slow,146,2026-09-09,21:44:56.060,2026-09-09T21:44:56.060,4.855844238999907,1,0.6010887026786804,5.262000000129774,33.20250299975669,1.8,4636.34375,16.0,1509.4375
yolo11m.pt,2,horizontal_slow,147,2026-09-09,21:44:56.092,2026-09-09T21:44:56.092,4.887972116000128,0,0.0,5.148329999883572,29.10251800039987,2.0,4636.34375,16.0,1509.4375
yolo11m.pt,2,horizontal_slow,148,2026-09-09,21:44:56.124,2026-09-09T21:44:56.124,4.919634314999712,0,0.0,5.111080000006041,28.823449999890727,3.9,4636.34375,16.0,1509.4375
yolo11m.pt,2,horizontal_slow,149,2026-09-09,21:44:56.156,2026-09-09T21:44:56.156,4.951896580999801,1,0.19879940152168274,5.345200000192563,29.80191599999671,2.0,4636.34375,16.0,1509.4375
yolo11m.pt,2,horizontal_slow,150,2026-09-09,21:44:56.192,2026-09-09T21:44:56.192,4.987828874000115,0,0.0,5.074140000033367,32.70033499984493,1.8,4636.34375,16.0,1509.4375
yolo11m.pt,2,horizontal_slow,151,2026-09-09,21:44:56.224,2026-09-09T21:44:56.224,5.019636751999769,1,0.8247288465499878,5.204699999922013,29.203828000390786,2.0,4636.34375,16.0,1509.4375
yolo11m.pt,2,horizontal_slow,152,2026-09-09,21:44:56.252,2026-09-09T21:44:56.252,5.047700203999739,1,0.8247288465499878,5.2968800000599,25.333522999972047,2.2,4636.34375,16.0,1509.4375
yolo11m.pt,2,horizontal_slow,153,2026-09-09,21:44:56.292,2026-09-09T21:44:56.292,5.087788740999713,0,0.0,5.003831000067294,36.82699900036823,1.6,4636.34375,16.0,1509.4375
yolo11m.pt,2,horizontal_slow,154,2026-09-09,21:44:56.324,2026-09-09T21:44:56.324,5.120022157999756,0,0.0,5.024590999710199,29.4343470000058,2.0,4636.34375,16.0,1509.4375
yolo11m.pt,2,horizontal_slow,155,2026-09-09,21:44:56.360,2026-09-09T21:44:56.360,5.155696661000093,0,0.0,5.0573509997775545,32.88010500000382,3.5,4636.34375,16.0,1509.4375
yolo11m.pt,2,horizontal_slow,156,2026-09-09,21:44:56.392,2026-09-09T21:44:56.392,5.187958337000055,1,0.16733264923095703,5.356080000183283,29.871284999899217,1.9,4636.5859375,16.0,1509.4375
yolo11m.pt,2,horizontal_slow,157,2026-09-09,21:44:56.424,2026-09-09T21:44:56.424,5.219817834999958,0,0.0,5.051461000221025,28.617519999897922,2.0,4636.5859375,16.0,1509.4375
yolo11m.pt,2,horizontal_slow,158,2026-09-09,21:44:56.460,2026-09-09T21:44:56.460,5.256060567000077,1,0.20635968446731567,5.28416900033335,33.78025100028026,1.7,4636.5859375,16.0,1509.4375
yolo11m.pt,2,horizontal_slow,159,2026-09-09,21:44:56.491,2026-09-09T21:44:56.491,5.287627635999797,0,0.0,5.0435200000720215,28.38362100010272,3.9,4636.5859375,16.0,1509.4375
yolo11m.pt,2,horizontal_slow,160,2026-09-09,21:44:56.524,2026-09-09T21:44:56.524,5.320074272000056,1,0.708111047744751,5.252420000033453,29.921025000021473,3.8,4636.5859375,16.0,1509.4375
yolo11m.pt,2,horizontal_slow,161,2026-09-09,21:44:56.560,2026-09-09T21:44:56.560,5.355798114999743,0,0.0,5.060390999915398,32.59234600000127,1.8,4636.5859375,16.0,1509.4375
yolo11m.pt,2,horizontal_slow,162,2026-09-09,21:44:56.591,2026-09-09T21:44:56.591,5.387610862999736,0,0.0,5.097970999941026,29.04863799994928,2.0,4635.59765625,16.0,1509.4375
yolo11m.pt,2,horizontal_slow,163,2026-09-09,21:44:56.624,2026-09-09T21:44:56.624,5.419588810999812,0,0.0,5.164230999980646,29.243407999729243,3.9,4635.0234375,16.0,1509.4375
yolo11m.pt,2,horizontal_slow,164,2026-09-09,21:44:56.660,2026-09-09T21:44:56.660,5.4559207510001215,0,0.0,5.09504100000413,33.446702000219375,1.8,4635.0234375,16.0,1509.4375
yolo11m.pt,2,horizontal_slow,165,2026-09-09,21:44:56.692,2026-09-09T21:44:56.692,5.487995048999892,0,0.0,5.158150000170281,29.3226680000771,2.0,4635.0234375,16.0,1509.4375
yolo11m.pt,2,horizontal_slow,166,2026-09-09,21:44:56.724,2026-09-09T21:44:56.724,5.5197577869998895,0,0.0,5.148060000010446,28.951108999990538,3.9,4635.0234375,16.0,1509.4375
yolo11m.pt,2,horizontal_slow,167,2026-09-09,21:44:56.760,2026-09-09T21:44:56.760,5.555744888999925,0,0.0,5.04682100017817,33.06318399972952,1.8,4635.0234375,16.0,1509.4375
yolo11m.pt,2,horizontal_slow,168,2026-09-09,21:44:56.791,2026-09-09T21:44:56.791,5.58766459699973,0,0.0,5.066441000053601,29.11303900009443,2.0,4635.0234375,16.0,1509.4375
yolo11m.pt,2,horizontal_slow,169,2026-09-09,21:44:56.824,2026-09-09T21:44:56.824,5.619991672999731,0,0.0,5.050351000136288,29.49861700017209,3.8,4635.0234375,16.0,1509.4375
yolo11m.pt,2,horizontal_slow,170,2026-09-09,21:44:56.860,2026-09-09T21:44:56.860,5.6559213360001195,0,0.0,5.147859999851789,33.22726300029899,3.4,4632.0546875,16.0,1507.875
yolo11m.pt,2,horizontal_slow,171,2026-09-09,21:44:56.892,2026-09-09T21:44:56.892,5.68783303400005,0,0.0,5.041040000378416,28.986378999888984,2.0,4631.796875,16.0,1507.875
yolo11m.pt,2,horizontal_slow,172,2026-09-09,21:44:56.924,2026-09-09T21:44:56.924,5.719915630999822,0,0.0,5.163710000033461,29.413827000098536,2.0,4631.796875,16.0,1507.875
yolo11m.pt,2,horizontal_slow,173,2026-09-09,21:44:56.960,2026-09-09T21:44:56.960,5.7557459839999865,0,0.0,5.036609999933717,32.8855040002054,6.8,4631.796875,16.0,1507.875
yolo11m.pt,2,horizontal_slow,174,2026-09-09,21:44:56.992,2026-09-09T21:44:56.992,5.787630681999872,0,0.0,5.175800999950297,29.207069000221964,2.0,4631.796875,16.0,1507.875
yolo11m.pt,2,horizontal_slow,175,2026-09-09,21:44:57.024,2026-09-09T21:44:57.024,5.820080986999983,0,0.0,5.019770999751927,29.467646999819408,2.0,4631.796875,16.0,1507.875
yolo11m.pt,2,horizontal_slow,176,2026-09-09,21:44:57.060,2026-09-09T21:44:57.060,5.855755960999886,0,0.0,5.266120000214869,33.13983299995016,3.5,4631.55078125,16.0,1507.875
yolo11m.pt,2,horizontal_slow,177,2026-09-09,21:44:57.092,2026-09-09T21:44:57.092,5.887813007999739,1,0.28983551263809204,5.2522199998747965,29.311776999747963,2.0,4631.55078125,16.0,1507.875
yolo11m.pt,2,horizontal_slow,178,2026-09-09,21:44:57.124,2026-09-09T21:44:57.124,5.919941515000119,0,0.0,5.214960000103019,29.196498000146676,2.0,4631.55078125,16.0,1507.875
yolo11m.pt,2,horizontal_slow,179,2026-09-09,21:44:57.160,2026-09-09T21:44:57.160,5.95607883699995,0,0.0,5.128759999934118,33.21826299998065,3.4,4631.55078125,16.0,1507.875
yolo11m.pt,2,horizontal_slow,180,2026-09-09,21:44:57.192,2026-09-09T21:44:57.192,5.987890665000123,1,0.42085203528404236,5.5623690000174975,29.555307000009634,3.8,4631.55078125,16.0,1507.875
yolo11m.pt,2,horizontal_slow,181,2026-09-09,21:44:57.224,2026-09-09T21:44:57.224,6.019773712999722,0,0.0,5.167849999907048,28.59778100037147,2.0,4631.55078125,16.0,1507.875
yolo11m.pt,2,horizontal_slow,182,2026-09-09,21:44:57.260,2026-09-09T21:44:57.260,6.055746154999724,0,0.0,5.192470000110916,33.16897299964694,3.5,4635.80078125,16.0,1509.625
yolo11m.pt,2,horizontal_slow,183,2026-09-09,21:44:57.292,2026-09-09T21:44:57.292,6.087910461999854,0,0.0,5.064539999693807,29.168307999952958,3.8,4635.80078125,16.0,1509.625
yolo11m.pt,2,horizontal_slow,184,2026-09-09,21:44:57.324,2026-09-09T21:44:57.324,6.119732719999774,0,0.0,5.0355809999018675,28.983909000089625,2.0,4635.80078125,16.0,1509.625
yolo11m.pt,2,horizontal_slow,185,2026-09-09,21:44:57.360,2026-09-09T21:44:57.360,6.155664462999994,1,0.6878171563148499,5.237508999925922,33.45753199982937,1.8,4635.80078125,16.0,1509.625
yolo11m.pt,2,horizontal_slow,186,2026-09-09,21:44:57.392,2026-09-09T21:44:57.392,6.18767489999982,1,0.39474016427993774,5.256639999970503,29.219908000413852,3.8,4635.80078125,16.0,1509.625
yolo11m.pt,2,horizontal_slow,187,2026-09-09,21:44:57.424,2026-09-09T21:44:57.424,6.21984621699994,1,0.5630419850349426,5.304109000007884,29.3964379998215,3.8,4635.80078125,16.0,1509.625
yolo11m.pt,2,horizontal_slow,188,2026-09-09,21:44:57.460,2026-09-09T21:44:57.460,6.255794458999844,1,0.2861867845058441,5.3157100001044455,33.21257200013861,1.8,4635.80078125,16.0,1509.625
yolo11m.pt,2,horizontal_slow,189,2026-09-09,21:44:57.492,2026-09-09T21:44:57.492,6.287719606999872,0,0.0,5.114030000186176,28.811389000111376,2.0,4635.80078125,16.0,1509.625
yolo11m.pt,2,horizontal_slow,190,2026-09-09,21:44:57.524,2026-09-09T21:44:57.524,6.319880254000054,0,0.0,5.216379999637866,29.465446999893175,3.8,4635.80078125,16.0,1509.625
yolo11m.pt,2,horizontal_slow,191,2026-09-09,21:44:57.560,2026-09-09T21:44:57.560,6.355811236000136,0,0.0,5.053411000062624,32.96564399988711,1.8,4635.2421875,16.0,1509.625
yolo11m.pt,2,horizontal_slow,192,2026-09-09,21:44:57.592,2026-09-09T21:44:57.592,6.387997443000131,1,0.7482353448867798,5.2665199996226875,29.70233600035499,1.9,4634.99609375,16.0,1509.625
yolo11m.pt,2,horizontal_slow,193,2026-09-09,21:44:57.624,2026-09-09T21:44:57.624,6.419933630999822,1,0.2675468325614929,5.245960000138439,29.06436900002518,3.9,4634.99609375,16.0,1509.625
yolo11m.pt,2,horizontal_slow,194,2026-09-09,21:44:57.660,2026-09-09T21:44:57.660,6.4559117829999195,1,0.4621407091617584,5.298009999933129,33.24467199990977,3.4,4634.99609375,16.0,1509.625
yolo11m.pt,2,horizontal_slow,195,2026-09-09,21:44:57.692,2026-09-09T21:44:57.692,6.48800639000001,0,0.0,5.113689999689086,28.99275800018586,2.0,4634.99609375,16.0,1509.625
yolo11m.pt,2,horizontal_slow,196,2026-09-09,21:44:57.724,2026-09-09T21:44:57.724,6.519965017999766,0,0.0,5.213930000081746,29.236198000035074,3.8,4634.99609375,16.0,1509.625
yolo11m.pt,2,horizontal_slow,197,2026-09-09,21:44:57.760,2026-09-09T21:44:57.760,6.556015029999799,1,0.43419888615608215,5.24795000001177,33.37049199990361,1.8,4634.99609375,16.0,1509.625
yolo11m.pt,2,horizontal_slow,198,2026-09-09,21:44:57.792,2026-09-09T21:44:57.792,6.587950497999827,1,0.2402493804693222,5.267238999749679,29.113618999872415,3.9,4634.99609375,16.0,1509.625
yolo11m.pt,2,horizontal_slow,199,2026-09-09,21:44:57.828,2026-09-09T21:44:57.828,6.62393781999981,0,0.0,5.0692999998318555,32.842973999777314,1.8,4634.99609375,16.0,1509.625
yolo11m.pt,2,horizontal_slow,200,2026-09-09,21:44:57.860,2026-09-09T21:44:57.860,6.656028417000016,1,0.6475743055343628,5.225219999829278,29.533977000028244,1.9,4634.99609375,16.0,1509.625
yolo11m.pt,2,horizontal_slow,201,2026-09-09,21:44:57.892,2026-09-09T21:44:57.892,6.687835905000156,1,0.4564706087112427,5.206519999774173,28.93385000015769,5.9,4634.99609375,16.0,1509.625
yolo11m.pt,2,horizontal_slow,202,2026-09-09,21:44:57.928,2026-09-09T21:44:57.928,6.724163276000127,0,0.0,5.171389999759413,33.35752199973285,1.8,4634.99609375,16.0,1509.625
yolo11m.pt,2,horizontal_slow,203,2026-09-09,21:44:57.960,2026-09-09T21:44:57.960,6.756237332999717,1,0.33358103036880493,5.310000000008586,29.49807699997109,3.8,4634.99609375,16.0,1509.625
yolo11m.pt,2,horizontal_slow,204,2026-09-09,21:44:57.988,2026-09-09T21:44:57.988,6.783708487999775,1,0.33358103036880493,5.320179999671382,24.701514999833307,0.0,4634.99609375,16.0,1509.625
yolo11m.pt,2,horizontal_slow,205,2026-09-09,21:44:58.028,2026-09-09T21:44:58.028,6.824171743000079,1,0.512537956237793,5.170389999875624,37.465516999873216,3.1,4634.99609375,16.0,1509.625
yolo11m.pt,2,horizontal_slow,206,2026-09-09,21:44:58.060,2026-09-09T21:44:58.060,6.8560736509998605,1,0.7118145227432251,5.253220000213332,29.173807999995915,2.0,4634.99609375,16.0,1509.625
yolo11m.pt,2,horizontal_slow,207,2026-09-09,21:44:58.092,2026-09-09T21:44:58.092,6.887933708999753,1,0.5531530976295471,5.229309999776888,29.00926000029358,5.8,4634.99609375,16.0,1509.625
yolo11m.pt,2,horizontal_slow,208,2026-09-09,21:44:58.124,2026-09-09T21:44:58.124,6.919689156999993,1,0.5531530976295471,5.270410000321135,29.006298999775026,2.0,4634.99609375,16.0,1509.625
yolo11m.pt,2,horizontal_slow,209,2026-09-09,21:44:58.159,2026-09-09T21:44:58.159,6.955612859999746,0,0.0,5.02776100029223,32.74350500032597,1.8,4635.23828125,16.0,1509.625
yolo11m.pt,2,horizontal_slow,210,2026-09-09,21:44:58.192,2026-09-09T21:44:58.192,6.987835686999915,0,0.0,5.076479999843286,29.456597000262263,2.0,4635.23828125,16.0,1509.625
yolo11m.pt,2,horizontal_slow,211,2026-09-09,21:44:58.228,2026-09-09T21:44:58.228,7.023923207999815,0,0.0,5.485009000040009,33.64838100014822,1.7,4635.23828125,16.0,1509.625
yolo11m.pt,2,horizontal_slow,212,2026-09-09,21:44:58.260,2026-09-09T21:44:58.260,7.055860305999886,0,0.0,5.106091000016022,28.757250000126078,3.9,4635.23828125,16.0,1509.625
yolo11m.pt,2,horizontal_slow,213,2026-09-09,21:44:58.292,2026-09-09T21:44:58.292,7.088001213000098,1,0.6319315433502197,5.253989999800979,29.57247600033952,2.0,4635.23828125,16.0,1509.625
yolo11m.pt,2,horizontal_slow,214,2026-09-09,21:44:58.328,2026-09-09T21:44:58.328,7.124076374999731,1,0.6549957990646362,5.224120000093535,33.23545200009903,1.8,4635.23828125,16.0,1509.625
yolo11m.pt,2,horizontal_slow,215,2026-09-09,21:44:58.360,2026-09-09T21:44:58.360,7.155934392999825,0,0.0,5.0171610000688815,28.72386999979426,2.0,4635.23828125,16.0,1509.625
yolo11m.pt,2,horizontal_slow,216,2026-09-09,21:44:58.392,2026-09-09T21:44:58.392,7.187813771000037,0,0.0,5.018340999868087,29.057609000119555,3.9,4635.23828125,16.0,1509.625
yolo11m.pt,2,horizontal_slow,217,2026-09-09,21:44:58.428,2026-09-09T21:44:58.428,7.223980542999925,0,0.0,5.104521000248496,33.453462000125,1.8,4635.23828125,16.0,1509.625
yolo11m.pt,2,horizontal_slow,218,2026-09-09,21:44:58.460,2026-09-09T21:44:58.460,7.255819830999826,0,0.0,5.240549000063766,29.198887999882572,3.8,4635.23828125,16.0,1509.625
yolo11m.pt,2,horizontal_slow,219,2026-09-09,21:44:58.492,2026-09-09T21:44:58.492,7.287891718000083,1,0.3246847987174988,5.297959000017727,29.42070800008878,2.0,4635.23828125,16.0,1509.625
yolo11m.pt,2,horizontal_slow,220,2026-09-09,21:44:58.529,2026-09-09T21:44:58.529,7.324094169000091,0,0.0,5.796218000341469,33.87983099992198,6.8,4635.23828125,16.0,1509.625
yolo11m.pt,2,horizontal_slow,221,2026-09-09,21:44:58.560,2026-09-09T21:44:58.560,7.3560116769999695,0,0.0,5.0591100002748135,28.283810999710113,2.0,4635.23828125,16.0,1509.625
yolo11m.pt,2,horizontal_slow,222,2026-09-09,21:44:58.592,2026-09-09T21:44:58.592,7.387683026000104,0,0.0,5.217479999828356,29.025318999629235,2.0,4635.23828125,16.0,1509.625
yolo11m.pt,2,horizontal_slow,223,2026-09-09,21:44:58.628,2026-09-09T21:44:58.628,7.424064265999732,1,0.2629808187484741,5.254300000160583,33.692220999910205,3.4,4635.1640625,16.0,1509.625
yolo11m.pt,2,horizontal_slow,224,2026-09-09,21:44:58.660,2026-09-09T21:44:58.660,7.455814545000067,1,0.4169185757637024,5.25792000007641,28.94034900009501,2.0,4635.40625,16.0,1509.625
yolo11m.pt,2,horizontal_slow,225,2026-09-09,21:44:58.692,2026-09-09T21:44:58.692,7.487972181999794,1,0.6692826747894287,5.224550000093586,29.305858000043372,3.8,4635.40625,16.0,1509.625
yolo11m.pt,2,horizontal_slow,226,2026-09-09,21:44:58.728,2026-09-09T21:44:58.728,7.523925353999857,1,0.5391858220100403,5.285299999741255,33.12320299983185,3.4,4635.40625,16.0,1509.625
yolo11m.pt,2,horizontal_slow,227,2026-09-09,21:44:58.761,2026-09-09T21:44:58.761,7.556412590000036,1,0.37281981110572815,5.24223999991591,29.625116000261187,2.0,4635.40625,16.0,1509.625
yolo11m.pt,2,horizontal_slow,228,2026-09-09,21:44:58.792,2026-09-09T21:44:58.792,7.587999648999812,1,0.6978219151496887,5.271109000204888,28.79713999982414,2.0,4635.40625,16.0,1509.625
yolo11m.pt,2,horizontal_slow,229,2026-09-09,21:44:58.828,2026-09-09T21:44:58.828,7.62417860000005,1,0.15441621840000153,5.238460000327905,33.32390300010957,3.4,4635.40625,16.0,1509.625
yolo11m.pt,2,horizontal_slow,230,2026-09-09,21:44:58.860,2026-09-09T21:44:58.860,7.655603400000018,1,0.7154574394226074,5.243249999693944,28.615639999770792,2.0,4635.40625,16.0,1509.625
yolo11m.pt,2,horizontal_slow,231,2026-09-09,21:44:58.892,2026-09-09T21:44:58.892,7.68806765599993,0,0.0,5.058700000063254,29.340957999920647,5.8,4635.40625,16.0,1509.625
yolo11m.pt,2,horizontal_slow,232,2026-09-09,21:44:58.928,2026-09-09T21:44:58.928,7.723818199000107,0,0.0,5.064110000148503,32.93014399969252,1.8,4635.40625,16.0,1509.625
yolo11m.pt,2,horizontal_slow,233,2026-09-09,21:44:58.960,2026-09-09T21:44:58.960,7.755987965999793,0,0.0,5.017801000121835,29.28587799988236,2.0,4635.40625,16.0,1509.625
yolo11m.pt,2,horizontal_slow,234,2026-09-09,21:44:58.992,2026-09-09T21:44:58.992,7.787831384000128,1,0.16824376583099365,5.237659999693278,29.345747000206757,3.8,4635.6484375,16.0,1509.625
yolo11m.pt,2,horizontal_slow,235,2026-09-09,21:44:59.028,2026-09-09T21:44:59.028,7.823836386000039,1,0.21804141998291016,5.211489999965124,33.13435300015044,3.4,4635.6484375,16.0,1509.625
yolo11m.pt,2,horizontal_slow,236,2026-09-09,21:44:59.060,2026-09-09T21:44:59.060,7.8558889830001135,1,0.6860256791114807,5.228230000284384,29.22019800007547,2.0,4635.6484375,16.0,1509.625
yolo11m.pt,2,horizontal_slow,237,2026-09-09,21:44:59.096,2026-09-09T21:44:59.096,7.891808635999951,0,0.0,5.113539999911154,32.897804000185715,3.4,4635.6484375,16.0,1509.625
yolo11m.pt,2,horizontal_slow,238,2026-09-09,21:44:59.130,2026-09-09T21:44:59.130,7.92443909099984,1,0.566872239112854,6.5017350002563035,31.336989999999787,3.8,4636.6328125,16.0,1509.9375
yolo11m.pt,2,horizontal_slow,239,2026-09-09,21:44:59.160,2026-09-09T21:44:59.160,7.955766020999818,0,0.0,5.124010000145063,26.94418700002643,4.2,4636.6328125,16.0,1509.9375
yolo11m.pt,2,horizontal_slow,240,2026-09-09,21:44:59.196,2026-09-09T21:44:59.196,7.991659802999948,0,0.0,5.144980999830295,33.173023000017565,1.8,4636.6328125,18.0,1509.9375
yolo11m.pt,2,horizontal_slow,241,2026-09-09,21:44:59.229,2026-09-09T21:44:59.229,8.023866279999766,0,0.0,5.927766999775486,30.112254000414396,5.7,4636.6328125,18.0,1510.5
yolo11m.pt,2,horizontal_slow,242,2026-09-09,21:44:59.260,2026-09-09T21:44:59.260,8.055745357999967,1,0.2629150152206421,5.341219000001729,28.536441000142077,2.0,4636.6328125,18.0,1510.5
yolo11m.pt,2,horizontal_slow,243,2026-09-09,21:44:59.296,2026-09-09T21:44:59.296,8.092236047999904,1,0.5498599410057068,5.265170000257058,33.58952199960186,3.4,4636.6328125,18.0,1510.5
yolo11m.pt,2,horizontal_slow,244,2026-09-09,21:44:59.328,2026-09-09T21:44:59.328,8.123991507000028,0,0.0,5.064720000063971,28.648060000250553,2.0,4636.6328125,18.0,1510.5
yolo11m.pt,2,horizontal_slow,245,2026-09-09,21:44:59.360,2026-09-09T21:44:59.360,8.156039714000144,1,0.43643414974212646,5.255580000266491,29.53467699990142,5.7,4636.6328125,18.0,1510.5
yolo11m.pt,2,horizontal_slow,246,2026-09-09,21:44:59.396,2026-09-09T21:44:59.396,8.19179396699974,1,0.4919549822807312,5.278510000152892,32.973102999676485,1.8,4636.6328125,18.0,1510.5
yolo11m.pt,2,horizontal_slow,247,2026-09-09,21:44:59.428,2026-09-09T21:44:59.428,8.223896603999947,0,0.0,5.475908999869716,29.403037000065524,3.9,4636.62890625,18.0,1510.5
yolo11m.pt,2,horizontal_slow,248,2026-09-09,21:44:59.460,2026-09-09T21:44:59.460,8.255904822000048,1,0.15156501531600952,5.237789000148041,29.027008999946702,3.8,4636.62890625,18.0,1510.5
yolo11m.pt,2,horizontal_slow,249,2026-09-09,21:44:59.496,2026-09-09T21:44:59.496,8.29207401299982,1,0.17357228696346283,5.266570000003412,33.35920199970133,1.8,4636.62890625,18.0,1510.5
yolo11m.pt,2,horizontal_slow,250,2026-09-09,21:44:59.528,2026-09-09T21:44:59.528,8.323676741999861,0,0.0,5.0743810002131795,28.47405099964817,4.0,4636.87109375,18.0,1510.5
yolo11m.pt,2,horizontal_slow,251,2026-09-09,21:44:59.560,2026-09-09T21:44:59.560,8.35593506899977,0,0.0,5.116980000366311,29.472796999925777,2.0,4636.67578125,18.0,1510.5
yolo11m.pt,2,horizontal_slow,252,2026-09-09,21:44:59.596,2026-09-09T21:44:59.596,8.391941581000083,1,0.46610814332962036,5.323979000422696,33.52409200033435,3.4,4636.91796875,18.0,1510.5
yolo11m.pt,2,horizontal_slow,253,2026-09-09,21:44:59.628,2026-09-09T21:44:59.628,8.423766799000077,0,0.0,5.073649999758345,28.638060000048426,4.0,4636.66796875,18.0,1510.5
yolo11m.pt,2,horizontal_slow,254,2026-09-09,21:44:59.660,2026-09-09T21:44:59.660,8.455728405999707,1,0.7330142259597778,5.233100000168633,29.41208700030984,3.8,4636.66796875,18.0,1510.5
yolo11m.pt,2,horizontal_slow,255,2026-09-09,21:44:59.696,2026-09-09T21:44:59.696,8.491585768999812,1,0.2316615879535675,5.227050000030431,33.02436400008446,1.8,4636.66796875,17.0,1510.5
yolo11m.pt,2,horizontal_slow,256,2026-09-09,21:44:59.728,2026-09-09T21:44:59.728,8.523835745999804,1,0.7993373870849609,5.215019999923243,29.44950700020854,3.8,4636.66796875,17.0,1510.5
yolo11m.pt,2,horizontal_slow,257,2026-09-09,21:44:59.760,2026-09-09T21:44:59.760,8.555886402999931,1,0.5660897493362427,5.27646000000459,29.292998000073567,2.0,4636.66796875,17.0,1510.5
yolo11m.pt,2,horizontal_slow,258,2026-09-09,21:44:59.796,2026-09-09T21:44:59.796,8.59193123499972,0,0.0,5.118750999827171,32.969904000310635,1.8,4636.66796875,17.0,1510.5
yolo11m.pt,2,horizontal_slow,259,2026-09-09,21:44:59.828,2026-09-09T21:44:59.828,8.624042372000076,0,0.0,5.074211000192008,29.251327999645582,3.9,4636.66796875,17.0,1510.5
yolo11m.pt,2,horizontal_slow,260,2026-09-09,21:44:59.860,2026-09-09T21:44:59.860,8.655723990999832,0,0.0,5.0978300000679155,28.891709000163246,2.0,4636.66796875,17.0,1510.5
yolo11m.pt,2,horizontal_slow,261,2026-09-09,21:44:59.896,2026-09-09T21:44:59.896,8.692394319999948,0,0.0,5.013790999782941,33.774450000237266,5.1,4636.66796875,17.0,1510.5
yolo11m.pt,2,horizontal_slow,262,2026-09-09,21:44:59.928,2026-09-09T21:44:59.928,8.724070768999809,0,0.0,5.060141000285512,28.91275999991194,2.0,4636.66796875,17.0,1510.5
yolo11m.pt,2,horizontal_slow,263,2026-09-09,21:44:59.960,2026-09-09T21:44:59.960,8.756229816000086,0,0.0,5.033761000049708,29.30142800005342,3.9,4636.66796875,17.0,1510.5
yolo11m.pt,2,horizontal_slow,264,2026-09-09,21:44:59.995,2026-09-09T21:44:59.995,8.791479700999844,0,0.0,5.211370000324678,32.614744999591494,1.8,4636.66796875,17.0,1510.5
yolo11m.pt,2,horizontal_slow,265,2026-09-09,21:45:00.028,2026-09-09T21:45:00.028,8.823763527999745,0,0.0,5.165941000086605,29.416198000035365,2.0,4636.66796875,17.0,1510.5
yolo11m.pt,2,horizontal_slow,266,2026-09-09,21:45:00.060,2026-09-09T21:45:00.060,8.855749854999885,0,0.0,5.148149999968155,29.14465799995014,3.8,4636.66796875,17.0,1510.5
yolo11m.pt,2,horizontal_slow,267,2026-09-09,21:45:00.096,2026-09-09T21:45:00.096,8.891946895999808,0,0.0,5.083171000023867,33.27920300034748,1.8,4636.66796875,17.0,1510.5
yolo11m.pt,2,horizontal_slow,268,2026-09-09,21:45:00.128,2026-09-09T21:45:00.128,8.923993053999766,0,0.0,5.097709999972722,29.262718000154564,2.0,4636.66796875,17.0,1510.5
yolo11m.pt,2,horizontal_slow,269,2026-09-09,21:45:00.160,2026-09-09T21:45:00.160,8.955970161000096,0,0.0,5.011461000322015,29.0752490000159,3.8,4636.66796875,17.0,1510.5
yolo11m.pt,2,horizontal_slow,270,2026-09-09,21:45:00.196,2026-09-09T21:45:00.196,8.991861414000141,0,0.0,5.065289999947709,33.12920300004407,1.8,4636.66796875,16.0,1510.5
yolo11m.pt,2,horizontal_slow,271,2026-09-09,21:45:00.228,2026-09-09T21:45:00.228,9.024020000999826,0,0.0,5.008070999792835,29.316367999854265,2.0,4636.66796875,16.0,1510.5
yolo11m.pt,2,horizontal_slow,272,2026-09-09,21:45:00.260,2026-09-09T21:45:00.260,9.056016168000042,0,0.0,5.088150999654317,29.243848000078287,2.0,4636.66796875,16.0,1509.375
yolo11m.pt,2,horizontal_slow,273,2026-09-09,21:45:00.296,2026-09-09T21:45:00.296,9.09192719099974,1,0.24065186083316803,5.501999000443902,33.59928100007892,5.1,4636.66796875,16.0,1509.375
yolo11m.pt,2,horizontal_slow,274,2026-09-09,21:45:00.328,2026-09-09T21:45:00.328,9.123801078999804,0,0.0,5.184369999824412,28.651969999827998,2.0,4636.66796875,16.0,1509.375
yolo11m.pt,2,horizontal_slow,275,2026-09-09,21:45:00.364,2026-09-09T21:45:00.364,9.15973964099976,0,0.0,5.065300999831379,33.03234399982102,1.8,4636.66796875,16.0,1509.375
yolo11m.pt,2,horizontal_slow,276,2026-09-09,21:45:00.396,2026-09-09T21:45:00.396,9.19165153899985,0,0.0,5.061991000275157,29.109957999935432,2.0,4636.66796875,16.0,1509.375
yolo11m.pt,2,horizontal_slow,277,2026-09-09,21:45:00.428,2026-09-09T21:45:00.428,9.223724756000138,0,0.0,5.047951000051398,29.18341800022972,3.8,4636.66796875,16.0,1509.375
yolo11m.pt,2,horizontal_slow,278,2026-09-09,21:45:00.463,2026-09-09T21:45:00.463,9.259549189000154,0,0.0,5.0628209996830265,33.022604000052524,1.8,4636.66796875,16.0,1509.375
yolo11m.pt,2,horizontal_slow,279,2026-09-09,21:45:00.495,2026-09-09T21:45:00.495,9.291608126000028,0,0.0,5.042531000071904,29.197558000305435,2.0,4636.66796875,16.0,1509.375
yolo11m.pt,2,horizontal_slow,280,2026-09-09,21:45:00.528,2026-09-09T21:45:00.528,9.32367539400002,0,0.0,5.075331000170991,29.25418799986801,2.0,4636.66796875,16.0,1509.375
yolo11m.pt,2,horizontal_slow,281,2026-09-09,21:45:00.564,2026-09-09T21:45:00.564,9.359817094999926,1,0.3883178234100342,5.3002499998910935,33.644720999745914,5.1,4636.1015625,16.0,1509.375
yolo11m.pt,2,horizontal_slow,282,2026-09-09,21:45:00.596,2026-09-09T21:45:00.596,9.391606224000043,0,0.0,5.184370000279159,28.773259999979928,2.0,4636.1015625,16.0,1509.375
yolo11m.pt,2,horizontal_slow,283,2026-09-09,21:45:00.628,2026-09-09T21:45:00.628,9.423978389999775,0,0.0,5.2665690000139875,29.643316000147024,3.8,4636.1015625,16.0,1509.375
yolo11m.pt,2,horizontal_slow,284,2026-09-09,21:45:00.664,2026-09-09T21:45:00.664,9.460042692000115,1,0.22486908733844757,5.3339600003710075,33.46419199988304,3.4,4636.1015625,16.0,1509.375
yolo11m.pt,2,horizontal_slow,285,2026-09-09,21:45:00.696,2026-09-09T21:45:00.696,9.491753339999832,0,0.0,5.09337100038465,28.540380999857007,2.0,4636.1015625,17.0,1509.375
yolo11m.pt,2,horizontal_slow,286,2026-09-09,21:45:00.728,2026-09-09T21:45:00.728,9.523888477000128,0,0.0,5.11568999991141,29.35385699993276,2.0,4636.1015625,17.0,1509.375
yolo11m.pt,2,horizontal_slow,287,2026-09-09,21:45:00.764,2026-09-09T21:45:00.764,9.560089317999882,0,0.0,5.143391000274278,33.41786200007846,1.8,4636.1015625,17.0,1509.375
yolo11m.pt,2,horizontal_slow,288,2026-09-09,21:45:00.796,2026-09-09T21:45:00.796,9.59165985799973,1,0.5293025970458984,5.398299000262341,29.15402799999356,3.8,4636.1015625,17.0,1509.375
yolo11m.pt,2,horizontal_slow,289,2026-09-09,21:45:00.828,2026-09-09T21:45:00.828,9.623873863999961,0,0.0,5.199459999857936,29.08019799997419,2.0,4636.34375,17.0,1509.375
yolo11m.pt,2,horizontal_slow,290,2026-09-09,21:45:00.864,2026-09-09T21:45:00.864,9.659891226000127,0,0.0,5.432729999938601,33.44661300025109,1.8,4636.34375,17.0,1509.375
yolo11m.pt,2,horizontal_slow,291,2026-09-09,21:45:00.895,2026-09-09T21:45:00.895,9.691621994999878,0,0.0,5.082910000055563,28.56724999992366,4.0,4636.34375,17.0,1509.375
yolo11m.pt,2,horizontal_slow,292,2026-09-09,21:45:00.927,2026-09-09T21:45:00.927,9.723551502999726,0,0.0,5.178890000024694,29.1874680001456,3.8,4636.34375,17.0,1509.375
yolo11m.pt,2,horizontal_slow,293,2026-09-09,21:45:00.965,2026-09-09T21:45:00.965,9.759851153999989,1,0.7160326838493347,5.705487999875913,34.28620900012902,1.7,4636.09765625,17.0,1509.375
yolo11m.pt,2,horizontal_slow,294,2026-09-09,21:45:00.996,2026-09-09T21:45:00.996,9.79164855199997,1,0.7160214781761169,5.3264690000105475,28.388640999764903,2.0,4636.34375,17.0,1509.375
yolo11m.pt,2,horizontal_slow,295,2026-09-09,21:45:01.028,2026-09-09T21:45:01.028,9.823885238999992,1,0.37672141194343567,5.313899000157107,29.406187999938993,3.8,4636.34375,17.0,1509.375
yolo11m.pt,2,horizontal_slow,296,2026-09-09,21:45:01.064,2026-09-09T21:45:01.064,9.859902911000063,1,0.6288655996322632,5.412369000168837,33.327252000162844,1.8,4636.34375,17.0,1509.375
yolo11m.pt,2,horizontal_slow,297,2026-09-09,21:45:01.096,2026-09-09T21:45:01.096,9.891950577999978,1,0.6343338489532471,5.4676090003340505,29.310947000340093,5.9,4636.34375,17.0,1509.375
yolo11m.pt,2,horizontal_slow,298,2026-09-09,21:45:01.128,2026-09-09T21:45:01.128,9.923469877000116,0,0.0,5.495458999575931,28.704490000109217,4.0,4636.34375,17.0,1510.5
yolo11m.pt,2,horizontal_slow,299,2026-09-09,21:45:01.164,2026-09-09T21:45:01.164,9.95994140799985,0,0.0,5.183750000014697,33.24726299979375,3.4,4636.34375,17.0,1510.5
yolo11m.pt,2,horizontal_slow,300,2026-09-09,21:45:01.196,2026-09-09T21:45:01.196,9.991867404999994,0,0.0,5.097521000152483,29.016708999733964,2.0,4636.34375,17.0,1510.5
yolo11m.pt,3,horizontal_fast,1,2026-09-09,21:45:05.903,2026-09-09T21:45:05.903,0.0317479780001122,1,0.8726589679718018,6.472025999755715,40.279026000007434,1.8,4618.16015625,4.0,1508.625
yolo11m.pt,3,horizontal_fast,2,2026-09-09,21:45:05.937,2026-09-09T21:45:05.937,0.06879375700009405,0,0.0,5.230929999925138,31.30051000016465,3.6,4625.87109375,4.0,1508.625
yolo11m.pt,3,horizontal_fast,3,2026-09-09,21:45:05.968,2026-09-09T21:45:05.968,0.09990079799990781,1,0.4605807960033417,5.319638999935705,28.44631100015249,2.0,4625.87109375,4.0,1508.625
yolo11m.pt,3,horizontal_fast,4,2026-09-09,21:45:06.000,2026-09-09T21:45:06.000,0.1314677870000196,0,0.0,5.111840000154189,28.497120999873005,2.0,4625.87109375,4.0,1508.625
yolo11m.pt,3,horizontal_fast,5,2026-09-09,21:45:06.036,2026-09-09T21:45:06.036,0.1678631069999028,0,0.0,5.1493009996192995,33.58095100020364,3.4,4625.87109375,4.0,1508.625
yolo11m.pt,3,horizontal_fast,6,2026-09-09,21:45:06.068,2026-09-09T21:45:06.068,0.19983810499979882,1,0.27149590849876404,5.352408999897307,29.50739700008853,3.8,4625.87109375,4.0,1508.625
yolo11m.pt,3,horizontal_fast,7,2026-09-09,21:45:06.100,2026-09-09T21:45:06.100,0.23188761199980945,0,0.0,5.175520000193501,28.97554900027899,2.0,4626.11328125,4.0,1508.625
yolo11m.pt,3,horizontal_fast,8,2026-09-09,21:45:06.136,2026-09-09T21:45:06.136,0.26746233599988045,0,0.0,5.154310000307305,32.74360399973375,3.6,4626.11328125,4.0,1508.625
yolo11m.pt,3,horizontal_fast,9,2026-09-09,21:45:06.168,2026-09-09T21:45:06.168,0.2998378719998982,0,0.0,5.086930000288703,29.468586999882973,3.8,4626.11328125,4.0,1508.625
yolo11m.pt,3,horizontal_fast,10,2026-09-09,21:45:06.200,2026-09-09T21:45:06.200,0.3318725489998542,1,0.7456369996070862,5.304569999680098,29.560055999809265,3.8,4626.11328125,17.0,1508.625
yolo11m.pt,3,horizontal_fast,11,2026-09-09,21:45:06.236,2026-09-09T21:45:06.236,0.36790062099998977,1,0.8573319911956787,5.305740000039805,33.21217200027604,1.8,4626.11328125,17.0,1508.625
yolo11m.pt,3,horizontal_fast,12,2026-09-09,21:45:06.268,2026-09-09T21:45:06.268,0.39973481900005936,1,0.45113566517829895,5.335360000117362,29.077638999751798,2.0,4626.11328125,17.0,1508.625
yolo11m.pt,3,horizontal_fast,13,2026-09-09,21:45:06.300,2026-09-09T21:45:06.300,0.43158008799991876,0,0.0,5.113279999932274,28.69169999985388,3.9,4626.11328125,17.0,1508.625
yolo11m.pt,3,horizontal_fast,14,2026-09-09,21:45:06.332,2026-09-09T21:45:06.332,0.4635276359999807,0,0.0,5.23338099992543,29.263918999731686,2.0,4626.11328125,17.0,1508.625
yolo11m.pt,3,horizontal_fast,15,2026-09-09,21:45:06.368,2026-09-09T21:45:06.368,0.49988707600005,0,0.0,5.102261000047292,33.416811999813945,1.7,4626.11328125,17.0,1508.625
yolo11m.pt,3,horizontal_fast,16,2026-09-09,21:45:06.401,2026-09-09T21:45:06.401,0.5321165929999552,1,0.2620755434036255,5.351398999664525,29.79961600021852,3.8,4626.11328125,17.0,1508.625
yolo11m.pt,3,horizontal_fast,17,2026-09-09,21:45:06.436,2026-09-09T21:45:06.436,0.5676015170001847,0,0.0,5.165149999811547,32.389426000008825,1.8,4626.11328125,17.0,1508.625
yolo11m.pt,3,horizontal_fast,18,2026-09-09,21:45:06.468,2026-09-09T21:45:06.468,0.5998750839999047,1,0.33053597807884216,5.345188999854145,29.76055599992833,2.0,4626.11328125,17.0,1508.625
yolo11m.pt,3,horizontal_fast,19,2026-09-09,21:45:06.500,2026-09-09T21:45:06.500,0.6316865519997918,0,0.0,5.122840000240103,28.677220000190573,2.0,4626.11328125,17.0,1508.625
yolo11m.pt,3,horizontal_fast,20,2026-09-09,21:45:06.536,2026-09-09T21:45:06.536,0.6674635449999187,1,0.30287110805511475,5.2183399998284585,33.19051299968123,5.2,4626.11328125,17.0,1508.625
yolo11m.pt,3,horizontal_fast,21,2026-09-09,21:45:06.568,2026-09-09T21:45:06.568,0.6994517719999749,1,0.273102343082428,5.364319999898726,29.320428000119136,2.0,4626.11328125,17.0,1508.625
yolo11m.pt,3,horizontal_fast,22,2026-09-09,21:45:06.600,2026-09-09T21:45:06.600,0.7317015789999459,0,0.0,5.12815000001865,29.120008000063535,3.8,4626.46484375,17.0,1508.625
yolo11m.pt,3,horizontal_fast,23,2026-09-09,21:45:06.636,2026-09-09T21:45:06.636,0.7677841800000351,0,0.0,5.218920000061189,33.365192000019306,1.8,4626.21875,17.0,1508.625
yolo11m.pt,3,horizontal_fast,24,2026-09-09,21:45:06.668,2026-09-09T21:45:06.668,0.7995931790001123,1,0.6737159490585327,5.229240000062418,29.12977799996952,2.0,4626.21875,17.0,1508.625
yolo11m.pt,3,horizontal_fast,25,2026-09-09,21:45:06.700,2026-09-09T21:45:06.700,0.8316402659997948,0,0.0,5.300520000218967,29.208559000380774,5.7,4626.21875,16.0,1508.625
yolo11m.pt,3,horizontal_fast,26,2026-09-09,21:45:06.736,2026-09-09T21:45:06.736,0.8674888589998773,0,0.0,5.247190000318369,33.028723999905196,1.8,4626.21875,16.0,1508.625
yolo11m.pt,3,horizontal_fast,27,2026-09-09,21:45:06.767,2026-09-09T21:45:06.767,0.8982801409997592,1,0.915515124797821,5.189360000258603,28.009791999920708,4.0,4626.21875,16.0,1508.625
yolo11m.pt,3,horizontal_fast,28,2026-09-09,21:45:06.800,2026-09-09T21:45:06.800,0.9317648729997927,1,0.47663789987564087,5.2704589998029405,30.751252000300155,1.9,4626.21875,16.0,1508.625
yolo11m.pt,3,horizontal_fast,29,2026-09-09,21:45:06.836,2026-09-09T21:45:06.836,0.9677933650000341,1,0.5034322738647461,5.233989000316797,33.17643299988049,3.4,4626.4375,16.0,1508.625
yolo11m.pt,3,horizontal_fast,30,2026-09-09,21:45:06.868,2026-09-09T21:45:06.868,0.9996248829997967,1,0.6273413896560669,5.223989999649348,28.998428999784664,2.0,4626.4375,16.0,1508.625
yolo11m.pt,3,horizontal_fast,31,2026-09-09,21:45:06.904,2026-09-09T21:45:06.904,1.0356542849999641,1,0.5172651410102844,5.2512289998958295,33.23628299995107,3.5,4626.4296875,16.0,1508.625
yolo11m.pt,3,horizontal_fast,32,2026-09-09,21:45:06.932,2026-09-09T21:45:06.932,1.0635214580001957,1,0.5172651410102844,5.301399000018137,25.131404000148905,4.3,4626.4296875,16.0,1508.625
yolo11m.pt,3,horizontal_fast,33,2026-09-09,21:45:06.968,2026-09-09T21:45:06.968,1.0995363299998644,0,0.0,5.110220999995363,32.89850499959357,1.8,4626.4296875,16.0,1508.625
yolo11m.pt,3,horizontal_fast,34,2026-09-09,21:45:07.004,2026-09-09T21:45:07.004,1.1355836120001186,1,0.6490352749824524,5.269190000035451,33.52996199964764,1.7,4626.4296875,16.0,1508.625
yolo11m.pt,3,horizontal_fast,35,2026-09-09,21:45:07.036,2026-09-09T21:45:07.036,1.1673895099997935,1,0.48145073652267456,5.312419999881968,29.06347799989817,3.9,4626.4296875,16.0,1508.625
yolo11m.pt,3,horizontal_fast,36,2026-09-09,21:45:07.068,2026-09-09T21:45:07.068,1.199485027999799,1,0.23727202415466309,5.305058999965695,29.299228000127187,3.9,4626.4296875,16.0,1508.625
yolo11m.pt,3,horizontal_fast,37,2026-09-09,21:45:07.104,2026-09-09T21:45:07.104,1.2354366999998092,1,0.5244522094726562,5.407158999787498,33.268562000102975,1.8,4626.4296875,16.0,1508.625
yolo11m.pt,3,horizontal_fast,38,2026-09-09,21:45:07.136,2026-09-09T21:45:07.136,1.2674514069999532,1,0.5013015270233154,5.28385999996317,29.070198999761487,2.0,4626.4296875,16.0,1508.625
yolo11m.pt,3,horizontal_fast,39,2026-09-09,21:45:07.167,2026-09-09T21:45:07.167,1.2992686960001265,0,0.0,5.107810000026802,28.73144000022876,3.9,4626.4296875,16.0,1508.625
yolo11m.pt,3,horizontal_fast,40,2026-09-09,21:45:07.204,2026-09-09T21:45:07.204,1.3354607870001018,1,0.5771393179893494,5.265290000352252,33.64573199996812,1.7,4626.4296875,16.0,1508.625
yolo11m.pt,3,horizontal_fast,41,2026-09-09,21:45:07.236,2026-09-09T21:45:07.236,1.3676668540001629,1,0.31402385234832764,5.256309999822406,29.406437000034202,2.0,4626.4296875,16.0,1508.625
yolo11m.pt,3,horizontal_fast,42,2026-09-09,21:45:07.267,2026-09-09T21:45:07.267,1.3994266919999063,0,0.0,5.0561309999466175,28.657610000209388,4.0,4626.4296875,16.0,1508.625
yolo11m.pt,3,horizontal_fast,43,2026-09-09,21:45:07.304,2026-09-09T21:45:07.304,1.4354847539998445,1,0.7139561772346497,5.266769999707321,33.569630999863875,1.7,4626.4296875,16.0,1508.625
yolo11m.pt,3,horizontal_fast,44,2026-09-09,21:45:07.336,2026-09-09T21:45:07.336,1.4674559219997718,1,0.6073989272117615,5.379099000037968,29.293978000168863,3.9,4626.4296875,16.0,1508.625
yolo11m.pt,3,horizontal_fast,45,2026-09-09,21:45:07.368,2026-09-09T21:45:07.368,1.4995176789998368,1,0.5092004537582397,5.313128999659966,29.202387999703205,3.8,4626.4296875,16.0,1508.625
yolo11m.pt,3,horizontal_fast,46,2026-09-09,21:45:07.400,2026-09-09T21:45:07.400,1.53152150599999,1,0.5092004537582397,5.439758999727928,29.3435479998152,2.0,4626.4296875,16.0,1508.625
yolo11m.pt,3,horizontal_fast,47,2026-09-09,21:45:07.435,2026-09-09T21:45:07.435,1.5674165689997608,0,0.0,5.124490999605769,32.70999500000471,3.5,4626.4296875,16.0,1508.625
yolo11m.pt,3,horizontal_fast,48,2026-09-09,21:45:07.468,2026-09-09T21:45:07.468,1.5996650450001653,0,0.0,5.09188100022584,29.434237999794277,2.0,4626.4296875,16.0,1508.625
yolo11m.pt,3,horizontal_fast,49,2026-09-09,21:45:07.504,2026-09-09T21:45:07.504,1.6353839289999996,1,0.48797479271888733,5.252509999991162,33.19293300000936,1.8,4626.4296875,16.0,1508.625
yolo11m.pt,3,horizontal_fast,50,2026-09-09,21:45:07.536,2026-09-09T21:45:07.536,1.6676469750000251,1,0.4158819317817688,5.285060000005615,29.478816999926494,3.8,4626.4296875,16.0,1508.625
yolo11m.pt,3,horizontal_fast,51,2026-09-09,21:45:07.568,2026-09-09T21:45:07.568,1.6995494029997644,1,0.4853481650352478,5.279269999846292,29.144008999992366,2.0,4626.42578125,16.0,1508.625
yolo11m.pt,3,horizontal_fast,52,2026-09-09,21:45:07.603,2026-09-09T21:45:07.603,1.7353337059998921,0,0.0,5.162490000202524,32.69918499972846,3.5,4626.42578125,16.0,1508.625
yolo11m.pt,3,horizontal_fast,53,2026-09-09,21:45:07.636,2026-09-09T21:45:07.636,1.7674181130000761,0,0.0,5.336779000117531,29.453876999923523,3.8,4626.42578125,16.0,1508.625
yolo11m.pt,3,horizontal_fast,54,2026-09-09,21:45:07.668,2026-09-09T21:45:07.668,1.7996066900000187,1,0.2902636229991913,5.297198999869579,29.463317000136158,2.0,4626.42578125,16.0,1508.625
yolo11m.pt,3,horizontal_fast,55,2026-09-09,21:45:07.704,2026-09-09T21:45:07.704,1.835679951000202,0,0.0,5.0653509997573565,32.920933999776025,1.8,4626.42578125,16.0,1508.625
yolo11m.pt,3,horizontal_fast,56,2026-09-09,21:45:07.736,2026-09-09T21:45:07.736,1.8674394999998185,1,0.2867928743362427,5.339479000213032,29.3337570001313,3.9,4626.42578125,16.0,1507.9375
yolo11m.pt,3,horizontal_fast,57,2026-09-09,21:45:07.768,2026-09-09T21:45:07.768,1.8997076259997812,1,0.43601080775260925,5.24502999996912,29.36945699957505,2.0,4626.42578125,16.0,1507.9375
yolo11m.pt,3,horizontal_fast,58,2026-09-09,21:45:07.804,2026-09-09T21:45:07.804,1.9355810490001204,1,0.5838128924369812,5.356058999950619,33.163292999688565,3.4,4626.42578125,16.0,1507.9375
yolo11m.pt,3,horizontal_fast,59,2026-09-09,21:45:07.836,2026-09-09T21:45:07.836,1.967652666000049,1,0.5318610072135925,5.34618900019268,29.286508000041067,2.0,4626.42578125,16.0,1507.9375
yolo11m.pt,3,horizontal_fast,60,2026-09-09,21:45:07.868,2026-09-09T21:45:07.868,1.9994314740001755,1,0.5964288115501404,5.415939000158687,29.137668999737798,3.9,4626.42578125,16.0,1507.9375
yolo11m.pt,3,horizontal_fast,61,2026-09-09,21:45:07.904,2026-09-09T21:45:07.904,2.035308427000018,1,0.8473320007324219,5.280919000142603,32.80821400039713,1.8,4627.00390625,16.0,1507.9375
yolo11m.pt,3,horizontal_fast,62,2026-09-09,21:45:07.935,2026-09-09T21:45:07.935,2.0670054050001454,1,0.8354831337928772,5.293809999784571,28.916999000102805,3.9,4627.00390625,16.0,1507.9375
yolo11m.pt,3,horizontal_fast,63,2026-09-09,21:45:07.967,2026-09-09T21:45:07.967,2.099420501000168,0,0.0,5.059370999788371,29.262737999943056,2.0,4627.00390625,16.0,1507.9375
yolo11m.pt,3,horizontal_fast,64,2026-09-09,21:45:07.987,2026-09-09T21:45:07.987,2.119244925000203,0,0.0,5.032700999890949,17.03158500004065,3.2,4627.00390625,16.0,1507.9375
yolo11m.pt,3,horizontal_fast,65,2026-09-09,21:45:08.020,2026-09-09T21:45:08.020,2.1515776810001626,0,0.0,5.116411000017251,29.573216999779106,3.8,4627.00390625,16.0,1507.9375
yolo11m.pt,3,horizontal_fast,66,2026-09-09,21:45:08.052,2026-09-09T21:45:08.052,2.183437718999812,0,0.0,5.109320999963529,29.05842899963318,2.0,4627.00390625,16.0,1507.9375
yolo11m.pt,3,horizontal_fast,67,2026-09-09,21:45:08.088,2026-09-09T21:45:08.088,2.219662180999876,0,0.0,5.037590000029013,33.343342000080156,3.4,4627.00390625,16.0,1507.9375
yolo11m.pt,3,horizontal_fast,68,2026-09-09,21:45:08.119,2026-09-09T21:45:08.119,2.251458418999846,0,0.0,5.0677509998422465,29.089739000028203,2.0,4627.00390625,16.0,1507.9375
yolo11m.pt,3,horizontal_fast,69,2026-09-09,21:45:08.152,2026-09-09T21:45:08.152,2.2835587159997885,1,0.735355019569397,5.220940000072005,29.544157000145788,2.0,4627.00390625,16.0,1507.9375
yolo11m.pt,3,horizontal_fast,70,2026-09-09,21:45:08.187,2026-09-09T21:45:08.187,2.319278539000152,0,0.0,5.146340999999666,32.74882499999876,1.8,4627.00390625,16.0,1507.9375
yolo11m.pt,3,horizontal_fast,71,2026-09-09,21:45:08.219,2026-09-09T21:45:08.219,2.351398496999991,0,0.0,5.101639999793406,29.279247999966174,2.0,4627.00390625,16.0,1507.9375
yolo11m.pt,3,horizontal_fast,72,2026-09-09,21:45:08.252,2026-09-09T21:45:08.252,2.383695262999936,1,0.8977945446968079,5.312758999934886,29.833185999905254,5.7,4627.00390625,16.0,1507.9375
yolo11m.pt,3,horizontal_fast,73,2026-09-09,21:45:08.288,2026-09-09T21:45:08.288,2.4193476460000056,1,0.853496789932251,5.278770000131772,32.853004000116925,1.8,4627.0,16.0,1507.9375
yolo11m.pt,3,horizontal_fast,74,2026-09-09,21:45:08.316,2026-09-09T21:45:08.316,2.447527297999841,1,0.853496789932251,5.307169999923644,25.4205319997709,2.2,4627.0,16.0,1507.9375
yolo11m.pt,3,horizontal_fast,75,2026-09-09,21:45:08.351,2026-09-09T21:45:08.351,2.4834757710000304,0,0.0,4.993469999590161,32.73131400010243,1.8,4627.0,16.0,1507.9375
yolo11m.pt,3,horizontal_fast,76,2026-09-09,21:45:08.388,2026-09-09T21:45:08.388,2.519493472999784,0,0.0,5.102869999973336,33.32155199996123,3.4,4627.0,16.0,1507.9375
yolo11m.pt,3,horizontal_fast,77,2026-09-09,21:45:08.419,2026-09-09T21:45:08.419,2.5513299610001923,0,0.0,5.075590000160446,28.996559000006528,3.9,4627.0,16.0,1507.9375
yolo11m.pt,3,horizontal_fast,78,2026-09-09,21:45:08.448,2026-09-09T21:45:08.448,2.579560492999917,0,0.0,5.011371000364306,25.40807200011841,2.2,4627.0,16.0,1507.9375
yolo11m.pt,3,horizontal_fast,79,2026-09-09,21:45:08.487,2026-09-09T21:45:08.487,2.6192925310001556,0,0.0,5.096559999856254,37.00052800013509,1.6,4627.0,16.0,1507.9375
yolo11m.pt,3,horizontal_fast,80,2026-09-09,21:45:08.520,2026-09-09T21:45:08.520,2.6514446579999458,0,0.0,5.396318999828509,29.653606000010768,3.8,4627.0,16.0,1507.9375
yolo11m.pt,3,horizontal_fast,81,2026-09-09,21:45:08.552,2026-09-09T21:45:08.552,2.683465414999773,0,0.0,5.09932100021615,28.924309000103676,2.0,4627.0,16.0,1507.9375
yolo11m.pt,3,horizontal_fast,82,2026-09-09,21:45:08.588,2026-09-09T21:45:08.588,2.719737356999758,0,0.0,5.239990000063699,33.647420999841415,1.8,4627.84375,16.0,1507.9375
yolo11m.pt,3,horizontal_fast,83,2026-09-09,21:45:08.620,2026-09-09T21:45:08.620,2.7516536240000278,0,0.0,5.08935100015151,28.953848999663023,2.0,4627.84375,16.0,1507.9375
yolo11m.pt,3,horizontal_fast,84,2026-09-09,21:45:08.656,2026-09-09T21:45:08.656,2.7875908870000785,1,0.9015190005302429,5.284869000206527,33.455361999585875,3.4,4627.3515625,16.0,1507.9375
yolo11m.pt,3,horizontal_fast,85,2026-09-09,21:45:08.688,2026-09-09T21:45:08.688,2.8197260239999196,0,0.0,5.037819999870408,28.948209000191127,2.0,4627.3515625,16.0,1507.9375
yolo11m.pt,3,horizontal_fast,86,2026-09-09,21:45:08.720,2026-09-09T21:45:08.720,2.851461362000009,0,0.0,5.054831000052218,28.95574000012857,3.9,4627.3515625,16.0,1507.9375
yolo11m.pt,3,horizontal_fast,87,2026-09-09,21:45:08.756,2026-09-09T21:45:08.756,2.88755993399991,1,0.40078622102737427,5.297408999922482,33.575990999906935,3.4,4626.8203125,16.0,1507.9375
yolo11m.pt,3,horizontal_fast,88,2026-09-09,21:45:08.788,2026-09-09T21:45:08.788,2.9196643410000434,1,0.5968338847160339,5.337438999958977,29.369668000072124,2.0,4626.8203125,16.0,1507.9375
yolo11m.pt,3,horizontal_fast,89,2026-09-09,21:45:08.820,2026-09-09T21:45:08.820,2.9517616279999856,1,0.39350563287734985,5.276809999941179,29.26311800001713,3.8,4626.8203125,16.0,1507.9375
yolo11m.pt,3,horizontal_fast,90,2026-09-09,21:45:08.858,2026-09-09T21:45:08.858,2.9877091700000165,1,0.5221276879310608,6.696494000152597,34.82874700011962,17.2,4605.48046875,16.0,1508.625
yolo11m.pt,3,horizontal_fast,91,2026-09-09,21:45:08.890,2026-09-09T21:45:08.890,3.019691997999871,0,0.0,7.011873000010382,29.089999000007083,53.7,4609.80859375,16.0,1521.5625
yolo11m.pt,3,horizontal_fast,92,2026-09-09,21:45:08.921,2026-09-09T21:45:08.921,3.051637975000176,1,0.6884250640869141,6.444725999699585,28.49299100034841,14.3,4556.48046875,16.0,1521.5625
yolo11m.pt,3,horizontal_fast,93,2026-09-09,21:45:08.952,2026-09-09T21:45:08.952,3.0835726129998875,1,0.6884250640869141,5.73212799963585,28.015662000143493,2.0,4556.29296875,16.0,1521.5625
yolo11m.pt,3,horizontal_fast,94,2026-09-09,21:45:08.988,2026-09-09T21:45:08.988,3.1195276160001413,1,0.22067126631736755,5.344259000139573,32.65655399991374,1.8,4556.29296875,16.0,1521.5625
yolo11m.pt,3,horizontal_fast,95,2026-09-09,21:45:09.020,2026-09-09T21:45:09.020,3.151619802999903,1,0.5428493022918701,5.305278999912844,29.210738000074343,3.9,4556.29296875,16.0,1521.5625
yolo11m.pt,3,horizontal_fast,96,2026-09-09,21:45:09.056,2026-09-09T21:45:09.056,3.1875738949997867,0,0.0,5.079820999981166,32.833415000368404,1.8,4556.29296875,16.0,1521.5625
yolo11m.pt,3,horizontal_fast,97,2026-09-09,21:45:09.088,2026-09-09T21:45:09.088,3.219490692999898,0,0.0,5.061051000211592,29.05807899969659,2.0,4556.29296875,16.0,1521.5625
yolo11m.pt,3,horizontal_fast,98,2026-09-09,21:45:09.120,2026-09-09T21:45:09.120,3.251367661000131,1,0.8362551331520081,5.273350000152277,29.390258000148606,3.8,4556.29296875,16.0,1521.5625
yolo11m.pt,3,horizontal_fast,99,2026-09-09,21:45:09.156,2026-09-09T21:45:09.156,3.2874722930000644,1,0.544337809085846,5.233730000327341,33.264722999774676,1.8,4556.29296875,16.0,1521.5625
yolo11m.pt,3,horizontal_fast,100,2026-09-09,21:45:09.188,2026-09-09T21:45:09.188,3.319610890000149,1,0.29346519708633423,5.237319999650936,29.33097799996176,5.7,4556.29296875,16.0,1521.5625
yolo11m.pt,3,horizontal_fast,101,2026-09-09,21:45:09.220,2026-09-09T21:45:09.220,3.3515309180002077,1,0.8178554773330688,5.2197999998497835,29.073829000026308,2.0,4556.29296875,16.0,1521.5625
yolo11m.pt,3,horizontal_fast,102,2026-09-09,21:45:09.256,2026-09-09T21:45:09.256,3.387567140000101,1,0.6224055886268616,5.600258999947982,33.60335099978329,3.4,4556.29296875,16.0,1521.5625
yolo11m.pt,3,horizontal_fast,103,2026-09-09,21:45:09.287,2026-09-09T21:45:09.287,3.41941272799977,0,0.0,5.090651000045909,28.38005199964755,2.0,4556.29296875,16.0,1521.5625
yolo11m.pt,3,horizontal_fast,104,2026-09-09,21:45:09.319,2026-09-09T21:45:09.319,3.4512682360000326,0,0.0,5.222690000209695,29.22826800022449,3.8,4556.29296875,16.0,1521.5625
yolo11m.pt,3,horizontal_fast,105,2026-09-09,21:45:09.356,2026-09-09T21:45:09.356,3.4876804969999284,0,0.0,5.041791000166995,33.38579299997946,1.8,4556.29296875,16.0,1521.5625
yolo11m.pt,3,horizontal_fast,106,2026-09-09,21:45:09.388,2026-09-09T21:45:09.388,3.519682363999891,1,0.2673979103565216,5.256280000139668,29.51129699977173,3.8,4556.29296875,16.0,1521.5625
yolo11m.pt,3,horizontal_fast,107,2026-09-09,21:45:09.419,2026-09-09T21:45:09.419,3.551371022999774,0,0.0,5.071480999959022,28.447170999697846,4.0,4556.29296875,16.0,1521.5625
yolo11m.pt,3,horizontal_fast,108,2026-09-09,21:45:09.456,2026-09-09T21:45:09.456,3.5873092960000577,1,0.46292564272880554,5.2500289998533844,33.4595120002632,1.7,4556.29296875,16.0,1521.5625
yolo11m.pt,3,horizontal_fast,109,2026-09-09,21:45:09.488,2026-09-09T21:45:09.488,3.6192817030000697,1,0.7913588285446167,5.152861000169651,29.093299000123807,2.0,4556.53515625,16.0,1521.5625
yolo11m.pt,3,horizontal_fast,110,2026-09-09,21:45:09.516,2026-09-09T21:45:09.516,3.647551834999831,1,0.7913588285446167,5.2484400002867915,25.5110620000778,2.2,4556.53515625,16.0,1521.5625
yolo11m.pt,3,horizontal_fast,111,2026-09-09,21:45:09.556,2026-09-09T21:45:09.556,3.687561061999986,1,0.7279945015907288,5.302568999923096,37.23410700013119,1.6,4556.53515625,16.0,1521.5625
yolo11m.pt,3,horizontal_fast,112,2026-09-09,21:45:09.587,2026-09-09T21:45:09.587,3.7193846300001496,0,0.0,5.118319999837695,28.706850000162376,2.0,4556.40625,16.0,1521.5625
yolo11m.pt,3,horizontal_fast,113,2026-09-09,21:45:09.620,2026-09-09T21:45:09.620,3.7514844669999547,0,0.0,5.1095600001644925,29.252678000375454,3.9,4556.40625,16.0,1521.5625
yolo11m.pt,3,horizontal_fast,114,2026-09-09,21:45:09.656,2026-09-09T21:45:09.656,3.787643219000074,1,0.3325429856777191,5.293869000070117,33.67684100021506,6.8,4571.4453125,16.0,1521.5625
yolo11m.pt,3,horizontal_fast,115,2026-09-09,21:45:09.688,2026-09-09T21:45:09.688,3.819605455999863,1,0.23645958304405212,5.248630000096455,29.085509000196907,2.0,4571.4453125,16.0,1521.5625
yolo11m.pt,3,horizontal_fast,116,2026-09-09,21:45:09.720,2026-09-09T21:45:09.720,3.8515577439998196,1,0.24607357382774353,5.21948000005068,29.12027799993666,2.0,4571.4453125,17.0,1521.5625
yolo11m.pt,3,horizontal_fast,117,2026-09-09,21:45:09.755,2026-09-09T21:45:09.755,3.8874035369999547,0,0.0,5.129239999860147,32.81367399995361,3.5,4571.4453125,17.0,1521.5625
yolo11m.pt,3,horizontal_fast,118,2026-09-09,21:45:09.787,2026-09-09T21:45:09.787,3.9193467139998575,0,0.0,5.11994099997537,29.118569000274874,2.0,4571.4453125,17.0,1521.5625
yolo11m.pt,3,horizontal_fast,119,2026-09-09,21:45:09.820,2026-09-09T21:45:09.820,3.9515952410001773,0,0.0,5.090559999644029,29.38504700023259,2.0,4571.4453125,17.0,1521.5625
yolo11m.pt,3,horizontal_fast,120,2026-09-09,21:45:09.856,2026-09-09T21:45:09.856,3.987455204000071,1,0.6147348880767822,5.251119999684306,33.354661999965174,3.4,4571.4453125,17.0,1521.5625
yolo11m.pt,3,horizontal_fast,121,2026-09-09,21:45:09.888,2026-09-09T21:45:09.888,4.019665770999836,0,0.0,5.053449999650184,29.049158999896463,3.9,4571.6796875,17.0,1521.5625
yolo11m.pt,3,horizontal_fast,122,2026-09-09,21:45:09.920,2026-09-09T21:45:09.920,4.051434679000067,1,0.3211022913455963,5.235070000253472,29.28422800005137,3.8,4571.6796875,17.0,1521.5625
yolo11m.pt,3,horizontal_fast,123,2026-09-09,21:45:09.940,2026-09-09T21:45:09.940,4.071471031999863,1,0.25344738364219666,5.223269999987679,17.211954000231344,3.2,4571.6796875,17.0,1521.5625
yolo11m.pt,3,horizontal_fast,124,2026-09-09,21:45:09.972,2026-09-09T21:45:09.972,4.103473099999974,0,0.0,5.077950000213605,28.938088999893807,2.0,4571.6796875,17.0,1521.5625
yolo11m.pt,3,horizontal_fast,125,2026-09-09,21:45:10.004,2026-09-09T21:45:10.004,4.13569085600011,1,0.8666959404945374,5.26506000005611,29.70813599995381,1.9,4571.6796875,17.0,1521.5625
yolo11m.pt,3,horizontal_fast,126,2026-09-09,21:45:10.039,2026-09-09T21:45:10.039,4.17137811900011,0,0.0,5.068410999683692,32.610584999929415,1.8,4571.6796875,17.0,1521.5625
yolo11m.pt,3,horizontal_fast,127,2026-09-09,21:45:10.072,2026-09-09T21:45:10.072,4.203649605999999,1,0.54456627368927,5.211189999954513,29.6949659996244,3.8,4571.6796875,17.0,1521.5625
yolo11m.pt,3,horizontal_fast,128,2026-09-09,21:45:10.104,2026-09-09T21:45:10.104,4.235526443999788,1,0.46255841851234436,5.2393700002539845,29.102037999564345,2.0,4571.6796875,17.0,1521.5625
yolo11m.pt,3,horizontal_fast,129,2026-09-09,21:45:10.140,2026-09-09T21:45:10.140,4.271670915999948,1,0.6289848685264587,5.257539000012912,33.357582000007824,3.4,4571.921875,17.0,1521.5625
yolo11m.pt,3,horizontal_fast,130,2026-09-09,21:45:10.172,2026-09-09T21:45:10.172,4.303636402999928,0,0.0,5.049101000167866,28.849129999798606,2.0,4571.921875,17.0,1521.5625
yolo11m.pt,3,horizontal_fast,131,2026-09-09,21:45:10.204,2026-09-09T21:45:10.204,4.33558591100018,0,0.0,5.034989999785466,29.12525800002186,3.9,4571.921875,17.0,1521.5625
yolo11m.pt,3,horizontal_fast,132,2026-09-09,21:45:10.240,2026-09-09T21:45:10.240,4.371506793000208,1,0.1753198355436325,5.238660000031814,33.44392200006041,1.8,4571.921875,17.0,1521.5625
yolo11m.pt,3,horizontal_fast,133,2026-09-09,21:45:10.268,2026-09-09T21:45:10.268,4.399595295999916,1,0.1753198355436325,5.254420000255777,25.30232299977797,2.2,4571.921875,17.0,1521.5625
yolo11m.pt,3,horizontal_fast,134,2026-09-09,21:45:10.304,2026-09-09T21:45:10.304,4.4355263779998495,1,0.3443795144557953,5.267539999749715,33.14251300025717,3.4,4571.921875,17.0,1521.5625
yolo11m.pt,3,horizontal_fast,135,2026-09-09,21:45:10.340,2026-09-09T21:45:10.340,4.471789458999865,0,0.0,5.061300999841478,33.15108300012071,1.8,4571.921875,17.0,1521.5625
yolo11m.pt,3,horizontal_fast,136,2026-09-09,21:45:10.372,2026-09-09T21:45:10.372,4.503643327000191,0,0.0,5.072860999916884,29.05357899999217,2.0,4571.921875,17.0,1521.5625
yolo11m.pt,3,horizontal_fast,137,2026-09-09,21:45:10.408,2026-09-09T21:45:10.408,4.539551230000143,0,0.0,5.057260999819846,33.04892400001336,3.4,4571.921875,17.0,1521.5625
yolo11m.pt,3,horizontal_fast,138,2026-09-09,21:45:10.440,2026-09-09T21:45:10.440,4.571489378000024,1,0.7616584897041321,5.209330000070622,29.398886999842944,2.0,4571.921875,17.0,1521.5625
yolo11m.pt,3,horizontal_fast,139,2026-09-09,21:45:10.472,2026-09-09T21:45:10.472,4.603500255000199,1,0.6395822167396545,5.220139999892126,29.20090799989339,2.0,4571.921875,17.0,1521.5625
yolo11m.pt,3,horizontal_fast,140,2026-09-09,21:45:10.504,2026-09-09T21:45:10.504,4.635665462999896,0,0.0,5.475589000070613,29.53988700028276,5.7,4571.921875,17.0,1521.5625
yolo11m.pt,3,horizontal_fast,141,2026-09-09,21:45:10.540,2026-09-09T21:45:10.540,4.671501705000082,0,0.0,5.082450999907451,32.67642499986323,1.8,4571.56640625,17.0,1521.5625
yolo11m.pt,3,horizontal_fast,142,2026-09-09,21:45:10.571,2026-09-09T21:45:10.571,4.703389372999936,0,0.0,5.094019999887678,29.08737799998562,2.0,4571.3203125,17.0,1521.5625
yolo11m.pt,3,horizontal_fast,143,2026-09-09,21:45:10.604,2026-09-09T21:45:10.604,4.7356164090001585,1,0.4385263919830322,5.235999999968044,29.630436999923404,3.8,4571.3203125,17.0,1521.5625
yolo11m.pt,3,horizontal_fast,144,2026-09-09,21:45:10.640,2026-09-09T21:45:10.640,4.771689731000151,1,0.4652901887893677,5.24587000018073,33.28423299990391,1.8,4571.5625,17.0,1521.5625
yolo11m.pt,3,horizontal_fast,145,2026-09-09,21:45:10.672,2026-09-09T21:45:10.672,4.803622948999873,0,0.0,5.036981000102969,28.83678999978656,3.9,4571.5625,17.0,1521.5625
yolo11m.pt,3,horizontal_fast,146,2026-09-09,21:45:10.708,2026-09-09T21:45:10.708,4.839746731000105,0,0.0,5.113390000133222,33.38290199963012,3.4,4571.80859375,17.0,1521.5625
yolo11m.pt,3,horizontal_fast,147,2026-09-09,21:45:10.740,2026-09-09T21:45:10.740,4.871591698999964,0,0.0,5.027151000376762,28.9211190001879,2.0,4571.80859375,17.0,1521.5625
yolo11m.pt,3,horizontal_fast,148,2026-09-09,21:45:10.772,2026-09-09T21:45:10.772,4.903656315999797,0,0.0,5.037470999923244,29.26506799985873,2.0,4571.80859375,17.0,1521.5625
yolo11m.pt,3,horizontal_fast,149,2026-09-09,21:45:10.807,2026-09-09T21:45:10.807,4.939435740000135,0,0.0,5.02078999988953,32.97022300012031,1.8,4571.796875,17.0,1521.5625
yolo11m.pt,3,horizontal_fast,150,2026-09-09,21:45:10.840,2026-09-09T21:45:10.840,4.971554706999996,0,0.0,5.0578099999256665,29.353497000101925,3.8,4571.796875,17.0,1521.5625
yolo11m.pt,3,horizontal_fast,151,2026-09-09,21:45:10.872,2026-09-09T21:45:10.872,5.003561944000012,0,0.0,5.488959000103932,29.62723599966921,3.9,4572.2734375,17.0,1511.5625
yolo11m.pt,3,horizontal_fast,152,2026-09-09,21:45:10.907,2026-09-09T21:45:10.907,5.039446896999834,0,0.0,5.053710999618488,32.674874999884196,1.8,4572.2734375,17.0,1511.5625
yolo11m.pt,3,horizontal_fast,153,2026-09-09,21:45:10.940,2026-09-09T21:45:10.940,5.071541883999998,1,0.8217795491218567,5.2035399999113,29.547425999680854,3.8,4572.2734375,17.0,1511.5625
yolo11m.pt,3,horizontal_fast,154,2026-09-09,21:45:10.972,2026-09-09T21:45:10.972,5.103463011999793,1,0.8220894932746887,5.271698999877117,29.189507999944908,3.8,4572.2734375,17.0,1511.5625
yolo11m.pt,3,horizontal_fast,155,2026-09-09,21:45:11.008,2026-09-09T21:45:11.008,5.139577982999981,1,0.3791433274745941,5.21178000008149,33.25538299986874,1.8,4572.2734375,17.0,1511.5625
yolo11m.pt,3,horizontal_fast,156,2026-09-09,21:45:11.039,2026-09-09T21:45:11.039,5.171465461000025,0,0.0,5.054131000179041,28.825339999912103,2.0,4572.2734375,17.0,1511.5625
yolo11m.pt,3,horizontal_fast,157,2026-09-09,21:45:11.072,2026-09-09T21:45:11.072,5.203584557999875,1,0.7841576337814331,5.205059999752848,29.573586999958934,2.0,4572.2734375,17.0,1511.5625
yolo11m.pt,3,horizontal_fast,158,2026-09-09,21:45:11.108,2026-09-09T21:45:11.108,5.239613289999852,0,0.0,5.066831000021921,33.00647400010348,3.4,4572.2734375,17.0,1511.5625
yolo11m.pt,3,horizontal_fast,159,2026-09-09,21:45:11.140,2026-09-09T21:45:11.140,5.271562767999967,1,0.631938636302948,5.219279999892024,29.377998000200023,2.0,4572.515625,17.0,1511.5625
yolo11m.pt,3,horizontal_fast,160,2026-09-09,21:45:11.172,2026-09-09T21:45:11.172,5.303562515000067,0,0.0,5.059200999767199,28.951979000339634,2.0,4572.515625,17.0,1511.5625
yolo11m.pt,3,horizontal_fast,161,2026-09-09,21:45:11.208,2026-09-09T21:45:11.208,5.339515587999813,0,0.0,5.04743999999846,33.13186300010784,3.5,4572.515625,16.0,1511.5625
yolo11m.pt,3,horizontal_fast,162,2026-09-09,21:45:11.240,2026-09-09T21:45:11.240,5.371480095000152,1,0.688790500164032,5.292649999773857,29.585307000161265,1.9,4572.515625,16.0,1511.5625
yolo11m.pt,3,horizontal_fast,163,2026-09-09,21:45:11.272,2026-09-09T21:45:11.272,5.403535803000068,1,0.8663955330848694,5.212171000039234,29.097669000293536,2.0,4572.515625,16.0,1511.5625
yolo11m.pt,3,horizontal_fast,164,2026-09-09,21:45:11.308,2026-09-09T21:45:11.308,5.439422044999901,1,0.5904010534286499,5.25006999987454,33.124684000085836,3.4,4572.515625,16.0,1511.5625
yolo11m.pt,3,horizontal_fast,165,2026-09-09,21:45:11.339,2026-09-09T21:45:11.339,5.471408363000137,0,0.0,5.026349999752711,28.855189000296377,3.9,4572.515625,16.0,1511.5625
yolo11m.pt,3,horizontal_fast,166,2026-09-09,21:45:11.372,2026-09-09T21:45:11.372,5.503462010000021,1,0.42371299862861633,5.228930000157561,29.555006000009598,2.0,4572.515625,16.0,1511.5625
yolo11m.pt,3,horizontal_fast,167,2026-09-09,21:45:11.404,2026-09-09T21:45:11.404,5.535590426999988,1,0.42371299862861633,5.207010000049195,29.29770800028564,2.0,4572.515625,16.0,1511.5625
yolo11m.pt,3,horizontal_fast,168,2026-09-09,21:45:11.440,2026-09-09T21:45:11.440,5.57146836999982,1,0.8603331446647644,5.248750000191649,33.11378299986245,3.4,4572.515625,16.0,1511.5625
yolo11m.pt,3,horizontal_fast,169,2026-09-09,21:45:11.472,2026-09-09T21:45:11.472,5.603558206999878,0,0.0,5.046049999691604,28.986139000153344,2.0,4572.515625,16.0,1511.5625
yolo11m.pt,3,horizontal_fast,170,2026-09-09,21:45:11.504,2026-09-09T21:45:11.504,5.635576893999769,0,0.0,4.990031000033923,29.180668000208243,2.0,4572.515625,16.0,1511.5625
yolo11m.pt,3,horizontal_fast,171,2026-09-09,21:45:11.540,2026-09-09T21:45:11.540,5.671305647999816,1,0.40161699056625366,5.315870000231371,33.28123300025254,1.8,4572.515625,16.0,1511.5625
yolo11m.pt,3,horizontal_fast,172,2026-09-09,21:45:11.568,2026-09-09T21:45:11.568,5.699582859000202,1,0.40161699056625366,5.332120000275609,25.559831999999005,2.2,4572.26953125,16.0,1511.5625
yolo11m.pt,3,horizontal_fast,173,2026-09-09,21:45:11.608,2026-09-09T21:45:11.608,5.739542885999981,0,0.0,5.0199610000163375,36.66685999996844,4.7,4571.63671875,16.0,1511.5625
yolo11m.pt,3,horizontal_fast,174,2026-09-09,21:45:11.640,2026-09-09T21:45:11.640,5.771328434999759,1,0.8095352053642273,5.29181999991124,29.345637999995233,2.0,4571.63671875,16.0,1511.5625
yolo11m.pt,3,horizontal_fast,175,2026-09-09,21:45:11.672,2026-09-09T21:45:11.672,5.803518741000062,1,0.5172927379608154,5.221209999945131,29.315087999748357,2.0,4571.36328125,16.0,1511.5625
yolo11m.pt,3,horizontal_fast,176,2026-09-09,21:45:11.708,2026-09-09T21:45:11.708,5.83962964300008,1,0.5881205201148987,5.277149999983521,33.40193200028807,3.4,4571.1171875,17.0,1511.5625
yolo11m.pt,3,horizontal_fast,177,2026-09-09,21:45:11.740,2026-09-09T21:45:11.740,5.87149743100008,1,0.3105132579803467,5.2600799999709125,29.053649000161386,2.0,4571.359375,17.0,1511.5625
yolo11m.pt,3,horizontal_fast,178,2026-09-09,21:45:11.772,2026-09-09T21:45:11.772,5.9034591489999,0,0.0,5.097360000036133,28.92338900028335,2.0,4571.359375,17.0,1511.5625
yolo11m.pt,3,horizontal_fast,179,2026-09-09,21:45:11.808,2026-09-09T21:45:11.808,5.939697740000156,1,0.5161608457565308,5.23116000022128,33.68774000000485,3.4,4571.359375,17.0,1511.5625
yolo11m.pt,3,horizontal_fast,180,2026-09-09,21:45:11.840,2026-09-09T21:45:11.840,5.9715800580002,0,0.0,5.051819999607687,28.814269000122295,4.0,4571.359375,17.0,1511.5625
yolo11m.pt,3,horizontal_fast,181,2026-09-09,21:45:11.872,2026-09-09T21:45:11.872,6.003512765999858,0,0.0,5.066820999672927,29.13814800012915,2.0,4571.3046875,17.0,1511.5625
yolo11m.pt,3,horizontal_fast,182,2026-09-09,21:45:11.892,2026-09-09T21:45:11.892,6.02362390899998,0,0.0,5.06214999995791,17.329363000044395,6.3,4571.3046875,17.0,1511.5625
yolo11m.pt,3,horizontal_fast,183,2026-09-09,21:45:11.924,2026-09-09T21:45:11.924,6.055537737000122,0,0.0,5.062750999968557,29.1235479999159,2.0,4571.546875,17.0,1511.5625
yolo11m.pt,3,horizontal_fast,184,2026-09-09,21:45:11.956,2026-09-09T21:45:11.956,6.087546853999811,0,0.0,5.115961000228708,29.279377999955614,2.0,4571.546875,17.0,1511.5625
yolo11m.pt,3,horizontal_fast,185,2026-09-09,21:45:11.992,2026-09-09T21:45:11.992,6.123632146000091,0,0.0,5.067889999736508,33.24579199988875,3.4,4571.546875,17.0,1511.5625
yolo11m.pt,3,horizontal_fast,186,2026-09-09,21:45:12.024,2026-09-09T21:45:12.024,6.155517883999892,0,0.0,5.066790000000765,29.08984799978498,2.0,4571.546875,17.0,1511.5625
yolo11m.pt,3,horizontal_fast,187,2026-09-09,21:45:12.056,2026-09-09T21:45:12.056,6.187547031000122,1,0.17352604866027832,5.229359999702865,29.50997699963409,3.8,4571.546875,17.0,1511.5625
yolo11m.pt,3,horizontal_fast,188,2026-09-09,21:45:12.092,2026-09-09T21:45:12.092,6.223570142999961,0,0.0,5.13168100042094,33.04493299992828,1.8,4571.546875,17.0,1511.5625
yolo11m.pt,3,horizontal_fast,189,2026-09-09,21:45:12.124,2026-09-09T21:45:12.124,6.2556005110000115,0,0.0,5.091220000394969,29.196827999840025,3.9,4571.546875,17.0,1511.5625
yolo11m.pt,3,horizontal_fast,190,2026-09-09,21:45:12.156,2026-09-09T21:45:12.156,6.287687898000058,1,0.21111585199832916,5.293319999964297,29.620896000324137,2.0,4571.546875,17.0,1511.5625
yolo11m.pt,3,horizontal_fast,191,2026-09-09,21:45:12.192,2026-09-09T21:45:12.192,6.32346655099991,1,0.47179263830184937,5.202540000027511,32.89576399993166,1.8,4571.546875,16.0,1511.5625
yolo11m.pt,3,horizontal_fast,192,2026-09-09,21:45:12.224,2026-09-09T21:45:12.224,6.355452558999787,1,0.8049399852752686,5.233978999967803,29.245568000078492,3.9,4571.5390625,16.0,1511.5625
yolo11m.pt,3,horizontal_fast,193,2026-09-09,21:45:12.256,2026-09-09T21:45:12.256,6.387825454999984,1,0.5767017006874084,5.170190000171715,29.543867000029422,1.9,4571.5390625,16.0,1511.5625
yolo11m.pt,3,horizontal_fast,194,2026-09-09,21:45:12.292,2026-09-09T21:45:12.292,6.423718847000146,1,0.5957195162773132,5.209550000017771,33.025543999883666,5.2,4571.5390625,16.0,1511.5625
yolo11m.pt,3,horizontal_fast,195,2026-09-09,21:45:12.324,2026-09-09T21:45:12.324,6.455913173999761,0,0.0,5.061711000053037,29.147648999696685,2.0,4571.5390625,16.0,1511.5625
yolo11m.pt,3,horizontal_fast,196,2026-09-09,21:45:12.356,2026-09-09T21:45:12.356,6.487585973000023,0,0.0,5.152599999746599,28.96059900012915,3.9,4571.5390625,16.0,1511.5625
yolo11m.pt,3,horizontal_fast,197,2026-09-09,21:45:12.392,2026-09-09T21:45:12.392,6.523674093999944,1,0.5006237030029297,5.39018000017677,33.61916099993323,1.8,4571.5390625,16.0,1511.5625
yolo11m.pt,3,horizontal_fast,198,2026-09-09,21:45:12.424,2026-09-09T21:45:12.424,6.555937230999916,1,0.5125834941864014,5.21493999985978,29.27170799966916,2.0,4571.78125,16.0,1511.5625
yolo11m.pt,3,horizontal_fast,199,2026-09-09,21:45:12.456,2026-09-09T21:45:12.456,6.5878877889999785,1,0.7856606245040894,5.232019000231958,29.168288000164466,3.8,4571.78125,16.0,1511.5625
yolo11m.pt,3,horizontal_fast,200,2026-09-09,21:45:12.492,2026-09-09T21:45:12.492,6.623679712000012,1,0.7445375919342041,5.261979999886535,33.05227400005606,1.8,4571.78125,16.0,1511.5625
yolo11m.pt,3,horizontal_fast,201,2026-09-09,21:45:12.520,2026-09-09T21:45:12.520,6.651609755000209,1,0.7445375919342041,5.25035000009666,25.144262999674538,2.2,4571.78125,16.0,1511.5625
yolo11m.pt,3,horizontal_fast,202,2026-09-09,21:45:12.556,2026-09-09T21:45:12.556,6.687705066000035,1,0.3568037748336792,5.345439999928203,33.42767200001617,5.1,4571.78125,16.0,1511.5625
yolo11m.pt,3,horizontal_fast,203,2026-09-09,21:45:12.592,2026-09-09T21:45:12.592,6.72369216900006,0,0.0,5.023181000069599,32.701895000172954,1.8,4570.05859375,16.0,1511.5625
yolo11m.pt,3,horizontal_fast,204,2026-09-09,21:45:12.624,2026-09-09T21:45:12.624,6.7554740669997955,1,0.349234014749527,5.2846599996883015,29.449737000049936,2.0,4569.59375,16.0,1511.5625
yolo11m.pt,3,horizontal_fast,205,2026-09-09,21:45:12.660,2026-09-09T21:45:12.660,6.7917527179997705,0,0.0,5.125240000324993,33.14145199965424,3.5,4569.59375,16.0,1511.5625
yolo11m.pt,3,horizontal_fast,206,2026-09-09,21:45:12.689,2026-09-09T21:45:12.689,6.821540053999797,0,0.0,4.971720999947138,26.837196999622392,2.1,4569.59375,16.0,1511.5625
yolo11m.pt,3,horizontal_fast,207,2026-09-09,21:45:12.724,2026-09-09T21:45:12.724,6.855698292999932,0,0.0,5.142360999798257,31.488550000176474,1.9,4569.59375,16.0,1511.5625
yolo11m.pt,3,horizontal_fast,208,2026-09-09,21:45:12.759,2026-09-09T21:45:12.759,6.891403146999892,0,0.0,5.070539999906032,32.83248400020966,1.8,4569.59375,16.0,1511.5625
yolo11m.pt,3,horizontal_fast,209,2026-09-09,21:45:12.792,2026-09-09T21:45:12.792,6.923588003000077,1,0.8368778824806213,5.231430000094406,29.663787000117736,3.8,4569.59375,16.0,1511.5625
yolo11m.pt,3,horizontal_fast,210,2026-09-09,21:45:12.824,2026-09-09T21:45:12.824,6.955502151000019,0,0.0,5.044971000188525,28.857440000138013,3.9,4569.59375,16.0,1511.5625
yolo11m.pt,3,horizontal_fast,211,2026-09-09,21:45:12.860,2026-09-09T21:45:12.860,6.991736961999777,1,0.4309689998626709,5.342789999758679,33.834679999927175,1.7,4569.59375,16.0,1511.5625
yolo11m.pt,3,horizontal_fast,212,2026-09-09,21:45:12.888,2026-09-09T21:45:12.888,7.019562745999792,1,0.4309689998626709,5.219180000040069,24.923754000155895,4.4,4569.59375,16.0,1511.5625
yolo11m.pt,3,horizontal_fast,213,2026-09-09,21:45:12.924,2026-09-09T21:45:12.924,7.055761286999768,0,0.0,5.159849999927246,33.22296299984373,1.8,4569.59375,16.0,1511.5625
yolo11m.pt,3,horizontal_fast,214,2026-09-09,21:45:12.959,2026-09-09T21:45:12.959,7.091538459999811,0,0.0,4.973370999778126,32.8395440001259,1.8,4569.59375,16.0,1511.5625
yolo11m.pt,3,horizontal_fast,215,2026-09-09,21:45:12.991,2026-09-09T21:45:12.991,7.123468676999892,0,0.0,5.027870999583683,29.166868000174873,2.0,4569.8359375,16.0,1511.5625
yolo11m.pt,3,horizontal_fast,216,2026-09-09,21:45:13.023,2026-09-09T21:45:13.023,7.155408295000143,0,0.0,5.0379610001982655,29.16224799992051,3.8,4569.8359375,16.0,1511.5625
yolo11m.pt,3,horizontal_fast,217,2026-09-09,21:45:13.060,2026-09-09T21:45:13.060,7.1917454459999135,0,0.0,5.067920999863418,33.55669200027478,1.8,4569.8359375,16.0,1511.5625
yolo11m.pt,3,horizontal_fast,218,2026-09-09,21:45:13.088,2026-09-09T21:45:13.088,7.219599218999974,0,0.0,4.99988100000337,25.04181399990557,4.3,4569.8359375,16.0,1511.5625
yolo11m.pt,3,horizontal_fast,219,2026-09-09,21:45:13.124,2026-09-09T21:45:13.124,7.2556657810000615,0,0.0,5.048690999956307,33.250642999973934,1.8,4569.8359375,16.0,1511.5625
yolo11m.pt,3,horizontal_fast,220,2026-09-09,21:45:13.160,2026-09-09T21:45:13.160,7.291590943999836,1,0.2995486259460449,5.521238000255835,33.82654000006369,3.4,4569.8359375,16.0,1511.5625
yolo11m.pt,3,horizontal_fast,221,2026-09-09,21:45:13.192,2026-09-09T21:45:13.192,7.323595470999862,0,0.0,5.077080000319256,28.517090000150347,2.0,4569.8359375,16.0,1511.5625
yolo11m.pt,3,horizontal_fast,222,2026-09-09,21:45:13.224,2026-09-09T21:45:13.224,7.355625107999913,0,0.0,5.119480000303156,29.292626999904314,3.8,4569.8359375,16.0,1511.5625
yolo11m.pt,3,horizontal_fast,223,2026-09-09,21:45:13.260,2026-09-09T21:45:13.260,7.391622520000055,1,0.6995802521705627,5.2223599996068515,33.41344199998275,1.8,4569.8359375,16.0,1511.5625
yolo11m.pt,3,horizontal_fast,224,2026-09-09,21:45:13.292,2026-09-09T21:45:13.292,7.42347769800017,0,0.0,5.08922100016207,28.84089999997741,3.9,4569.8359375,16.0,1511.5625
yolo11m.pt,3,horizontal_fast,225,2026-09-09,21:45:13.324,2026-09-09T21:45:13.324,7.455594855000072,1,0.8185888528823853,5.250550000255316,29.553505999956542,2.0,4569.8359375,16.0,1511.5625
yolo11m.pt,3,horizontal_fast,226,2026-09-09,21:45:13.359,2026-09-09T21:45:13.359,7.491460407999966,0,0.0,4.957580000336748,32.681593999768666,1.8,4569.8359375,16.0,1511.5625
yolo11m.pt,3,horizontal_fast,227,2026-09-09,21:45:13.392,2026-09-09T21:45:13.392,7.523568394999984,0,0.0,4.959770999903412,29.34243800018521,2.0,4569.8359375,16.0,1511.5625
yolo11m.pt,3,horizontal_fast,228,2026-09-09,21:45:13.424,2026-09-09T21:45:13.424,7.555648571999882,0,0.0,5.026101000112249,29.336467000121047,2.0,4569.8359375,16.0,1511.5625
yolo11m.pt,3,horizontal_fast,229,2026-09-09,21:45:13.460,2026-09-09T21:45:13.460,7.591570465000132,0,0.0,5.121830999996746,33.201103000010335,5.1,4569.8359375,16.0,1511.5625
yolo11m.pt,3,horizontal_fast,230,2026-09-09,21:45:13.492,2026-09-09T21:45:13.492,7.62348681200001,0,0.0,5.121910000070784,29.14580799961186,2.0,4569.8359375,16.0,1511.5625
yolo11m.pt,3,horizontal_fast,231,2026-09-09,21:45:13.524,2026-09-09T21:45:13.524,7.655539589999989,1,0.16923673450946808,5.3472290001082,29.589415999907942,3.8,4569.8359375,16.0,1511.5625
yolo11m.pt,3,horizontal_fast,232,2026-09-09,21:45:13.560,2026-09-09T21:45:13.560,7.691413252000075,1,0.5654126405715942,5.24295000013808,32.99241400009123,1.8,4569.98828125,16.0,1511.5625
yolo11m.pt,3,horizontal_fast,233,2026-09-09,21:45:13.588,2026-09-09T21:45:13.588,7.719603814000038,1,0.5654126405715942,5.34574999983306,25.519171999803802,2.2,4569.37890625,16.0,1511.5625
yolo11m.pt,3,horizontal_fast,234,2026-09-09,21:45:13.623,2026-09-09T21:45:13.623,7.755364826999994,0,0.0,5.072510999980295,32.61487500003568,1.8,4569.1328125,16.0,1511.5625
yolo11m.pt,3,horizontal_fast,235,2026-09-09,21:45:13.660,2026-09-09T21:45:13.660,7.791493118999824,0,0.0,5.086741000013717,33.349953000197274,1.8,4569.1328125,16.0,1511.5625
yolo11m.pt,3,horizontal_fast,236,2026-09-09,21:45:13.692,2026-09-09T21:45:13.692,7.823501877000126,1,0.7274376749992371,5.308638999849791,29.569407000053616,2.0,4569.1328125,16.0,1511.5625
yolo11m.pt,3,horizontal_fast,237,2026-09-09,21:45:13.724,2026-09-09T21:45:13.724,7.855552554000042,1,0.46005481481552124,5.303289000039513,29.25308799967752,3.8,4569.1328125,16.0,1511.5625
yolo11m.pt,3,horizontal_fast,238,2026-09-09,21:45:13.760,2026-09-09T21:45:13.760,7.891491725999913,1,0.766909658908844,5.218300000251475,33.09651400013536,3.5,4569.1328125,16.0,1511.5625
yolo11m.pt,3,horizontal_fast,239,2026-09-09,21:45:13.792,2026-09-09T21:45:13.792,7.923576113999843,1,0.3055190443992615,5.134540999733872,29.218247999779123,2.0,4568.43359375,16.0,1511.5625
yolo11m.pt,3,horizontal_fast,240,2026-09-09,21:45:13.823,2026-09-09T21:45:13.823,7.9553864009999415,0,0.0,5.069521000223176,28.834199999892007,3.9,4568.43359375,16.0,1511.5625
yolo11m.pt,3,horizontal_fast,241,2026-09-09,21:45:13.844,2026-09-09T21:45:13.844,7.975678874000096,1,0.7259845733642578,5.295749999731925,17.816472000049544,3.1,4568.43359375,16.0,1511.5625
yolo11m.pt,3,horizontal_fast,242,2026-09-09,21:45:13.876,2026-09-09T21:45:13.876,8.00785020100011,0,0.0,5.497788999946351,29.542017000039777,3.9,4568.80078125,16.0,1506.0625
yolo11m.pt,3,horizontal_fast,243,2026-09-09,21:45:13.908,2026-09-09T21:45:13.908,8.039675339000041,1,0.6000100374221802,5.212999999912427,28.842609000093944,2.0,4568.80078125,16.0,1506.0625
yolo11m.pt,3,horizontal_fast,244,2026-09-09,21:45:13.940,2026-09-09T21:45:13.940,8.071573187000013,1,0.6000100374221802,5.2318689999992785,29.128297999704955,2.0,4568.80078125,16.0,1506.0625
yolo11m.pt,3,horizontal_fast,245,2026-09-09,21:45:13.976,2026-09-09T21:45:13.976,8.107602368999778,1,0.2446952760219574,5.2107199999227305,33.20901300003243,3.4,4568.80078125,16.0,1506.0625
yolo11m.pt,3,horizontal_fast,246,2026-09-09,21:45:14.007,2026-09-09T21:45:14.007,8.1393411869999,0,0.0,5.040241000187962,28.635751000365417,2.0,4568.80078125,16.0,1506.0625
yolo11m.pt,3,horizontal_fast,247,2026-09-09,21:45:14.043,2026-09-09T21:45:14.043,8.175309208999806,0,0.0,5.063291000169556,33.17255299998578,3.4,4568.80078125,16.0,1506.0625
yolo11m.pt,3,horizontal_fast,248,2026-09-09,21:45:14.076,2026-09-09T21:45:14.076,8.207471946000169,1,0.7545272707939148,5.2926000003026274,29.724955999881786,2.0,4568.80078125,16.0,1506.0625
yolo11m.pt,3,horizontal_fast,249,2026-09-09,21:45:14.108,2026-09-09T21:45:14.108,8.239583052999933,0,0.0,5.011781000121118,28.81433000038669,3.9,4568.80078125,16.0,1506.0625
yolo11m.pt,3,horizontal_fast,250,2026-09-09,21:45:14.144,2026-09-09T21:45:14.144,8.275558074999935,0,0.0,5.012821000036638,33.16995300019698,1.8,4568.80078125,16.0,1506.0625
yolo11m.pt,3,horizontal_fast,251,2026-09-09,21:45:14.176,2026-09-09T21:45:14.176,8.307593343000008,0,0.0,5.033609999827604,29.2443580001418,2.0,4568.80078125,16.0,1506.0625
yolo11m.pt,3,horizontal_fast,252,2026-09-09,21:45:14.208,2026-09-09T21:45:14.208,8.339601629999834,1,0.5661316514015198,5.199199999879056,29.48202700008551,2.0,4568.80078125,16.0,1506.0625
yolo11m.pt,3,horizontal_fast,253,2026-09-09,21:45:14.243,2026-09-09T21:45:14.243,8.375418203000208,0,0.0,5.012421000174072,32.72706500001732,1.8,4568.80078125,16.0,1506.0625
yolo11m.pt,3,horizontal_fast,254,2026-09-09,21:45:14.276,2026-09-09T21:45:14.276,8.407575509999788,0,0.0,5.033020999690052,29.3714480003473,3.8,4568.80078125,16.0,1506.0625
yolo11m.pt,3,horizontal_fast,255,2026-09-09,21:45:14.308,2026-09-09T21:45:14.308,8.439606296999955,0,0.0,5.023041000185913,29.22404800028744,2.0,4568.80078125,16.0,1506.0625
yolo11m.pt,3,horizontal_fast,256,2026-09-09,21:45:14.344,2026-09-09T21:45:14.344,8.475594469000043,0,0.0,5.400709999776154,33.59087199987698,3.4,4568.80078125,16.0,1506.0625
yolo11m.pt,3,horizontal_fast,257,2026-09-09,21:45:14.376,2026-09-09T21:45:14.376,8.5076222470002,1,0.27109071612358093,5.500459000359115,29.4422469996789,3.8,4568.80078125,16.0,1506.0625
yolo11m.pt,3,horizontal_fast,258,2026-09-09,21:45:14.407,2026-09-09T21:45:14.407,8.539414335999936,0,0.0,5.094431000088662,28.49112099966078,2.0,4568.80078125,16.0,1506.0625
yolo11m.pt,3,horizontal_fast,259,2026-09-09,21:45:14.428,2026-09-09T21:45:14.428,8.55955087800021,1,0.1560574173927307,5.20379999989018,17.543113000101584,3.1,4568.80078125,16.0,1506.0625
yolo11m.pt,3,horizontal_fast,260,2026-09-09,21:45:14.460,2026-09-09T21:45:14.460,8.5913970659999,1,0.3485043942928314,5.2428899998631096,29.10408899970207,3.8,4568.80078125,16.0,1506.0625
yolo11m.pt,3,horizontal_fast,261,2026-09-09,21:45:14.492,2026-09-09T21:45:14.492,8.623472553999818,1,0.7102826237678528,5.235160000211181,29.2580979999002,2.0,4568.80078125,16.0,1506.0625
yolo11m.pt,3,horizontal_fast,262,2026-09-09,21:45:14.528,2026-09-09T21:45:14.528,8.659372476000044,1,0.2329390048980713,5.248889999620587,33.10262400009378,1.8,4568.80078125,16.0,1506.0625
yolo11m.pt,3,horizontal_fast,263,2026-09-09,21:45:14.559,2026-09-09T21:45:14.559,8.69135749399993,0,0.0,5.063959999915824,28.89261899963458,3.9,4568.80078125,16.0,1506.0625
yolo11m.pt,3,horizontal_fast,264,2026-09-09,21:45:14.592,2026-09-09T21:45:14.592,8.723574699999972,1,0.849736213684082,5.5610290000913665,29.99866500022108,1.9,4568.953125,16.0,1506.0625
yolo11m.pt,3,horizontal_fast,265,2026-09-09,21:45:14.628,2026-09-09T21:45:14.628,8.759667622000052,1,0.4137614071369171,5.209769999964919,32.90301399965756,1.8,4568.8046875,16.0,1506.0625
yolo11m.pt,3,horizontal_fast,266,2026-09-09,21:45:14.656,2026-09-09T21:45:14.656,8.787593704999836,1,0.4137614071369171,5.592459000126837,25.496221999674162,4.3,4569.05078125,16.0,1506.0625
yolo11m.pt,3,horizontal_fast,267,2026-09-09,21:45:14.692,2026-09-09T21:45:14.692,8.823595487000148,1,0.6048154830932617,5.205671000112488,32.80169500021657,1.8,4568.8046875,16.0,1506.0625
yolo11m.pt,3,horizontal_fast,268,2026-09-09,21:45:14.728,2026-09-09T21:45:14.728,8.859494209999866,1,0.6997160911560059,5.280790000142588,33.168503000069904,5.1,4568.8046875,16.0,1506.0625
yolo11m.pt,3,horizontal_fast,269,2026-09-09,21:45:14.760,2026-09-09T21:45:14.760,8.891542837000088,1,0.861758828163147,5.582959000093979,29.52505699977337,2.0,4568.8046875,16.0,1506.0625
yolo11m.pt,3,horizontal_fast,270,2026-09-09,21:45:14.792,2026-09-09T21:45:14.792,8.923499904999971,1,0.648097574710846,5.308530000093015,28.913538999859156,2.0,4568.8046875,16.0,1506.0625
yolo11m.pt,3,horizontal_fast,271,2026-09-09,21:45:14.828,2026-09-09T21:45:14.828,8.959518987000138,0,0.0,5.038220999722398,32.80683500042869,3.5,4568.8046875,16.0,1506.0625
yolo11m.pt,3,horizontal_fast,272,2026-09-09,21:45:14.856,2026-09-09T21:45:14.856,8.987580760000128,0,0.0,5.093639999813604,25.30762300011702,0.0,4568.8046875,16.0,1506.0625
yolo11m.pt,3,horizontal_fast,273,2026-09-09,21:45:14.892,2026-09-09T21:45:14.892,9.023471462000089,1,0.4935268461704254,5.241009999735979,33.296092999989924,3.4,4569.046875,16.0,1506.0625
yolo11m.pt,3,horizontal_fast,274,2026-09-09,21:45:14.928,2026-09-09T21:45:14.928,9.059430324999994,1,0.22978846728801727,5.217170999912923,33.19063300023117,1.8,4569.046875,16.0,1506.0625
yolo11m.pt,3,horizontal_fast,275,2026-09-09,21:45:14.959,2026-09-09T21:45:14.959,9.091389172000163,0,0.0,5.037910999817541,28.83328000007168,3.9,4569.046875,16.0,1506.0625
yolo11m.pt,3,horizontal_fast,276,2026-09-09,21:45:14.991,2026-09-09T21:45:14.991,9.123308369999904,0,0.0,5.051870999977837,29.128018999927008,3.9,4569.046875,16.0,1506.0625
yolo11m.pt,3,horizontal_fast,277,2026-09-09,21:45:15.028,2026-09-09T21:45:15.028,9.159527370999967,1,0.6060613393783569,5.252690000361326,33.722830999977305,1.7,4569.046875,16.0,1506.0625
yolo11m.pt,3,horizontal_fast,278,2026-09-09,21:45:15.060,2026-09-09T21:45:15.060,9.191559229000177,1,0.4839096665382385,5.349268999907508,29.338867999740614,3.8,4569.046875,16.0,1506.0625
yolo11m.pt,3,horizontal_fast,279,2026-09-09,21:45:15.092,2026-09-09T21:45:15.092,9.223623326000052,1,0.3405260741710663,5.263749999812717,29.184108000208653,2.0,4569.046875,16.0,1506.0625
yolo11m.pt,3,horizontal_fast,280,2026-09-09,21:45:15.128,2026-09-09T21:45:15.128,9.259540967999783,0,0.0,5.037340999933804,32.78972500038435,3.4,4569.046875,16.0,1506.0625
yolo11m.pt,3,horizontal_fast,281,2026-09-09,21:45:15.160,2026-09-09T21:45:15.160,9.291564826000013,0,0.0,5.022550999910891,29.21633899995868,3.9,4569.046875,16.0,1506.0625
yolo11m.pt,3,horizontal_fast,282,2026-09-09,21:45:15.195,2026-09-09T21:45:15.195,9.327357198999835,0,0.0,5.116920000091341,33.08880299982775,1.8,4569.046875,16.0,1506.0625
yolo11m.pt,3,horizontal_fast,283,2026-09-09,21:45:15.227,2026-09-09T21:45:15.227,9.359355355999924,0,0.0,5.112820999784162,29.179018999911932,3.9,4569.046875,16.0,1506.0625
yolo11m.pt,3,horizontal_fast,284,2026-09-09,21:45:15.260,2026-09-09T21:45:15.260,9.391510692999873,1,0.2451239973306656,5.277809999824967,29.64122599996699,1.9,4569.046875,16.0,1506.0625
yolo11m.pt,3,horizontal_fast,285,2026-09-09,21:45:15.296,2026-09-09T21:45:15.296,9.427548354999999,0,0.0,5.0690809998741315,32.94390299970473,1.8,4569.046875,16.0,1506.0625
yolo11m.pt,3,horizontal_fast,286,2026-09-09,21:45:15.324,2026-09-09T21:45:15.324,9.455572928000038,0,0.0,5.120660000102362,25.26256300006935,4.4,4569.046875,16.0,1506.0625
yolo11m.pt,3,horizontal_fast,287,2026-09-09,21:45:15.359,2026-09-09T21:45:15.359,9.491392751000149,0,0.0,5.030159999932948,32.8969740003231,1.8,4569.046875,16.0,1506.0625
yolo11m.pt,3,horizontal_fast,288,2026-09-09,21:45:15.392,2026-09-09T21:45:15.392,9.523594007000156,0,0.0,5.062221000116551,29.441376999784552,2.0,4569.046875,16.0,1506.0625
yolo11m.pt,3,horizontal_fast,289,2026-09-09,21:45:15.428,2026-09-09T21:45:15.428,9.559588739999981,0,0.0,4.976441000053455,33.04827300007673,1.8,4569.046875,16.0,1506.0625
yolo11m.pt,3,horizontal_fast,290,2026-09-09,21:45:15.459,2026-09-09T21:45:15.459,9.591375827999855,0,0.0,5.02666100010174,29.024498999660864,2.0,4569.046875,16.0,1506.0625
yolo11m.pt,3,horizontal_fast,291,2026-09-09,21:45:15.496,2026-09-09T21:45:15.496,9.627710129000207,1,0.3739827573299408,5.219729999680567,33.819129999756115,3.4,4569.046875,16.0,1506.0625
yolo11m.pt,3,horizontal_fast,292,2026-09-09,21:45:15.528,2026-09-09T21:45:15.528,9.659549836999759,0,0.0,5.458558999634988,29.18889800002944,3.8,4569.046875,16.0,1506.0625
yolo11m.pt,3,horizontal_fast,293,2026-09-09,21:45:15.560,2026-09-09T21:45:15.560,9.691875973000151,0,0.0,5.050250999829586,29.12357900004281,2.0,4568.69921875,16.0,1506.0625
yolo11m.pt,3,horizontal_fast,294,2026-09-09,21:45:15.596,2026-09-09T21:45:15.596,9.727462917000139,1,0.16250212490558624,5.252489999747922,33.112793000327656,3.4,4568.69921875,16.0,1506.0625
yolo11m.pt,3,horizontal_fast,295,2026-09-09,21:45:15.628,2026-09-09T21:45:15.628,9.75958384400019,1,0.23966947197914124,5.210429999806365,29.28650900003049,3.9,4568.31640625,16.0,1506.0625
yolo11m.pt,3,horizontal_fast,296,2026-09-09,21:45:15.660,2026-09-09T21:45:15.660,9.791725591000159,0,0.0,5.075670000223909,29.11714799984111,2.0,4568.31640625,16.0,1506.0625
yolo11m.pt,3,horizontal_fast,297,2026-09-09,21:45:15.696,2026-09-09T21:45:15.696,9.827407283999946,1,0.22735758125782013,5.194699999719887,33.13541299985445,1.8,4568.31640625,17.0,1506.0625
yolo11m.pt,3,horizontal_fast,298,2026-09-09,21:45:15.727,2026-09-09T21:45:15.727,9.859405031999813,0,0.0,5.016479999994772,28.9082489998691,3.9,4568.31640625,17.0,1506.0625
yolo11m.pt,3,horizontal_fast,299,2026-09-09,21:45:15.760,2026-09-09T21:45:15.760,9.89147992900007,1,0.5840855836868286,5.137900000136142,29.52678699966782,2.0,4568.31640625,17.0,1506.0625
yolo11m.pt,3,horizontal_fast,300,2026-09-09,21:45:15.795,2026-09-09T21:45:15.795,9.927330412000174,0,0.0,5.1122000004397705,32.90461399956257,3.5,4568.55859375,17.0,1506.0625
yolo11m.pt,3,horizontal_fast,301,2026-09-09,21:45:15.828,2026-09-09T21:45:15.828,9.95966456799988,1,0.48371294140815735,5.30194000020856,29.799175999869476,2.0,4568.55859375,17.0,1506.0625
yolo11m.pt,3,horizontal_fast,302,2026-09-09,21:45:15.859,2026-09-09T21:45:15.859,9.991352286000165,0,0.0,5.092350999802875,28.620600000067498,2.0,4568.55859375,17.0,1506.0625
yolo11m.pt,3,horizontal_fast,303,2026-09-09,21:45:15.896,2026-09-09T21:45:15.896,10.027781657000105,1,0.6796900629997253,5.220510000071954,33.87379100013277,5.1,4568.55859375,17.0,1506.0625
yolo11m.pt,4,vertical,1,2026-09-09,21:45:21.033,2026-09-09T21:45:21.033,0.032028786999944714,0,0.0,6.427804999930231,38.908650999928795,1.7,4584.56640625,4.0,1510.375
yolo11m.pt,4,vertical,2,2026-09-09,21:45:21.069,2026-09-09T21:45:21.069,0.06779826999991201,0,0.0,5.140579999988404,33.05790300009903,1.8,4559.01171875,4.0,1510.375
yolo11m.pt,4,vertical,3,2026-09-09,21:45:21.101,2026-09-09T21:45:21.101,0.101245272000142,0,0.0,4.9836510002023715,29.047289000118326,3.9,4562.921875,4.0,1510.375
yolo11m.pt,4,vertical,4,2026-09-09,21:45:21.132,2026-09-09T21:45:21.132,0.13193155499993736,1,0.18550270795822144,5.285739000100875,28.290411999932985,4.0,4562.921875,4.0,1510.375
yolo11m.pt,4,vertical,5,2026-09-09,21:45:21.168,2026-09-09T21:45:21.168,0.16788091700027508,0,0.0,5.121820000113075,32.87201399962214,1.8,4562.921875,4.0,1510.375
yolo11m.pt,4,vertical,6,2026-09-09,21:45:21.200,2026-09-09T21:45:21.200,0.19982240499984982,1,0.154453843832016,5.200030000196421,29.342738000195823,2.0,4562.921875,16.0,1510.375
yolo11m.pt,4,vertical,7,2026-09-09,21:45:21.231,2026-09-09T21:45:21.231,0.23176376199990045,0,0.0,5.101561000174115,28.929839999818796,3.9,4562.921875,16.0,1510.375
yolo11m.pt,4,vertical,8,2026-09-09,21:45:21.268,2026-09-09T21:45:21.268,0.2680301129998952,0,0.0,5.043150999881618,33.41464199957045,3.4,4562.921875,16.0,1510.375
yolo11m.pt,4,vertical,9,2026-09-09,21:45:21.300,2026-09-09T21:45:21.300,0.2998723710002196,1,0.6420581936836243,5.244110000148794,29.367888000251696,2.0,4562.921875,16.0,1510.375
yolo11m.pt,4,vertical,10,2026-09-09,21:45:21.331,2026-09-09T21:45:21.331,0.3317346200001339,0,0.0,5.063891000190779,28.790569999728177,3.9,4562.921875,16.0,1510.375
yolo11m.pt,4,vertical,11,2026-09-09,21:45:21.368,2026-09-09T21:45:21.368,0.3679408110001532,0,0.0,5.085610000151064,33.34968199987998,1.8,4562.921875,16.0,1510.375
yolo11m.pt,4,vertical,12,2026-09-09,21:45:21.400,2026-09-09T21:45:21.400,0.3999056689999634,0,0.0,5.026021000048786,29.07598899992081,2.0,4562.921875,16.0,1510.375
yolo11m.pt,4,vertical,13,2026-09-09,21:45:21.432,2026-09-09T21:45:21.432,0.43194970600006855,1,0.20858529210090637,5.253349999748025,29.59574700025769,1.9,4563.27734375,16.0,1510.375
yolo11m.pt,4,vertical,14,2026-09-09,21:45:21.468,2026-09-09T21:45:21.468,0.46789966799997273,1,0.22863177955150604,5.632978999983607,33.56756199991651,5.2,4563.27734375,16.0,1510.375
yolo11m.pt,4,vertical,15,2026-09-09,21:45:21.500,2026-09-09T21:45:21.500,0.4998745160000908,1,0.19392526149749756,5.292768999879627,28.856339999947522,3.9,4563.27734375,16.0,1510.375
yolo11m.pt,4,vertical,16,2026-09-09,21:45:21.531,2026-09-09T21:45:21.531,0.5318001230002665,0,0.0,5.063631000211899,28.76255000001038,2.0,4563.27734375,16.0,1510.375
yolo11m.pt,4,vertical,17,2026-09-09,21:45:21.552,2026-09-09T21:45:21.552,0.5518656570002349,0,0.0,5.036659999859694,17.242554000404198,3.2,4563.6328125,16.0,1510.375
yolo11m.pt,4,vertical,18,2026-09-09,21:45:21.583,2026-09-09T21:45:21.583,0.5830011680000098,0,0.0,5.043010000008508,28.347430999929202,2.0,4563.6328125,16.0,1510.375
yolo11m.pt,4,vertical,19,2026-09-09,21:45:21.615,2026-09-09T21:45:21.615,0.6157869720000235,0,0.0,5.079830000340735,30.048954999983835,3.8,4563.6328125,16.0,1510.375
yolo11m.pt,4,vertical,20,2026-09-09,21:45:21.652,2026-09-09T21:45:21.652,0.6518654940000488,0,0.0,5.031111000334931,33.22922200004541,3.4,4563.6328125,16.0,1510.375
yolo11m.pt,4,vertical,21,2026-09-09,21:45:21.684,2026-09-09T21:45:21.684,0.683838071000082,0,0.0,5.056741000316833,29.204108000158158,2.0,4563.6328125,16.0,1510.375
yolo11m.pt,4,vertical,22,2026-09-09,21:45:21.716,2026-09-09T21:45:21.716,0.7160338379999303,0,0.0,5.044690999966406,29.395777999980055,3.8,4563.6328125,16.0,1510.375
yolo11m.pt,4,vertical,23,2026-09-09,21:45:21.752,2026-09-09T21:45:21.752,0.7518958710002153,0,0.0,5.090640000162239,33.131122999748186,1.8,4563.6328125,16.0,1510.375
yolo11m.pt,4,vertical,24,2026-09-09,21:45:21.784,2026-09-09T21:45:21.784,0.7839588880001429,1,0.28326860070228577,5.15938999978971,29.441947000123037,3.8,4563.6328125,16.0,1510.375
yolo11m.pt,4,vertical,25,2026-09-09,21:45:21.816,2026-09-09T21:45:21.816,0.8158477860001767,0,0.0,5.120530000112922,28.85518899984163,3.9,4563.6328125,16.0,1510.375
yolo11m.pt,4,vertical,26,2026-09-09,21:45:21.852,2026-09-09T21:45:21.852,0.8520245280001291,0,0.0,5.063179999979184,33.30548199983241,1.8,4563.6328125,16.0,1510.375
yolo11m.pt,4,vertical,27,2026-09-09,21:45:21.884,2026-09-09T21:45:21.884,0.8838689160002104,0,0.0,5.095060000257945,29.058909000013955,3.9,4563.6328125,16.0,1510.375
yolo11m.pt,4,vertical,28,2026-09-09,21:45:21.916,2026-09-09T21:45:21.916,0.9160002530002203,0,0.0,5.037360999722296,29.28234799992424,2.0,4563.6328125,16.0,1510.375
yolo11m.pt,4,vertical,29,2026-09-09,21:45:21.951,2026-09-09T21:45:21.951,0.9516626160002488,0,0.0,5.096560000311001,32.93048399973486,3.5,4563.6328125,16.0,1510.375
yolo11m.pt,4,vertical,30,2026-09-09,21:45:21.984,2026-09-09T21:45:21.984,0.983983581999837,1,0.7114375829696655,5.2017799998793635,29.739686000084475,1.9,4563.6328125,16.0,1510.375
yolo11m.pt,4,vertical,31,2026-09-09,21:45:22.016,2026-09-09T21:45:22.016,1.0161017589998664,0,0.0,5.054020999978093,29.080998999688745,2.0,4563.6328125,16.0,1510.375
yolo11m.pt,4,vertical,32,2026-09-09,21:45:22.052,2026-09-09T21:45:22.052,1.0519361820001905,0,0.0,5.066311000064161,32.93895400020119,5.1,4563.6328125,16.0,1510.375
yolo11m.pt,4,vertical,33,2026-09-09,21:45:22.083,2026-09-09T21:45:22.083,1.0837484600001517,0,0.0,5.13783099995635,29.071258999920246,2.0,4563.6328125,16.0,1510.375
yolo11m.pt,4,vertical,34,2026-09-09,21:45:22.112,2026-09-09T21:45:22.112,1.1119761519998974,0,0.0,5.127071000060823,25.411352999981318,0.0,4563.6328125,16.0,1510.375
yolo11m.pt,4,vertical,35,2026-09-09,21:45:22.136,2026-09-09T21:45:22.136,1.135949940000046,0,0.0,5.075320999821997,21.1009390000072,5.1,4563.6328125,16.0,1510.375
yolo11m.pt,4,vertical,36,2026-09-09,21:45:22.168,2026-09-09T21:45:22.168,1.167813328000193,1,0.49732208251953125,5.23509999993621,29.319627999939257,2.0,4563.6328125,16.0,1510.375
yolo11m.pt,4,vertical,37,2026-09-09,21:45:22.200,2026-09-09T21:45:22.200,1.1997964759998467,1,0.3095701336860657,5.265400000098452,29.22556799967424,3.9,4563.6328125,20.0,1510.375
yolo11m.pt,4,vertical,38,2026-09-09,21:45:22.236,2026-09-09T21:45:22.236,1.235947987000145,1,0.24851888418197632,5.222589999902993,33.30450200019186,3.4,4563.87890625,20.0,1510.375
yolo11m.pt,4,vertical,39,2026-09-09,21:45:22.268,2026-09-09T21:45:22.268,1.2678515950001383,1,0.521637499332428,5.2276500000516535,29.122959000233095,2.0,4563.87890625,20.0,1510.375
yolo11m.pt,4,vertical,40,2026-09-09,21:45:22.300,2026-09-09T21:45:22.300,1.300012892000268,1,0.535677969455719,5.230090000168275,29.379378000157885,3.8,4563.87890625,20.0,1510.375
yolo11m.pt,4,vertical,41,2026-09-09,21:45:22.336,2026-09-09T21:45:22.336,1.3358028249999734,1,0.5204333066940308,5.243170000085229,32.97842399979345,1.8,4563.87890625,20.0,1510.375
yolo11m.pt,4,vertical,42,2026-09-09,21:45:22.368,2026-09-09T21:45:22.368,1.3678906720001578,0,0.0,5.042441000114195,29.010209000261966,2.0,4563.87890625,20.0,1510.375
yolo11m.pt,4,vertical,43,2026-09-09,21:45:22.400,2026-09-09T21:45:22.400,1.3998724699999912,0,0.0,5.10149999990972,29.276298000240786,3.9,4563.87890625,20.0,1510.375
yolo11m.pt,4,vertical,44,2026-09-09,21:45:22.436,2026-09-09T21:45:22.436,1.4358991520002746,1,0.4054473340511322,5.20795000011276,33.442332000049646,1.8,4563.87890625,20.0,1510.375
yolo11m.pt,4,vertical,45,2026-09-09,21:45:22.468,2026-09-09T21:45:22.468,1.4679617890001282,0,0.0,5.071081000096456,29.03347900019071,2.0,4563.87890625,20.0,1510.375
yolo11m.pt,4,vertical,46,2026-09-09,21:45:22.500,2026-09-09T21:45:22.500,1.5000187770001503,1,0.17221969366073608,5.2224500000193075,29.540997000367497,3.8,4563.87890625,20.0,1510.375
yolo11m.pt,4,vertical,47,2026-09-09,21:45:22.536,2026-09-09T21:45:22.536,1.5360095189998901,0,0.0,5.0484799999139796,32.93217400005233,3.5,4563.87890625,20.0,1510.375
yolo11m.pt,4,vertical,48,2026-09-09,21:45:22.567,2026-09-09T21:45:22.567,1.5677340570000524,0,0.0,5.108830999688507,29.018258999712998,2.0,4563.875,20.0,1510.375
yolo11m.pt,4,vertical,49,2026-09-09,21:45:22.600,2026-09-09T21:45:22.600,1.5999070840002787,0,0.0,5.085661000066466,29.360777999954735,3.8,4563.7265625,20.0,1510.375
yolo11m.pt,4,vertical,50,2026-09-09,21:45:22.636,2026-09-09T21:45:22.636,1.6359755759999643,0,0.0,5.049401000178477,33.241683000142075,1.8,4563.7265625,20.0,1510.375
yolo11m.pt,4,vertical,51,2026-09-09,21:45:22.668,2026-09-09T21:45:22.668,1.6678111440000976,0,0.0,5.115760000080627,29.093517999626783,2.0,4563.7265625,20.0,1510.375
yolo11m.pt,4,vertical,52,2026-09-09,21:45:22.700,2026-09-09T21:45:22.700,1.699936050999895,0,0.0,5.0199809998048295,29.22004799984279,3.8,4563.48046875,16.0,1510.375
yolo11m.pt,4,vertical,53,2026-09-09,21:45:22.735,2026-09-09T21:45:22.735,1.735691054000199,0,0.0,5.051651000030688,32.96516399996108,1.8,4563.48046875,16.0,1510.375
yolo11m.pt,4,vertical,54,2026-09-09,21:45:22.768,2026-09-09T21:45:22.768,1.768055529999856,0,0.0,5.070691000128136,29.569537000043056,2.0,4563.48046875,16.0,1510.375
yolo11m.pt,4,vertical,55,2026-09-09,21:45:22.800,2026-09-09T21:45:22.800,1.7999098579998645,0,0.0,5.144070999904216,29.10806899990348,3.9,4563.48046875,16.0,1510.375
yolo11m.pt,4,vertical,56,2026-09-09,21:45:22.836,2026-09-09T21:45:22.836,1.8358811610000885,0,0.0,5.077009999695292,33.08786300021893,1.8,4563.48046875,16.0,1510.375
yolo11m.pt,4,vertical,57,2026-09-09,21:45:22.867,2026-09-09T21:45:22.867,1.8676891989998694,0,0.0,5.103610000332992,29.06885800030068,2.0,4559.92578125,16.0,1508.625
yolo11m.pt,4,vertical,58,2026-09-09,21:45:22.904,2026-09-09T21:45:22.904,1.9039801500002795,0,0.0,5.046850999860908,33.45533199990314,5.1,4559.765625,16.0,1508.625
yolo11m.pt,4,vertical,59,2026-09-09,21:45:22.936,2026-09-09T21:45:22.936,1.9358588879999843,0,0.0,5.078840000351192,29.096258000208763,2.0,4559.765625,16.0,1508.625
yolo11m.pt,4,vertical,60,2026-09-09,21:45:22.968,2026-09-09T21:45:22.968,1.967876024999896,0,0.0,5.05803099986224,29.172028000175487,3.8,4559.765625,16.0,1508.625
yolo11m.pt,4,vertical,61,2026-09-09,21:45:23.003,2026-09-09T21:45:23.003,2.003800978000072,0,0.0,5.0707400000646885,33.121372999630694,1.8,4559.765625,16.0,1508.625
yolo11m.pt,4,vertical,62,2026-09-09,21:45:23.036,2026-09-09T21:45:23.036,2.0360047439999107,0,0.0,5.086230999950203,29.4321870001113,2.0,4559.765625,16.0,1508.625
yolo11m.pt,4,vertical,63,2026-09-09,21:45:23.068,2026-09-09T21:45:23.068,2.0679259019998426,0,0.0,5.135080999934871,29.181678999975702,2.0,4559.765625,16.0,1508.625
yolo11m.pt,4,vertical,64,2026-09-09,21:45:23.104,2026-09-09T21:45:23.104,2.1036589549999007,1,0.3991747200489044,5.272239999612793,33.19797300036953,3.4,4559.765625,16.0,1508.625
yolo11m.pt,4,vertical,65,2026-09-09,21:45:23.135,2026-09-09T21:45:23.135,2.135712743000113,0,0.0,5.0744600002872176,28.943798999989667,2.0,4559.765625,16.0,1508.625
yolo11m.pt,4,vertical,66,2026-09-09,21:45:23.167,2026-09-09T21:45:23.167,2.1676394000000982,0,0.0,5.035050999595114,29.127198999958637,2.0,4559.765625,16.0,1508.625
yolo11m.pt,4,vertical,67,2026-09-09,21:45:23.204,2026-09-09T21:45:23.204,2.2038263320000624,0,0.0,5.089230000066891,33.41249200002494,1.7,4559.765625,16.0,1508.625
yolo11m.pt,4,vertical,68,2026-09-09,21:45:23.236,2026-09-09T21:45:23.236,2.235923219000142,0,0.0,5.032381000091846,29.2578879998473,3.9,4559.765625,16.0,1508.625
yolo11m.pt,4,vertical,69,2026-09-09,21:45:23.267,2026-09-09T21:45:23.267,2.2677316469998914,0,0.0,5.084000999886484,29.05160899990733,3.8,4559.765625,16.0,1508.625
yolo11m.pt,4,vertical,70,2026-09-09,21:45:23.304,2026-09-09T21:45:23.304,2.3038486089999424,0,0.0,5.106829999931506,33.34933199994339,1.8,4559.765625,16.0,1508.625
yolo11m.pt,4,vertical,71,2026-09-09,21:45:23.335,2026-09-09T21:45:23.335,2.335585578000064,0,0.0,5.16375099959987,29.023268000401004,2.0,4559.765625,16.0,1508.625
yolo11m.pt,4,vertical,72,2026-09-09,21:45:23.364,2026-09-09T21:45:23.364,2.3639625089999754,0,0.0,5.13610999996672,25.54304199975377,2.2,4559.765625,16.0,1508.625
yolo11m.pt,4,vertical,73,2026-09-09,21:45:23.404,2026-09-09T21:45:23.404,2.4039107560001867,0,0.0,5.1551600004131615,37.16685800009145,1.6,4559.765625,16.0,1508.625
yolo11m.pt,4,vertical,74,2026-09-09,21:45:23.436,2026-09-09T21:45:23.436,2.4359982330001912,0,0.0,5.211610000060318,29.357647999859182,3.9,4559.765625,16.0,1508.625
yolo11m.pt,4,vertical,75,2026-09-09,21:45:23.468,2026-09-09T21:45:23.468,2.4678854809999393,0,0.0,5.128339999828313,28.996279000239156,2.0,4559.765625,16.0,1508.625
yolo11m.pt,4,vertical,76,2026-09-09,21:45:23.504,2026-09-09T21:45:23.504,2.503765772999941,1,0.20354609191417694,5.218451000018831,33.299952000106714,1.8,4559.765625,16.0,1508.625
yolo11m.pt,4,vertical,77,2026-09-09,21:45:23.535,2026-09-09T21:45:23.535,2.535622782000246,0,0.0,5.059810000147991,28.7709399999585,3.9,4559.765625,16.0,1508.625
yolo11m.pt,4,vertical,78,2026-09-09,21:45:23.568,2026-09-09T21:45:23.568,2.5678522880002674,1,0.27129995822906494,5.154359999778535,29.635737000262452,3.8,4559.765625,16.0,1508.625
yolo11m.pt,4,vertical,79,2026-09-09,21:45:23.600,2026-09-09T21:45:23.600,2.5999408950001452,1,0.27129995822906494,5.354950000310055,29.468846999861853,2.0,4559.765625,16.0,1508.625
yolo11m.pt,4,vertical,80,2026-09-09,21:45:23.636,2026-09-09T21:45:23.636,2.6359728970001015,1,0.6631367802619934,5.304700000124285,33.218842999758635,1.8,4560.11328125,16.0,1508.625
yolo11m.pt,4,vertical,81,2026-09-09,21:45:23.667,2026-09-09T21:45:23.667,2.667683476000093,0,0.0,5.193960000269726,28.704070000003412,3.9,4560.11328125,16.0,1508.625
yolo11m.pt,4,vertical,82,2026-09-09,21:45:23.703,2026-09-09T21:45:23.703,2.7038036280000597,0,0.0,5.0397899999552465,33.17669300031412,1.8,4560.11328125,16.0,1508.625
yolo11m.pt,4,vertical,83,2026-09-09,21:45:23.736,2026-09-09T21:45:23.736,2.7359333550002702,0,0.0,5.132979999871168,29.445817000123498,3.8,4560.11328125,16.0,1508.625
yolo11m.pt,4,vertical,84,2026-09-09,21:45:23.766,2026-09-09T21:45:23.766,2.766388458000165,1,0.21650001406669617,5.25136999976894,27.886153000054037,2.1,4560.11328125,16.0,1508.625
yolo11m.pt,4,vertical,85,2026-09-09,21:45:23.804,2026-09-09T21:45:23.804,2.8036509660000775,1,0.687000572681427,5.297730000165757,34.53624799976751,1.7,4560.11328125,16.0,1508.625
yolo11m.pt,4,vertical,86,2026-09-09,21:45:23.835,2026-09-09T21:45:23.835,2.835753233000105,0,0.0,5.124110999986442,29.032078999989608,3.9,4560.11328125,16.0,1508.625
yolo11m.pt,4,vertical,87,2026-09-09,21:45:23.868,2026-09-09T21:45:23.868,2.8678364200000033,0,0.0,5.2446400000008,29.403328000171314,3.8,4560.11328125,16.0,1509.4375
yolo11m.pt,4,vertical,88,2026-09-09,21:45:23.903,2026-09-09T21:45:23.903,2.9037691920002544,0,0.0,5.043660999945132,32.942304000243894,3.5,4560.22265625,16.0,1509.4375
yolo11m.pt,4,vertical,89,2026-09-09,21:45:23.936,2026-09-09T21:45:23.936,2.9354852910000773,1,0.3925189971923828,5.298228999890853,29.285918000368838,2.0,4560.22265625,16.0,1509.4375
yolo11m.pt,4,vertical,90,2026-09-09,21:45:23.967,2026-09-09T21:45:23.967,2.9677553770002305,0,0.0,5.02711100034503,29.09235900006024,3.8,4560.22265625,16.0,1509.4375
yolo11m.pt,4,vertical,91,2026-09-09,21:45:24.004,2026-09-09T21:45:24.004,3.0039742789999764,0,0.0,5.085380000309669,33.456782000030216,1.8,4560.578125,16.0,1509.4375
yolo11m.pt,4,vertical,92,2026-09-09,21:45:24.036,2026-09-09T21:45:24.036,3.03592605599988,0,0.0,5.071181000403158,29.11728899971422,2.0,4560.578125,16.0,1509.4375
yolo11m.pt,4,vertical,93,2026-09-09,21:45:24.068,2026-09-09T21:45:24.068,3.067813674000263,0,0.0,5.091180999897915,29.08963900017625,2.0,4560.578125,16.0,1509.4375
yolo11m.pt,4,vertical,94,2026-09-09,21:45:24.104,2026-09-09T21:45:24.104,3.1038387859998693,1,0.20255547761917114,5.332610000095883,33.58957099999316,5.1,4560.578125,16.0,1509.4375
yolo11m.pt,4,vertical,95,2026-09-09,21:45:24.136,2026-09-09T21:45:24.136,3.1358945930001028,1,0.5396184325218201,5.31262999993487,29.24323800016282,2.0,4560.578125,16.0,1509.4375
yolo11m.pt,4,vertical,96,2026-09-09,21:45:24.168,2026-09-09T21:45:24.168,3.167920921000132,0,0.0,5.163819999779662,28.974299000310566,2.0,4560.578125,16.0,1509.4375
yolo11m.pt,4,vertical,97,2026-09-09,21:45:24.188,2026-09-09T21:45:24.188,3.1878967540001213,0,0.0,5.130090999955428,17.120664999765722,6.3,4560.578125,16.0,1509.4375
yolo11m.pt,4,vertical,98,2026-09-09,21:45:24.220,2026-09-09T21:45:24.220,3.2198502020000888,1,0.7121928930282593,5.287359999783803,29.401506999874982,3.8,4560.578125,17.0,1509.4375
yolo11m.pt,4,vertical,99,2026-09-09,21:45:24.252,2026-09-09T21:45:24.252,3.2519357090000085,1,0.501544713973999,5.303820000335691,29.31426699979056,2.0,4560.578125,17.0,1509.4375
yolo11m.pt,4,vertical,100,2026-09-09,21:45:24.287,2026-09-09T21:45:24.287,3.2875882429998455,0,0.0,5.010191000110353,32.441045999803464,3.5,4560.578125,17.0,1509.4375
yolo11m.pt,4,vertical,101,2026-09-09,21:45:24.320,2026-09-09T21:45:24.320,3.319450211000003,1,0.31671401858329773,5.31183900011456,29.516358000364562,2.0,4560.578125,17.0,1509.4375
yolo11m.pt,4,vertical,102,2026-09-09,21:45:24.350,2026-09-09T21:45:24.350,3.3504742019999867,0,0.0,5.049979999967036,27.752302999942913,4.1,4560.578125,17.0,1509.4375
yolo11m.pt,4,vertical,103,2026-09-09,21:45:24.388,2026-09-09T21:45:24.388,3.387872328999947,0,0.0,5.054149999978108,34.605196999564214,1.7,4560.57421875,17.0,1509.4375
yolo11m.pt,4,vertical,104,2026-09-09,21:45:24.420,2026-09-09T21:45:24.420,3.420019105999927,1,0.5927729606628418,5.229070000041247,29.641926000294916,3.8,4560.57421875,17.0,1509.4375
yolo11m.pt,4,vertical,105,2026-09-09,21:45:24.452,2026-09-09T21:45:24.452,3.451781753999967,0,0.0,5.157850000159669,28.79528899984507,2.0,4560.57421875,17.0,1509.4375
yolo11m.pt,4,vertical,106,2026-09-09,21:45:24.488,2026-09-09T21:45:24.488,3.4878466360000857,0,0.0,5.096120999951381,33.20151400021132,1.8,4560.57421875,17.0,1509.4375
yolo11m.pt,4,vertical,107,2026-09-09,21:45:24.520,2026-09-09T21:45:24.520,3.5200472830001672,0,0.0,5.097060000025522,29.41200699979163,2.0,4560.57421875,17.0,1509.4375
yolo11m.pt,4,vertical,108,2026-09-09,21:45:24.552,2026-09-09T21:45:24.552,3.552148130000205,0,0.0,5.102309999983845,29.296016999978747,3.9,4560.57421875,17.0,1509.4375
yolo11m.pt,4,vertical,109,2026-09-09,21:45:24.587,2026-09-09T21:45:24.587,3.5876631539999835,0,0.0,5.1055600001745916,32.71089400004712,3.5,4560.828125,17.0,1509.4375
yolo11m.pt,4,vertical,110,2026-09-09,21:45:24.619,2026-09-09T21:45:24.619,3.6197863209999923,0,0.0,5.0592500001584995,29.288807000284578,2.0,4560.828125,17.0,1509.4375
yolo11m.pt,4,vertical,111,2026-09-09,21:45:24.655,2026-09-09T21:45:24.655,3.655789453000125,0,0.0,5.049331000009261,33.21305300005406,3.4,4560.828125,17.0,1509.4375
yolo11m.pt,4,vertical,112,2026-09-09,21:45:24.688,2026-09-09T21:45:24.688,3.687957869999991,0,0.0,5.046630999913759,29.397837000033178,2.0,4560.828125,17.0,1509.4375
yolo11m.pt,4,vertical,113,2026-09-09,21:45:24.719,2026-09-09T21:45:24.719,3.719731468000191,0,0.0,5.07086099969456,28.980928999772004,3.8,4560.828125,16.0,1509.4375
yolo11m.pt,4,vertical,114,2026-09-09,21:45:24.751,2026-09-09T21:45:24.751,3.7518216749999738,0,0.0,5.017591000068933,29.244428000311018,3.9,4560.828125,16.0,1509.4375
yolo11m.pt,4,vertical,115,2026-09-09,21:45:24.772,2026-09-09T21:45:24.772,3.771838958999979,0,0.0,5.111960000249383,17.293684000378562,3.1,4560.828125,16.0,1509.4375
yolo11m.pt,4,vertical,116,2026-09-09,21:45:24.804,2026-09-09T21:45:24.804,3.804009825999856,0,0.0,5.06088100019042,29.329597000014473,2.0,4560.828125,16.0,1509.4375
yolo11m.pt,4,vertical,117,2026-09-09,21:45:24.836,2026-09-09T21:45:24.836,3.835885393999888,0,0.0,5.089769999813143,29.13081799988504,3.9,4560.828125,16.0,1509.4375
yolo11m.pt,4,vertical,118,2026-09-09,21:45:24.872,2026-09-09T21:45:24.872,3.8719051460002447,0,0.0,5.255068999758805,33.40440200008743,3.4,4560.828125,16.0,1508.8125
yolo11m.pt,4,vertical,119,2026-09-09,21:45:24.904,2026-09-09T21:45:24.904,3.9042339319998973,0,0.0,5.1032900000791415,29.397707000043738,2.0,4561.0703125,16.0,1508.8125
yolo11m.pt,4,vertical,120,2026-09-09,21:45:24.936,2026-09-09T21:45:24.936,3.9360638399998606,0,0.0,5.032180999933189,28.968579999855137,3.9,4561.0703125,16.0,1508.8125
yolo11m.pt,4,vertical,121,2026-09-09,21:45:24.972,2026-09-09T21:45:24.972,3.9720670420001625,0,0.0,5.064470999968762,33.22675299978073,3.4,4561.0703125,16.0,1508.8125
yolo11m.pt,4,vertical,122,2026-09-09,21:45:25.004,2026-09-09T21:45:25.004,4.004105688999971,1,0.3975217044353485,5.205290999583667,29.503026999918802,3.8,4561.3125,16.0,1508.8125
yolo11m.pt,4,vertical,123,2026-09-09,21:45:25.036,2026-09-09T21:45:25.036,4.036000947000048,0,0.0,5.031601000155206,28.860388999873976,2.0,4561.3125,16.0,1508.8125
yolo11m.pt,4,vertical,124,2026-09-09,21:45:25.072,2026-09-09T21:45:25.072,4.0720186399998965,0,0.0,5.030181000165612,33.25415300014356,1.8,4561.3125,16.0,1508.8125
yolo11m.pt,4,vertical,125,2026-09-09,21:45:25.100,2026-09-09T21:45:25.100,4.099938953000219,0,0.0,5.151759999989736,25.236683999992238,2.2,4561.3125,16.0,1508.8125
yolo11m.pt,4,vertical,126,2026-09-09,21:45:25.135,2026-09-09T21:45:25.135,4.135809915000209,0,0.0,5.003290999866294,32.930863999808935,1.8,4561.3125,16.0,1508.8125
yolo11m.pt,4,vertical,127,2026-09-09,21:45:25.172,2026-09-09T21:45:25.172,4.171811037000225,0,0.0,5.130421000103524,33.33328300004723,1.8,4561.3125,16.0,1508.8125
yolo11m.pt,4,vertical,128,2026-09-09,21:45:25.204,2026-09-09T21:45:25.204,4.204037653999876,0,0.0,5.099230000269017,29.423537000184297,3.8,4561.3125,16.0,1508.8125
yolo11m.pt,4,vertical,129,2026-09-09,21:45:25.236,2026-09-09T21:45:25.236,4.2358596220001346,0,0.0,5.152080000243586,29.099068000050465,3.9,4561.3125,16.0,1508.8125
yolo11m.pt,4,vertical,130,2026-09-09,21:45:25.271,2026-09-09T21:45:25.271,4.271643925000262,0,0.0,4.989351000403985,32.859083999937866,1.8,4561.3125,16.0,1508.8125
yolo11m.pt,4,vertical,131,2026-09-09,21:45:25.304,2026-09-09T21:45:25.304,4.3038760519998505,0,0.0,5.1291800000399235,29.559006999988924,1.9,4561.3125,16.0,1508.8125
yolo11m.pt,4,vertical,132,2026-09-09,21:45:25.336,2026-09-09T21:45:25.336,4.3358857389998775,0,0.0,5.0603610002326604,29.173099000217917,3.9,4561.3125,16.0,1508.8125
yolo11m.pt,4,vertical,133,2026-09-09,21:45:25.372,2026-09-09T21:45:25.372,4.371772391999912,1,0.21266797184944153,5.28931000008015,33.456701999966754,1.8,4561.3125,16.0,1508.8125
yolo11m.pt,4,vertical,134,2026-09-09,21:45:25.404,2026-09-09T21:45:25.404,4.404000128000007,0,0.0,5.094410999845422,29.15738899991993,2.0,4561.3125,16.0,1508.8125
yolo11m.pt,4,vertical,135,2026-09-09,21:45:25.436,2026-09-09T21:45:25.436,4.435904475999905,0,0.0,5.107880999730696,29.13395900031901,3.9,4561.3125,16.0,1508.8125
yolo11m.pt,4,vertical,136,2026-09-09,21:45:25.471,2026-09-09T21:45:25.471,4.4717381589998695,0,0.0,5.079890000160958,33.03675300003306,1.8,4561.3125,16.0,1508.8125
yolo11m.pt,4,vertical,137,2026-09-09,21:45:25.503,2026-09-09T21:45:25.503,4.503610716999901,0,0.0,4.991260999759106,29.038009000032616,2.0,4561.3125,16.0,1508.8125
yolo11m.pt,4,vertical,138,2026-09-09,21:45:25.540,2026-09-09T21:45:25.540,4.5399973680000585,0,0.0,5.055270000411838,33.63624100029483,3.4,4561.3125,16.0,1508.8125
yolo11m.pt,4,vertical,139,2026-09-09,21:45:25.571,2026-09-09T21:45:25.571,4.571650577000128,0,0.0,5.079789999854256,28.876918999685586,3.9,4561.3125,16.0,1508.8125
yolo11m.pt,4,vertical,140,2026-09-09,21:45:25.603,2026-09-09T21:45:25.603,4.603828363000048,0,0.0,5.0445209999452345,29.37224800007243,2.0,4562.2265625,16.0,1508.8125
yolo11m.pt,4,vertical,141,2026-09-09,21:45:25.640,2026-09-09T21:45:25.640,4.639991645000009,1,0.6829081773757935,5.319790000157809,33.78068100028031,3.4,4562.2265625,16.0,1508.8125
yolo11m.pt,4,vertical,142,2026-09-09,21:45:25.672,2026-09-09T21:45:25.672,4.671625334000055,1,0.5404890179634094,5.473678999805998,29.074728000068717,2.0,4562.2265625,16.0,1508.8125
yolo11m.pt,4,vertical,143,2026-09-09,21:45:25.703,2026-09-09T21:45:25.703,4.703457481999976,1,0.3682962954044342,5.2523399999699905,28.791078999802266,4.0,4562.22265625,17.0,1508.8125
yolo11m.pt,4,vertical,144,2026-09-09,21:45:25.740,2026-09-09T21:45:25.740,4.739994602000024,1,0.806398332118988,5.180419999760488,33.701500999995915,1.7,4562.22265625,17.0,1508.8125
yolo11m.pt,4,vertical,145,2026-09-09,21:45:25.772,2026-09-09T21:45:25.772,4.771724330999859,0,0.0,5.173540000214416,28.841929999998683,3.9,4562.22265625,17.0,1508.8125
yolo11m.pt,4,vertical,146,2026-09-09,21:45:25.800,2026-09-09T21:45:25.800,4.799976981999862,0,0.0,5.143621000115672,25.427713000226504,2.2,4562.22265625,17.0,1508.8125
yolo11m.pt,4,vertical,147,2026-09-09,21:45:25.839,2026-09-09T21:45:25.839,4.839797480000016,0,0.0,5.089131000204361,36.96315900015179,1.6,4562.22265625,17.0,1508.8125
yolo11m.pt,4,vertical,148,2026-09-09,21:45:25.872,2026-09-09T21:45:25.872,4.871968207000009,0,0.0,5.1629399999910675,29.4812870001806,5.7,4559.0078125,17.0,1508.6875
yolo11m.pt,4,vertical,149,2026-09-09,21:45:25.900,2026-09-09T21:45:25.900,4.899929969999903,0,0.0,5.128050000166695,25.090094000006502,2.3,4559.0078125,17.0,1508.6875
yolo11m.pt,4,vertical,150,2026-09-09,21:45:25.940,2026-09-09T21:45:25.940,4.940042216000165,1,0.6212671995162964,5.362509999940812,37.64473599994744,1.6,4559.25,17.0,1508.6875
yolo11m.pt,4,vertical,151,2026-09-09,21:45:25.972,2026-09-09T21:45:25.972,4.971796645000268,0,0.0,5.119550000017625,28.58686099989427,2.0,4559.25,17.0,1508.6875
yolo11m.pt,4,vertical,152,2026-09-09,21:45:26.004,2026-09-09T21:45:26.004,5.0040342810002585,1,0.5544016361236572,5.327699999725155,29.7587760001079,3.8,4559.25,17.0,1508.6875
yolo11m.pt,4,vertical,153,2026-09-09,21:45:26.040,2026-09-09T21:45:26.040,5.039777343999958,1,0.730774462223053,5.261979999886535,32.91640399993412,1.8,4559.25,17.0,1508.6875
yolo11m.pt,4,vertical,154,2026-09-09,21:45:26.071,2026-09-09T21:45:26.071,5.07175485200014,0,0.0,5.068761000075028,28.88379000023633,3.9,4559.25,17.0,1508.6875
yolo11m.pt,4,vertical,155,2026-09-09,21:45:26.103,2026-09-09T21:45:26.103,5.103816938999898,0,0.0,5.067041000074823,29.27765799995541,3.9,4559.25,17.0,1508.6875
yolo11m.pt,4,vertical,156,2026-09-09,21:45:26.140,2026-09-09T21:45:26.140,5.139982141000019,0,0.0,5.098009999983333,33.4055520002039,1.8,4559.25,17.0,1508.6875
yolo11m.pt,4,vertical,157,2026-09-09,21:45:26.172,2026-09-09T21:45:26.172,5.171959627999968,0,0.0,5.132530000082625,29.243136999866692,2.0,4559.25,17.0,1508.6875
yolo11m.pt,4,vertical,158,2026-09-09,21:45:26.203,2026-09-09T21:45:26.203,5.203788465999878,0,0.0,5.098301000089123,28.997819000323943,2.0,4559.25,16.0,1508.6875
yolo11m.pt,4,vertical,159,2026-09-09,21:45:26.239,2026-09-09T21:45:26.239,5.239586538999902,0,0.0,5.06017099996825,33.02690400005304,1.8,4559.25,16.0,1508.6875
yolo11m.pt,4,vertical,160,2026-09-09,21:45:26.271,2026-09-09T21:45:26.271,5.271717485999943,0,0.0,5.058951000137313,29.319268000108423,2.0,4559.25,16.0,1508.6875
yolo11m.pt,4,vertical,161,2026-09-09,21:45:26.300,2026-09-09T21:45:26.300,5.299938378000206,0,0.0,5.19308999992063,25.58225200027664,2.2,4559.25,16.0,1508.6875
yolo11m.pt,4,vertical,162,2026-09-09,21:45:26.339,2026-09-09T21:45:26.339,5.339782166000077,0,0.0,5.058660000031523,36.91837799988207,1.6,4559.25,16.0,1508.6875
yolo11m.pt,4,vertical,163,2026-09-09,21:45:26.372,2026-09-09T21:45:26.372,5.371924673000194,0,0.0,5.07253000023411,29.383626999788248,3.8,4559.25,16.0,1508.6875
yolo11m.pt,4,vertical,164,2026-09-09,21:45:26.404,2026-09-09T21:45:26.404,5.40396821000013,0,0.0,5.058240999915142,29.229468000266934,2.0,4559.25,16.0,1508.6875
yolo11m.pt,4,vertical,165,2026-09-09,21:45:26.440,2026-09-09T21:45:26.440,5.4398499130002165,1,0.18381042778491974,5.335508999905869,33.48094200009655,3.4,4559.25,16.0,1508.6875
yolo11m.pt,4,vertical,166,2026-09-09,21:45:26.471,2026-09-09T21:45:26.471,5.471425302000171,0,0.0,5.151790000127221,28.496600999915245,4.0,4559.25,16.0,1508.6875
yolo11m.pt,4,vertical,167,2026-09-09,21:45:26.504,2026-09-09T21:45:26.504,5.503961596999943,0,0.0,5.111181000302167,29.706086999794934,2.0,4559.25,16.0,1508.6875
yolo11m.pt,4,vertical,168,2026-09-09,21:45:26.540,2026-09-09T21:45:26.540,5.53985122999984,1,0.33356088399887085,5.263239999749203,33.35764199982805,1.7,4559.25,16.0,1508.6875
yolo11m.pt,4,vertical,169,2026-09-09,21:45:26.571,2026-09-09T21:45:26.571,5.571735988,0,0.0,5.129229999965901,28.853489000084664,3.9,4559.21484375,16.0,1508.6875
yolo11m.pt,4,vertical,170,2026-09-09,21:45:26.604,2026-09-09T21:45:26.604,5.604032503999861,0,0.0,5.0629900001695205,29.439316999742005,2.0,4559.21484375,16.0,1508.6875
yolo11m.pt,4,vertical,171,2026-09-09,21:45:26.640,2026-09-09T21:45:26.640,5.639651548000074,1,0.17250117659568787,5.2665690000139875,33.15168300014193,1.8,4559.21484375,16.0,1508.6875
yolo11m.pt,4,vertical,172,2026-09-09,21:45:26.671,2026-09-09T21:45:26.671,5.671762025000135,0,0.0,5.028980000133743,28.940670000338287,3.8,4559.21484375,16.0,1508.6875
yolo11m.pt,4,vertical,173,2026-09-09,21:45:26.704,2026-09-09T21:45:26.704,5.703930012000001,1,0.36256861686706543,5.274759999792877,29.716556000039418,2.0,4559.21484375,16.0,1508.6875
yolo11m.pt,4,vertical,174,2026-09-09,21:45:26.740,2026-09-09T21:45:26.740,5.739914853999835,0,0.0,5.083840000224882,32.890173999930994,1.8,4559.21484375,16.0,1508.6875
yolo11m.pt,4,vertical,175,2026-09-09,21:45:26.772,2026-09-09T21:45:26.772,5.771972631000153,0,0.0,5.16263000008621,29.352996999932657,5.7,4559.21484375,16.0,1508.6875
yolo11m.pt,4,vertical,176,2026-09-09,21:45:26.808,2026-09-09T21:45:26.808,5.807936563000112,0,0.0,5.068161000053806,33.09905300011451,1.8,4559.21484375,16.0,1508.6875
yolo11m.pt,4,vertical,177,2026-09-09,21:45:26.840,2026-09-09T21:45:26.840,5.83994100100017,0,0.0,5.117789999985689,29.25322800001595,2.0,4559.21484375,16.0,1508.6875
yolo11m.pt,4,vertical,178,2026-09-09,21:45:26.872,2026-09-09T21:45:26.872,5.871966858000178,0,0.0,5.487468999945122,29.599736999898596,3.8,4559.45703125,16.0,1508.6875
yolo11m.pt,4,vertical,179,2026-09-09,21:45:26.908,2026-09-09T21:45:26.908,5.907716941000217,0,0.0,5.181430999982695,32.66449600005217,1.8,4559.69140625,16.0,1508.6875
yolo11m.pt,4,vertical,180,2026-09-09,21:45:26.936,2026-09-09T21:45:26.936,5.9359793329999775,0,0.0,5.145900000115944,25.44668200016531,2.2,4559.69140625,16.0,1508.6875
yolo11m.pt,4,vertical,181,2026-09-09,21:45:26.971,2026-09-09T21:45:26.971,5.971536436999941,0,0.0,5.077791000076104,32.637015000091196,3.5,4559.69140625,16.0,1508.6875
yolo11m.pt,4,vertical,182,2026-09-09,21:45:27.004,2026-09-09T21:45:27.004,6.003957392999837,0,0.0,5.126099999870348,29.65918599966244,1.9,4560.046875,16.0,1508.6875
yolo11m.pt,4,vertical,183,2026-09-09,21:45:27.036,2026-09-09T21:45:27.036,6.035934090999945,0,0.0,5.209840000134136,29.23234899981253,2.0,4560.046875,16.0,1508.6875
yolo11m.pt,4,vertical,184,2026-09-09,21:45:27.071,2026-09-09T21:45:27.071,6.071683934000248,0,0.0,5.102269999952114,32.81332400001702,1.8,4560.046875,16.0,1508.6875
yolo11m.pt,4,vertical,185,2026-09-09,21:45:27.108,2026-09-09T21:45:27.108,6.107824485000037,1,0.17985935509204865,5.268759999580652,33.62158200025078,3.4,4560.046875,16.0,1508.6875
yolo11m.pt,4,vertical,186,2026-09-09,21:45:27.140,2026-09-09T21:45:27.140,6.139967392000017,1,0.6151478886604309,5.248030000075232,29.3357579998883,2.0,4560.046875,16.0,1508.6875
yolo11m.pt,4,vertical,187,2026-09-09,21:45:27.172,2026-09-09T21:45:27.172,6.171988670000246,0,0.0,5.0932100002683,28.967039000235673,2.0,4560.046875,16.0,1508.6875
yolo11m.pt,4,vertical,188,2026-09-09,21:45:27.208,2026-09-09T21:45:27.208,6.207870992000153,0,0.0,5.074590999811335,33.050724000077025,3.5,4560.046875,16.0,1508.6875
yolo11m.pt,4,vertical,189,2026-09-09,21:45:27.240,2026-09-09T21:45:27.240,6.239982809000139,0,0.0,5.201420000048529,29.469356999925367,3.8,4560.046875,16.0,1508.6875
yolo11m.pt,4,vertical,190,2026-09-09,21:45:27.271,2026-09-09T21:45:27.271,6.271754478000275,0,0.0,5.103479999888805,28.89262899998357,2.0,4560.046875,16.0,1508.6875
yolo11m.pt,4,vertical,191,2026-09-09,21:45:27.308,2026-09-09T21:45:27.308,6.3079914089998965,0,0.0,5.151549999936833,33.47250200022245,3.4,4560.046875,16.0,1508.6875
yolo11m.pt,4,vertical,192,2026-09-09,21:45:27.339,2026-09-09T21:45:27.339,6.339762956999948,0,0.0,5.080640999949537,28.906569999890053,2.0,4560.046875,16.0,1508.6875
yolo11m.pt,4,vertical,193,2026-09-09,21:45:27.372,2026-09-09T21:45:27.372,6.371966684000199,0,0.0,5.078991000118549,29.389637999884144,2.0,4560.046875,16.0,1508.6875
yolo11m.pt,4,vertical,194,2026-09-09,21:45:27.407,2026-09-09T21:45:27.407,6.407723886999975,0,0.0,5.043731000114349,32.92919399973471,3.5,4560.046875,16.0,1508.6875
yolo11m.pt,4,vertical,195,2026-09-09,21:45:27.439,2026-09-09T21:45:27.439,6.439673355000195,0,0.0,5.086849999770493,29.16587800018533,2.0,4560.046875,16.0,1508.6875
yolo11m.pt,4,vertical,196,2026-09-09,21:45:27.468,2026-09-09T21:45:27.468,6.467966286999854,0,0.0,5.06253999992623,25.486152000212314,0.0,4560.046875,16.0,1508.6875
yolo11m.pt,4,vertical,197,2026-09-09,21:45:27.507,2026-09-09T21:45:27.507,6.507731224000054,0,0.0,5.136719999882189,37.034128999948734,3.1,4560.046875,16.0,1508.6875
yolo11m.pt,4,vertical,198,2026-09-09,21:45:27.536,2026-09-09T21:45:27.536,6.5359811460002675,0,0.0,5.117301000154839,25.488901999779046,0.0,4560.046875,16.0,1508.6875
yolo11m.pt,4,vertical,199,2026-09-09,21:45:27.572,2026-09-09T21:45:27.572,6.571954468000058,0,0.0,5.202581000048667,33.22597299984409,5.1,4560.3515625,16.0,1508.6875
yolo11m.pt,4,vertical,200,2026-09-09,21:45:27.604,2026-09-09T21:45:27.604,6.603973516000224,0,0.0,5.207659999996395,29.25623800001631,2.0,4560.3515625,16.0,1508.6875
yolo11m.pt,4,vertical,201,2026-09-09,21:45:27.640,2026-09-09T21:45:27.640,6.639881048000007,0,0.0,5.109450999952969,33.000534000166226,3.5,4560.3515625,16.0,1508.6875
yolo11m.pt,4,vertical,202,2026-09-09,21:45:27.672,2026-09-09T21:45:27.672,6.671975535999991,0,0.0,5.057500000020809,29.243028000109916,2.0,4560.10546875,16.0,1508.6875
yolo11m.pt,4,vertical,203,2026-09-09,21:45:27.708,2026-09-09T21:45:27.708,6.707949147999898,0,0.0,5.155740000191145,33.28898299969296,1.8,4560.10546875,16.0,1508.6875
yolo11m.pt,4,vertical,204,2026-09-09,21:45:27.740,2026-09-09T21:45:27.740,6.740110615000049,0,0.0,5.087999999886961,29.317548000108218,3.8,4560.08203125,16.0,1508.6875
yolo11m.pt,4,vertical,205,2026-09-09,21:45:27.771,2026-09-09T21:45:27.771,6.771686604000024,0,0.0,5.110280000280909,28.816959999858227,2.0,4560.08203125,16.0,1508.6875
yolo11m.pt,4,vertical,206,2026-09-09,21:45:27.808,2026-09-09T21:45:27.808,6.80772512600015,1,0.86458820104599,5.238090000148077,33.51530100007949,1.8,4560.08203125,16.0,1508.6875
yolo11m.pt,4,vertical,207,2026-09-09,21:45:27.840,2026-09-09T21:45:27.840,6.839727753000261,1,0.29573020339012146,5.280330000005051,29.264728000271134,2.0,4560.08203125,16.0,1508.6875
yolo11m.pt,4,vertical,208,2026-09-09,21:45:27.872,2026-09-09T21:45:27.872,6.871660110999983,0,0.0,5.652917999668716,29.427906999899278,5.8,4560.32421875,16.0,1508.6875
yolo11m.pt,4,vertical,209,2026-09-09,21:45:27.907,2026-09-09T21:45:27.907,6.907809563000228,0,0.0,5.071869999937917,32.73862399964855,1.8,4560.32421875,16.0,1508.6875
yolo11m.pt,4,vertical,210,2026-09-09,21:45:27.939,2026-09-09T21:45:27.939,6.939809970000169,0,0.0,5.068461000064417,29.187748999902396,3.8,4560.32421875,16.0,1508.6875
yolo11m.pt,4,vertical,211,2026-09-09,21:45:27.972,2026-09-09T21:45:27.972,6.9719644970000445,0,0.0,5.063211000106094,29.329748000236577,2.0,4560.32421875,16.0,1508.6875
yolo11m.pt,4,vertical,212,2026-09-09,21:45:28.008,2026-09-09T21:45:28.008,7.008052649000092,0,0.0,5.154620000212162,33.399652000298374,3.4,4560.32421875,16.0,1508.6875
yolo11m.pt,4,vertical,213,2026-09-09,21:45:28.040,2026-09-09T21:45:28.040,7.039877597000213,1,0.7429961562156677,5.623118000130489,29.62825700024041,2.0,4560.32421875,16.0,1508.6875
yolo11m.pt,4,vertical,214,2026-09-09,21:45:28.072,2026-09-09T21:45:28.072,7.0719240739999805,0,0.0,5.105741000079433,28.591000999767857,2.0,4560.32421875,16.0,1508.6875
yolo11m.pt,4,vertical,215,2026-09-09,21:45:28.092,2026-09-09T21:45:28.092,7.091904047999833,1,0.7713153958320618,5.297269000038796,17.49384300001111,3.1,4560.32421875,16.0,1508.6875
yolo11m.pt,4,vertical,216,2026-09-09,21:45:28.124,2026-09-09T21:45:28.124,7.123833466000178,0,0.0,5.074229999991076,28.792969999813067,5.8,4560.32421875,16.0,1508.6875
yolo11m.pt,4,vertical,217,2026-09-09,21:45:28.156,2026-09-09T21:45:28.156,7.156006241999876,1,0.2902636229991913,5.361769999581156,29.791375999593583,1.9,4560.32421875,16.0,1508.6875
yolo11m.pt,4,vertical,218,2026-09-09,21:45:28.192,2026-09-09T21:45:28.192,7.1920013550002295,1,0.47560861706733704,5.187609999666165,33.076783000069554,1.8,4560.32421875,16.0,1508.6875
yolo11m.pt,4,vertical,219,2026-09-09,21:45:28.223,2026-09-09T21:45:28.223,7.223712732999957,0,0.0,5.114471000069898,28.71561100027975,2.0,4560.32421875,16.0,1508.6875
yolo11m.pt,4,vertical,220,2026-09-09,21:45:28.255,2026-09-09T21:45:28.255,7.255635270999846,0,0.0,5.013780999888695,29.048318999684852,3.9,4560.32421875,16.0,1508.6875
yolo11m.pt,4,vertical,221,2026-09-09,21:45:28.292,2026-09-09T21:45:28.292,7.292209490999994,1,0.32359713315963745,5.36678899970866,34.20502900007705,1.7,4560.32421875,16.0,1508.6875
yolo11m.pt,4,vertical,222,2026-09-09,21:45:28.324,2026-09-09T21:45:28.324,7.323972229999981,0,0.0,5.194789999677596,28.684520000297198,2.0,4560.32421875,16.0,1508.6875
yolo11m.pt,4,vertical,223,2026-09-09,21:45:28.356,2026-09-09T21:45:28.356,7.355984026999977,0,0.0,5.081249999875581,29.100608000135253,2.0,4560.32421875,16.0,1508.6875
yolo11m.pt,4,vertical,224,2026-09-09,21:45:28.392,2026-09-09T21:45:28.392,7.392036748999999,1,0.830272376537323,5.2432300003601995,33.5100419997616,5.1,4560.32421875,16.0,1508.6875
yolo11m.pt,4,vertical,225,2026-09-09,21:45:28.420,2026-09-09T21:45:28.420,7.41994441199995,1,0.830272376537323,5.363879000015004,25.255213000036747,2.2,4560.32421875,16.0,1508.6875
yolo11m.pt,4,vertical,226,2026-09-09,21:45:28.456,2026-09-09T21:45:28.456,7.455917723999846,1,0.18345600366592407,5.230340000252909,33.01294399989274,1.8,4560.32421875,16.0,1508.6875
yolo11m.pt,4,vertical,227,2026-09-09,21:45:28.492,2026-09-09T21:45:28.492,7.491817937000178,1,0.3871177136898041,5.238470000222151,33.1333630001609,3.4,4560.32421875,16.0,1508.6875
yolo11m.pt,4,vertical,228,2026-09-09,21:45:28.520,2026-09-09T21:45:28.520,7.519987689000118,1,0.3871177136898041,5.374468999889359,25.521541999751207,4.3,4560.32421875,16.0,1508.6875
yolo11m.pt,4,vertical,229,2026-09-09,21:45:28.555,2026-09-09T21:45:28.555,7.555800021999858,0,0.0,5.061169999862614,32.550355000239506,3.5,4560.32421875,16.0,1508.6875
yolo11m.pt,4,vertical,230,2026-09-09,21:45:28.591,2026-09-09T21:45:28.591,7.591817454000193,0,0.0,5.009650999909354,33.15237299966611,3.5,4560.078125,16.0,1508.6875
yolo11m.pt,4,vertical,231,2026-09-09,21:45:28.624,2026-09-09T21:45:28.624,7.6236293820002174,1,0.2398972511291504,5.23717999976725,29.333437999866874,2.0,4560.078125,16.0,1508.6875
yolo11m.pt,4,vertical,232,2026-09-09,21:45:28.655,2026-09-09T21:45:28.655,7.655766919000143,0,0.0,5.022560999805137,28.984778999983973,3.9,4560.078125,16.0,1508.6875
yolo11m.pt,4,vertical,233,2026-09-09,21:45:28.676,2026-09-09T21:45:28.676,7.675819781999962,1,0.6748470067977905,5.231999999978143,17.574063000211027,3.1,4560.078125,16.0,1508.6875
yolo11m.pt,4,vertical,234,2026-09-09,21:45:28.708,2026-09-09T21:45:28.708,7.708043469000131,0,0.0,5.062060999989626,29.12134899997909,2.0,4560.078125,22.0,1508.6875
yolo11m.pt,4,vertical,235,2026-09-09,21:45:28.739,2026-09-09T21:45:28.739,7.73977486800004,0,0.0,5.071941000096558,28.90059899982589,3.9,4560.078125,22.0,1508.6875
yolo11m.pt,4,vertical,236,2026-09-09,21:45:28.776,2026-09-09T21:45:28.776,7.775924939000106,0,0.0,5.032601000038994,33.28945300017949,1.8,4560.078125,22.0,1508.6875
yolo11m.pt,4,vertical,237,2026-09-09,21:45:28.808,2026-09-09T21:45:28.808,7.807988106000266,1,0.3273925185203552,5.257229999642732,29.587926999738556,2.0,4560.078125,22.0,1508.6875
yolo11m.pt,4,vertical,238,2026-09-09,21:45:28.840,2026-09-09T21:45:28.840,7.840167443000155,0,0.0,5.088591000003362,29.08074900005886,3.9,4560.078125,22.0,1508.6875
yolo11m.pt,4,vertical,239,2026-09-09,21:45:28.875,2026-09-09T21:45:28.875,7.8757556569999,0,0.0,5.082749999928637,32.7529040000627,3.5,4560.078125,22.0,1506.1875
yolo11m.pt,4,vertical,240,2026-09-09,21:45:28.908,2026-09-09T21:45:28.908,7.907709074000195,1,0.3553304374217987,5.232479999904172,29.387846999725298,2.0,4560.078125,22.0,1506.1875
yolo11m.pt,4,vertical,241,2026-09-09,21:45:28.940,2026-09-09T21:45:28.940,7.940001331000076,1,0.2755683362483978,5.234480000126496,29.45948699971268,3.8,4560.078125,22.0,1506.1875
yolo11m.pt,4,vertical,242,2026-09-09,21:45:28.975,2026-09-09T21:45:28.975,7.975683914000001,0,0.0,5.041091000293818,32.56285499992373,1.8,4560.078125,22.0,1506.1875
yolo11m.pt,4,vertical,243,2026-09-09,21:45:29.008,2026-09-09T21:45:29.008,8.007759781999994,1,0.6744289994239807,5.221769999934622,29.541367000092578,3.8,4560.078125,22.0,1506.1875
yolo11m.pt,4,vertical,244,2026-09-09,21:45:29.039,2026-09-09T21:45:29.039,8.03965393899989,0,0.0,4.989350999949238,28.741449999870383,5.8,4560.078125,22.0,1506.1875
yolo11m.pt,4,vertical,245,2026-09-09,21:45:29.076,2026-09-09T21:45:29.076,8.075906180999937,0,0.0,5.032550000123592,33.4460020003462,1.8,4560.046875,22.0,1506.1875
yolo11m.pt,4,vertical,246,2026-09-09,21:45:29.108,2026-09-09T21:45:29.108,8.107866148000085,0,0.0,5.030160999922373,29.1412289998334,2.0,4560.046875,22.0,1506.1875
yolo11m.pt,4,vertical,247,2026-09-09,21:45:29.139,2026-09-09T21:45:29.139,8.139795886000229,0,0.0,5.073779999747785,29.15483899960236,3.9,4560.046875,22.0,1506.1875
yolo11m.pt,4,vertical,248,2026-09-09,21:45:29.176,2026-09-09T21:45:29.176,8.17594268799985,0,0.0,4.967931999999564,33.229832999950304,1.8,4560.046875,22.0,1506.1875
yolo11m.pt,4,vertical,249,2026-09-09,21:45:29.208,2026-09-09T21:45:29.208,8.207861056000183,0,0.0,5.04591100025209,29.18149800007086,2.0,4560.046875,16.0,1506.1875
yolo11m.pt,4,vertical,250,2026-09-09,21:45:29.240,2026-09-09T21:45:29.240,8.239972703000149,1,0.31763458251953125,5.227740999998787,29.583707000256254,2.0,4560.046875,16.0,1506.1875
yolo11m.pt,4,vertical,251,2026-09-09,21:45:29.276,2026-09-09T21:45:29.276,8.275989775000198,0,0.0,5.163590000393015,33.02746400004253,3.5,4560.046875,16.0,1506.1875
yolo11m.pt,4,vertical,252,2026-09-09,21:45:29.308,2026-09-09T21:45:29.308,8.307875912999862,0,0.0,5.343620000076044,29.24537799981408,2.0,4560.046875,16.0,1506.1875
yolo11m.pt,4,vertical,253,2026-09-09,21:45:29.343,2026-09-09T21:45:29.343,8.34303399800001,0,0.0,5.2069799999117095,32.19574700005978,3.6,4560.046875,16.0,1506.1875
yolo11m.pt,4,vertical,254,2026-09-09,21:45:29.375,2026-09-09T21:45:29.375,8.375779383000008,0,0.0,5.056710999724601,29.747245999715233,1.9,4560.046875,16.0,1506.1875
yolo11m.pt,4,vertical,255,2026-09-09,21:45:29.408,2026-09-09T21:45:29.408,8.407797700000174,0,0.0,5.1421399998616835,29.260958000122628,2.0,4560.046875,16.0,1506.1875
yolo11m.pt,4,vertical,256,2026-09-09,21:45:29.444,2026-09-09T21:45:29.444,8.44387333199984,0,0.0,5.033281000123679,33.15266299978248,3.5,4560.046875,16.0,1506.1875
yolo11m.pt,4,vertical,257,2026-09-09,21:45:29.476,2026-09-09T21:45:29.476,8.475841599999967,0,0.0,5.080370000086987,29.227628000171535,3.8,4560.40625,16.0,1506.1875
yolo11m.pt,4,vertical,258,2026-09-09,21:45:29.507,2026-09-09T21:45:29.507,8.507699457999934,0,0.0,5.148771000222041,29.127058999620203,2.0,4560.40625,16.0,1506.1875
yolo11m.pt,4,vertical,259,2026-09-09,21:45:29.544,2026-09-09T21:45:29.544,8.543906869000239,0,0.0,5.238749999989523,33.46941200015863,1.7,4560.44140625,16.0,1506.1875
yolo11m.pt,4,vertical,260,2026-09-09,21:45:29.576,2026-09-09T21:45:29.576,8.575808947000041,0,0.0,5.717307999930199,29.582217000097444,3.8,4560.56640625,16.0,1506.1875
yolo11m.pt,4,vertical,261,2026-09-09,21:45:29.608,2026-09-09T21:45:29.608,8.607914084000186,0,0.0,5.406309000136389,28.967789000034827,2.0,4560.56640625,16.0,1506.1875
yolo11m.pt,4,vertical,262,2026-09-09,21:45:29.643,2026-09-09T21:45:29.643,8.643827576000149,0,0.0,5.045061000146234,32.751004999681754,3.5,4560.56640625,16.0,1506.1875
yolo11m.pt,4,vertical,263,2026-09-09,21:45:29.676,2026-09-09T21:45:29.676,8.675877843999842,1,0.48798200488090515,5.240159000095446,29.585016999590152,2.0,4560.56640625,16.0,1506.1875
yolo11m.pt,4,vertical,264,2026-09-09,21:45:29.708,2026-09-09T21:45:29.708,8.707826340999873,0,0.0,5.367660000047181,29.199649000020145,5.8,4560.56640625,16.0,1506.1875
yolo11m.pt,4,vertical,265,2026-09-09,21:45:29.743,2026-09-09T21:45:29.743,8.743849313000283,0,0.0,4.981680999662785,32.87788400029967,3.4,4560.5625,16.0,1506.1875
yolo11m.pt,4,vertical,266,2026-09-09,21:45:29.775,2026-09-09T21:45:29.775,8.775871030999951,0,0.0,5.005050999898231,29.223777999959566,2.0,4560.5625,16.0,1506.1875
yolo11m.pt,4,vertical,267,2026-09-09,21:45:29.807,2026-09-09T21:45:29.807,8.807487789999868,0,0.0,5.039109999870561,28.84553900003084,3.9,4560.5625,16.0,1506.1875
yolo11m.pt,4,vertical,268,2026-09-09,21:45:29.844,2026-09-09T21:45:29.844,8.844017200000053,0,0.0,5.032890999700612,33.74334099999032,1.7,4560.5625,16.0,1506.1875
yolo11m.pt,4,vertical,269,2026-09-09,21:45:29.876,2026-09-09T21:45:29.876,8.875795387999915,1,0.620591938495636,5.234119999840914,29.285258000072645,3.9,4560.796875,16.0,1506.1875
yolo11m.pt,4,vertical,270,2026-09-09,21:45:29.904,2026-09-09T21:45:29.904,8.903997410000102,1,0.620591938495636,5.297409999911906,25.481792999926256,2.2,4560.796875,16.0,1506.1875
yolo11m.pt,4,vertical,271,2026-09-09,21:45:29.944,2026-09-09T21:45:29.944,8.943925347000004,0,0.0,5.084030999569222,36.7573089997677,1.6,4560.796875,16.0,1506.1875
yolo11m.pt,4,vertical,272,2026-09-09,21:45:29.976,2026-09-09T21:45:29.976,8.976057524000225,1,0.5575242042541504,5.514959000265662,29.855566000151157,1.9,4560.796875,16.0,1506.1875
yolo11m.pt,4,vertical,273,2026-09-09,21:45:30.008,2026-09-09T21:45:30.008,9.008143690999987,1,0.7766727805137634,5.3106300001672935,29.084618999604572,3.9,4560.796875,16.0,1506.1875
yolo11m.pt,4,vertical,274,2026-09-09,21:45:30.044,2026-09-09T21:45:30.044,9.043797655000162,0,0.0,5.137290000220673,32.5797949999469,1.8,4560.796875,16.0,1506.1875
yolo11m.pt,4,vertical,275,2026-09-09,21:45:30.076,2026-09-09T21:45:30.076,9.075864641999942,0,0.0,5.332210000233317,29.455677999976615,3.8,4560.796875,16.0,1506.1875
yolo11m.pt,4,vertical,276,2026-09-09,21:45:30.108,2026-09-09T21:45:30.108,9.10813712900017,1,0.8660100698471069,5.231198999808839,29.4832370000222,3.8,4560.796875,16.0,1506.1875
yolo11m.pt,4,vertical,277,2026-09-09,21:45:30.144,2026-09-09T21:45:30.144,9.143879792000007,0,0.0,5.140969999956724,32.78649399999267,1.8,4560.796875,16.0,1506.1875
yolo11m.pt,4,vertical,278,2026-09-09,21:45:30.176,2026-09-09T21:45:30.176,9.175970439000139,0,0.0,5.033221000303456,29.154539000046498,5.8,4560.796875,16.0,1506.1875
yolo11m.pt,4,vertical,279,2026-09-09,21:45:30.208,2026-09-09T21:45:30.208,9.207791307000207,1,0.6708968281745911,5.256999999801337,29.32792799992967,2.0,4560.796875,16.0,1506.1875
yolo11m.pt,4,vertical,280,2026-09-09,21:45:30.244,2026-09-09T21:45:30.244,9.243977519000055,1,0.2132091373205185,5.2142409999760275,33.35276200004955,3.4,4560.796875,16.0,1506.1875
yolo11m.pt,4,vertical,281,2026-09-09,21:45:30.276,2026-09-09T21:45:30.276,9.275953356000173,1,0.7005256414413452,5.236510000031558,29.20361899987256,2.0,4560.796875,16.0,1506.1875
yolo11m.pt,4,vertical,282,2026-09-09,21:45:30.308,2026-09-09T21:45:30.308,9.307915083999887,0,0.0,5.0382900003569375,28.844009000295046,2.0,4560.796875,16.0,1506.1875
yolo11m.pt,4,vertical,283,2026-09-09,21:45:30.344,2026-09-09T21:45:30.344,9.343821116000072,1,0.25356125831604004,5.233520000274439,33.37355199982994,3.4,4560.796875,16.0,1506.1875
yolo11m.pt,4,vertical,284,2026-09-09,21:45:30.376,2026-09-09T21:45:30.376,9.375919662999877,1,0.3533787131309509,5.238140000074054,29.33599800007869,2.0,4560.796875,16.0,1506.1875
yolo11m.pt,4,vertical,285,2026-09-09,21:45:30.408,2026-09-09T21:45:30.408,9.40783736100002,1,0.4563818573951721,5.232129999967583,29.112498999893432,5.8,4560.796875,16.0,1506.1875
yolo11m.pt,4,vertical,286,2026-09-09,21:45:30.443,2026-09-09T21:45:30.443,9.443792214000041,0,0.0,5.055400999935955,32.86764399990716,3.4,4561.0390625,16.0,1506.1875
yolo11m.pt,4,vertical,287,2026-09-09,21:45:30.476,2026-09-09T21:45:30.476,9.475924880000093,0,0.0,5.067140999926778,29.321918000277947,2.0,4561.0390625,16.0,1506.1875
yolo11m.pt,4,vertical,288,2026-09-09,21:45:30.508,2026-09-09T21:45:30.508,9.507916208000097,0,0.0,5.012591000195243,29.120039000190445,2.0,4561.0390625,16.0,1506.1875
yolo11m.pt,4,vertical,289,2026-09-09,21:45:30.540,2026-09-09T21:45:30.540,9.539945965000243,0,0.0,5.050871000094048,29.244077999919682,2.0,4561.0390625,16.0,1506.1875
yolo11m.pt,4,vertical,290,2026-09-09,21:45:30.575,2026-09-09T21:45:30.575,9.575696699000218,0,0.0,5.025639999985287,32.90431400000671,1.8,4561.265625,16.0,1506.1875
yolo11m.pt,4,vertical,291,2026-09-09,21:45:30.608,2026-09-09T21:45:30.608,9.607616406000034,1,0.1667947769165039,5.287630000111676,29.482758000085596,3.8,4561.01953125,16.0,1506.1875
yolo11m.pt,4,vertical,292,2026-09-09,21:45:30.628,2026-09-09T21:45:30.628,9.627957098000024,0,0.0,5.023381000228255,17.135554000105913,3.2,4561.01953125,16.0,1506.1875
yolo11m.pt,4,vertical,293,2026-09-09,21:45:30.659,2026-09-09T21:45:30.659,9.65981588600016,0,0.0,5.0470609999138105,29.06658800020523,3.8,4561.01953125,16.0,1506.1875
yolo11m.pt,4,vertical,294,2026-09-09,21:45:30.692,2026-09-09T21:45:30.692,9.691867613999875,1,0.48577025532722473,5.188739999994141,29.480657000021893,3.8,4561.01953125,16.0,1506.1875
yolo11m.pt,4,vertical,295,2026-09-09,21:45:30.728,2026-09-09T21:45:30.728,9.72789594599999,0,0.0,5.051999999977852,32.95065300017086,3.5,4561.01953125,16.0,1506.1875
yolo11m.pt,4,vertical,296,2026-09-09,21:45:30.760,2026-09-09T21:45:30.760,9.759942702999979,1,0.30067819356918335,5.259009999917907,29.549846000008984,3.8,4561.01953125,16.0,1506.1875
yolo11m.pt,4,vertical,297,2026-09-09,21:45:30.791,2026-09-09T21:45:30.791,9.791694582000218,0,0.0,5.092339999919204,28.643599999668368,2.0,4561.01953125,16.0,1506.1875
yolo11m.pt,4,vertical,298,2026-09-09,21:45:30.828,2026-09-09T21:45:30.828,9.827893903000131,0,0.0,5.03566099996533,33.32407300013074,1.8,4561.01953125,16.0,1506.1875
yolo11m.pt,4,vertical,299,2026-09-09,21:45:30.860,2026-09-09T21:45:30.860,9.859977269999945,1,0.4837613105773926,5.208620000303199,29.546127000230626,3.8,4561.01953125,16.0,1506.1875
yolo11m.pt,4,vertical,300,2026-09-09,21:45:30.892,2026-09-09T21:45:30.892,9.891976907999833,0,0.0,5.057100999692921,28.938119000031293,5.8,4561.01953125,16.0,1506.1875
yolo11m.pt,4,vertical,301,2026-09-09,21:45:30.927,2026-09-09T21:45:30.927,9.927445662000082,0,0.0,5.076949999875069,32.64962499997637,3.5,4561.01953125,16.0,1506.1875
yolo11m.pt,4,vertical,302,2026-09-09,21:45:30.960,2026-09-09T21:45:30.960,9.959740698000132,1,0.8214977979660034,5.207859999700304,29.72689599982914,3.8,4561.01953125,16.0,1506.1875
yolo11m.pt,4,vertical,303,2026-09-09,21:45:30.992,2026-09-09T21:45:30.992,9.991658005999852,0,0.0,5.345959999885963,29.218608000064705,2.0,4561.01953125,16.0,1506.1875
yolo11m.pt,5,free_depth_motion,1,2026-09-09,21:45:35.381,2026-09-09T21:45:35.381,0.031878907999725925,1,0.25177380442619324,6.3755959999980405,38.82298200005607,1.9,4580.50390625,4.0,1510.375
yolo11m.pt,5,free_depth_motion,2,2026-09-09,21:45:35.416,2026-09-09T21:45:35.416,0.06821836899962364,0,0.0,5.259690000002593,32.16998700008844,3.6,4580.2578125,4.0,1510.375
yolo11m.pt,5,free_depth_motion,3,2026-09-09,21:45:35.448,2026-09-09T21:45:35.448,0.09988365799972598,0,0.0,5.146459999650688,29.58936699997139,2.0,4556.66796875,4.0,1510.375
yolo11m.pt,5,free_depth_motion,4,2026-09-09,21:45:35.480,2026-09-09T21:45:35.480,0.1328023419996498,0,0.0,5.098730000099749,29.27914799965947,2.0,4562.2421875,4.0,1510.375
yolo11m.pt,5,free_depth_motion,5,2026-09-09,21:45:35.516,2026-09-09T21:45:35.516,0.16819898599987937,0,0.0,5.141681000168319,32.59069600017028,3.6,4562.54296875,4.0,1510.375
yolo11m.pt,5,free_depth_motion,6,2026-09-09,21:45:35.548,2026-09-09T21:45:35.548,0.2001608339996892,0,0.0,5.133719999776076,29.150728000331583,3.8,4562.54296875,4.0,1510.375
yolo11m.pt,5,free_depth_motion,7,2026-09-09,21:45:35.580,2026-09-09T21:45:35.580,0.23233055099990452,0,0.0,5.084119999992254,29.325258000426402,2.0,4562.66796875,4.0,1510.375
yolo11m.pt,5,free_depth_motion,8,2026-09-09,21:45:35.616,2026-09-09T21:45:35.616,0.26823744299963437,0,0.0,5.113731000164989,33.13758400008737,3.5,4562.3984375,4.0,1510.375
yolo11m.pt,5,free_depth_motion,9,2026-09-09,21:45:35.648,2026-09-09T21:45:35.648,0.3002814110000145,0,0.0,5.078790999959892,29.182727999796043,2.0,4562.3984375,4.0,1510.375
yolo11m.pt,5,free_depth_motion,10,2026-09-09,21:45:35.680,2026-09-09T21:45:35.680,0.33234893799999554,0,0.0,5.116020000059507,29.287847999967198,3.8,4562.3984375,4.0,1510.375
yolo11m.pt,5,free_depth_motion,11,2026-09-09,21:45:35.716,2026-09-09T21:45:35.716,0.3683475399998315,0,0.0,5.096830000184127,33.10564299999896,1.8,4562.3984375,16.0,1510.375
yolo11m.pt,5,free_depth_motion,12,2026-09-09,21:45:35.748,2026-09-09T21:45:35.748,0.40007601899969814,0,0.0,5.109409999931813,28.927269000178057,3.8,4562.3984375,16.0,1510.375
yolo11m.pt,5,free_depth_motion,13,2026-09-09,21:45:35.784,2026-09-09T21:45:35.784,0.43627701999957935,0,0.0,5.430078999779653,33.76736100017297,5.2,4562.64453125,16.0,1510.375
yolo11m.pt,5,free_depth_motion,14,2026-09-09,21:45:35.812,2026-09-09T21:45:35.812,0.4641823529996145,0,0.0,5.278469999666413,24.940944999798376,2.2,4562.64453125,16.0,1510.375
yolo11m.pt,5,free_depth_motion,15,2026-09-09,21:45:35.848,2026-09-09T21:45:35.848,0.500180994999937,0,0.0,5.157111000244186,33.05724399979226,3.5,4562.64453125,16.0,1510.375
yolo11m.pt,5,free_depth_motion,16,2026-09-09,21:45:35.884,2026-09-09T21:45:35.884,0.5361464779998641,0,0.0,5.120289999922534,33.14433300010933,1.8,4563.12109375,16.0,1510.375
yolo11m.pt,5,free_depth_motion,17,2026-09-09,21:45:35.916,2026-09-09T21:45:35.916,0.5681600849998176,0,0.0,5.096590999983164,29.207738999957655,3.8,4563.12109375,16.0,1510.375
yolo11m.pt,5,free_depth_motion,18,2026-09-09,21:45:35.947,2026-09-09T21:45:35.947,0.5999141239999517,0,0.0,5.167639999854146,29.044308999800705,2.0,4563.12109375,16.0,1510.375
yolo11m.pt,5,free_depth_motion,19,2026-09-09,21:45:35.984,2026-09-09T21:45:35.984,0.6362993939997068,0,0.0,5.083921000277769,33.54278200004046,1.8,4563.12109375,16.0,1510.375
yolo11m.pt,5,free_depth_motion,20,2026-09-09,21:45:36.015,2026-09-09T21:45:36.015,0.6679471829997965,0,0.0,5.114119999689137,28.896009000163758,3.8,4563.12109375,16.0,1510.375
yolo11m.pt,5,free_depth_motion,21,2026-09-09,21:45:36.047,2026-09-09T21:45:36.047,0.6998217309997017,0,0.0,5.029260999890539,29.015018999871245,2.0,4563.12109375,16.0,1510.375
yolo11m.pt,5,free_depth_motion,22,2026-09-09,21:45:36.084,2026-09-09T21:45:36.084,0.7361391819999881,0,0.0,5.061680999915552,33.53742199988119,1.8,4562.875,16.0,1510.375
yolo11m.pt,5,free_depth_motion,23,2026-09-09,21:45:36.116,2026-09-09T21:45:36.116,0.7681651789998796,0,0.0,5.082320999918011,29.215407999799936,2.0,4562.875,16.0,1510.375
yolo11m.pt,5,free_depth_motion,24,2026-09-09,21:45:36.148,2026-09-09T21:45:36.148,0.8000416869999754,0,0.0,5.0871009998445516,29.069859000173892,5.8,4562.875,16.0,1510.375
yolo11m.pt,5,free_depth_motion,25,2026-09-09,21:45:36.183,2026-09-09T21:45:36.183,0.8358710099996642,0,0.0,5.026701000133471,32.99470399997517,1.8,4562.875,16.0,1510.375
yolo11m.pt,5,free_depth_motion,26,2026-09-09,21:45:36.216,2026-09-09T21:45:36.216,0.8680745269998624,0,0.0,5.113489999985177,29.44661699984863,2.0,4562.875,16.0,1510.375
yolo11m.pt,5,free_depth_motion,27,2026-09-09,21:45:36.248,2026-09-09T21:45:36.248,0.9003643629998805,0,0.0,5.033770999943954,29.409038000267174,2.0,4562.875,16.0,1510.375
yolo11m.pt,5,free_depth_motion,28,2026-09-09,21:45:36.284,2026-09-09T21:45:36.284,0.9360898459999589,1,0.7718651294708252,5.340339999747812,33.3608130003995,3.4,4562.875,16.0,1510.375
yolo11m.pt,5,free_depth_motion,29,2026-09-09,21:45:36.316,2026-09-09T21:45:36.316,0.9682275629998003,1,0.8434454202651978,5.224010000347334,29.219598000054248,2.0,4562.875,16.0,1510.375
yolo11m.pt,5,free_depth_motion,30,2026-09-09,21:45:36.344,2026-09-09T21:45:36.344,0.9961905059999481,1,0.8434454202651978,5.285330000333488,25.234763999833376,2.2,4562.875,16.0,1510.375
yolo11m.pt,5,free_depth_motion,31,2026-09-09,21:45:36.384,2026-09-09T21:45:36.384,1.0361168029999135,1,0.17490090429782867,5.243190000328468,37.072967999847606,3.1,4562.875,16.0,1510.375
yolo11m.pt,5,free_depth_motion,32,2026-09-09,21:45:36.416,2026-09-09T21:45:36.416,1.0682162209996022,1,0.8011891841888428,5.272629000046436,29.328948000056698,2.0,4562.875,16.0,1510.375
yolo11m.pt,5,free_depth_motion,33,2026-09-09,21:45:36.447,2026-09-09T21:45:36.447,1.099818729999697,0,0.0,5.032430000028398,28.476010999838763,4.0,4562.875,16.0,1510.375
yolo11m.pt,5,free_depth_motion,34,2026-09-09,21:45:36.484,2026-09-09T21:45:36.484,1.1359083219999775,1,0.742037832736969,5.301870000039344,33.63930200021059,3.4,4562.875,16.0,1510.375
yolo11m.pt,5,free_depth_motion,35,2026-09-09,21:45:36.516,2026-09-09T21:45:36.516,1.1681536379996942,0,0.0,5.02231100017525,29.087099000207672,2.0,4562.875,16.0,1510.375
yolo11m.pt,5,free_depth_motion,36,2026-09-09,21:45:36.548,2026-09-09T21:45:36.548,1.200098875999629,0,0.0,5.1330400001461385,29.26882800011299,2.0,4562.6171875,16.0,1510.375
yolo11m.pt,5,free_depth_motion,37,2026-09-09,21:45:36.584,2026-09-09T21:45:36.584,1.236279096999624,1,0.8230470418930054,5.281140000079176,33.622581000145146,3.4,4562.6171875,16.0,1509.5
yolo11m.pt,5,free_depth_motion,38,2026-09-09,21:45:36.615,2026-09-09T21:45:36.615,1.2679770359995928,0,0.0,5.0851500000135275,28.61081999981252,2.0,4562.6171875,16.0,1509.5
yolo11m.pt,5,free_depth_motion,39,2026-09-09,21:45:36.647,2026-09-09T21:45:36.647,1.3000629629996183,0,0.0,5.040211000050476,29.236888000014005,3.9,4562.6171875,16.0,1509.5
yolo11m.pt,5,free_depth_motion,40,2026-09-09,21:45:36.684,2026-09-09T21:45:36.684,1.335947295999631,1,0.8471013903617859,5.2447890002440545,33.38993199986362,1.7,4562.6171875,16.0,1509.5
yolo11m.pt,5,free_depth_motion,41,2026-09-09,21:45:36.716,2026-09-09T21:45:36.716,1.3684547709999606,1,0.5257464051246643,5.211719999806519,29.67874700016182,3.8,4562.6171875,16.0,1509.5
yolo11m.pt,5,free_depth_motion,42,2026-09-09,21:45:36.748,2026-09-09T21:45:36.748,1.4002003399996283,1,0.5847622156143188,5.247889999736799,28.993919000185997,2.0,4562.61328125,16.0,1509.5
yolo11m.pt,5,free_depth_motion,43,2026-09-09,21:45:36.784,2026-09-09T21:45:36.784,1.4360197019996122,0,0.0,5.16091100007543,32.82013499983805,3.6,4562.859375,16.0,1509.5
yolo11m.pt,5,free_depth_motion,44,2026-09-09,21:45:36.816,2026-09-09T21:45:36.816,1.4681416089997583,1,0.15298543870449066,5.249220000223431,29.50664699983463,3.8,4562.859375,16.0,1509.5
yolo11m.pt,5,free_depth_motion,45,2026-09-09,21:45:36.848,2026-09-09T21:45:36.848,1.5000322769997183,1,0.6590861678123474,5.2276599999458995,29.020688999935373,2.0,4562.859375,16.0,1509.5
yolo11m.pt,5,free_depth_motion,46,2026-09-09,21:45:36.880,2026-09-09T21:45:36.880,1.5321934439998586,1,0.6590861678123474,5.373590000090189,29.533176999848365,3.8,4563.3359375,16.0,1509.5
yolo11m.pt,5,free_depth_motion,47,2026-09-09,21:45:36.916,2026-09-09T21:45:36.916,1.56813715699991,0,0.0,5.066050000095856,32.74361500007217,3.5,4563.3359375,16.0,1509.5
yolo11m.pt,5,free_depth_motion,48,2026-09-09,21:45:36.944,2026-09-09T21:45:36.944,1.5962018789996364,0,0.0,5.220510000071954,25.444623000112188,0.0,4563.3359375,16.0,1509.5
yolo11m.pt,5,free_depth_motion,49,2026-09-09,21:45:36.984,2026-09-09T21:45:36.984,1.636223685999994,0,0.0,5.063420000169572,37.01087899980848,3.1,4563.3359375,16.0,1509.5
yolo11m.pt,5,free_depth_motion,50,2026-09-09,21:45:37.012,2026-09-09T21:45:37.012,1.6642072689996894,0,0.0,5.215239999870391,25.318573000276956,4.3,4563.3359375,16.0,1509.5
yolo11m.pt,5,free_depth_motion,51,2026-09-09,21:45:37.052,2026-09-09T21:45:37.052,1.7041173759998856,0,0.0,5.067670000244107,36.931239000296046,1.6,4563.3359375,16.0,1509.5
yolo11m.pt,5,free_depth_motion,52,2026-09-09,21:45:37.084,2026-09-09T21:45:37.084,1.7360594140000103,1,0.8237878084182739,5.2561789998435415,29.422356999930344,2.0,4563.3359375,16.0,1509.5
yolo11m.pt,5,free_depth_motion,53,2026-09-09,21:45:37.116,2026-09-09T21:45:37.116,1.7681810509998286,0,0.0,5.059600000095088,29.03693899997961,5.8,4563.3359375,16.0,1509.5
yolo11m.pt,5,free_depth_motion,54,2026-09-09,21:45:37.152,2026-09-09T21:45:37.152,1.804181712999707,1,0.482819139957428,5.247739999958867,33.47897200001171,1.8,4563.3359375,16.0,1509.5
yolo11m.pt,5,free_depth_motion,55,2026-09-09,21:45:37.184,2026-09-09T21:45:37.184,1.8362292799997704,0,0.0,5.043360999934521,28.907370000069932,3.9,4563.3359375,16.0,1509.5
yolo11m.pt,5,free_depth_motion,56,2026-09-09,21:45:37.215,2026-09-09T21:45:37.215,1.8680061279997062,0,0.0,5.02160099995308,28.94608899987361,2.0,4563.3359375,16.0,1509.5
yolo11m.pt,5,free_depth_motion,57,2026-09-09,21:45:37.251,2026-09-09T21:45:37.251,1.903981050999846,0,0.0,5.013859999962733,33.16022199987856,1.8,4563.3359375,16.0,1509.5
yolo11m.pt,5,free_depth_motion,58,2026-09-09,21:45:37.283,2026-09-09T21:45:37.283,1.9360007779996522,0,0.0,5.073870999694918,29.246427999623847,2.0,4563.3359375,16.0,1509.5
yolo11m.pt,5,free_depth_motion,59,2026-09-09,21:45:37.316,2026-09-09T21:45:37.316,1.9680119159997957,1,0.3518521785736084,5.2409190002435935,29.430576999857294,3.8,4563.3359375,16.0,1509.5
yolo11m.pt,5,free_depth_motion,60,2026-09-09,21:45:37.352,2026-09-09T21:45:37.352,2.0040081579995785,1,0.8201976418495178,5.271539000204939,33.200302999830456,1.8,4563.3359375,16.0,1509.5
yolo11m.pt,5,free_depth_motion,61,2026-09-09,21:45:37.384,2026-09-09T21:45:37.384,2.0360291749998396,1,0.7847623229026794,5.2312699999674805,29.151068999908603,3.9,4563.3359375,16.0,1509.5
yolo11m.pt,5,free_depth_motion,62,2026-09-09,21:45:37.416,2026-09-09T21:45:37.416,2.06813079199992,0,0.0,5.086700999981986,29.02001900019968,3.8,4563.3359375,16.0,1509.5
yolo11m.pt,5,free_depth_motion,63,2026-09-09,21:45:37.452,2026-09-09T21:45:37.452,2.104171013999803,1,0.2265070080757141,5.227129999639146,33.4689419996721,1.8,4563.3359375,16.0,1509.5
yolo11m.pt,5,free_depth_motion,64,2026-09-09,21:45:37.484,2026-09-09T21:45:37.484,2.136098382,0,0.0,5.080739999812067,28.854669999873295,5.8,4563.3359375,16.0,1509.5
yolo11m.pt,5,free_depth_motion,65,2026-09-09,21:45:37.516,2026-09-09T21:45:37.516,2.168240288999641,0,0.0,5.046311000114656,29.290368000147282,2.0,4563.3359375,16.0,1509.5
yolo11m.pt,5,free_depth_motion,66,2026-09-09,21:45:37.551,2026-09-09T21:45:37.551,2.2040032219997556,0,0.0,5.0669800002651755,32.95114399998056,3.5,4563.328125,16.0,1509.5
yolo11m.pt,5,free_depth_motion,67,2026-09-09,21:45:37.583,2026-09-09T21:45:37.583,2.2357075209997674,0,0.0,5.0434900003892835,28.866878999906476,2.0,4563.328125,16.0,1509.3125
yolo11m.pt,5,free_depth_motion,68,2026-09-09,21:45:37.616,2026-09-09T21:45:37.616,2.268086516999574,0,0.0,5.165800000213494,29.684055999950942,3.8,4563.328125,16.0,1509.3125
yolo11m.pt,5,free_depth_motion,69,2026-09-09,21:45:37.651,2026-09-09T21:45:37.651,2.3039095299996006,0,0.0,5.098081000141974,32.93508400020073,1.8,4563.328125,16.0,1509.3125
yolo11m.pt,5,free_depth_motion,70,2026-09-09,21:45:37.683,2026-09-09T21:45:37.683,2.3356694979997883,0,0.0,5.171069999960309,29.01283900018825,3.8,4563.328125,16.0,1509.3125
yolo11m.pt,5,free_depth_motion,71,2026-09-09,21:45:37.719,2026-09-09T21:45:37.719,2.3717438599996967,0,0.0,5.037560999880952,33.1341739997697,1.8,4563.328125,16.0,1509.3125
yolo11m.pt,5,free_depth_motion,72,2026-09-09,21:45:37.752,2026-09-09T21:45:37.752,2.4038235569996687,1,0.43830567598342896,5.202130000270699,29.593906000172865,5.7,4563.328125,16.0,1509.3125
yolo11m.pt,5,free_depth_motion,73,2026-09-09,21:45:37.784,2026-09-09T21:45:37.784,2.436024033999729,1,0.44385677576065063,5.214620000060677,29.35726700025043,2.0,4563.328125,16.0,1509.3125
yolo11m.pt,5,free_depth_motion,74,2026-09-09,21:45:37.815,2026-09-09T21:45:37.815,2.467740821999996,0,0.0,5.026160999932472,28.634660000079748,3.9,4563.328125,16.0,1509.3125
yolo11m.pt,5,free_depth_motion,75,2026-09-09,21:45:37.851,2026-09-09T21:45:37.851,2.5037450139998327,0,0.0,5.114790999869001,33.30689299991718,1.8,4563.3203125,16.0,1509.3125
yolo11m.pt,5,free_depth_motion,76,2026-09-09,21:45:37.884,2026-09-09T21:45:37.884,2.5361809099999846,0,0.0,5.236550000063289,29.762076000224624,3.9,4563.3203125,16.0,1509.3125
yolo11m.pt,5,free_depth_motion,77,2026-09-09,21:45:37.916,2026-09-09T21:45:37.916,2.5680150889998004,0,0.0,5.138600999998744,28.94478899997921,3.8,4563.3203125,16.0,1509.3125
yolo11m.pt,5,free_depth_motion,78,2026-09-09,21:45:37.948,2026-09-09T21:45:37.948,2.6002033049999227,0,0.0,5.2028499999323685,29.48379700001169,0.0,4563.3203125,16.0,1509.3125
yolo11m.pt,5,free_depth_motion,79,2026-09-09,21:45:37.984,2026-09-09T21:45:37.984,2.6360619979996045,1,0.15891200304031372,5.150739999862708,33.13106399991739,1.8,4563.3203125,16.0,1509.3125
yolo11m.pt,5,free_depth_motion,80,2026-09-09,21:45:38.016,2026-09-09T21:45:38.016,2.6679107959998873,1,0.22363527119159698,5.301740000049904,29.17928800025038,3.8,4563.3203125,16.0,1509.3125
yolo11m.pt,5,free_depth_motion,81,2026-09-09,21:45:38.051,2026-09-09T21:45:38.051,2.7039923479997015,0,0.0,5.033840999658423,32.903864000218164,1.8,4563.3203125,16.0,1509.3125
yolo11m.pt,5,free_depth_motion,82,2026-09-09,21:45:38.083,2026-09-09T21:45:38.083,2.7357855159998508,0,0.0,5.002000999866141,28.989728999931685,2.0,4563.3203125,16.0,1509.3125
yolo11m.pt,5,free_depth_motion,83,2026-09-09,21:45:38.112,2026-09-09T21:45:38.112,2.7642313469996225,0,0.0,5.074070999853575,25.71049200014386,2.2,4563.3203125,16.0,1509.3125
yolo11m.pt,5,free_depth_motion,84,2026-09-09,21:45:38.152,2026-09-09T21:45:38.152,2.8039796549996936,0,0.0,5.185040000014851,37.04292800011899,3.1,4563.3203125,16.0,1509.3125
yolo11m.pt,5,free_depth_motion,85,2026-09-09,21:45:38.183,2026-09-09T21:45:38.183,2.8358346929999243,0,0.0,5.127949999859993,29.020399000273756,2.0,4563.3203125,16.0,1509.3125
yolo11m.pt,5,free_depth_motion,86,2026-09-09,21:45:38.216,2026-09-09T21:45:38.216,2.868089399999917,0,0.0,5.173380000087491,29.490596999949048,3.8,4563.31640625,16.0,1509.3125
yolo11m.pt,5,free_depth_motion,87,2026-09-09,21:45:38.251,2026-09-09T21:45:38.251,2.903935141999682,0,0.0,5.025320999720861,32.87949400009893,3.5,4563.31640625,16.0,1509.3125
yolo11m.pt,5,free_depth_motion,88,2026-09-09,21:45:38.283,2026-09-09T21:45:38.283,2.9359873099997458,0,0.0,5.098569999972824,29.344236999804707,2.0,4563.31640625,16.0,1509.3125
yolo11m.pt,5,free_depth_motion,89,2026-09-09,21:45:38.315,2026-09-09T21:45:38.315,2.9680320569996184,0,0.0,4.974130999926274,29.155779000120674,2.0,4563.31640625,16.0,1509.3125
yolo11m.pt,5,free_depth_motion,90,2026-09-09,21:45:38.332,2026-09-09T21:45:38.332,2.984207284999684,0,0.0,5.204810000122961,13.60406799994962,3.8,4563.31640625,16.0,1509.3125
yolo11m.pt,5,free_depth_motion,91,2026-09-09,21:45:38.368,2026-09-09T21:45:38.368,3.0200856379997276,0,0.0,5.010249999941152,32.921753999744396,1.8,4563.31640625,16.0,1509.3125
yolo11m.pt,5,free_depth_motion,92,2026-09-09,21:45:38.396,2026-09-09T21:45:38.396,3.048205489999873,0,0.0,5.210250000345695,25.49590199987506,2.2,4563.31640625,16.0,1509.3125
yolo11m.pt,5,free_depth_motion,93,2026-09-09,21:45:38.436,2026-09-09T21:45:38.436,3.0881602569997995,0,0.0,5.02205100019637,36.96538900021551,1.6,4563.31640625,16.0,1509.3125
yolo11m.pt,5,free_depth_motion,94,2026-09-09,21:45:38.464,2026-09-09T21:45:38.464,3.11624127999994,0,0.0,4.975021000063862,25.28419300006135,2.3,4563.31640625,16.0,1509.3125
yolo11m.pt,5,free_depth_motion,95,2026-09-09,21:45:38.499,2026-09-09T21:45:38.499,3.152096051999706,0,0.0,5.01946099984707,33.05131300021458,3.4,4563.31640625,16.0,1509.3125
yolo11m.pt,5,free_depth_motion,96,2026-09-09,21:45:38.532,2026-09-09T21:45:38.532,3.184208008999576,0,0.0,5.04137100006119,29.32809799995084,1.9,4563.67578125,16.0,1509.3125
yolo11m.pt,5,free_depth_motion,97,2026-09-09,21:45:38.568,2026-09-09T21:45:38.568,3.219872502999806,1,0.276889830827713,5.405109000093944,33.31199300009757,3.5,4563.828125,16.0,1509.3125
yolo11m.pt,5,free_depth_motion,98,2026-09-09,21:45:38.600,2026-09-09T21:45:38.600,3.2520867299999736,0,0.0,5.298519000007218,29.232028000024002,2.0,4563.828125,16.0,1508.625
yolo11m.pt,5,free_depth_motion,99,2026-09-09,21:45:38.636,2026-09-09T21:45:38.636,3.288222730999678,0,0.0,5.277120000300783,33.27008299993395,1.8,4563.828125,16.0,1508.625
yolo11m.pt,5,free_depth_motion,100,2026-09-09,21:45:38.667,2026-09-09T21:45:38.667,3.3200484489998416,0,0.0,5.043971000304737,28.77040000021225,3.9,4564.0703125,16.0,1508.625
yolo11m.pt,5,free_depth_motion,101,2026-09-09,21:45:38.700,2026-09-09T21:45:38.700,3.352064546999827,1,0.1675270050764084,5.307549000008294,29.60489699989921,3.8,4564.0703125,16.0,1508.625
yolo11m.pt,5,free_depth_motion,102,2026-09-09,21:45:38.720,2026-09-09T21:45:38.720,3.3720816399995783,0,0.0,5.140320000009524,16.91477499980465,3.2,4564.0703125,16.0,1508.625
yolo11m.pt,5,free_depth_motion,103,2026-09-09,21:45:38.752,2026-09-09T21:45:38.752,3.4041014469999027,0,0.0,5.062090999672364,29.127627999969263,3.9,4564.0703125,16.0,1508.625
yolo11m.pt,5,free_depth_motion,104,2026-09-09,21:45:38.783,2026-09-09T21:45:38.783,3.4357771859999957,0,0.0,5.106221000005462,28.895299999931012,2.0,4564.0703125,16.0,1508.625
yolo11m.pt,5,free_depth_motion,105,2026-09-09,21:45:38.819,2026-09-09T21:45:38.819,3.4720953569999438,0,0.0,5.022131000259833,33.40838199983409,1.8,4564.0703125,16.0,1508.625
yolo11m.pt,5,free_depth_motion,106,2026-09-09,21:45:38.852,2026-09-09T21:45:38.852,3.5039172249998956,1,0.21633730828762054,5.437959000119008,29.59273700025733,5.8,4567.5078125,16.0,1509.4375
yolo11m.pt,5,free_depth_motion,107,2026-09-09,21:45:38.884,2026-09-09T21:45:38.884,3.536362120999911,1,0.2777290642261505,5.235840000295866,29.394238000350015,2.0,4567.1484375,16.0,1509.4375
yolo11m.pt,5,free_depth_motion,108,2026-09-09,21:45:38.920,2026-09-09T21:45:38.920,3.572235033999732,0,0.0,5.11010999980499,32.88428399991972,3.5,4567.1484375,16.0,1509.4375
yolo11m.pt,5,free_depth_motion,109,2026-09-09,21:45:38.952,2026-09-09T21:45:38.952,3.6043524109995815,1,0.3341275751590729,5.315878999681445,29.640585999914038,2.0,4567.1484375,16.0,1509.4375
yolo11m.pt,5,free_depth_motion,110,2026-09-09,21:45:38.984,2026-09-09T21:45:38.984,3.6362549489999765,0,0.0,5.121050999605359,28.790100000151142,2.0,4567.1484375,16.0,1509.4375
yolo11m.pt,5,free_depth_motion,111,2026-09-09,21:45:39.020,2026-09-09T21:45:39.020,3.672181860999899,1,0.7530931830406189,5.219860000124754,33.32644300007814,3.4,4567.1484375,16.0,1509.4375
yolo11m.pt,5,free_depth_motion,112,2026-09-09,21:45:39.051,2026-09-09T21:45:39.051,3.703965188999973,0,0.0,5.083870999897044,28.728159999900527,2.0,4567.390625,16.0,1509.4375
yolo11m.pt,5,free_depth_motion,113,2026-09-09,21:45:39.083,2026-09-09T21:45:39.083,3.7360368569998172,0,0.0,5.0201799999740615,29.039669000212598,3.8,4567.390625,16.0,1509.4375
yolo11m.pt,5,free_depth_motion,114,2026-09-09,21:45:39.116,2026-09-09T21:45:39.116,3.7682137329998113,0,0.0,5.090470999675745,29.38548800011631,2.0,4567.390625,16.0,1509.4375
yolo11m.pt,5,free_depth_motion,115,2026-09-09,21:45:39.151,2026-09-09T21:45:39.151,3.8040457059996697,0,0.0,5.0431909999133495,32.902024000122765,1.8,4567.390625,16.0,1509.4375
yolo11m.pt,5,free_depth_motion,116,2026-09-09,21:45:39.183,2026-09-09T21:45:39.183,3.8359828239999842,0,0.0,5.046510999818565,29.04881899985412,2.0,4567.390625,16.0,1509.4375
yolo11m.pt,5,free_depth_motion,117,2026-09-09,21:45:39.220,2026-09-09T21:45:39.220,3.8719682859996283,1,0.6701096296310425,5.276150000099733,33.41676299987739,3.4,4567.390625,16.0,1509.4375
yolo11m.pt,5,free_depth_motion,118,2026-09-09,21:45:39.251,2026-09-09T21:45:39.251,3.9040315339998415,0,0.0,5.060039999989385,28.934098999798152,2.0,4567.390625,16.0,1509.4375
yolo11m.pt,5,free_depth_motion,119,2026-09-09,21:45:39.284,2026-09-09T21:45:39.284,3.935960970999986,1,0.6141049861907959,5.196049999995012,29.338847999952122,2.0,4567.390625,16.0,1509.4375
yolo11m.pt,5,free_depth_motion,120,2026-09-09,21:45:39.320,2026-09-09T21:45:39.320,3.9719425039997986,1,0.7374115586280823,5.278940000152943,33.283112999924924,3.4,4567.390625,16.0,1509.4375
yolo11m.pt,5,free_depth_motion,121,2026-09-09,21:45:39.351,2026-09-09T21:45:39.351,4.0039243609999176,0,0.0,5.042640999818104,28.744749999987107,2.0,4567.390625,16.0,1509.4375
yolo11m.pt,5,free_depth_motion,122,2026-09-09,21:45:39.384,2026-09-09T21:45:39.384,4.036108387999775,1,0.8656092286109924,5.235840000295866,29.659306000212382,3.8,4567.390625,16.0,1509.4375
yolo11m.pt,5,free_depth_motion,123,2026-09-09,21:45:39.420,2026-09-09T21:45:39.420,4.072099359999811,1,0.5288456678390503,5.207260000133829,33.14180400002442,1.8,4567.390625,16.0,1509.4375
yolo11m.pt,5,free_depth_motion,124,2026-09-09,21:45:39.452,2026-09-09T21:45:39.452,4.104162306999569,1,0.6464634537696838,5.23626999984117,29.27717800002938,2.0,4567.390625,16.0,1509.4375
yolo11m.pt,5,free_depth_motion,125,2026-09-09,21:45:39.487,2026-09-09T21:45:39.487,4.1397341609999785,0,0.0,5.033181000271725,32.43458599990845,5.2,4567.390625,16.0,1509.4375
yolo11m.pt,5,free_depth_motion,126,2026-09-09,21:45:39.520,2026-09-09T21:45:39.520,4.172160726999664,0,0.0,5.060930000126973,29.60523599995213,2.0,4567.390625,16.0,1509.4375
yolo11m.pt,5,free_depth_motion,127,2026-09-09,21:45:39.552,2026-09-09T21:45:39.552,4.204118634999759,1,0.34548449516296387,5.202850999921793,29.384536999714328,2.0,4567.0546875,16.0,1509.4375
yolo11m.pt,5,free_depth_motion,128,2026-09-09,21:45:39.584,2026-09-09T21:45:39.584,4.235976971999662,1,0.39902034401893616,5.250419999811129,29.07613900015349,3.9,4567.0546875,16.0,1509.4375
yolo11m.pt,5,free_depth_motion,129,2026-09-09,21:45:39.604,2026-09-09T21:45:39.604,4.25609769499988,1,0.4350166916847229,5.2107199999227305,17.26317399970867,3.1,4566.859375,16.0,1509.4375
yolo11m.pt,5,free_depth_motion,130,2026-09-09,21:45:39.636,2026-09-09T21:45:39.636,4.288117912999951,1,0.48387041687965393,5.22558000011486,29.216318000180763,2.0,4566.859375,16.0,1509.4375
yolo11m.pt,5,free_depth_motion,131,2026-09-09,21:45:39.668,2026-09-09T21:45:39.668,4.320054350999726,1,0.6791365146636963,5.21446900029332,29.11080800004129,5.7,4566.859375,16.0,1509.4375
yolo11m.pt,5,free_depth_motion,132,2026-09-09,21:45:39.704,2026-09-09T21:45:39.704,4.355849753999792,1,0.47545334696769714,5.22859900002004,32.995563999975275,3.5,4566.859375,21.0,1509.4375
yolo11m.pt,5,free_depth_motion,133,2026-09-09,21:45:39.736,2026-09-09T21:45:39.736,4.388072069999907,0,0.0,5.081921000055445,29.13449900006526,2.0,4566.859375,21.0,1509.4375
yolo11m.pt,5,free_depth_motion,134,2026-09-09,21:45:39.768,2026-09-09T21:45:39.768,4.4200667779996365,1,0.3379456698894501,5.2823189998889575,29.465467000136414,3.8,4566.859375,21.0,1509.4375
yolo11m.pt,5,free_depth_motion,135,2026-09-09,21:45:39.804,2026-09-09T21:45:39.804,4.456187758999931,0,0.0,5.177540999738994,33.096584000304574,3.4,4566.859375,21.0,1509.4375
yolo11m.pt,5,free_depth_motion,136,2026-09-09,21:45:39.835,2026-09-09T21:45:39.835,4.487972027999604,0,0.0,5.1421200000731915,28.961109000192664,2.0,4566.859375,21.0,1509.4375
yolo11m.pt,5,free_depth_motion,137,2026-09-09,21:45:39.867,2026-09-09T21:45:39.867,4.519910654999876,0,0.0,5.1251009999759845,29.123058999630302,2.0,4566.859375,21.0,1509.1875
yolo11m.pt,5,free_depth_motion,138,2026-09-09,21:45:39.888,2026-09-09T21:45:39.888,4.539906258999963,1,0.8389992117881775,5.2455599998211255,17.434342999877117,3.2,4566.859375,21.0,1509.1875
yolo11m.pt,5,free_depth_motion,139,2026-09-09,21:45:39.919,2026-09-09T21:45:39.919,4.571934295999654,0,0.0,5.031391000102303,28.91188899957342,3.9,4566.859375,21.0,1509.1875
yolo11m.pt,5,free_depth_motion,140,2026-09-09,21:45:39.951,2026-09-09T21:45:39.951,4.6037275149997186,1,0.7479672431945801,5.241559999831225,29.319418000341102,3.8,4566.859375,21.0,1509.1875
yolo11m.pt,5,free_depth_motion,141,2026-09-09,21:45:39.988,2026-09-09T21:45:39.988,4.639909285999693,1,0.7416829466819763,5.253599999832659,33.381903000190505,1.8,4566.859375,21.0,1509.1875
yolo11m.pt,5,free_depth_motion,142,2026-09-09,21:45:40.020,2026-09-09T21:45:40.020,4.671890963999886,1,0.4342656433582306,5.332419000296795,29.271547999996983,2.0,4566.859375,21.0,1509.1875
yolo11m.pt,5,free_depth_motion,143,2026-09-09,21:45:40.051,2026-09-09T21:45:40.051,4.703810920999786,0,0.0,5.061371000010695,28.775469999800407,2.0,4566.859375,21.0,1509.1875
yolo11m.pt,5,free_depth_motion,144,2026-09-09,21:45:40.088,2026-09-09T21:45:40.088,4.740139981999619,1,0.27069345116615295,5.2288899996710825,33.79576099996484,3.4,4566.859375,21.0,1509.1875
yolo11m.pt,5,free_depth_motion,145,2026-09-09,21:45:40.120,2026-09-09T21:45:40.120,4.772138999999697,1,0.17592693865299225,5.242210000233172,29.184708000229875,2.0,4566.859375,21.0,1509.1875
yolo11m.pt,5,free_depth_motion,146,2026-09-09,21:45:40.152,2026-09-09T21:45:40.152,4.804047887999786,0,0.0,5.119290000038745,28.875930000140215,2.0,4566.859375,21.0,1509.1875
yolo11m.pt,5,free_depth_motion,147,2026-09-09,21:45:40.188,2026-09-09T21:45:40.188,4.839872379999633,1,0.640159010887146,5.243350000000646,33.29158299993651,3.4,4566.859375,21.0,1509.1875
yolo11m.pt,5,free_depth_motion,148,2026-09-09,21:45:40.220,2026-09-09T21:45:40.220,4.8718846279998616,1,0.19519706070423126,5.300519999764219,29.23222800018266,2.0,4566.859375,16.0,1509.1875
yolo11m.pt,5,free_depth_motion,149,2026-09-09,21:45:40.248,2026-09-09T21:45:40.248,4.900242588999845,1,0.19519706070423126,5.2043000000594475,25.447772999996232,4.3,4566.859375,16.0,1509.1875
yolo11m.pt,5,free_depth_motion,150,2026-09-09,21:45:40.288,2026-09-09T21:45:40.288,4.939900266999757,1,0.5606421828269958,5.288210000344407,36.91731900016748,1.6,4566.859375,16.0,1509.1875
yolo11m.pt,5,free_depth_motion,151,2026-09-09,21:45:40.320,2026-09-09T21:45:40.320,4.971812484999646,1,0.8037200570106506,5.272879999665747,29.069638999771996,3.9,4566.859375,16.0,1509.1875
yolo11m.pt,5,free_depth_motion,152,2026-09-09,21:45:40.351,2026-09-09T21:45:40.351,5.003986711999914,0,0.0,5.066620999969018,29.037789000085468,2.0,4566.859375,16.0,1509.1875
yolo11m.pt,5,free_depth_motion,153,2026-09-09,21:45:40.387,2026-09-09T21:45:40.387,5.0400147039999865,0,0.0,5.0849310000558035,33.20591300007436,1.8,4566.859375,16.0,1509.1875
yolo11m.pt,5,free_depth_motion,154,2026-09-09,21:45:40.416,2026-09-09T21:45:40.416,5.068208635999781,0,0.0,5.0106509997931425,25.32257299981211,2.2,4566.859375,16.0,1509.1875
yolo11m.pt,5,free_depth_motion,155,2026-09-09,21:45:40.452,2026-09-09T21:45:40.452,5.104021308999563,1,0.25142866373062134,5.608719000065321,33.64580100014791,1.7,4567.1015625,16.0,1509.1875
yolo11m.pt,5,free_depth_motion,156,2026-09-09,21:45:40.488,2026-09-09T21:45:40.488,5.139908931999798,0,0.0,5.454609000025812,32.78543499982334,3.5,4567.1015625,16.0,1509.1875
yolo11m.pt,5,free_depth_motion,157,2026-09-09,21:45:40.520,2026-09-09T21:45:40.520,5.171946138999829,0,0.0,5.2794200000789715,29.057338999791682,3.9,4567.1015625,16.0,1509.1875
yolo11m.pt,5,free_depth_motion,158,2026-09-09,21:45:40.552,2026-09-09T21:45:40.552,5.204234945999815,1,0.4353080987930298,5.268128999887267,29.599457000131224,2.0,4567.4765625,16.0,1509.1875
yolo11m.pt,5,free_depth_motion,159,2026-09-09,21:45:40.588,2026-09-09T21:45:40.588,5.240061088999937,1,0.3595503568649292,5.219440000018949,32.97042399981365,3.4,4567.1640625,16.0,1509.1875
yolo11m.pt,5,free_depth_motion,160,2026-09-09,21:45:40.619,2026-09-09T21:45:40.619,5.271951895999791,0,0.0,5.09199099997204,28.840629999649536,2.0,4567.1640625,16.0,1509.1875
yolo11m.pt,5,free_depth_motion,161,2026-09-09,21:45:40.652,2026-09-09T21:45:40.652,5.304189832999782,0,0.0,5.037621000155923,29.36892799971247,2.0,4567.1640625,16.0,1509.1875
yolo11m.pt,5,free_depth_motion,162,2026-09-09,21:45:40.688,2026-09-09T21:45:40.688,5.340295424999567,1,0.8442324995994568,5.277959000068222,33.6549109997577,5.1,4566.91796875,16.0,1509.1875
yolo11m.pt,5,free_depth_motion,163,2026-09-09,21:45:40.720,2026-09-09T21:45:40.720,5.3721271229997,0,0.0,5.013200000121287,28.680180000264954,2.0,4566.91796875,16.0,1509.1875
yolo11m.pt,5,free_depth_motion,164,2026-09-09,21:45:40.751,2026-09-09T21:45:40.751,5.403891010999814,0,0.0,5.09996000027968,29.019768000125623,3.9,4566.91796875,16.0,1509.1875
yolo11m.pt,5,free_depth_motion,165,2026-09-09,21:45:40.787,2026-09-09T21:45:40.787,5.4398669739998695,0,0.0,5.170910000288131,33.22537199983344,1.8,4566.91796875,16.0,1509.1875
yolo11m.pt,5,free_depth_motion,166,2026-09-09,21:45:40.819,2026-09-09T21:45:40.819,5.4717572309996285,0,0.0,5.102600999634888,29.031949000000168,2.0,4566.91796875,16.0,1509.1875
yolo11m.pt,5,free_depth_motion,167,2026-09-09,21:45:40.852,2026-09-09T21:45:40.852,5.504074047999893,0,0.0,5.185081000036007,29.61785699972097,3.8,4565.140625,16.0,1507.9375
yolo11m.pt,5,free_depth_motion,168,2026-09-09,21:45:40.872,2026-09-09T21:45:40.872,5.5239987109998765,1,0.7317337989807129,5.717277999792714,17.72195199964699,8.8,4565.1953125,16.0,1507.9375
yolo11m.pt,5,free_depth_motion,169,2026-09-09,21:45:40.903,2026-09-09T21:45:40.903,5.555706719999762,0,0.0,5.1077099997201,28.20811199990203,2.0,4565.1953125,16.0,1507.9375
yolo11m.pt,5,free_depth_motion,170,2026-09-09,21:45:40.936,2026-09-09T21:45:40.936,5.588256714999716,1,0.20746064186096191,5.36184000020512,30.127554000046075,3.8,4565.1953125,16.0,1507.9375
yolo11m.pt,5,free_depth_motion,171,2026-09-09,21:45:40.972,2026-09-09T21:45:40.972,5.623904758999743,1,0.6410880088806152,5.2978990001975035,32.773683999948844,1.8,4565.1953125,16.0,1507.9375
yolo11m.pt,5,free_depth_motion,172,2026-09-09,21:45:41.004,2026-09-09T21:45:41.004,5.655893925999862,1,0.7803375124931335,5.3340899999057,29.253778000111197,2.0,4565.1953125,16.0,1507.9375
yolo11m.pt,5,free_depth_motion,173,2026-09-09,21:45:41.036,2026-09-09T21:45:41.036,5.688199982999777,0,0.0,5.042049999701703,29.07690800020646,3.9,4565.1953125,16.0,1507.9375
yolo11m.pt,5,free_depth_motion,174,2026-09-09,21:45:41.071,2026-09-09T21:45:41.071,5.723996025999895,0,0.0,5.07292000020243,33.01117399996656,1.8,4565.1953125,16.0,1507.9375
yolo11m.pt,5,free_depth_motion,175,2026-09-09,21:45:41.104,2026-09-09T21:45:41.104,5.755876963999981,1,0.8524877429008484,5.2901690000908275,29.403468000055,2.0,4565.1953125,16.0,1507.9375
yolo11m.pt,5,free_depth_motion,176,2026-09-09,21:45:41.135,2026-09-09T21:45:41.135,5.787890420999702,0,0.0,5.065690999799699,28.838949999681063,2.0,4565.1953125,16.0,1507.9375
yolo11m.pt,5,free_depth_motion,177,2026-09-09,21:45:41.155,2026-09-09T21:45:41.155,5.807923373999984,0,0.0,5.028841000239481,17.165173999728722,6.2,4565.1953125,16.0,1507.9375
yolo11m.pt,5,free_depth_motion,178,2026-09-09,21:45:41.187,2026-09-09T21:45:41.187,5.840002930999617,0,0.0,5.067440999937389,29.318718000013178,2.0,4565.1953125,16.0,1507.9375
yolo11m.pt,5,free_depth_motion,179,2026-09-09,21:45:41.220,2026-09-09T21:45:41.220,5.8719932889998745,1,0.36952435970306396,5.206399999678979,29.413448000013886,2.0,4565.18359375,16.0,1507.9375
yolo11m.pt,5,free_depth_motion,180,2026-09-09,21:45:41.256,2026-09-09T21:45:41.256,5.908022260999587,1,0.24144676327705383,5.308039999817993,33.32877200000439,6.7,4565.18359375,16.0,1507.9375
yolo11m.pt,5,free_depth_motion,181,2026-09-09,21:45:41.288,2026-09-09T21:45:41.288,5.940127537999615,0,0.0,5.120151000028272,29.017999000188865,2.0,4565.18359375,16.0,1507.9375
yolo11m.pt,5,free_depth_motion,182,2026-09-09,21:45:41.320,2026-09-09T21:45:41.320,5.972088805999647,1,0.37193939089775085,5.518379000022833,29.640096000093763,3.8,4565.18359375,16.0,1507.9375
yolo11m.pt,5,free_depth_motion,183,2026-09-09,21:45:41.356,2026-09-09T21:45:41.356,6.008520255999883,1,0.26715266704559326,5.263340000055905,33.382522000010795,1.7,4565.18359375,16.0,1507.9375
yolo11m.pt,5,free_depth_motion,184,2026-09-09,21:45:41.388,2026-09-09T21:45:41.388,6.040033675999894,1,0.35326191782951355,5.176549999760027,28.605780000361847,2.0,4565.18359375,16.0,1507.9375
yolo11m.pt,5,free_depth_motion,185,2026-09-09,21:45:41.420,2026-09-09T21:45:41.420,6.071865043999878,1,0.2744632065296173,5.149040000105742,29.00446900002862,2.0,4565.18359375,16.0,1507.9375
yolo11m.pt,5,free_depth_motion,186,2026-09-09,21:45:41.456,2026-09-09T21:45:41.456,6.108106264999606,0,0.0,5.0820209999073995,33.22319300013987,3.5,4565.18359375,16.0,1507.9375
yolo11m.pt,5,free_depth_motion,187,2026-09-09,21:45:41.487,2026-09-09T21:45:41.487,6.140067392999754,0,0.0,5.039001000113785,29.098068999701354,2.0,4565.18359375,16.0,1507.9375
yolo11m.pt,5,free_depth_motion,188,2026-09-09,21:45:41.520,2026-09-09T21:45:41.520,6.171791130999736,1,0.35521990060806274,5.223940000178118,29.234298000119452,3.9,4565.171875,16.0,1507.9375
yolo11m.pt,5,free_depth_motion,189,2026-09-09,21:45:41.556,2026-09-09T21:45:41.556,6.208294671999738,0,0.0,5.042730000241136,33.369562000189035,1.7,4565.171875,16.0,1507.9375
yolo11m.pt,5,free_depth_motion,190,2026-09-09,21:45:41.587,2026-09-09T21:45:41.587,6.240003219999835,0,0.0,5.094601000109833,28.94430900005318,2.0,4565.1640625,16.0,1507.9375
yolo11m.pt,5,free_depth_motion,191,2026-09-09,21:45:41.616,2026-09-09T21:45:41.616,6.268273851999766,0,0.0,5.051939999702881,25.428271999771823,2.2,4565.1640625,16.0,1507.9375
yolo11m.pt,5,free_depth_motion,192,2026-09-09,21:45:41.655,2026-09-09T21:45:41.655,6.30791433999957,0,0.0,5.102300999624276,36.80230999998457,4.6,4565.40625,16.0,1507.9375
yolo11m.pt,5,free_depth_motion,193,2026-09-09,21:45:41.688,2026-09-09T21:45:41.688,6.339997006999965,1,0.5064214468002319,5.224250000082975,29.481037000095967,2.0,4565.40625,16.0,1507.9375
yolo11m.pt,5,free_depth_motion,194,2026-09-09,21:45:41.719,2026-09-09T21:45:41.719,6.371969755000009,0,0.0,5.10731999975178,28.92663900001935,3.9,4565.40625,16.0,1507.9375
yolo11m.pt,5,free_depth_motion,195,2026-09-09,21:45:41.755,2026-09-09T21:45:41.755,6.407889006999994,0,0.0,5.07793099995979,33.0495329999394,1.8,4565.40625,16.0,1507.9375
yolo11m.pt,5,free_depth_motion,196,2026-09-09,21:45:41.788,2026-09-09T21:45:41.788,6.440098333999686,0,0.0,5.095231000268541,29.392707999704726,2.0,4565.40625,16.0,1507.9375
yolo11m.pt,5,free_depth_motion,197,2026-09-09,21:45:41.824,2026-09-09T21:45:41.824,6.476279315999818,1,0.2719714939594269,5.327490000127,33.70948099973248,3.4,4565.40625,16.0,1507.9375
yolo11m.pt,5,free_depth_motion,198,2026-09-09,21:45:41.856,2026-09-09T21:45:41.856,6.507990743999926,1,0.7383161783218384,5.258099999991828,28.837799000029918,2.0,4565.40625,16.0,1507.9375
yolo11m.pt,5,free_depth_motion,199,2026-09-09,21:45:41.888,2026-09-09T21:45:41.888,6.539911611999742,0,0.0,5.312498999956006,29.053107999970962,3.9,4565.66015625,16.0,1507.9375
yolo11m.pt,5,free_depth_motion,200,2026-09-09,21:45:41.919,2026-09-09T21:45:41.919,6.5720746789997975,0,0.0,5.00927099983528,29.059988999961206,2.0,4565.66015625,16.0,1507.9375
yolo11m.pt,5,free_depth_motion,201,2026-09-09,21:45:41.955,2026-09-09T21:45:41.955,6.607970390999981,0,0.0,5.024211000090872,33.09010299972215,1.8,4565.66015625,16.0,1507.9375
yolo11m.pt,5,free_depth_motion,202,2026-09-09,21:45:41.988,2026-09-09T21:45:41.988,6.640042358999835,0,0.0,5.400679000103992,29.672966999896744,3.8,4565.66015625,16.0,1507.9375
yolo11m.pt,5,free_depth_motion,203,2026-09-09,21:45:42.020,2026-09-09T21:45:42.020,6.672108385999763,0,0.0,5.026301000270905,28.87826000005589,3.9,4565.66015625,16.0,1507.9375
yolo11m.pt,5,free_depth_motion,204,2026-09-09,21:45:42.040,2026-09-09T21:45:42.040,6.692111088999809,0,0.0,5.055261000052269,17.143514000053983,3.1,4565.66015625,16.0,1507.9375
yolo11m.pt,5,free_depth_motion,205,2026-09-09,21:45:42.071,2026-09-09T21:45:42.071,6.723972376999882,0,0.0,5.056161000084103,29.06992899988836,3.9,4565.66015625,16.0,1507.9375
yolo11m.pt,5,free_depth_motion,206,2026-09-09,21:45:42.103,2026-09-09T21:45:42.103,6.755826174999584,0,0.0,4.990140999780124,28.99797899999612,2.0,4565.66015625,16.0,1507.9375
yolo11m.pt,5,free_depth_motion,207,2026-09-09,21:45:42.140,2026-09-09T21:45:42.140,6.792140005999954,0,0.0,5.117141000027914,33.56714200026545,1.8,4565.66015625,16.0,1507.9375
yolo11m.pt,5,free_depth_motion,208,2026-09-09,21:45:42.171,2026-09-09T21:45:42.171,6.823149007999746,0,0.0,5.144820000168693,28.210372000103234,2.0,4565.66015625,16.0,1507.9375
yolo11m.pt,5,free_depth_motion,209,2026-09-09,21:45:42.203,2026-09-09T21:45:42.203,6.856044031999772,0,0.0,5.063780000000406,29.972814999837283,5.6,4565.66015625,16.0,1507.9375
yolo11m.pt,5,free_depth_motion,210,2026-09-09,21:45:42.240,2026-09-09T21:45:42.240,6.892141312999684,1,0.5643414258956909,5.142610999882891,33.500982000077784,1.8,4565.66015625,16.0,1507.9375
yolo11m.pt,5,free_depth_motion,211,2026-09-09,21:45:42.272,2026-09-09T21:45:42.272,6.924151101000007,0,0.0,4.988150999906793,28.89195000034306,2.0,4565.66015625,16.0,1507.9375
yolo11m.pt,5,free_depth_motion,212,2026-09-09,21:45:42.303,2026-09-09T21:45:42.303,6.955968298999778,0,0.0,5.08652999997139,29.097557999648416,2.0,4565.66015625,16.0,1507.9375
yolo11m.pt,5,free_depth_motion,213,2026-09-09,21:45:42.339,2026-09-09T21:45:42.339,6.99194560099977,0,0.0,5.017851000047813,33.09320300013496,1.8,4565.66015625,16.0,1507.9375
yolo11m.pt,5,free_depth_motion,214,2026-09-09,21:45:42.372,2026-09-09T21:45:42.372,7.023912848999771,1,0.4362070858478546,5.244200000106503,29.509937999591784,3.8,4565.66015625,16.0,1507.9375
yolo11m.pt,5,free_depth_motion,215,2026-09-09,21:45:42.403,2026-09-09T21:45:42.403,7.056037765999918,0,0.0,5.060381000021152,29.0287390002959,2.0,4565.66015625,16.0,1507.9375
yolo11m.pt,5,free_depth_motion,216,2026-09-09,21:45:42.440,2026-09-09T21:45:42.440,7.09218226799976,1,0.5538370609283447,5.364539999845874,33.754200999737805,3.4,4565.66015625,16.0,1507.9375
yolo11m.pt,5,free_depth_motion,217,2026-09-09,21:45:42.472,2026-09-09T21:45:42.472,7.124111174999598,0,0.0,5.291129999932309,28.955718999895907,3.8,4565.66015625,16.0,1507.9375
yolo11m.pt,5,free_depth_motion,218,2026-09-09,21:45:42.504,2026-09-09T21:45:42.504,7.156189352999718,1,0.46596503257751465,5.61866900034147,29.70874599986928,2.0,4565.66015625,16.0,1507.9375
yolo11m.pt,5,free_depth_motion,219,2026-09-09,21:45:42.540,2026-09-09T21:45:42.540,7.1920691149998675,1,0.7325583696365356,5.197070000122039,32.64471500006039,3.5,4565.66015625,16.0,1507.9375
yolo11m.pt,5,free_depth_motion,220,2026-09-09,21:45:42.572,2026-09-09T21:45:42.572,7.224195351999697,0,0.0,5.088270999749511,29.09774899990225,2.0,4564.8203125,16.0,1507.9375
yolo11m.pt,5,free_depth_motion,221,2026-09-09,21:45:42.604,2026-09-09T21:45:42.604,7.256024219999745,1,0.590947687625885,5.233790000147565,29.264318000059575,3.8,4564.81640625,16.0,1507.9375
yolo11m.pt,5,free_depth_motion,222,2026-09-09,21:45:42.640,2026-09-09T21:45:42.640,7.292331360999924,1,0.5825550556182861,5.2467799996520625,33.48719199993866,3.4,4564.81640625,16.0,1507.9375
yolo11m.pt,5,free_depth_motion,223,2026-09-09,21:45:42.672,2026-09-09T21:45:42.672,7.323928149999574,1,0.8887900114059448,5.214849999902071,28.803370000332507,2.0,4564.81640625,16.0,1507.9375
yolo11m.pt,5,free_depth_motion,224,2026-09-09,21:45:42.703,2026-09-09T21:45:42.703,7.35592818799978,0,0.0,5.078529999991588,28.9329090001047,5.8,4564.81640625,16.0,1507.9375
yolo11m.pt,5,free_depth_motion,225,2026-09-09,21:45:42.740,2026-09-09T21:45:42.740,7.392225248999694,1,0.8122689127922058,5.317098999967129,33.83438099990599,1.7,4564.5703125,16.0,1507.9375
yolo11m.pt,5,free_depth_motion,226,2026-09-09,21:45:42.772,2026-09-09T21:45:42.772,7.424077446999945,1,0.8572219610214233,5.287839000175154,29.024579000179074,3.9,4564.5703125,16.0,1507.9375
yolo11m.pt,5,free_depth_motion,227,2026-09-09,21:45:42.802,2026-09-09T21:45:42.802,7.454464039999948,0,0.0,5.126990999997361,27.334626000083517,2.0,4564.796875,16.0,1507.9375
yolo11m.pt,5,free_depth_motion,228,2026-09-09,21:45:42.824,2026-09-09T21:45:42.824,7.476099797999723,1,0.8224507570266724,5.239720000190573,19.057006999901205,2.9,4564.796875,16.0,1507.9375
yolo11m.pt,5,free_depth_motion,229,2026-09-09,21:45:42.855,2026-09-09T21:45:42.855,7.5079884259998835,0,0.0,5.082270000002609,28.837970000040514,2.0,4564.796875,16.0,1507.9375
yolo11m.pt,5,free_depth_motion,230,2026-09-09,21:45:42.888,2026-09-09T21:45:42.888,7.539913082999647,1,0.6683841347694397,5.285939999794209,29.40915799990762,3.8,4564.796875,16.0,1507.9375
yolo11m.pt,5,free_depth_motion,231,2026-09-09,21:45:42.924,2026-09-09T21:45:42.924,7.575842165999802,1,0.5489431619644165,5.28171999985716,33.14116299998204,1.8,4564.796875,16.0,1507.9375
yolo11m.pt,5,free_depth_motion,232,2026-09-09,21:45:42.956,2026-09-09T21:45:42.956,7.607945262999692,1,0.770034909248352,5.3031489997010794,29.29846799997904,2.0,4564.796875,16.0,1507.9375
yolo11m.pt,5,free_depth_motion,233,2026-09-09,21:45:42.987,2026-09-09T21:45:42.987,7.6397962209998695,0,0.0,5.0344309997854,28.692501000023185,3.9,4564.796875,16.0,1507.9375
yolo11m.pt,5,free_depth_motion,234,2026-09-09,21:45:43.023,2026-09-09T21:45:43.023,7.675987791999887,0,0.0,5.072551000012027,33.28839300002073,3.4,4564.796875,16.0,1507.9375
yolo11m.pt,5,free_depth_motion,235,2026-09-09,21:45:43.055,2026-09-09T21:45:43.055,7.707903209999586,0,0.0,5.042671000410337,29.052459000013187,2.0,4564.796875,16.0,1507.9375
yolo11m.pt,5,free_depth_motion,236,2026-09-09,21:45:43.088,2026-09-09T21:45:43.088,7.739890257999832,1,0.4282296597957611,5.256669000118563,29.518957000163937,3.8,4564.796875,16.0,1507.9375
yolo11m.pt,5,free_depth_motion,237,2026-09-09,21:45:43.124,2026-09-09T21:45:43.124,7.776013978999799,0,0.0,5.12526100010291,32.91899399982867,1.8,4564.796875,16.0,1507.9375
yolo11m.pt,5,free_depth_motion,238,2026-09-09,21:45:43.155,2026-09-09T21:45:43.155,7.807952586999818,0,0.0,5.167229999642586,29.167098000016267,2.0,4564.796875,16.0,1507.9375
yolo11m.pt,5,free_depth_motion,239,2026-09-09,21:45:43.188,2026-09-09T21:45:43.188,7.840101703999608,0,0.0,5.046689999744558,29.22870799966404,2.0,4564.796875,16.0,1507.9375
yolo11m.pt,5,free_depth_motion,240,2026-09-09,21:45:43.224,2026-09-09T21:45:43.224,7.876103625999804,1,0.8197196125984192,5.2302900003269315,33.46004200011521,3.4,4564.796875,16.0,1507.9375
yolo11m.pt,5,free_depth_motion,241,2026-09-09,21:45:43.256,2026-09-09T21:45:43.256,7.908124423999652,0,0.0,5.043360999934521,28.88202900021497,2.0,4564.79296875,16.0,1507.9375
yolo11m.pt,5,free_depth_motion,242,2026-09-09,21:45:43.288,2026-09-09T21:45:43.288,7.939831751999918,1,0.8208249807357788,5.161840000255324,29.14408900005583,2.0,4564.79296875,16.0,1507.9375
yolo11m.pt,5,free_depth_motion,243,2026-09-09,21:45:43.323,2026-09-09T21:45:43.323,7.976020153999798,0,0.0,5.0501109999459,33.12774300002275,3.4,4564.79296875,16.0,1507.9375
yolo11m.pt,5,free_depth_motion,244,2026-09-09,21:45:43.356,2026-09-09T21:45:43.356,8.00788656099985,1,0.6041767597198486,5.297879999943689,29.3938380000327,3.8,4564.79296875,16.0,1507.9375
yolo11m.pt,5,free_depth_motion,245,2026-09-09,21:45:43.388,2026-09-09T21:45:43.388,8.040079587999571,0,0.0,5.070041000180936,29.056268999738677,2.0,4564.79296875,16.0,1507.9375
yolo11m.pt,5,free_depth_motion,246,2026-09-09,21:45:43.423,2026-09-09T21:45:43.423,8.076042740999583,0,0.0,5.021330000090529,33.08312300032412,1.8,4565.03515625,16.0,1507.9375
yolo11m.pt,5,free_depth_motion,247,2026-09-09,21:45:43.456,2026-09-09T21:45:43.456,8.108054807999906,1,0.7328776121139526,5.182970000078058,29.4633880002948,3.8,4565.03515625,16.0,1507.9375
yolo11m.pt,5,free_depth_motion,248,2026-09-09,21:45:43.488,2026-09-09T21:45:43.488,8.139953885999603,1,0.22187121212482452,5.28015999998388,29.16044800031159,2.0,4565.03515625,16.0,1507.9375
yolo11m.pt,5,free_depth_motion,249,2026-09-09,21:45:43.508,2026-09-09T21:45:43.508,8.15999864899959,1,0.24809382855892181,5.249230000117677,17.167335000067396,3.1,4565.03515625,16.0,1507.9375
yolo11m.pt,5,free_depth_motion,250,2026-09-09,21:45:43.540,2026-09-09T21:45:43.540,8.192056546000003,1,0.8641718626022339,5.3014400000392925,29.312668000329722,3.8,4565.03515625,16.0,1507.9375
yolo11m.pt,5,free_depth_motion,251,2026-09-09,21:45:43.572,2026-09-09T21:45:43.572,8.224158582999735,1,0.21190598607063293,5.22954000007303,29.23064800006614,2.0,4565.27734375,16.0,1507.9375
yolo11m.pt,5,free_depth_motion,252,2026-09-09,21:45:43.608,2026-09-09T21:45:43.608,8.260123805999683,1,0.7250590920448303,5.245280000053754,33.161172999825794,3.4,4565.27734375,16.0,1507.9375
yolo11m.pt,5,free_depth_motion,253,2026-09-09,21:45:43.640,2026-09-09T21:45:43.640,8.291959623999901,1,0.5275634527206421,5.1965799998470175,29.04365799986408,5.7,4565.27734375,16.0,1507.9375
yolo11m.pt,5,free_depth_motion,254,2026-09-09,21:45:43.672,2026-09-09T21:45:43.672,8.32410917099969,1,0.5788695216178894,5.237429999851884,29.323187000045436,2.0,4565.25,16.0,1507.9375
yolo11m.pt,5,free_depth_motion,255,2026-09-09,21:45:43.708,2026-09-09T21:45:43.708,8.360120562999782,1,0.7567855715751648,5.280330000005051,33.22711300006631,3.4,4565.00390625,17.0,1507.9375
yolo11m.pt,5,free_depth_motion,256,2026-09-09,21:45:43.740,2026-09-09T21:45:43.740,8.392129159999968,0,0.0,5.08442099999229,28.893319999951927,2.0,4565.00390625,17.0,1507.9375
yolo11m.pt,5,free_depth_motion,257,2026-09-09,21:45:43.772,2026-09-09T21:45:43.772,8.424154477999764,0,0.0,5.112880000069708,29.213577999598783,3.8,4565.00390625,17.0,1507.9375
yolo11m.pt,5,free_depth_motion,258,2026-09-09,21:45:43.808,2026-09-09T21:45:43.808,8.460000880999814,1,0.6283659934997559,5.237040999872988,33.18437300004007,1.8,4565.00390625,17.0,1507.9375
yolo11m.pt,5,free_depth_motion,259,2026-09-09,21:45:43.840,2026-09-09T21:45:43.840,8.49211652799977,0,0.0,4.994330000045011,28.955508999843005,3.9,4565.00390625,17.0,1507.9375
yolo11m.pt,5,free_depth_motion,260,2026-09-09,21:45:43.872,2026-09-09T21:45:43.872,8.523995665999792,1,0.8353938460350037,5.28853000014351,29.456796999966173,2.0,4565.23828125,17.0,1505.4375
yolo11m.pt,5,free_depth_motion,261,2026-09-09,21:45:43.908,2026-09-09T21:45:43.908,8.560064147999583,1,0.2941937744617462,5.193719999624591,33.15986300003715,3.5,4565.23828125,17.0,1505.4375
yolo11m.pt,5,free_depth_motion,262,2026-09-09,21:45:43.939,2026-09-09T21:45:43.939,8.592024784999921,0,0.0,5.06056099993657,28.891319999729603,2.0,4565.23828125,17.0,1505.4375
yolo11m.pt,5,free_depth_motion,263,2026-09-09,21:45:43.971,2026-09-09T21:45:43.971,8.624029462999715,0,0.0,5.042299999786337,29.14199799988637,2.0,4565.23828125,17.0,1505.4375
yolo11m.pt,5,free_depth_motion,264,2026-09-09,21:45:44.008,2026-09-09T21:45:44.008,8.660154164999767,0,0.0,5.468910000217875,33.73121100003118,3.4,4565.23828125,17.0,1505.4375
yolo11m.pt,5,free_depth_motion,265,2026-09-09,21:45:44.036,2026-09-09T21:45:44.036,8.688255236999794,0,0.0,5.082210000182386,24.93860399999903,0.0,4565.23828125,17.0,1505.4375
yolo11m.pt,5,free_depth_motion,266,2026-09-09,21:45:44.076,2026-09-09T21:45:44.076,8.728075094999895,1,0.4959481656551361,5.242808999810222,37.26968699993449,3.1,4565.23828125,17.0,1505.4375
yolo11m.pt,5,free_depth_motion,267,2026-09-09,21:45:44.108,2026-09-09T21:45:44.108,8.760203351999735,0,0.0,5.063629999767727,28.87229899988597,2.0,4565.23828125,17.0,1505.4375
yolo11m.pt,5,free_depth_motion,268,2026-09-09,21:45:44.139,2026-09-09T21:45:44.139,8.79185372999973,0,0.0,5.106870999952662,28.876930000024004,5.8,4565.23828125,17.0,1505.4375
yolo11m.pt,5,free_depth_motion,269,2026-09-09,21:45:44.176,2026-09-09T21:45:44.176,8.827883853000003,1,0.8034681677818298,5.210000999795739,33.42376199998398,1.8,4565.23828125,17.0,1505.4375
yolo11m.pt,5,free_depth_motion,270,2026-09-09,21:45:44.208,2026-09-09T21:45:44.208,8.85993524999958,1,0.5624368190765381,5.223390000082873,29.30188799973621,2.0,4565.23828125,16.0,1505.4375
yolo11m.pt,5,free_depth_motion,271,2026-09-09,21:45:44.240,2026-09-09T21:45:44.240,8.892096386999583,1,0.8560118675231934,5.254219999642373,29.124378000233264,3.8,4565.23828125,16.0,1505.4375
yolo11m.pt,5,free_depth_motion,272,2026-09-09,21:45:44.275,2026-09-09T21:45:44.275,8.927979298999617,0,0.0,5.084980999981781,32.7542549998725,1.8,4565.484375,16.0,1505.4375
yolo11m.pt,5,free_depth_motion,273,2026-09-09,21:45:44.304,2026-09-09T21:45:44.304,8.956250170999738,0,0.0,5.0434509998922294,25.38312299975587,2.2,4565.484375,16.0,1505.4375
yolo11m.pt,5,free_depth_motion,274,2026-09-09,21:45:44.339,2026-09-09T21:45:44.339,8.991822434999904,0,0.0,5.032760999711172,32.74814399992465,3.5,4565.484375,16.0,1505.4375
yolo11m.pt,5,free_depth_motion,275,2026-09-09,21:45:44.376,2026-09-09T21:45:44.376,9.028104195999731,1,0.8189685344696045,5.1781799998025235,33.68794100015293,1.7,4565.484375,16.0,1505.4375
yolo11m.pt,5,free_depth_motion,276,2026-09-09,21:45:44.408,2026-09-09T21:45:44.408,9.059971263999614,1,0.8648303747177124,5.230729999766481,29.106947999935073,3.8,4565.484375,16.0,1505.4375
yolo11m.pt,5,free_depth_motion,277,2026-09-09,21:45:44.440,2026-09-09T21:45:44.440,9.092133760999786,1,0.6177694201469421,5.206649999763613,29.319776999727765,2.0,4565.484375,16.0,1505.4375
yolo11m.pt,5,free_depth_motion,278,2026-09-09,21:45:44.476,2026-09-09T21:45:44.476,9.128035772999738,1,0.7699868083000183,5.292040000313136,33.19034300011481,5.1,4565.484375,16.0,1505.4375
yolo11m.pt,5,free_depth_motion,279,2026-09-09,21:45:44.507,2026-09-09T21:45:44.507,9.1600422409997,0,0.0,5.031070000313775,28.81189900017489,2.0,4565.484375,16.0,1505.4375
yolo11m.pt,5,free_depth_motion,280,2026-09-09,21:45:44.539,2026-09-09T21:45:44.539,9.191984978999699,0,0.0,5.132839999987482,29.213128000264987,2.0,4565.484375,16.0,1505.4375
yolo11m.pt,5,free_depth_motion,281,2026-09-09,21:45:44.575,2026-09-09T21:45:44.575,9.228044900999976,0,0.0,5.007061000014801,33.121242999641254,3.4,4565.484375,16.0,1505.4375
yolo11m.pt,5,free_depth_motion,282,2026-09-09,21:45:44.608,2026-09-09T21:45:44.608,9.260188646999723,1,0.4781123697757721,5.124690999764425,29.57567699968422,2.0,4566.1875,16.0,1505.4375
yolo11m.pt,5,free_depth_motion,283,2026-09-09,21:45:44.639,2026-09-09T21:45:44.639,9.291856995999751,0,0.0,4.984341000181303,28.59057000023313,3.9,4566.1875,16.0,1505.4375
yolo11m.pt,5,free_depth_motion,284,2026-09-09,21:45:44.675,2026-09-09T21:45:44.675,9.328019267999935,0,0.0,5.071590000170545,33.40017199980139,3.4,4566.1875,16.0,1505.4375
yolo11m.pt,5,free_depth_motion,285,2026-09-09,21:45:44.707,2026-09-09T21:45:44.707,9.359975225999733,0,0.0,5.037450999680004,29.10149800027284,2.0,4566.17578125,16.0,1505.4375
yolo11m.pt,5,free_depth_motion,286,2026-09-09,21:45:44.739,2026-09-09T21:45:44.739,9.392038292999587,0,0.0,5.050320000009378,29.283637999924395,2.0,4565.921875,16.0,1505.4375
yolo11m.pt,5,free_depth_motion,287,2026-09-09,21:45:44.772,2026-09-09T21:45:44.772,9.424250598999606,0,0.0,5.110391000016534,29.436767999868607,2.0,4565.921875,16.0,1505.4375
yolo11m.pt,5,free_depth_motion,288,2026-09-09,21:45:44.808,2026-09-09T21:45:44.808,9.460202421999838,0,0.0,5.318998999882751,33.34388199982641,3.4,4565.921875,16.0,1505.4375
yolo11m.pt,5,free_depth_motion,289,2026-09-09,21:45:44.839,2026-09-09T21:45:44.839,9.491997959999935,0,0.0,5.0537509996502195,28.69344999999157,4.0,4565.921875,16.0,1505.4375
yolo11m.pt,5,free_depth_motion,290,2026-09-09,21:45:44.875,2026-09-09T21:45:44.875,9.528059301999747,0,0.0,5.058109999936278,33.21873200002301,3.4,4565.91796875,16.0,1505.4375
yolo11m.pt,5,free_depth_motion,291,2026-09-09,21:45:44.907,2026-09-09T21:45:44.907,9.559961499999645,0,0.0,5.053190000126051,29.087257999890426,2.0,4566.16015625,16.0,1505.4375
yolo11m.pt,5,free_depth_motion,292,2026-09-09,21:45:44.939,2026-09-09T21:45:44.939,9.591989396999907,0,0.0,5.059191000327701,29.19535899991388,2.0,4566.16015625,16.0,1505.4375
yolo11m.pt,5,free_depth_motion,293,2026-09-09,21:45:44.975,2026-09-09T21:45:44.975,9.627870039999834,0,0.0,4.965240999808884,32.95790300035151,3.4,4566.16015625,16.0,1505.4375
yolo11m.pt,5,free_depth_motion,294,2026-09-09,21:45:45.007,2026-09-09T21:45:45.007,9.659752017999836,0,0.0,5.007351000131166,29.090137999901344,2.0,4566.16015625,16.0,1505.4375
yolo11m.pt,5,free_depth_motion,295,2026-09-09,21:45:45.039,2026-09-09T21:45:45.039,9.691893524999614,0,0.0,5.025511000440019,29.314996999801224,2.0,4566.16015625,16.0,1505.4375
yolo11m.pt,5,free_depth_motion,296,2026-09-09,21:45:45.075,2026-09-09T21:45:45.075,9.72795013699988,0,0.0,5.084490999706759,33.279452999977366,1.8,4566.16015625,16.0,1505.4375
yolo11m.pt,5,free_depth_motion,297,2026-09-09,21:45:45.107,2026-09-09T21:45:45.107,9.759903033999763,0,0.0,5.016891000195756,29.045088999737345,5.8,4566.16015625,16.0,1505.4375
yolo11m.pt,5,free_depth_motion,298,2026-09-09,21:45:45.139,2026-09-09T21:45:45.139,9.792059070999585,0,0.0,5.042451000008441,29.345997999826068,2.0,4566.16015625,16.0,1505.4375
yolo11m.pt,5,free_depth_motion,299,2026-09-09,21:45:45.172,2026-09-09T21:45:45.172,9.824253867999687,0,0.0,5.085231000066415,29.42131800000425,1.9,4566.16015625,16.0,1505.4375
yolo11m.pt,5,free_depth_motion,300,2026-09-09,21:45:45.208,2026-09-09T21:45:45.208,9.859926600999643,1,0.19779302179813385,5.269589999898017,33.140123000066524,1.8,4566.16015625,16.0,1505.4375
yolo11m.pt,5,free_depth_motion,301,2026-09-09,21:45:45.244,2026-09-09T21:45:45.244,9.89614271299979,0,0.0,5.057589999978518,33.07439300033366,3.5,4566.16015625,16.0,1505.4375
yolo11m.pt,5,free_depth_motion,302,2026-09-09,21:45:45.272,2026-09-09T21:45:45.272,9.924217934999888,0,0.0,5.0787710001714,25.275794000208407,2.2,4566.16015625,16.0,1505.4375
yolo11m.pt,5,free_depth_motion,303,2026-09-09,21:45:45.304,2026-09-09T21:45:45.304,9.95626238299974,0,0.0,5.106320000322739,29.21679800010679,0.0,4566.16015625,16.0,1505.4375
yolo11m.pt,5,free_depth_motion,304,2026-09-09,21:45:45.336,2026-09-09T21:45:45.336,9.988249789999827,0,0.0,5.115399999795045,29.13345799970557,1.9,4566.16015625,16.0,1505.4375
yolo11m.pt,5,free_depth_motion,305,2026-09-09,21:45:45.376,2026-09-09T21:45:45.376,10.02809871799991,0,0.0,5.037740000261692,36.90624899991235,4.7,4566.16015625,16.0,1505.4375
